RecordID,ICUType,SOFA_D1,SOFA_D2,resp_d1,coag_d1,liver_d1,cardio_d1,neuro_d1,renal_d1,resp_d2,coag_d2,liver_d2,cardio_d2,neuro_d2,renal_d2,SOFA_48h_max
100001,4.0,1,2,,0.0,,1.0,0.0,0.0,,0.0,,1.0,1.0,0.0,2
100002,4.0,6,4,0.0,0.0,,1.0,3.0,2.0,,0.0,,0.0,2.0,2.0,6
100003,2.0,7,2,2.0,0.0,,1.0,4.0,0.0,,0.0,,1.0,1.0,0.0,7
100004,4.0,9,8,4.0,0.0,,1.0,4.0,0.0,4.0,1.0,,0.0,3.0,0.0,9
100005,3.0,9,9,3.0,0.0,2.0,1.0,3.0,0.0,3.0,0.0,2.0,1.0,3.0,0.0,9
100006,2.0,9,9,3.0,1.0,,1.0,4.0,0.0,3.0,1.0,0.0,1.0,4.0,0.0,9
100007,3.0,1,1,,0.0,,1.0,0.0,0.0,,0.0,,1.0,0.0,0.0,1
100008,3.0,1,1,,0.0,,1.0,0.0,0.0,,,,1.0,0.0,,1
100009,4.0,1,2,,0.0,,1.0,0.0,0.0,,0.0,,1.0,1.0,0.0,2
100010,1.0,8,7,2.0,,,1.0,1.0,4.0,2.0,,,1.0,0.0,4.0,8
100011,3.0,4,4,,0.0,,0.0,3.0,1.0,,0.0,,1.0,2.0,1.0,4
100012,4.0,1,2,,0.0,,1.0,0.0,0.0,,0.0,,1.0,1.0,0.0,2
100013,3.0,5,3,,0.0,,1.0,2.0,2.0,,0.0,,1.0,2.0,0.0,5
100014,1.0,8,4,4.0,0.0,0.0,1.0,3.0,0.0,,0.0,0.0,1.0,3.0,0.0,8
100015,3.0,2,2,,0.0,,0.0,1.0,1.0,,0.0,,0.0,0.0,2.0,2
100016,2.0,5,6,,2.0,,1.0,2.0,0.0,,2.0,,1.0,2.0,1.0,6
100017,2.0,7,1,2.0,0.0,,1.0,4.0,0.0,,0.0,,1.0,0.0,0.0,7
100018,3.0,4,3,0.0,0.0,0.0,0.0,4.0,0.0,,0.0,0.0,0.0,3.0,0.0,4
100019,1.0,1,1,,0.0,0.0,1.0,0.0,0.0,,0.0,0.0,1.0,0.0,0.0,1
100020,1.0,9,9,4.0,1.0,0.0,0.0,4.0,0.0,3.0,1.0,0.0,1.0,4.0,0.0,9
100021,4.0,1,1,,0.0,,0.0,1.0,0.0,,0.0,,0.0,1.0,0.0,1
100022,3.0,8,9,0.0,1.0,4.0,0.0,3.0,0.0,0.0,1.0,4.0,0.0,4.0,0.0,9
100023,2.0,5,3,2.0,,,1.0,2.0,0.0,2.0,0.0,,1.0,0.0,0.0,5
100024,3.0,8,6,4.0,0.0,0.0,1.0,3.0,0.0,2.0,1.0,0.0,1.0,2.0,0.0,8
100025,3.0,1,2,,0.0,,1.0,0.0,0.0,,0.0,,1.0,1.0,0.0,2
100026,3.0,2,2,,0.0,,1.0,1.0,0.0,,1.0,,1.0,0.0,0.0,2
100027,4.0,9,6,4.0,0.0,0.0,1.0,4.0,0.0,2.0,1.0,0.0,1.0,2.0,0.0,9
100028,1.0,4,6,1.0,0.0,,1.0,2.0,0.0,2.0,0.0,,1.0,3.0,0.0,6
100029,3.0,5,9,4.0,0.0,0.0,1.0,0.0,0.0,3.0,1.0,0.0,1.0,4.0,0.0,9
100030,1.0,6,8,2.0,0.0,0.0,0.0,4.0,0.0,3.0,0.0,0.0,1.0,4.0,0.0,8
100031,1.0,1,1,,0.0,0.0,0.0,0.0,1.0,,0.0,0.0,0.0,0.0,1.0,1
100032,3.0,2,2,2.0,0.0,0.0,0.0,0.0,0.0,,0.0,0.0,0.0,2.0,0.0,2
100033,3.0,3,1,,0.0,,1.0,2.0,0.0,,0.0,,0.0,1.0,0.0,3
100034,4.0,13,10,4.0,1.0,2.0,1.0,4.0,1.0,2.0,2.0,1.0,1.0,4.0,0.0,13
100035,2.0,2,1,,0.0,,1.0,1.0,0.0,,0.0,,1.0,0.0,0.0,2
100036,4.0,6,5,,2.0,,0.0,2.0,2.0,,1.0,,1.0,1.0,2.0,6
100037,1.0,4,4,,1.0,,1.0,0.0,2.0,,1.0,,0.0,0.0,3.0,4
100038,4.0,3,2,,1.0,,1.0,1.0,0.0,,1.0,,0.0,1.0,0.0,3
100039,4.0,4,3,,0.0,,1.0,3.0,0.0,,0.0,,1.0,2.0,0.0,4
100040,4.0,7,7,1.0,1.0,,1.0,3.0,1.0,1.0,1.0,,1.0,3.0,1.0,7
100041,4.0,1,7,,0.0,,1.0,0.0,0.0,2.0,0.0,,1.0,4.0,0.0,7
100042,2.0,8,3,3.0,0.0,,1.0,4.0,0.0,,1.0,,1.0,1.0,0.0,8
100043,3.0,5,4,,3.0,0.0,1.0,0.0,1.0,,3.0,0.0,0.0,0.0,1.0,5
100044,1.0,9,9,4.0,0.0,0.0,1.0,4.0,0.0,3.0,1.0,0.0,1.0,4.0,0.0,9
100045,3.0,9,8,3.0,0.0,0.0,1.0,3.0,2.0,3.0,0.0,0.0,1.0,3.0,1.0,9
100046,1.0,10,8,2.0,0.0,,1.0,3.0,4.0,1.0,0.0,,1.0,3.0,3.0,10
100047,1.0,0,2,,0.0,0.0,0.0,0.0,0.0,,0.0,0.0,1.0,1.0,0.0,2
100048,3.0,7,3,4.0,0.0,0.0,1.0,0.0,2.0,,0.0,0.0,1.0,0.0,2.0,7
100049,3.0,6,4,3.0,0.0,,1.0,0.0,2.0,,0.0,,1.0,0.0,3.0,6
100050,1.0,2,8,,0.0,0.0,1.0,0.0,1.0,,2.0,0.0,1.0,4.0,1.0,8
100051,4.0,5,3,1.0,0.0,0.0,0.0,3.0,1.0,1.0,0.0,0.0,0.0,2.0,0.0,5
100052,2.0,6,8,2.0,0.0,,1.0,3.0,0.0,4.0,0.0,,1.0,3.0,0.0,8
100053,3.0,10,6,4.0,1.0,,1.0,2.0,2.0,,1.0,,1.0,2.0,2.0,10
100054,1.0,10,4,3.0,2.0,0.0,1.0,4.0,0.0,,1.0,0.0,1.0,1.0,1.0,10
100055,4.0,10,9,3.0,0.0,0.0,1.0,4.0,2.0,2.0,1.0,0.0,1.0,4.0,1.0,10
100056,4.0,4,4,,1.0,,0.0,0.0,3.0,,1.0,,1.0,1.0,1.0,4
100057,4.0,10,7,3.0,2.0,0.0,1.0,4.0,0.0,3.0,2.0,0.0,0.0,2.0,0.0,10
100058,1.0,1,0,,0.0,,1.0,0.0,0.0,,0.0,,0.0,,0.0,1
100059,3.0,3,3,,0.0,2.0,,,1.0,,0.0,2.0,,,1.0,3
100060,3.0,1,1,,0.0,,1.0,0.0,0.0,,0.0,,1.0,0.0,0.0,1
100061,4.0,5,7,4.0,0.0,0.0,0.0,0.0,1.0,4.0,0.0,0.0,0.0,2.0,1.0,7
100062,2.0,7,1,2.0,0.0,,1.0,4.0,0.0,,0.0,,1.0,0.0,0.0,7
100063,1.0,0,1,,0.0,,0.0,0.0,0.0,,0.0,,1.0,0.0,0.0,1
100064,4.0,3,3,0.0,0.0,,1.0,2.0,0.0,,1.0,,0.0,2.0,0.0,3
100065,1.0,9,9,4.0,0.0,,1.0,3.0,1.0,4.0,0.0,,1.0,3.0,1.0,9
100066,3.0,7,4,3.0,0.0,,1.0,2.0,1.0,,,,1.0,2.0,1.0,7
100067,2.0,8,2,2.0,1.0,,1.0,4.0,0.0,,0.0,,1.0,0.0,1.0,8
100068,2.0,9,7,3.0,0.0,0.0,1.0,4.0,1.0,2.0,1.0,0.0,1.0,2.0,1.0,9
100069,3.0,1,1,,0.0,,1.0,0.0,0.0,,0.0,,1.0,0.0,0.0,1
100070,2.0,10,12,3.0,2.0,,1.0,4.0,0.0,4.0,2.0,,1.0,4.0,1.0,12
100071,1.0,8,7,4.0,0.0,,1.0,3.0,0.0,3.0,0.0,,1.0,3.0,0.0,8
100072,1.0,8,7,3.0,0.0,0.0,1.0,4.0,0.0,2.0,0.0,0.0,1.0,4.0,0.0,8
100073,3.0,11,11,0.0,3.0,1.0,1.0,3.0,3.0,0.0,2.0,1.0,1.0,3.0,4.0,11
100074,4.0,5,4,1.0,0.0,,0.0,4.0,0.0,2.0,0.0,,0.0,2.0,0.0,5
100075,3.0,2,1,,0.0,,1.0,1.0,0.0,,0.0,,0.0,1.0,0.0,2
100076,2.0,6,1,3.0,0.0,,1.0,2.0,0.0,,0.0,,1.0,0.0,0.0,6
100077,2.0,5,1,,0.0,,1.0,4.0,0.0,,0.0,,1.0,0.0,0.0,5
100078,2.0,8,4,3.0,0.0,,1.0,4.0,0.0,2.0,1.0,,1.0,0.0,0.0,8
100079,3.0,8,10,3.0,0.0,0.0,1.0,4.0,0.0,4.0,1.0,0.0,1.0,4.0,0.0,10
100080,2.0,10,8,3.0,1.0,,1.0,4.0,1.0,4.0,1.0,,1.0,1.0,1.0,10
100081,3.0,5,4,,0.0,0.0,1.0,3.0,1.0,,0.0,0.0,1.0,2.0,1.0,5
100082,3.0,9,9,3.0,3.0,,1.0,2.0,0.0,3.0,2.0,,1.0,3.0,0.0,9
100083,4.0,0,0,,0.0,,0.0,0.0,0.0,,0.0,,0.0,0.0,0.0,0
100084,3.0,8,7,2.0,2.0,0.0,0.0,3.0,1.0,1.0,1.0,0.0,0.0,3.0,2.0,8
100085,4.0,10,9,4.0,2.0,,0.0,2.0,2.0,3.0,2.0,,0.0,2.0,2.0,10
100086,2.0,8,2,1.0,2.0,,1.0,4.0,0.0,,1.0,,1.0,0.0,0.0,8
100087,2.0,7,3,0.0,2.0,,1.0,4.0,0.0,,2.0,,1.0,0.0,0.0,7
100088,2.0,9,5,4.0,0.0,,1.0,4.0,0.0,2.0,1.0,,1.0,0.0,1.0,9
100089,4.0,6,6,2.0,0.0,0.0,1.0,3.0,0.0,2.0,1.0,0.0,1.0,2.0,0.0,6
100090,3.0,2,1,,0.0,,1.0,0.0,1.0,,0.0,,0.0,0.0,1.0,2
100091,3.0,8,6,1.0,0.0,3.0,1.0,3.0,0.0,1.0,0.0,2.0,1.0,2.0,0.0,8
100092,3.0,6,5,2.0,0.0,0.0,1.0,3.0,0.0,,1.0,0.0,1.0,3.0,0.0,6
100093,4.0,2,6,,1.0,0.0,0.0,1.0,0.0,3.0,0.0,0.0,0.0,3.0,0.0,6
100094,1.0,1,1,,0.0,0.0,1.0,0.0,0.0,,0.0,0.0,1.0,0.0,0.0,1
100095,1.0,6,6,1.0,1.0,,1.0,3.0,0.0,1.0,1.0,,1.0,3.0,0.0,6
100096,3.0,2,9,,0.0,,1.0,1.0,0.0,4.0,0.0,0.0,1.0,4.0,0.0,9
100097,1.0,7,7,2.0,0.0,0.0,1.0,3.0,1.0,2.0,0.0,0.0,1.0,3.0,1.0,7
100098,2.0,10,11,3.0,1.0,0.0,1.0,4.0,1.0,3.0,2.0,0.0,1.0,4.0,1.0,11
100099,3.0,1,1,,0.0,0.0,1.0,0.0,0.0,,0.0,0.0,1.0,0.0,0.0,1
100100,3.0,12,13,4.0,2.0,0.0,1.0,3.0,2.0,3.0,2.0,1.0,1.0,4.0,2.0,13
100101,1.0,8,7,2.0,3.0,0.0,1.0,2.0,0.0,2.0,2.0,0.0,1.0,2.0,0.0,8
100102,4.0,2,2,,0.0,,1.0,1.0,0.0,,0.0,,1.0,1.0,0.0,2
100103,3.0,7,6,,1.0,1.0,1.0,1.0,3.0,,2.0,1.0,1.0,1.0,1.0,7
100104,4.0,4,3,0.0,0.0,,1.0,3.0,0.0,0.0,0.0,,0.0,3.0,0.0,4
100105,3.0,4,4,,0.0,,1.0,2.0,1.0,,0.0,,1.0,2.0,1.0,4
100106,4.0,13,11,1.0,2.0,2.0,1.0,4.0,3.0,1.0,2.0,2.0,1.0,2.0,3.0,13
100107,2.0,10,9,2.0,2.0,,1.0,4.0,1.0,3.0,2.0,,1.0,2.0,1.0,10
100108,3.0,7,7,3.0,0.0,,1.0,3.0,0.0,3.0,0.0,,1.0,3.0,0.0,7
100109,3.0,5,5,1.0,0.0,,1.0,3.0,0.0,1.0,0.0,,1.0,3.0,0.0,5
100110,3.0,11,8,2.0,3.0,2.0,1.0,3.0,0.0,,2.0,2.0,1.0,3.0,0.0,11
100111,4.0,1,1,,0.0,,1.0,0.0,0.0,,0.0,,1.0,0.0,0.0,1
100112,4.0,11,5,2.0,2.0,0.0,1.0,3.0,3.0,,2.0,0.0,0.0,0.0,3.0,11
100113,2.0,6,1,,1.0,,1.0,4.0,0.0,,0.0,,1.0,0.0,0.0,6
100114,3.0,1,1,,0.0,,1.0,0.0,0.0,,0.0,,1.0,0.0,0.0,1
100115,2.0,6,4,2.0,1.0,,1.0,2.0,0.0,,2.0,,1.0,1.0,0.0,6
100116,3.0,6,6,,0.0,0.0,1.0,4.0,1.0,,0.0,0.0,1.0,3.0,2.0,6
100117,3.0,4,3,,0.0,,1.0,3.0,0.0,,0.0,,1.0,2.0,0.0,4
100118,4.0,6,7,2.0,2.0,,0.0,2.0,0.0,1.0,2.0,,1.0,3.0,0.0,7
100119,4.0,7,5,3.0,1.0,0.0,0.0,3.0,0.0,1.0,,0.0,1.0,3.0,0.0,7
100120,4.0,13,12,3.0,2.0,2.0,1.0,4.0,1.0,3.0,2.0,2.0,1.0,3.0,1.0,13
100121,3.0,2,2,,,0.0,1.0,1.0,0.0,,0.0,0.0,1.0,1.0,0.0,2
100122,2.0,9,2,3.0,1.0,,1.0,4.0,0.0,,1.0,,1.0,0.0,0.0,9
100123,3.0,3,2,,0.0,,1.0,2.0,0.0,,0.0,,1.0,1.0,0.0,3
100124,2.0,6,3,1.0,2.0,,1.0,2.0,0.0,,2.0,,1.0,0.0,0.0,6
100125,3.0,10,11,0.0,3.0,2.0,1.0,4.0,0.0,3.0,2.0,2.0,1.0,3.0,0.0,11
100126,4.0,5,5,1.0,0.0,,1.0,3.0,0.0,2.0,0.0,,0.0,3.0,0.0,5
100127,4.0,6,5,,1.0,,1.0,3.0,1.0,,1.0,,0.0,3.0,1.0,6
100128,4.0,15,16,3.0,3.0,3.0,1.0,4.0,1.0,4.0,3.0,3.0,1.0,4.0,1.0,16
100129,3.0,4,5,,0.0,,1.0,0.0,3.0,,0.0,,1.0,1.0,3.0,5
100130,2.0,5,0,0.0,0.0,,1.0,4.0,0.0,,0.0,,0.0,0.0,0.0,5
100131,3.0,9,9,3.0,0.0,0.0,1.0,2.0,3.0,2.0,0.0,0.0,1.0,3.0,3.0,9
100132,2.0,10,11,3.0,2.0,0.0,1.0,4.0,0.0,3.0,2.0,0.0,1.0,4.0,1.0,11
100133,3.0,2,1,,0.0,,1.0,1.0,0.0,,0.0,,0.0,1.0,0.0,2
100134,3.0,1,1,,0.0,,1.0,0.0,0.0,,0.0,,1.0,0.0,0.0,1
100135,2.0,2,5,,0.0,,1.0,1.0,0.0,2.0,1.0,,1.0,1.0,0.0,5
100136,4.0,5,1,,0.0,0.0,0.0,4.0,1.0,,0.0,0.0,0.0,1.0,0.0,5
100137,3.0,14,14,4.0,0.0,2.0,1.0,4.0,3.0,3.0,1.0,2.0,0.0,4.0,4.0,14
100138,4.0,3,3,0.0,0.0,,0.0,3.0,0.0,1.0,0.0,,0.0,2.0,0.0,3
100139,1.0,1,0,,0.0,,1.0,0.0,0.0,,0.0,,0.0,0.0,0.0,1
100140,3.0,4,4,,0.0,,1.0,1.0,2.0,,0.0,0.0,1.0,1.0,2.0,4
100141,2.0,6,2,1.0,0.0,,1.0,4.0,0.0,,1.0,,1.0,0.0,0.0,6
100142,4.0,3,5,,1.0,0.0,1.0,1.0,0.0,,1.0,0.0,1.0,3.0,0.0,5
100143,1.0,4,2,,1.0,0.0,1.0,1.0,1.0,,1.0,0.0,1.0,0.0,0.0,4
100144,4.0,6,6,0.0,0.0,2.0,1.0,3.0,0.0,1.0,0.0,2.0,1.0,2.0,0.0,6
100145,3.0,6,4,,0.0,,1.0,4.0,1.0,,0.0,,1.0,2.0,1.0,6
100146,2.0,6,1,,1.0,,1.0,4.0,0.0,,0.0,,1.0,0.0,0.0,6
100147,4.0,3,2,,0.0,,1.0,2.0,0.0,,0.0,,1.0,1.0,0.0,3
100148,2.0,9,10,3.0,0.0,,1.0,4.0,1.0,3.0,0.0,0.0,1.0,4.0,2.0,10
100149,1.0,3,0,,0.0,,1.0,1.0,1.0,,0.0,,0.0,0.0,0.0,3
100150,2.0,10,6,3.0,2.0,,1.0,4.0,0.0,3.0,1.0,,1.0,0.0,1.0,10
100151,4.0,3,2,0.0,0.0,,0.0,3.0,0.0,,0.0,,0.0,2.0,0.0,3
100152,3.0,1,2,,0.0,0.0,1.0,0.0,0.0,,0.0,0.0,1.0,1.0,0.0,2
100153,3.0,11,9,4.0,1.0,0.0,1.0,4.0,1.0,3.0,1.0,0.0,1.0,3.0,1.0,11
100154,4.0,7,8,2.0,1.0,,0.0,4.0,0.0,2.0,0.0,1.0,0.0,4.0,1.0,8
100155,3.0,1,1,,0.0,,1.0,0.0,0.0,,,,1.0,0.0,,1
100156,4.0,3,3,,0.0,,0.0,0.0,3.0,,0.0,,1.0,0.0,2.0,3
100157,1.0,5,5,2.0,0.0,,0.0,3.0,0.0,2.0,0.0,,,3.0,0.0,5
100158,4.0,4,2,,0.0,,1.0,3.0,0.0,,0.0,,0.0,2.0,0.0,4
100159,4.0,5,7,,1.0,,1.0,3.0,0.0,3.0,1.0,,1.0,2.0,0.0,7
100160,1.0,11,10,4.0,1.0,,1.0,3.0,2.0,3.0,1.0,,1.0,3.0,2.0,11
100161,4.0,0,0,,0.0,0.0,0.0,0.0,0.0,,0.0,0.0,,,0.0,0
100162,2.0,11,5,4.0,2.0,0.0,1.0,4.0,0.0,2.0,1.0,0.0,0.0,2.0,0.0,11
100163,3.0,12,7,3.0,2.0,1.0,1.0,4.0,1.0,,2.0,1.0,1.0,3.0,0.0,12
100164,4.0,5,9,1.0,0.0,,1.0,3.0,0.0,3.0,1.0,,1.0,4.0,0.0,9
100165,2.0,8,10,2.0,0.0,,1.0,3.0,2.0,3.0,1.0,,1.0,2.0,3.0,10
100166,4.0,1,2,,0.0,,1.0,0.0,0.0,,1.0,,1.0,0.0,0.0,2
100167,4.0,9,10,3.0,1.0,,1.0,4.0,0.0,3.0,1.0,,1.0,4.0,1.0,10
100168,1.0,1,2,,0.0,0.0,1.0,0.0,0.0,,1.0,0.0,1.0,0.0,0.0,2
100169,1.0,2,4,,0.0,,1.0,0.0,1.0,,0.0,,1.0,0.0,3.0,4
100170,4.0,12,5,4.0,2.0,2.0,0.0,4.0,0.0,,2.0,2.0,0.0,1.0,0.0,12
100171,3.0,9,8,,1.0,4.0,1.0,1.0,2.0,,1.0,4.0,1.0,1.0,1.0,9
100172,2.0,9,5,3.0,0.0,,1.0,4.0,1.0,4.0,0.0,,1.0,0.0,0.0,9
100173,3.0,3,5,,0.0,0.0,0.0,2.0,1.0,,1.0,1.0,0.0,3.0,0.0,5
100174,4.0,3,3,,0.0,0.0,1.0,1.0,1.0,,1.0,0.0,1.0,1.0,0.0,3
100175,1.0,2,1,,0.0,,1.0,0.0,1.0,,0.0,,0.0,0.0,1.0,2
100176,2.0,10,7,3.0,2.0,,1.0,4.0,0.0,2.0,1.0,,1.0,3.0,0.0,10
100177,3.0,15,15,3.0,2.0,4.0,1.0,4.0,1.0,4.0,2.0,3.0,1.0,4.0,1.0,15
100178,1.0,4,4,,0.0,,1.0,0.0,3.0,,0.0,,1.0,0.0,3.0,4
100179,1.0,12,10,4.0,1.0,,1.0,3.0,3.0,2.0,1.0,,1.0,3.0,3.0,12
100180,4.0,5,5,2.0,0.0,0.0,0.0,3.0,0.0,2.0,0.0,0.0,0.0,3.0,0.0,5
100181,4.0,4,1,0.0,0.0,,1.0,3.0,0.0,,1.0,,0.0,0.0,0.0,4
100182,4.0,7,10,2.0,0.0,,1.0,2.0,2.0,4.0,1.0,,1.0,3.0,1.0,10
100183,1.0,7,2,1.0,1.0,,1.0,4.0,0.0,,1.0,,1.0,0.0,0.0,7
100184,4.0,8,4,3.0,0.0,0.0,1.0,4.0,0.0,2.0,0.0,0.0,0.0,2.0,0.0,8
100185,4.0,6,5,3.0,0.0,,0.0,3.0,0.0,2.0,0.0,,0.0,3.0,0.0,6
100186,3.0,3,2,,0.0,,1.0,0.0,2.0,,0.0,,1.0,0.0,1.0,3
100187,2.0,9,7,4.0,2.0,,1.0,2.0,0.0,4.0,2.0,,1.0,0.0,0.0,9
100188,3.0,6,2,1.0,0.0,,1.0,4.0,0.0,,0.0,,0.0,2.0,0.0,6
100189,3.0,1,3,,0.0,1.0,0.0,0.0,0.0,2.0,0.0,1.0,0.0,0.0,0.0,3
100190,2.0,9,5,,0.0,,1.0,4.0,4.0,,0.0,,1.0,0.0,4.0,9
100191,2.0,6,3,2.0,0.0,,1.0,2.0,1.0,,0.0,,1.0,0.0,2.0,6
100192,4.0,8,5,3.0,1.0,0.0,1.0,3.0,0.0,2.0,0.0,0.0,0.0,3.0,0.0,8
100193,2.0,6,3,2.0,0.0,,1.0,3.0,0.0,,2.0,,1.0,0.0,0.0,6
100194,2.0,8,1,3.0,0.0,,1.0,4.0,0.0,,0.0,,1.0,0.0,0.0,8
100195,1.0,1,1,,0.0,0.0,0.0,0.0,1.0,,0.0,0.0,0.0,0.0,1.0,1
100196,3.0,12,8,,3.0,4.0,1.0,3.0,1.0,,,4.0,1.0,3.0,0.0,12
100197,3.0,12,10,3.0,1.0,0.0,1.0,3.0,4.0,2.0,2.0,0.0,0.0,3.0,3.0,12
100198,3.0,8,7,2.0,1.0,0.0,1.0,4.0,0.0,2.0,1.0,0.0,1.0,3.0,0.0,8
100199,3.0,2,3,,0.0,,0.0,2.0,0.0,,0.0,,1.0,2.0,0.0,3
100200,3.0,5,4,,2.0,,1.0,1.0,1.0,,2.0,0.0,1.0,0.0,1.0,5
100201,4.0,6,4,3.0,0.0,0.0,0.0,3.0,0.0,1.0,0.0,0.0,0.0,3.0,0.0,6
100202,2.0,11,11,3.0,2.0,1.0,1.0,4.0,0.0,3.0,2.0,1.0,1.0,4.0,0.0,11
100203,1.0,0,10,,0.0,,0.0,0.0,0.0,4.0,1.0,,1.0,4.0,0.0,10
100204,2.0,10,14,3.0,0.0,1.0,1.0,4.0,1.0,2.0,1.0,2.0,1.0,4.0,4.0,14
100205,2.0,8,3,1.0,2.0,,1.0,4.0,0.0,,1.0,,1.0,1.0,0.0,8
100206,4.0,3,2,,1.0,,1.0,1.0,0.0,,1.0,,1.0,0.0,0.0,3
100207,1.0,2,1,,1.0,,1.0,0.0,0.0,,0.0,,1.0,0.0,0.0,2
100208,4.0,10,7,3.0,2.0,1.0,0.0,4.0,0.0,2.0,2.0,0.0,0.0,3.0,0.0,10
100209,3.0,0,0,,0.0,,,,0.0,,0.0,0.0,,,0.0,0
100210,3.0,10,11,4.0,3.0,0.0,1.0,2.0,0.0,4.0,3.0,0.0,1.0,3.0,0.0,11
100211,3.0,2,2,,0.0,,1.0,1.0,0.0,,0.0,0.0,1.0,1.0,0.0,2
100212,3.0,16,17,3.0,4.0,2.0,1.0,2.0,4.0,4.0,4.0,2.0,1.0,3.0,3.0,17
100213,4.0,8,5,2.0,2.0,0.0,0.0,4.0,0.0,1.0,1.0,0.0,1.0,2.0,0.0,8
100214,3.0,8,7,3.0,0.0,,1.0,3.0,1.0,2.0,0.0,,1.0,3.0,1.0,8
100215,3.0,5,6,,3.0,2.0,,,0.0,,4.0,2.0,,,0.0,6
100216,3.0,2,2,,0.0,0.0,1.0,0.0,1.0,,0.0,0.0,1.0,0.0,1.0,2
100217,2.0,11,12,4.0,0.0,0.0,1.0,4.0,2.0,3.0,2.0,0.0,1.0,4.0,2.0,12
100218,1.0,7,6,1.0,0.0,,1.0,4.0,1.0,0.0,0.0,,1.0,4.0,1.0,7
100219,4.0,9,11,2.0,0.0,2.0,1.0,4.0,0.0,2.0,2.0,2.0,1.0,4.0,0.0,11
100220,3.0,0,0,,0.0,0.0,,,0.0,,0.0,0.0,,,0.0,0
100221,4.0,6,2,2.0,0.0,0.0,1.0,3.0,0.0,,0.0,0.0,1.0,1.0,0.0,6
100222,2.0,9,1,3.0,0.0,,1.0,4.0,1.0,,0.0,,0.0,0.0,1.0,9
100223,2.0,7,4,,,,1.0,4.0,2.0,,1.0,,1.0,0.0,2.0,7
100224,4.0,2,3,,0.0,,1.0,1.0,0.0,,0.0,,0.0,3.0,0.0,3
100225,4.0,6,3,1.0,0.0,,1.0,2.0,2.0,,0.0,,1.0,0.0,2.0,6
100226,3.0,0,0,,0.0,0.0,,,0.0,,0.0,0.0,,,0.0,0
100227,4.0,10,8,3.0,2.0,,1.0,4.0,0.0,3.0,2.0,,1.0,2.0,0.0,10
100228,4.0,5,4,2.0,0.0,,1.0,0.0,2.0,2.0,0.0,,1.0,0.0,1.0,5
100229,1.0,4,4,0.0,0.0,,1.0,3.0,0.0,0.0,0.0,,1.0,3.0,0.0,4
100230,2.0,9,4,2.0,1.0,,1.0,4.0,1.0,,1.0,,1.0,1.0,1.0,9
100231,3.0,8,8,,1.0,3.0,1.0,0.0,3.0,,2.0,3.0,1.0,0.0,2.0,8
100232,3.0,1,1,,0.0,,1.0,0.0,0.0,,0.0,0.0,0.0,1.0,0.0,1
100233,2.0,1,2,1.0,0.0,,0.0,0.0,0.0,,1.0,,1.0,0.0,0.0,2
100234,4.0,9,10,1.0,1.0,2.0,0.0,4.0,1.0,2.0,1.0,2.0,0.0,4.0,1.0,10
100235,4.0,9,7,4.0,0.0,,1.0,4.0,0.0,3.0,0.0,,1.0,3.0,0.0,9
100236,3.0,8,8,,2.0,2.0,1.0,3.0,0.0,,2.0,2.0,1.0,3.0,0.0,8
100237,3.0,8,2,2.0,1.0,,1.0,3.0,1.0,,1.0,,0.0,0.0,1.0,8
100238,3.0,12,9,4.0,0.0,,1.0,4.0,3.0,2.0,0.0,,1.0,3.0,3.0,12
100239,3.0,2,1,,0.0,,0.0,2.0,0.0,,0.0,,0.0,1.0,0.0,2
100240,4.0,0,2,,0.0,0.0,0.0,0.0,0.0,,0.0,0.0,1.0,0.0,1.0,2
100241,4.0,3,4,2.0,0.0,0.0,1.0,0.0,0.0,2.0,1.0,0.0,1.0,0.0,0.0,4
100242,4.0,8,7,3.0,0.0,,0.0,4.0,1.0,2.0,0.0,,1.0,3.0,1.0,8
100243,2.0,8,7,3.0,2.0,,1.0,2.0,0.0,2.0,2.0,,1.0,2.0,0.0,8
100244,2.0,7,3,2.0,1.0,0.0,1.0,3.0,0.0,,1.0,0.0,1.0,1.0,0.0,7
100245,2.0,9,0,3.0,1.0,,1.0,4.0,0.0,,0.0,,0.0,0.0,0.0,9
100246,3.0,1,2,,0.0,,1.0,0.0,0.0,,0.0,,1.0,1.0,0.0,2
100247,4.0,4,4,0.0,0.0,,1.0,3.0,0.0,0.0,0.0,,1.0,3.0,0.0,4
100248,1.0,0,0,,,,,,,,,,,,,0
100249,3.0,5,5,,0.0,0.0,1.0,4.0,0.0,,0.0,0.0,1.0,4.0,0.0,5
100250,1.0,1,1,,,,1.0,0.0,,,,,1.0,0.0,0.0,1
100251,3.0,3,2,,0.0,0.0,1.0,1.0,1.0,,0.0,0.0,1.0,0.0,1.0,3
100252,3.0,3,4,,3.0,0.0,,,0.0,,4.0,0.0,,,0.0,4
100253,4.0,5,7,0.0,1.0,0.0,0.0,4.0,0.0,0.0,2.0,0.0,1.0,4.0,0.0,7
100254,4.0,5,6,1.0,0.0,,1.0,3.0,0.0,2.0,1.0,,1.0,2.0,0.0,6
100255,3.0,7,5,2.0,0.0,,1.0,2.0,2.0,2.0,0.0,,0.0,1.0,2.0,7
100256,3.0,3,3,,1.0,0.0,1.0,0.0,1.0,,1.0,0.0,1.0,0.0,1.0,3
100257,4.0,8,7,2.0,2.0,,0.0,4.0,0.0,2.0,1.0,,1.0,3.0,0.0,8
100258,3.0,6,4,2.0,0.0,,1.0,3.0,0.0,,0.0,,1.0,3.0,0.0,6
100259,2.0,9,3,3.0,2.0,,1.0,3.0,0.0,,2.0,,1.0,0.0,0.0,9
100260,2.0,5,1,2.0,0.0,,1.0,2.0,0.0,,0.0,,1.0,0.0,0.0,5
100261,3.0,0,0,,0.0,,,,0.0,,0.0,,,,0.0,0
100262,3.0,12,10,4.0,1.0,0.0,1.0,3.0,3.0,3.0,2.0,0.0,1.0,4.0,0.0,12
100263,4.0,9,6,4.0,1.0,,0.0,4.0,0.0,2.0,1.0,,1.0,2.0,0.0,9
100264,2.0,10,11,3.0,0.0,,1.0,4.0,2.0,3.0,1.0,0.0,1.0,4.0,2.0,11
100265,3.0,12,15,3.0,1.0,3.0,1.0,2.0,2.0,3.0,0.0,3.0,1.0,4.0,4.0,15
100266,2.0,10,6,3.0,2.0,,1.0,4.0,0.0,2.0,2.0,,1.0,1.0,0.0,10
100267,3.0,5,2,,1.0,,1.0,2.0,1.0,,1.0,,0.0,1.0,0.0,5
100268,3.0,11,11,3.0,0.0,0.0,1.0,3.0,4.0,4.0,0.0,0.0,1.0,2.0,4.0,11
100269,4.0,6,3,3.0,0.0,0.0,1.0,2.0,0.0,,,0.0,1.0,2.0,0.0,6
100270,3.0,4,2,2.0,0.0,1.0,1.0,0.0,0.0,,0.0,1.0,1.0,0.0,0.0,4
100271,2.0,11,12,3.0,1.0,2.0,1.0,4.0,0.0,4.0,3.0,0.0,1.0,4.0,0.0,12
100272,3.0,1,1,,0.0,,1.0,0.0,0.0,,0.0,,1.0,0.0,0.0,1
100273,1.0,1,2,,1.0,0.0,0.0,0.0,0.0,,1.0,0.0,1.0,0.0,0.0,2
100274,3.0,5,4,,0.0,,1.0,0.0,4.0,,0.0,,1.0,0.0,3.0,5
100275,3.0,10,11,2.0,2.0,,1.0,2.0,3.0,3.0,2.0,,1.0,3.0,2.0,11
100276,3.0,14,14,3.0,0.0,4.0,1.0,3.0,3.0,3.0,0.0,4.0,1.0,2.0,4.0,14
100277,3.0,14,14,3.0,1.0,2.0,1.0,4.0,3.0,2.0,1.0,2.0,1.0,4.0,4.0,14
100278,4.0,8,3,3.0,0.0,0.0,1.0,2.0,2.0,2.0,0.0,0.0,0.0,0.0,1.0,8
100279,2.0,2,2,,0.0,,1.0,0.0,1.0,,0.0,,1.0,0.0,1.0,2
100280,4.0,3,2,,0.0,0.0,1.0,2.0,0.0,,0.0,0.0,1.0,1.0,0.0,3
100281,4.0,8,6,0.0,0.0,,1.0,3.0,4.0,0.0,0.0,,0.0,3.0,3.0,8
100282,2.0,7,1,2.0,0.0,,1.0,4.0,0.0,,0.0,,1.0,0.0,0.0,7
100283,3.0,8,8,2.0,0.0,,1.0,4.0,1.0,3.0,0.0,,0.0,4.0,1.0,8
100284,2.0,8,3,2.0,1.0,,1.0,4.0,0.0,,2.0,,1.0,0.0,0.0,8
100285,3.0,4,5,0.0,0.0,0.0,0.0,4.0,0.0,2.0,0.0,0.0,1.0,2.0,0.0,5
100286,3.0,7,3,2.0,0.0,,1.0,3.0,1.0,,0.0,,0.0,2.0,1.0,7
100287,3.0,0,0,,0.0,,0.0,0.0,0.0,,0.0,,0.0,0.0,0.0,0
100288,4.0,3,2,,0.0,,0.0,3.0,0.0,,0.0,,1.0,1.0,0.0,3
100289,1.0,7,1,2.0,0.0,0.0,1.0,4.0,0.0,,,0.0,1.0,0.0,0.0,7
100290,1.0,9,5,2.0,2.0,,1.0,4.0,0.0,,2.0,,1.0,2.0,0.0,9
100291,3.0,7,7,4.0,0.0,,1.0,2.0,0.0,2.0,0.0,,1.0,4.0,0.0,7
100292,3.0,12,11,3.0,1.0,2.0,1.0,3.0,2.0,3.0,1.0,2.0,1.0,3.0,1.0,12
100293,3.0,8,8,2.0,0.0,0.0,1.0,3.0,2.0,2.0,0.0,0.0,1.0,3.0,2.0,8
100294,3.0,6,2,,3.0,2.0,1.0,0.0,0.0,,,1.0,1.0,0.0,0.0,6
100295,4.0,1,0,,0.0,0.0,0.0,1.0,0.0,,,0.0,0.0,0.0,0.0,1
100296,4.0,1,1,,0.0,0.0,1.0,0.0,0.0,,0.0,0.0,1.0,0.0,0.0,1
100297,4.0,8,8,2.0,1.0,,1.0,4.0,0.0,3.0,0.0,,1.0,4.0,0.0,8
100298,4.0,1,0,,0.0,0.0,0.0,1.0,0.0,,0.0,0.0,0.0,0.0,0.0,1
100299,2.0,9,4,4.0,0.0,,1.0,4.0,0.0,3.0,0.0,,1.0,0.0,0.0,9
100300,4.0,9,6,2.0,0.0,,0.0,4.0,3.0,3.0,0.0,,0.0,2.0,1.0,9
100301,2.0,9,10,3.0,1.0,0.0,1.0,4.0,0.0,4.0,0.0,0.0,1.0,4.0,1.0,10
100302,4.0,0,1,,0.0,,0.0,0.0,0.0,,0.0,,0.0,1.0,0.0,1
100303,3.0,6,9,1.0,1.0,,1.0,3.0,0.0,2.0,1.0,1.0,1.0,3.0,1.0,9
100304,4.0,10,7,4.0,0.0,2.0,0.0,4.0,0.0,1.0,0.0,2.0,0.0,4.0,0.0,10
100305,2.0,2,3,,0.0,,0.0,0.0,2.0,,0.0,,0.0,1.0,2.0,3
100306,3.0,2,1,,0.0,0.0,1.0,1.0,0.0,,0.0,0.0,1.0,0.0,0.0,2
100307,3.0,5,7,1.0,0.0,,1.0,3.0,0.0,2.0,1.0,,1.0,3.0,0.0,7
100308,4.0,5,6,2.0,0.0,,0.0,3.0,0.0,3.0,0.0,,1.0,2.0,0.0,6
100309,4.0,1,1,,0.0,,1.0,0.0,0.0,,0.0,0.0,1.0,0.0,0.0,1
100310,3.0,4,0,0.0,0.0,,0.0,4.0,0.0,,0.0,,0.0,0.0,0.0,4
100311,4.0,7,5,3.0,,,1.0,3.0,0.0,3.0,1.0,,1.0,0.0,0.0,7
100312,1.0,8,7,,2.0,0.0,1.0,4.0,1.0,,2.0,0.0,0.0,4.0,1.0,8
100313,4.0,6,6,2.0,0.0,,0.0,4.0,0.0,2.0,0.0,,0.0,4.0,0.0,6
100314,1.0,6,10,2.0,0.0,,1.0,1.0,2.0,3.0,0.0,,1.0,4.0,2.0,10
100315,2.0,9,2,4.0,0.0,,1.0,4.0,0.0,2.0,0.0,,0.0,0.0,0.0,9
100316,1.0,8,8,2.0,2.0,0.0,1.0,3.0,0.0,2.0,2.0,0.0,1.0,3.0,0.0,8
100317,4.0,2,4,,0.0,,0.0,2.0,0.0,,0.0,,1.0,3.0,0.0,4
100318,3.0,1,4,,0.0,,0.0,0.0,1.0,,1.0,,1.0,1.0,1.0,4
100319,4.0,5,5,1.0,0.0,0.0,1.0,3.0,0.0,1.0,0.0,0.0,1.0,3.0,0.0,5
100320,2.0,10,8,3.0,2.0,,1.0,4.0,0.0,3.0,2.0,,1.0,2.0,0.0,10
100321,1.0,2,1,,0.0,,1.0,0.0,1.0,,0.0,,0.0,0.0,1.0,2
100322,3.0,6,5,,0.0,,1.0,2.0,3.0,,0.0,,1.0,1.0,3.0,6
100323,3.0,6,7,,0.0,0.0,1.0,1.0,4.0,,0.0,0.0,0.0,3.0,4.0,7
100324,3.0,11,10,1.0,1.0,1.0,0.0,4.0,4.0,1.0,2.0,0.0,0.0,3.0,4.0,11
100325,3.0,2,2,,0.0,,1.0,1.0,0.0,,0.0,,1.0,1.0,0.0,2
100326,2.0,8,1,3.0,0.0,,1.0,4.0,0.0,,0.0,,1.0,0.0,0.0,8
100327,2.0,7,11,2.0,0.0,,1.0,4.0,0.0,4.0,0.0,,1.0,4.0,2.0,11
100328,2.0,9,4,2.0,0.0,2.0,1.0,4.0,0.0,1.0,1.0,2.0,0.0,0.0,0.0,9
100329,2.0,3,2,,0.0,,0.0,3.0,0.0,,0.0,,0.0,2.0,0.0,3
100330,4.0,4,4,1.0,0.0,,1.0,2.0,0.0,2.0,0.0,0.0,0.0,2.0,0.0,4
100331,4.0,6,4,2.0,0.0,0.0,0.0,4.0,0.0,2.0,0.0,0.0,0.0,2.0,0.0,6
100332,3.0,8,5,4.0,0.0,,0.0,4.0,0.0,3.0,0.0,,0.0,2.0,0.0,8
100333,3.0,7,5,,2.0,,1.0,0.0,4.0,,1.0,0.0,0.0,0.0,4.0,7
100334,3.0,0,0,,0.0,0.0,0.0,0.0,0.0,,0.0,0.0,0.0,0.0,0.0,0
100335,4.0,3,5,0.0,0.0,,0.0,3.0,0.0,2.0,0.0,,0.0,3.0,0.0,5
100336,2.0,7,3,2.0,0.0,0.0,1.0,4.0,0.0,,1.0,0.0,1.0,1.0,0.0,7
100337,1.0,6,2,,1.0,0.0,1.0,4.0,0.0,,1.0,0.0,1.0,0.0,0.0,6
100338,4.0,6,5,0.0,1.0,,1.0,4.0,0.0,0.0,1.0,,1.0,3.0,0.0,6
100339,4.0,8,7,3.0,0.0,,1.0,4.0,0.0,3.0,0.0,,1.0,3.0,0.0,8
100340,2.0,8,0,3.0,0.0,,1.0,4.0,0.0,,0.0,,0.0,0.0,0.0,8
100341,4.0,6,7,3.0,0.0,,0.0,3.0,0.0,3.0,0.0,,0.0,3.0,1.0,7
100342,2.0,6,6,1.0,0.0,,1.0,4.0,0.0,2.0,0.0,0.0,1.0,3.0,0.0,6
100343,1.0,1,4,,0.0,,1.0,0.0,0.0,,0.0,0.0,1.0,2.0,1.0,4
100344,3.0,9,8,4.0,0.0,,0.0,4.0,1.0,4.0,0.0,,0.0,4.0,0.0,9
100345,4.0,9,11,2.0,2.0,0.0,1.0,3.0,1.0,2.0,2.0,0.0,1.0,4.0,2.0,11
100346,2.0,9,2,4.0,0.0,,1.0,4.0,0.0,,1.0,,1.0,0.0,0.0,9
100347,4.0,10,7,3.0,2.0,,1.0,3.0,1.0,1.0,2.0,,1.0,2.0,1.0,10
100348,3.0,6,2,1.0,1.0,0.0,1.0,3.0,0.0,,1.0,0.0,0.0,1.0,0.0,6
100349,4.0,3,2,,1.0,,1.0,1.0,0.0,,1.0,,0.0,1.0,0.0,3
100350,2.0,14,12,4.0,4.0,0.0,1.0,4.0,1.0,4.0,1.0,0.0,1.0,4.0,2.0,14
100351,3.0,13,11,3.0,2.0,2.0,1.0,4.0,1.0,3.0,2.0,1.0,1.0,4.0,0.0,13
100352,4.0,7,14,3.0,,,1.0,3.0,0.0,3.0,3.0,4.0,0.0,4.0,0.0,14
100353,4.0,10,10,3.0,2.0,,1.0,4.0,0.0,3.0,2.0,,1.0,4.0,0.0,10
100354,3.0,2,4,,1.0,0.0,0.0,1.0,0.0,,2.0,0.0,1.0,1.0,0.0,4
100355,2.0,7,2,2.0,0.0,,1.0,4.0,0.0,,1.0,,0.0,1.0,0.0,7
100356,3.0,7,6,,3.0,3.0,0.0,1.0,0.0,,2.0,3.0,0.0,1.0,0.0,7
100357,4.0,9,7,3.0,1.0,,1.0,4.0,0.0,1.0,1.0,,1.0,4.0,0.0,9
100358,3.0,12,11,4.0,1.0,0.0,1.0,3.0,3.0,3.0,0.0,0.0,1.0,4.0,3.0,12
100359,3.0,7,7,2.0,0.0,0.0,1.0,3.0,1.0,2.0,0.0,0.0,1.0,3.0,1.0,7
100360,4.0,1,1,,0.0,,1.0,0.0,0.0,,0.0,,1.0,0.0,0.0,1
100361,3.0,11,12,3.0,1.0,0.0,0.0,4.0,3.0,3.0,1.0,0.0,1.0,4.0,3.0,12
100362,2.0,8,2,3.0,0.0,,1.0,4.0,0.0,,1.0,,1.0,0.0,0.0,8
100363,3.0,1,3,,0.0,,0.0,0.0,1.0,,1.0,,1.0,0.0,1.0,3
100364,1.0,8,8,3.0,0.0,,1.0,3.0,1.0,2.0,0.0,,1.0,3.0,2.0,8
100365,1.0,9,9,4.0,1.0,,1.0,3.0,0.0,2.0,2.0,,1.0,4.0,0.0,9
100366,2.0,10,8,2.0,0.0,,1.0,4.0,3.0,2.0,0.0,,1.0,2.0,3.0,10
100367,4.0,4,5,1.0,0.0,,0.0,3.0,0.0,2.0,0.0,,0.0,3.0,0.0,5
100368,3.0,1,1,,0.0,,1.0,0.0,0.0,,0.0,,1.0,0.0,0.0,1
100369,4.0,1,0,,0.0,,1.0,0.0,0.0,,0.0,,0.0,0.0,0.0,1
100370,3.0,15,15,4.0,2.0,2.0,1.0,4.0,2.0,3.0,2.0,3.0,1.0,4.0,2.0,15
100371,4.0,6,2,3.0,0.0,0.0,0.0,3.0,0.0,0.0,1.0,0.0,1.0,0.0,0.0,6
100372,4.0,8,7,3.0,0.0,,1.0,4.0,0.0,2.0,0.0,,1.0,4.0,0.0,8
100373,3.0,7,7,3.0,0.0,,0.0,3.0,1.0,2.0,0.0,,1.0,4.0,0.0,7
100374,4.0,2,1,,0.0,,0.0,2.0,0.0,,0.0,,0.0,1.0,0.0,2
100375,4.0,8,8,3.0,,,1.0,4.0,0.0,3.0,,,1.0,4.0,0.0,8
100376,4.0,1,1,,0.0,,1.0,0.0,0.0,,0.0,,1.0,0.0,0.0,1
100377,4.0,6,6,3.0,0.0,,1.0,2.0,0.0,2.0,0.0,,1.0,3.0,0.0,6
100378,1.0,5,5,0.0,0.0,,1.0,3.0,1.0,,1.0,,1.0,2.0,1.0,5
100379,2.0,7,4,2.0,0.0,,1.0,4.0,0.0,,1.0,,1.0,1.0,1.0,7
100380,3.0,4,7,,0.0,2.0,1.0,0.0,1.0,,3.0,3.0,0.0,0.0,1.0,7
100381,3.0,2,4,,0.0,,0.0,0.0,2.0,,0.0,,1.0,1.0,2.0,4
100382,2.0,9,9,3.0,1.0,0.0,1.0,4.0,0.0,4.0,1.0,0.0,1.0,2.0,1.0,9
100383,1.0,4,1,2.0,,,1.0,0.0,1.0,,0.0,,,,1.0,4
100384,4.0,7,2,2.0,0.0,,1.0,4.0,0.0,,0.0,,0.0,2.0,0.0,7
100385,4.0,1,1,,0.0,,0.0,1.0,0.0,,0.0,,1.0,0.0,0.0,1
100386,3.0,4,1,,0.0,2.0,1.0,1.0,0.0,,0.0,1.0,0.0,0.0,0.0,4
100387,3.0,9,10,4.0,0.0,0.0,1.0,3.0,1.0,4.0,1.0,0.0,1.0,3.0,1.0,10
100388,3.0,12,12,3.0,3.0,3.0,0.0,3.0,0.0,3.0,2.0,3.0,1.0,3.0,0.0,12
100389,3.0,1,1,,0.0,,1.0,0.0,0.0,,0.0,,1.0,0.0,0.0,1
100390,3.0,7,11,2.0,1.0,,1.0,3.0,0.0,3.0,2.0,2.0,1.0,3.0,0.0,11
100391,4.0,8,8,3.0,0.0,,1.0,4.0,0.0,4.0,1.0,0.0,0.0,3.0,0.0,8
100392,1.0,0,0,,0.0,,0.0,0.0,0.0,,0.0,,0.0,0.0,0.0,0
100393,3.0,6,4,2.0,0.0,0.0,1.0,1.0,2.0,,0.0,0.0,1.0,1.0,2.0,6
100394,4.0,5,3,0.0,0.0,,1.0,4.0,0.0,1.0,0.0,,0.0,2.0,0.0,5
100395,1.0,6,2,,0.0,0.0,1.0,4.0,1.0,,0.0,0.0,1.0,0.0,1.0,6
100396,3.0,9,10,1.0,0.0,0.0,1.0,3.0,4.0,3.0,0.0,0.0,0.0,3.0,4.0,10
100397,4.0,4,4,0.0,0.0,,1.0,3.0,0.0,,0.0,,1.0,3.0,0.0,4
100398,4.0,7,5,2.0,0.0,,1.0,4.0,0.0,2.0,0.0,,0.0,3.0,0.0,7
100399,4.0,6,7,1.0,0.0,1.0,0.0,4.0,0.0,2.0,0.0,2.0,1.0,2.0,0.0,7
100400,3.0,1,0,,0.0,0.0,1.0,0.0,0.0,,0.0,0.0,0.0,0.0,0.0,1
100401,2.0,7,5,2.0,0.0,,1.0,4.0,0.0,2.0,1.0,,1.0,0.0,1.0,7
100402,4.0,5,4,1.0,0.0,,1.0,3.0,0.0,1.0,1.0,,0.0,2.0,0.0,5
100403,4.0,7,6,3.0,0.0,,1.0,3.0,0.0,2.0,0.0,,1.0,3.0,0.0,7
100404,4.0,8,8,3.0,1.0,0.0,0.0,3.0,1.0,4.0,1.0,1.0,1.0,0.0,1.0,8
100405,4.0,6,0,2.0,0.0,,1.0,3.0,0.0,,0.0,,0.0,0.0,0.0,6
100406,1.0,7,8,3.0,0.0,0.0,1.0,3.0,0.0,3.0,0.0,0.0,1.0,4.0,0.0,8
100407,1.0,1,1,,0.0,0.0,1.0,0.0,0.0,,0.0,0.0,1.0,0.0,0.0,1
100408,3.0,14,12,4.0,3.0,0.0,1.0,4.0,2.0,3.0,2.0,0.0,1.0,4.0,2.0,14
100409,4.0,10,5,4.0,0.0,1.0,1.0,4.0,0.0,2.0,0.0,0.0,0.0,3.0,0.0,10
100410,2.0,9,5,3.0,1.0,,1.0,4.0,0.0,2.0,1.0,,1.0,0.0,1.0,9
100411,3.0,5,8,2.0,0.0,,1.0,1.0,1.0,3.0,0.0,,1.0,4.0,0.0,8
100412,3.0,4,5,,1.0,2.0,1.0,0.0,0.0,,1.0,2.0,1.0,1.0,0.0,5
100413,4.0,4,6,0.0,0.0,,0.0,4.0,0.0,2.0,0.0,,0.0,4.0,0.0,6
100414,2.0,5,2,1.0,0.0,,1.0,3.0,0.0,,0.0,,1.0,0.0,1.0,5
100415,4.0,7,4,3.0,,,1.0,3.0,0.0,,,,1.0,3.0,0.0,7
100416,3.0,12,11,3.0,1.0,2.0,1.0,4.0,1.0,2.0,2.0,2.0,1.0,3.0,1.0,12
100417,2.0,7,5,2.0,1.0,,1.0,3.0,0.0,2.0,1.0,,0.0,2.0,0.0,7
100418,4.0,8,3,3.0,0.0,,1.0,4.0,0.0,2.0,0.0,,1.0,0.0,0.0,8
100419,2.0,8,1,2.0,1.0,,1.0,4.0,0.0,,0.0,,1.0,0.0,0.0,8
100420,2.0,7,2,2.0,0.0,,1.0,4.0,0.0,,1.0,,1.0,0.0,0.0,7
100421,1.0,3,2,,0.0,0.0,1.0,0.0,2.0,,0.0,0.0,0.0,0.0,2.0,3
100422,4.0,6,13,0.0,0.0,0.0,0.0,4.0,2.0,2.0,2.0,2.0,1.0,4.0,2.0,13
100423,4.0,6,5,1.0,0.0,,1.0,3.0,1.0,2.0,0.0,,0.0,3.0,0.0,6
100424,2.0,7,1,2.0,0.0,,1.0,4.0,0.0,,0.0,,1.0,0.0,0.0,7
100425,3.0,1,1,,0.0,0.0,1.0,0.0,0.0,,0.0,0.0,1.0,0.0,0.0,1
100426,4.0,2,2,,,,1.0,1.0,0.0,,1.0,,1.0,0.0,0.0,2
100427,4.0,6,4,3.0,0.0,1.0,0.0,2.0,0.0,,1.0,1.0,1.0,1.0,0.0,6
100428,4.0,2,2,,0.0,,1.0,1.0,0.0,,0.0,,1.0,1.0,0.0,2
100429,1.0,8,2,3.0,0.0,0.0,0.0,4.0,1.0,,0.0,0.0,1.0,0.0,1.0,8
100430,1.0,10,8,4.0,0.0,0.0,1.0,4.0,1.0,3.0,0.0,0.0,1.0,4.0,0.0,10
100431,4.0,4,6,0.0,0.0,,0.0,4.0,0.0,2.0,0.0,,1.0,3.0,0.0,6
100432,4.0,7,5,2.0,0.0,0.0,1.0,3.0,1.0,0.0,0.0,0.0,1.0,3.0,1.0,7
100433,4.0,11,8,3.0,1.0,1.0,1.0,4.0,1.0,2.0,1.0,1.0,0.0,4.0,0.0,11
100434,3.0,0,0,,0.0,,0.0,0.0,0.0,,0.0,,0.0,0.0,0.0,0
100435,3.0,10,10,,2.0,0.0,1.0,3.0,4.0,,2.0,0.0,1.0,3.0,4.0,10
100436,2.0,6,2,,0.0,,1.0,4.0,1.0,,0.0,,1.0,0.0,1.0,6
100437,3.0,1,1,,0.0,,0.0,1.0,0.0,,0.0,,0.0,1.0,0.0,1
100438,2.0,9,7,4.0,2.0,,1.0,2.0,0.0,2.0,2.0,,1.0,2.0,0.0,9
100439,2.0,7,4,2.0,0.0,,1.0,4.0,0.0,2.0,0.0,,1.0,1.0,0.0,7
100440,3.0,2,0,,0.0,1.0,0.0,1.0,0.0,,0.0,0.0,0.0,0.0,0.0,2
100441,2.0,5,1,,0.0,,1.0,4.0,0.0,,,,1.0,0.0,0.0,5
100442,2.0,6,9,3.0,2.0,,1.0,,0.0,3.0,2.0,,1.0,3.0,0.0,9
100443,4.0,3,1,,0.0,1.0,1.0,1.0,0.0,,0.0,0.0,1.0,0.0,0.0,3
100444,3.0,4,4,,0.0,,1.0,0.0,3.0,,0.0,,1.0,0.0,3.0,4
100445,3.0,3,2,,2.0,,1.0,0.0,0.0,,1.0,,1.0,0.0,0.0,3
100446,1.0,6,8,,0.0,,1.0,4.0,1.0,3.0,0.0,0.0,1.0,4.0,0.0,8
100447,3.0,1,0,,0.0,0.0,0.0,0.0,1.0,,0.0,0.0,0.0,0.0,0.0,1
100448,2.0,11,4,3.0,2.0,,1.0,4.0,1.0,,2.0,,1.0,0.0,1.0,11
100449,1.0,0,0,,0.0,,,,0.0,,0.0,,,,0.0,0
100450,3.0,7,6,2.0,1.0,,1.0,3.0,0.0,2.0,1.0,,1.0,2.0,0.0,7
100451,3.0,4,3,,1.0,,1.0,2.0,0.0,,1.0,1.0,1.0,0.0,0.0,4
100452,2.0,6,8,2.0,0.0,0.0,1.0,2.0,1.0,4.0,2.0,0.0,1.0,0.0,1.0,8
100453,4.0,4,3,,0.0,,1.0,3.0,0.0,,1.0,,0.0,2.0,0.0,4
100454,1.0,7,7,2.0,0.0,,0.0,4.0,1.0,2.0,0.0,0.0,0.0,4.0,1.0,7
100455,2.0,7,2,2.0,0.0,,1.0,4.0,0.0,,1.0,,1.0,0.0,0.0,7
100456,1.0,5,4,,0.0,1.0,1.0,3.0,0.0,,1.0,1.0,1.0,1.0,0.0,5
100457,1.0,5,3,,0.0,0.0,1.0,0.0,4.0,,0.0,0.0,0.0,0.0,3.0,5
100458,3.0,4,3,0.0,0.0,,1.0,3.0,0.0,,0.0,,0.0,3.0,0.0,4
100459,2.0,8,12,2.0,0.0,0.0,1.0,4.0,1.0,4.0,1.0,0.0,1.0,4.0,2.0,12
100460,2.0,8,3,2.0,1.0,,1.0,4.0,0.0,,1.0,,1.0,1.0,0.0,8
100461,3.0,7,6,4.0,0.0,0.0,0.0,3.0,0.0,3.0,0.0,0.0,0.0,3.0,0.0,7
100462,3.0,6,5,2.0,0.0,,0.0,4.0,0.0,2.0,0.0,,0.0,3.0,0.0,6
100463,4.0,14,11,3.0,3.0,3.0,1.0,4.0,0.0,2.0,3.0,2.0,0.0,4.0,0.0,14
100464,2.0,4,1,3.0,0.0,0.0,1.0,0.0,0.0,,0.0,0.0,1.0,0.0,0.0,4
100465,2.0,13,13,3.0,2.0,2.0,1.0,4.0,1.0,3.0,1.0,2.0,1.0,4.0,2.0,13
100466,4.0,3,2,1.0,0.0,,0.0,2.0,0.0,,0.0,,1.0,1.0,0.0,3
100467,1.0,2,4,,0.0,,1.0,1.0,0.0,,0.0,,1.0,3.0,0.0,4
100468,4.0,6,1,1.0,0.0,0.0,1.0,3.0,1.0,,0.0,0.0,0.0,1.0,0.0,6
100469,2.0,8,4,2.0,1.0,,1.0,4.0,0.0,,1.0,,1.0,1.0,1.0,8
100470,2.0,10,5,4.0,1.0,,1.0,4.0,0.0,,2.0,,1.0,2.0,0.0,10
100471,2.0,9,3,4.0,0.0,,1.0,4.0,0.0,2.0,0.0,,1.0,0.0,0.0,9
100472,3.0,4,2,,0.0,,1.0,1.0,2.0,,0.0,,0.0,0.0,2.0,4
100473,3.0,2,1,,1.0,0.0,1.0,0.0,0.0,,0.0,0.0,1.0,0.0,0.0,2
100474,2.0,5,3,2.0,0.0,,1.0,2.0,0.0,2.0,0.0,,1.0,0.0,0.0,5
100475,2.0,10,8,4.0,1.0,,1.0,4.0,0.0,3.0,0.0,,1.0,4.0,0.0,10
100476,3.0,3,4,0.0,0.0,,0.0,3.0,0.0,,0.0,,1.0,3.0,0.0,4
100477,3.0,1,6,,0.0,,1.0,0.0,0.0,3.0,0.0,,1.0,2.0,0.0,6
100478,4.0,5,3,2.0,0.0,,1.0,2.0,0.0,0.0,0.0,,1.0,2.0,0.0,5
100479,3.0,4,4,,1.0,2.0,1.0,0.0,0.0,,1.0,2.0,1.0,0.0,0.0,4
100480,3.0,3,3,,0.0,1.0,1.0,1.0,0.0,,0.0,1.0,1.0,1.0,0.0,3
100481,3.0,11,9,4.0,0.0,0.0,1.0,2.0,4.0,2.0,0.0,0.0,1.0,2.0,4.0,11
100482,4.0,1,0,,0.0,,1.0,0.0,0.0,,0.0,,0.0,0.0,0.0,1
100483,1.0,8,6,4.0,0.0,,1.0,3.0,0.0,3.0,0.0,,1.0,2.0,0.0,8
100484,2.0,9,1,2.0,2.0,,1.0,4.0,0.0,,0.0,,1.0,0.0,0.0,9
100485,3.0,10,3,2.0,1.0,2.0,1.0,4.0,0.0,,0.0,0.0,1.0,2.0,0.0,10
100486,3.0,5,7,,2.0,1.0,1.0,1.0,0.0,,1.0,1.0,1.0,1.0,3.0,7
100487,4.0,6,1,4.0,0.0,0.0,1.0,1.0,0.0,,0.0,0.0,0.0,1.0,0.0,6
100488,1.0,2,2,,1.0,,1.0,0.0,0.0,,1.0,,1.0,0.0,0.0,2
100489,4.0,6,8,,0.0,1.0,1.0,2.0,2.0,,0.0,1.0,1.0,3.0,3.0,8
100490,3.0,9,7,3.0,0.0,,1.0,4.0,1.0,3.0,0.0,,1.0,3.0,0.0,9
100491,3.0,8,5,4.0,0.0,0.0,1.0,3.0,0.0,2.0,0.0,0.0,1.0,2.0,0.0,8
100492,3.0,5,9,,,,1.0,4.0,0.0,,,,1.0,4.0,4.0,9
100493,4.0,9,8,3.0,1.0,0.0,1.0,4.0,0.0,3.0,2.0,0.0,1.0,2.0,0.0,9
100494,3.0,8,7,3.0,0.0,,1.0,4.0,0.0,3.0,0.0,0.0,1.0,3.0,0.0,8
100495,4.0,6,2,,1.0,2.0,1.0,0.0,2.0,,1.0,1.0,0.0,0.0,0.0,6
100496,2.0,6,6,3.0,0.0,,1.0,2.0,0.0,2.0,0.0,,1.0,3.0,0.0,6
100497,4.0,3,4,,1.0,,1.0,0.0,1.0,,2.0,,1.0,0.0,1.0,4
100498,4.0,10,9,1.0,1.0,3.0,1.0,2.0,2.0,1.0,0.0,3.0,1.0,2.0,2.0,10
100499,3.0,8,8,2.0,1.0,0.0,1.0,3.0,1.0,3.0,1.0,0.0,1.0,3.0,0.0,8
100500,3.0,10,6,3.0,0.0,0.0,1.0,4.0,2.0,2.0,0.0,0.0,1.0,1.0,2.0,10
100501,4.0,3,1,,,,1.0,2.0,0.0,,0.0,,0.0,1.0,0.0,3
100502,4.0,5,4,,,,1.0,4.0,0.0,,,,1.0,3.0,0.0,5
100503,3.0,1,2,,1.0,,0.0,0.0,0.0,,1.0,,0.0,1.0,0.0,2
100504,4.0,8,9,4.0,0.0,,0.0,0.0,4.0,2.0,0.0,,0.0,3.0,4.0,9
100505,3.0,3,4,,1.0,,1.0,1.0,0.0,,1.0,1.0,1.0,1.0,0.0,4
100506,2.0,9,2,2.0,2.0,,1.0,4.0,0.0,,1.0,,0.0,0.0,1.0,9
100507,2.0,6,3,,1.0,,1.0,4.0,0.0,,1.0,,1.0,0.0,1.0,6
100508,2.0,8,3,2.0,1.0,,1.0,4.0,0.0,,2.0,,1.0,0.0,0.0,8
100509,2.0,9,4,2.0,2.0,,1.0,4.0,0.0,2.0,1.0,,1.0,0.0,0.0,9
100510,1.0,7,6,,0.0,1.0,1.0,2.0,3.0,,1.0,1.0,,1.0,3.0,7
100511,4.0,8,5,1.0,2.0,0.0,1.0,3.0,1.0,0.0,2.0,0.0,0.0,3.0,0.0,8
100512,4.0,9,6,4.0,0.0,1.0,1.0,3.0,0.0,2.0,0.0,1.0,1.0,2.0,0.0,9
100513,4.0,1,1,,0.0,,0.0,0.0,1.0,,0.0,,0.0,1.0,0.0,1
100514,1.0,1,0,,0.0,,0.0,0.0,1.0,,0.0,,0.0,0.0,0.0,1
100515,4.0,9,0,4.0,0.0,,1.0,3.0,1.0,,0.0,,0.0,0.0,0.0,9
100516,3.0,5,2,1.0,0.0,0.0,1.0,3.0,0.0,,0.0,0.0,0.0,2.0,0.0,5
100517,2.0,8,2,3.0,0.0,,1.0,4.0,0.0,,0.0,,1.0,0.0,1.0,8
100518,4.0,12,7,3.0,1.0,3.0,1.0,3.0,1.0,1.0,1.0,2.0,1.0,2.0,0.0,12
100519,4.0,2,1,,0.0,,1.0,1.0,0.0,,,,1.0,0.0,,2
100520,3.0,3,4,,2.0,,1.0,0.0,0.0,,3.0,,1.0,0.0,0.0,4
100521,3.0,7,5,2.0,0.0,,1.0,4.0,0.0,2.0,0.0,,1.0,2.0,0.0,7
100522,3.0,2,4,,0.0,0.0,1.0,0.0,1.0,2.0,0.0,0.0,1.0,1.0,0.0,4
100523,3.0,2,2,,1.0,,1.0,0.0,0.0,,1.0,,1.0,0.0,0.0,2
100524,4.0,4,3,,1.0,0.0,1.0,2.0,0.0,,0.0,0.0,1.0,2.0,0.0,4
100525,2.0,9,7,2.0,2.0,,1.0,4.0,0.0,2.0,1.0,,1.0,2.0,1.0,9
100526,2.0,7,0,2.0,0.0,,1.0,4.0,0.0,,0.0,,0.0,0.0,0.0,7
100527,3.0,6,7,0.0,1.0,,1.0,4.0,0.0,1.0,1.0,,1.0,4.0,0.0,7
100528,1.0,4,3,,1.0,0.0,1.0,0.0,2.0,,,0.0,1.0,0.0,2.0,4
100529,3.0,3,2,,0.0,1.0,1.0,0.0,1.0,,0.0,1.0,0.0,0.0,1.0,3
100530,3.0,12,12,,4.0,4.0,1.0,0.0,3.0,,4.0,4.0,1.0,0.0,3.0,12
100531,2.0,6,1,0.0,1.0,,1.0,4.0,0.0,,0.0,,1.0,0.0,0.0,6
100532,4.0,8,8,4.0,0.0,,1.0,3.0,0.0,4.0,,,1.0,3.0,0.0,8
100533,4.0,4,0,1.0,0.0,,0.0,3.0,0.0,,0.0,,0.0,0.0,0.0,4
100534,3.0,8,8,,1.0,,1.0,2.0,4.0,,1.0,1.0,1.0,2.0,3.0,8
100535,3.0,7,1,2.0,0.0,,1.0,2.0,2.0,,0.0,,1.0,0.0,0.0,7
100536,1.0,3,1,2.0,0.0,0.0,1.0,0.0,0.0,,0.0,0.0,1.0,0.0,0.0,3
100537,1.0,4,4,,2.0,,1.0,0.0,1.0,,2.0,,1.0,0.0,1.0,4
100538,3.0,10,9,3.0,0.0,,1.0,4.0,2.0,3.0,0.0,,0.0,4.0,2.0,10
100539,4.0,2,2,,0.0,0.0,0.0,1.0,1.0,,0.0,0.0,1.0,1.0,0.0,2
100540,3.0,4,3,,0.0,3.0,0.0,1.0,0.0,,0.0,3.0,0.0,0.0,0.0,4
100541,1.0,10,7,4.0,0.0,,1.0,4.0,1.0,1.0,0.0,,1.0,4.0,1.0,10
100542,3.0,5,2,,2.0,1.0,1.0,1.0,0.0,,1.0,1.0,0.0,0.0,0.0,5
100543,2.0,8,7,3.0,1.0,,1.0,3.0,0.0,2.0,1.0,,1.0,3.0,0.0,8
100544,3.0,0,1,,0.0,,0.0,0.0,0.0,,0.0,,1.0,0.0,0.0,1
100545,1.0,2,2,,1.0,,1.0,0.0,0.0,,0.0,,1.0,1.0,0.0,2
100546,2.0,9,4,3.0,1.0,,1.0,4.0,0.0,2.0,1.0,,1.0,0.0,0.0,9
100547,1.0,1,2,,1.0,,0.0,0.0,0.0,,1.0,,1.0,0.0,0.0,2
100548,4.0,12,12,3.0,3.0,0.0,1.0,4.0,1.0,3.0,2.0,0.0,1.0,3.0,3.0,12
100549,4.0,3,3,,0.0,,1.0,2.0,0.0,,0.0,,1.0,2.0,0.0,3
100550,4.0,3,5,0.0,0.0,,1.0,2.0,0.0,1.0,0.0,,1.0,3.0,0.0,5
100551,3.0,5,4,,2.0,0.0,1.0,1.0,1.0,,2.0,0.0,1.0,0.0,1.0,5
100552,1.0,4,3,,0.0,1.0,0.0,1.0,2.0,,0.0,1.0,1.0,0.0,1.0,4
100553,2.0,9,2,3.0,1.0,,1.0,4.0,0.0,,1.0,,1.0,0.0,0.0,9
100554,4.0,4,2,,0.0,,1.0,3.0,0.0,,1.0,,0.0,1.0,0.0,4
100555,3.0,10,9,,3.0,2.0,1.0,1.0,3.0,,3.0,2.0,1.0,0.0,3.0,10
100556,4.0,14,8,1.0,2.0,3.0,1.0,4.0,3.0,,3.0,2.0,0.0,0.0,3.0,14
100557,1.0,5,4,,,,1.0,1.0,3.0,,0.0,,1.0,1.0,2.0,5
100558,3.0,8,5,3.0,0.0,,1.0,4.0,0.0,,,,1.0,4.0,0.0,8
100559,2.0,4,4,0.0,0.0,0.0,1.0,3.0,0.0,0.0,0.0,0.0,1.0,3.0,0.0,4
100560,3.0,1,1,,0.0,0.0,1.0,0.0,0.0,,0.0,0.0,1.0,0.0,0.0,1
100561,4.0,1,0,,0.0,,1.0,0.0,0.0,0.0,0.0,0.0,0.0,0.0,0.0,1
100562,2.0,0,0,,,0.0,,,,,0.0,0.0,,,0.0,0
100563,2.0,5,3,,0.0,,1.0,4.0,0.0,,1.0,,1.0,0.0,1.0,5
100564,4.0,6,6,2.0,0.0,,1.0,3.0,0.0,3.0,0.0,,1.0,2.0,0.0,6
100565,3.0,5,11,,0.0,3.0,0.0,1.0,1.0,0.0,3.0,2.0,1.0,4.0,1.0,11
100566,3.0,2,2,,1.0,0.0,0.0,1.0,0.0,,1.0,0.0,1.0,0.0,0.0,2
100567,3.0,6,3,3.0,0.0,0.0,0.0,3.0,0.0,3.0,0.0,0.0,0.0,0.0,0.0,6
100568,3.0,1,1,,0.0,,1.0,0.0,0.0,,0.0,,1.0,0.0,0.0,1
100569,3.0,3,1,,0.0,,1.0,2.0,0.0,,0.0,,1.0,0.0,0.0,3
100570,3.0,7,8,3.0,0.0,,0.0,3.0,1.0,3.0,0.0,,1.0,3.0,1.0,8
100571,4.0,7,5,2.0,0.0,,1.0,4.0,0.0,1.0,0.0,,1.0,3.0,0.0,7
100572,3.0,12,12,4.0,3.0,,1.0,4.0,0.0,4.0,3.0,,1.0,4.0,0.0,12
100573,2.0,8,1,3.0,0.0,,1.0,4.0,0.0,,0.0,,1.0,0.0,0.0,8
100574,2.0,9,3,4.0,0.0,,1.0,4.0,0.0,2.0,0.0,,1.0,0.0,0.0,9
100575,2.0,5,8,,0.0,0.0,1.0,4.0,0.0,3.0,1.0,0.0,1.0,3.0,0.0,8
100576,1.0,6,2,2.0,,,0.0,4.0,0.0,,,,1.0,1.0,0.0,6
100577,3.0,3,1,0.0,0.0,0.0,1.0,2.0,0.0,,0.0,0.0,1.0,0.0,0.0,3
100578,3.0,8,5,2.0,2.0,,0.0,4.0,0.0,,2.0,,0.0,3.0,0.0,8
100579,2.0,10,7,4.0,0.0,0.0,1.0,4.0,1.0,3.0,0.0,0.0,1.0,3.0,0.0,10
100580,2.0,10,3,3.0,2.0,,1.0,4.0,0.0,,2.0,,1.0,0.0,0.0,10
100581,3.0,0,4,0.0,0.0,,0.0,0.0,0.0,0.0,0.0,,1.0,3.0,0.0,4
100582,2.0,8,1,3.0,0.0,,1.0,4.0,0.0,,0.0,,1.0,0.0,0.0,8
100583,4.0,9,8,3.0,0.0,0.0,1.0,4.0,1.0,2.0,0.0,1.0,1.0,4.0,0.0,9
100584,3.0,9,8,2.0,0.0,0.0,1.0,4.0,2.0,1.0,0.0,0.0,1.0,4.0,2.0,9
100585,3.0,15,16,,4.0,4.0,1.0,4.0,2.0,1.0,4.0,4.0,1.0,4.0,2.0,16
100586,1.0,3,3,,0.0,0.0,1.0,1.0,1.0,,0.0,0.0,1.0,1.0,1.0,3
100587,2.0,9,5,4.0,0.0,,1.0,4.0,0.0,3.0,1.0,,1.0,0.0,0.0,9
100588,2.0,10,10,3.0,2.0,0.0,1.0,4.0,0.0,3.0,2.0,0.0,1.0,3.0,1.0,10
100589,4.0,6,2,,0.0,2.0,1.0,2.0,1.0,,0.0,2.0,0.0,0.0,0.0,6
100590,4.0,0,0,,0.0,,0.0,0.0,0.0,,0.0,,0.0,0.0,0.0,0
100591,4.0,4,4,,1.0,,1.0,2.0,0.0,,1.0,,1.0,2.0,0.0,4
100592,3.0,4,0,,0.0,0.0,0.0,4.0,0.0,,0.0,0.0,0.0,0.0,0.0,4
100593,3.0,4,3,,1.0,1.0,1.0,1.0,0.0,,2.0,1.0,0.0,0.0,0.0,4
100594,4.0,8,7,2.0,1.0,1.0,0.0,4.0,0.0,2.0,1.0,1.0,,3.0,0.0,8
100595,3.0,5,5,1.0,0.0,,1.0,3.0,0.0,1.0,0.0,,1.0,3.0,0.0,5
100596,1.0,3,1,,1.0,1.0,1.0,0.0,0.0,,0.0,1.0,0.0,0.0,0.0,3
100597,1.0,3,10,,1.0,,1.0,0.0,1.0,3.0,2.0,,1.0,4.0,0.0,10
100598,4.0,7,6,3.0,0.0,0.0,1.0,3.0,0.0,2.0,0.0,0.0,1.0,3.0,0.0,7
100599,3.0,3,5,0.0,0.0,,1.0,2.0,0.0,2.0,0.0,,1.0,2.0,0.0,5
100600,4.0,7,5,2.0,0.0,,1.0,4.0,0.0,0.0,0.0,,1.0,4.0,0.0,7
100601,3.0,5,1,2.0,0.0,,1.0,2.0,0.0,,0.0,,0.0,1.0,0.0,5
100602,3.0,5,2,2.0,0.0,0.0,0.0,3.0,0.0,,0.0,0.0,1.0,1.0,0.0,5
100603,4.0,3,3,0.0,0.0,,0.0,3.0,0.0,,0.0,0.0,0.0,3.0,0.0,3
100604,3.0,15,15,4.0,3.0,2.0,1.0,4.0,1.0,2.0,2.0,2.0,1.0,4.0,4.0,15
100605,3.0,10,12,,2.0,2.0,0.0,3.0,3.0,0.0,2.0,3.0,0.0,4.0,3.0,12
100606,3.0,8,8,,2.0,0.0,1.0,1.0,4.0,,2.0,0.0,1.0,1.0,4.0,8
100607,4.0,1,0,,0.0,0.0,1.0,0.0,0.0,,0.0,0.0,0.0,0.0,0.0,1
100608,3.0,7,7,,0.0,4.0,1.0,2.0,0.0,1.0,0.0,3.0,0.0,3.0,0.0,7
100609,1.0,4,4,,0.0,,1.0,1.0,2.0,,0.0,0.0,1.0,1.0,2.0,4
100610,3.0,3,4,,2.0,0.0,0.0,0.0,1.0,,2.0,1.0,0.0,0.0,1.0,4
100611,2.0,9,1,2.0,2.0,,1.0,4.0,0.0,,1.0,,0.0,0.0,0.0,9
100612,3.0,10,12,0.0,2.0,2.0,1.0,3.0,2.0,0.0,2.0,2.0,1.0,4.0,3.0,12
100613,3.0,7,5,2.0,0.0,,1.0,4.0,0.0,2.0,0.0,0.0,0.0,3.0,0.0,7
100614,4.0,7,4,1.0,1.0,0.0,1.0,4.0,0.0,1.0,0.0,0.0,0.0,3.0,0.0,7
100615,2.0,11,3,3.0,2.0,,1.0,4.0,1.0,,1.0,,0.0,1.0,1.0,11
100616,3.0,4,2,,0.0,0.0,1.0,1.0,2.0,,0.0,0.0,1.0,0.0,1.0,4
100617,3.0,3,5,,,,0.0,3.0,0.0,3.0,,,0.0,2.0,0.0,5
100618,1.0,1,1,,0.0,,1.0,0.0,0.0,,,,1.0,0.0,0.0,1
100619,4.0,5,3,0.0,0.0,,1.0,4.0,0.0,0.0,0.0,,0.0,3.0,0.0,5
100620,4.0,6,8,2.0,0.0,,1.0,3.0,0.0,3.0,1.0,,1.0,3.0,0.0,8
100621,2.0,9,7,2.0,2.0,,1.0,4.0,0.0,2.0,2.0,,1.0,2.0,0.0,9
100622,4.0,2,1,,0.0,,1.0,1.0,0.0,,0.0,,1.0,0.0,0.0,2
100623,4.0,13,10,2.0,2.0,3.0,1.0,4.0,1.0,2.0,1.0,2.0,0.0,4.0,1.0,13
100624,4.0,11,7,2.0,1.0,2.0,1.0,4.0,1.0,,2.0,2.0,0.0,0.0,3.0,11
100625,1.0,3,4,,2.0,,1.0,0.0,0.0,,2.0,,1.0,1.0,0.0,4
100626,4.0,1,1,,0.0,,1.0,0.0,0.0,,0.0,0.0,1.0,0.0,0.0,1
100627,4.0,2,1,0.0,0.0,,0.0,2.0,0.0,,0.0,0.0,0.0,1.0,0.0,2
100628,2.0,3,3,,1.0,,0.0,1.0,1.0,,1.0,,1.0,1.0,0.0,3
100629,1.0,4,3,,0.0,0.0,1.0,3.0,0.0,,0.0,0.0,0.0,3.0,0.0,4
100630,2.0,10,3,3.0,2.0,,1.0,4.0,0.0,,2.0,,1.0,0.0,0.0,10
100631,3.0,0,0,,0.0,0.0,0.0,0.0,0.0,,0.0,0.0,0.0,0.0,0.0,0
100632,3.0,3,7,2.0,0.0,,0.0,1.0,0.0,3.0,0.0,,1.0,3.0,0.0,7
100633,4.0,6,5,,1.0,,1.0,4.0,0.0,,1.0,,0.0,4.0,0.0,6
100634,3.0,4,5,,0.0,3.0,1.0,0.0,0.0,,0.0,3.0,1.0,1.0,0.0,5
100635,2.0,1,1,0.0,0.0,0.0,1.0,0.0,0.0,,1.0,0.0,0.0,0.0,0.0,1
100636,3.0,6,4,2.0,0.0,0.0,1.0,3.0,0.0,,0.0,0.0,1.0,3.0,0.0,6
100637,2.0,6,1,2.0,0.0,,1.0,3.0,0.0,,0.0,,1.0,0.0,0.0,6
100638,4.0,1,2,,0.0,,1.0,0.0,0.0,,0.0,,1.0,1.0,0.0,2
100639,1.0,5,4,1.0,1.0,,0.0,3.0,0.0,0.0,1.0,,0.0,3.0,0.0,5
100640,3.0,0,0,,0.0,0.0,0.0,0.0,0.0,,0.0,0.0,0.0,0.0,0.0,0
100641,4.0,5,6,1.0,0.0,0.0,1.0,3.0,0.0,1.0,0.0,0.0,1.0,4.0,0.0,6
100642,3.0,5,5,,1.0,,0.0,0.0,4.0,,0.0,,0.0,1.0,4.0,5
100643,3.0,5,6,2.0,0.0,,0.0,3.0,0.0,3.0,0.0,0.0,0.0,3.0,0.0,6
100644,2.0,8,4,2.0,1.0,,1.0,4.0,0.0,,1.0,0.0,1.0,1.0,1.0,8
100645,2.0,8,5,2.0,1.0,,1.0,4.0,0.0,2.0,1.0,,1.0,1.0,0.0,8
100646,3.0,1,1,,0.0,0.0,,,1.0,,0.0,0.0,,,1.0,1
100647,2.0,8,8,3.0,0.0,0.0,1.0,4.0,0.0,3.0,0.0,0.0,1.0,4.0,0.0,8
100648,3.0,3,8,2.0,0.0,,1.0,0.0,0.0,3.0,0.0,0.0,1.0,4.0,0.0,8
100649,2.0,6,1,1.0,0.0,,1.0,4.0,0.0,,0.0,,1.0,0.0,0.0,6
100650,3.0,0,1,,0.0,,0.0,0.0,0.0,,0.0,,1.0,0.0,0.0,1
100651,3.0,4,5,,0.0,0.0,1.0,3.0,0.0,,0.0,0.0,1.0,4.0,0.0,5
100652,3.0,5,5,,,,1.0,4.0,,,,,1.0,4.0,0.0,5
100653,3.0,0,9,,0.0,,0.0,0.0,0.0,4.0,0.0,,1.0,4.0,0.0,9
100654,2.0,7,2,2.0,0.0,,1.0,4.0,0.0,,0.0,,1.0,1.0,0.0,7
100655,3.0,10,12,,2.0,4.0,1.0,2.0,1.0,1.0,2.0,4.0,1.0,3.0,1.0,12
100656,3.0,12,10,4.0,3.0,0.0,1.0,4.0,0.0,3.0,2.0,0.0,1.0,4.0,0.0,12
100657,4.0,8,7,2.0,0.0,2.0,1.0,2.0,1.0,2.0,0.0,2.0,1.0,2.0,0.0,8
100658,4.0,10,5,1.0,3.0,,1.0,3.0,2.0,0.0,2.0,0.0,0.0,2.0,1.0,10
100659,2.0,7,3,3.0,1.0,,1.0,2.0,0.0,,2.0,,1.0,0.0,0.0,7
100660,3.0,5,1,1.0,0.0,,1.0,3.0,0.0,,0.0,,1.0,0.0,0.0,5
100661,4.0,10,5,3.0,0.0,,1.0,4.0,2.0,2.0,0.0,,1.0,2.0,0.0,10
100662,4.0,7,8,2.0,2.0,,0.0,3.0,0.0,1.0,2.0,,1.0,4.0,0.0,8
100663,4.0,1,1,,0.0,,1.0,0.0,0.0,,0.0,,1.0,0.0,0.0,1
100664,2.0,9,10,2.0,2.0,,0.0,4.0,1.0,2.0,3.0,,1.0,2.0,2.0,10
100665,3.0,3,2,,0.0,,1.0,1.0,1.0,,0.0,,0.0,1.0,1.0,3
100666,4.0,12,7,3.0,2.0,2.0,1.0,4.0,0.0,2.0,2.0,0.0,0.0,3.0,0.0,12
100667,3.0,10,7,3.0,0.0,0.0,1.0,3.0,3.0,2.0,0.0,0.0,1.0,3.0,1.0,10
100668,1.0,5,3,,0.0,0.0,1.0,1.0,3.0,,0.0,0.0,1.0,0.0,2.0,5
100669,2.0,12,9,4.0,2.0,,1.0,4.0,1.0,3.0,2.0,,1.0,2.0,1.0,12
100670,3.0,10,6,3.0,2.0,0.0,1.0,3.0,1.0,2.0,1.0,0.0,1.0,2.0,0.0,10
100671,1.0,1,7,,0.0,,0.0,0.0,1.0,2.0,2.0,,1.0,0.0,2.0,7
100672,1.0,3,9,,0.0,0.0,1.0,0.0,2.0,3.0,0.0,0.0,1.0,4.0,1.0,9
100673,3.0,9,8,,1.0,2.0,1.0,2.0,3.0,,0.0,2.0,1.0,2.0,3.0,9
100674,3.0,9,10,,1.0,4.0,0.0,0.0,4.0,,2.0,4.0,0.0,0.0,4.0,10
100675,2.0,9,10,2.0,2.0,,1.0,4.0,0.0,3.0,2.0,,1.0,3.0,1.0,10
100676,3.0,8,10,3.0,0.0,0.0,1.0,4.0,0.0,3.0,1.0,0.0,1.0,4.0,1.0,10
100677,3.0,5,6,1.0,0.0,0.0,1.0,3.0,0.0,2.0,1.0,0.0,0.0,3.0,0.0,6
100678,4.0,2,0,2.0,0.0,0.0,0.0,0.0,0.0,,0.0,0.0,0.0,0.0,0.0,2
100679,4.0,2,1,,,,1.0,1.0,,,,,1.0,0.0,,2
100680,3.0,4,1,3.0,0.0,,1.0,0.0,0.0,,0.0,,1.0,0.0,0.0,4
100681,3.0,1,1,,0.0,,1.0,0.0,0.0,,0.0,,1.0,0.0,0.0,1
100682,4.0,5,5,2.0,0.0,,1.0,1.0,1.0,2.0,0.0,,1.0,1.0,1.0,5
100683,3.0,3,0,2.0,0.0,0.0,1.0,0.0,0.0,,0.0,0.0,0.0,0.0,0.0,3
100684,3.0,4,2,,0.0,0.0,1.0,1.0,2.0,,,0.0,1.0,1.0,0.0,4
100685,3.0,5,7,1.0,0.0,,0.0,4.0,0.0,4.0,0.0,,0.0,3.0,0.0,7
100686,1.0,1,1,,,,1.0,0.0,,,,,1.0,0.0,,1
100687,2.0,8,2,3.0,0.0,,1.0,4.0,0.0,,1.0,,1.0,0.0,0.0,8
100688,4.0,3,1,,0.0,,0.0,2.0,1.0,,0.0,,0.0,1.0,0.0,3
100689,4.0,10,9,4.0,1.0,,1.0,4.0,0.0,2.0,1.0,1.0,1.0,3.0,1.0,10
100690,4.0,8,7,3.0,1.0,,1.0,3.0,0.0,3.0,1.0,,0.0,3.0,0.0,8
100691,2.0,9,7,2.0,2.0,,1.0,4.0,0.0,2.0,1.0,,1.0,3.0,0.0,9
100692,2.0,8,1,3.0,0.0,,1.0,4.0,0.0,,0.0,,1.0,0.0,0.0,8
100693,4.0,3,5,0.0,0.0,0.0,0.0,3.0,0.0,2.0,0.0,0.0,0.0,3.0,0.0,5
100694,2.0,6,4,2.0,1.0,0.0,1.0,2.0,0.0,,1.0,0.0,1.0,1.0,1.0,6
100695,2.0,7,1,2.0,0.0,,1.0,4.0,0.0,,0.0,,1.0,0.0,0.0,7
100696,4.0,10,13,3.0,0.0,,1.0,4.0,2.0,3.0,1.0,2.0,0.0,4.0,3.0,13
100697,4.0,10,9,3.0,2.0,0.0,1.0,3.0,1.0,3.0,2.0,0.0,1.0,2.0,1.0,10
100698,2.0,10,4,4.0,0.0,,1.0,4.0,1.0,2.0,0.0,,0.0,1.0,1.0,10
100699,3.0,2,2,,0.0,0.0,1.0,1.0,0.0,,0.0,0.0,1.0,1.0,0.0,2
100700,4.0,7,6,3.0,0.0,,1.0,3.0,0.0,2.0,0.0,,1.0,3.0,0.0,7
100701,4.0,6,5,1.0,0.0,,1.0,3.0,1.0,,1.0,,0.0,3.0,1.0,6
100702,3.0,4,0,2.0,0.0,,1.0,1.0,0.0,,0.0,,0.0,0.0,0.0,4
100703,2.0,7,2,2.0,0.0,,1.0,4.0,0.0,,1.0,,1.0,0.0,0.0,7
100704,4.0,2,1,,0.0,,1.0,0.0,1.0,,0.0,,0.0,0.0,1.0,2
100705,1.0,6,1,3.0,0.0,0.0,0.0,3.0,0.0,,0.0,0.0,1.0,0.0,0.0,6
100706,4.0,8,9,2.0,1.0,0.0,1.0,4.0,0.0,2.0,2.0,0.0,1.0,4.0,0.0,9
100707,3.0,3,3,,1.0,,1.0,1.0,0.0,,1.0,,1.0,1.0,0.0,3
100708,2.0,7,2,2.0,0.0,,1.0,4.0,0.0,,0.0,,1.0,0.0,1.0,7
100709,4.0,9,4,3.0,0.0,,1.0,4.0,1.0,2.0,0.0,,0.0,1.0,1.0,9
100710,3.0,7,7,,3.0,2.0,1.0,0.0,1.0,,3.0,2.0,1.0,0.0,1.0,7
100711,2.0,7,6,1.0,0.0,,1.0,4.0,1.0,,2.0,,1.0,0.0,3.0,7
100712,4.0,6,4,2.0,0.0,0.0,1.0,3.0,0.0,,0.0,0.0,1.0,3.0,0.0,6
100713,3.0,6,8,1.0,0.0,,1.0,3.0,1.0,1.0,0.0,0.0,1.0,3.0,3.0,8
100714,2.0,8,2,2.0,1.0,,1.0,4.0,0.0,,1.0,,1.0,0.0,0.0,8
100715,2.0,1,1,,0.0,,1.0,0.0,0.0,,0.0,,1.0,0.0,0.0,1
100716,3.0,9,11,1.0,0.0,0.0,1.0,3.0,4.0,2.0,1.0,0.0,1.0,3.0,4.0,11
100717,1.0,1,1,,0.0,,1.0,0.0,0.0,,1.0,,0.0,0.0,0.0,1
100718,2.0,1,1,,0.0,0.0,1.0,0.0,0.0,,0.0,0.0,1.0,0.0,0.0,1
100719,2.0,2,10,,0.0,0.0,0.0,0.0,2.0,3.0,0.0,0.0,1.0,4.0,2.0,10
100720,2.0,9,3,4.0,0.0,,1.0,4.0,0.0,,1.0,,1.0,0.0,1.0,9
100721,2.0,2,1,,1.0,0.0,1.0,0.0,0.0,,1.0,0.0,,,0.0,2
100722,3.0,5,4,,0.0,,1.0,0.0,4.0,,0.0,,0.0,0.0,4.0,5
100723,2.0,4,1,1.0,0.0,,1.0,2.0,0.0,,,,1.0,0.0,0.0,4
100724,3.0,3,2,,0.0,3.0,,,0.0,,0.0,2.0,,,0.0,3
100725,3.0,3,5,,0.0,2.0,1.0,0.0,0.0,,0.0,3.0,1.0,0.0,1.0,5
100726,4.0,5,6,1.0,0.0,,1.0,3.0,0.0,2.0,1.0,,0.0,3.0,0.0,6
100727,3.0,5,2,2.0,,,1.0,1.0,1.0,,0.0,,1.0,0.0,1.0,5
100728,3.0,7,5,,4.0,2.0,1.0,0.0,0.0,,4.0,0.0,1.0,0.0,0.0,7
100729,4.0,7,7,1.0,1.0,,1.0,4.0,0.0,2.0,1.0,,1.0,3.0,0.0,7
100730,4.0,5,5,0.0,1.0,,0.0,4.0,0.0,1.0,1.0,,0.0,3.0,0.0,5
100731,1.0,7,6,3.0,0.0,0.0,0.0,3.0,1.0,3.0,0.0,0.0,0.0,2.0,1.0,7
100732,3.0,0,6,,0.0,,0.0,0.0,0.0,3.0,0.0,,0.0,3.0,0.0,6
100733,3.0,2,1,,0.0,,0.0,2.0,0.0,,0.0,,0.0,1.0,0.0,2
100734,1.0,1,1,,0.0,,1.0,0.0,0.0,,0.0,,1.0,0.0,0.0,1
100735,3.0,7,6,4.0,0.0,0.0,0.0,3.0,0.0,2.0,0.0,0.0,1.0,3.0,0.0,7
100736,1.0,2,3,,1.0,,0.0,0.0,1.0,,1.0,,1.0,0.0,1.0,3
100737,1.0,9,9,4.0,0.0,,1.0,4.0,0.0,4.0,0.0,0.0,1.0,4.0,0.0,9
100738,2.0,9,3,2.0,1.0,0.0,1.0,4.0,1.0,,1.0,0.0,1.0,0.0,1.0,9
100739,1.0,7,5,4.0,0.0,0.0,1.0,2.0,0.0,1.0,1.0,0.0,1.0,2.0,0.0,7
100740,2.0,2,11,,0.0,,0.0,0.0,2.0,4.0,0.0,,1.0,4.0,2.0,11
100741,3.0,1,1,,,,1.0,0.0,,,,,1.0,0.0,,1
100742,4.0,9,3,3.0,0.0,1.0,1.0,4.0,0.0,2.0,0.0,1.0,0.0,0.0,0.0,9
100743,3.0,1,1,,0.0,,1.0,0.0,0.0,,,,1.0,0.0,0.0,1
100744,4.0,0,0,,0.0,0.0,0.0,0.0,0.0,,0.0,0.0,0.0,0.0,0.0,0
100745,2.0,10,8,4.0,0.0,,1.0,4.0,1.0,2.0,0.0,0.0,1.0,3.0,2.0,10
100746,4.0,9,10,3.0,0.0,,1.0,3.0,2.0,4.0,0.0,,0.0,3.0,3.0,10
100747,3.0,1,1,,0.0,1.0,,,0.0,,0.0,1.0,,,0.0,1
100748,4.0,5,6,0.0,1.0,,1.0,3.0,0.0,1.0,1.0,0.0,1.0,3.0,0.0,6
100749,3.0,6,7,,1.0,,0.0,3.0,2.0,,1.0,,0.0,4.0,2.0,7
100750,1.0,3,5,2.0,0.0,0.0,0.0,0.0,1.0,,1.0,0.0,1.0,0.0,3.0,5
100751,1.0,0,1,,0.0,,0.0,0.0,0.0,,0.0,,1.0,0.0,0.0,1
100752,4.0,7,6,2.0,0.0,0.0,1.0,4.0,0.0,3.0,0.0,0.0,0.0,3.0,0.0,7
100753,3.0,7,7,,2.0,,1.0,0.0,4.0,,1.0,,1.0,1.0,4.0,7
100754,2.0,9,6,3.0,1.0,,1.0,4.0,0.0,2.0,1.0,,1.0,2.0,0.0,9
100755,2.0,7,6,4.0,0.0,,0.0,0.0,3.0,2.0,0.0,,1.0,0.0,3.0,7
100756,4.0,4,2,2.0,0.0,,1.0,0.0,1.0,,0.0,,1.0,1.0,0.0,4
100757,2.0,7,2,,2.0,,1.0,4.0,0.0,,1.0,,1.0,0.0,0.0,7
100758,2.0,10,5,2.0,2.0,,1.0,4.0,1.0,,2.0,,1.0,0.0,2.0,10
100759,2.0,2,2,,1.0,1.0,,,0.0,,1.0,1.0,,,0.0,2
100760,2.0,10,8,2.0,1.0,,1.0,4.0,2.0,3.0,1.0,,1.0,1.0,2.0,10
100761,4.0,8,10,2.0,1.0,1.0,0.0,4.0,0.0,3.0,1.0,2.0,0.0,4.0,0.0,10
100762,4.0,9,8,4.0,0.0,,1.0,4.0,0.0,3.0,0.0,,1.0,4.0,0.0,9
100763,4.0,8,5,,3.0,2.0,1.0,2.0,0.0,,2.0,2.0,0.0,1.0,0.0,8
100764,4.0,6,4,1.0,0.0,,1.0,4.0,0.0,2.0,0.0,,0.0,2.0,0.0,6
100765,3.0,4,6,,0.0,0.0,1.0,1.0,2.0,,0.0,0.0,1.0,3.0,2.0,6
100766,3.0,4,3,,0.0,,1.0,3.0,0.0,,,,1.0,2.0,0.0,4
100767,3.0,4,7,,0.0,1.0,1.0,0.0,2.0,,2.0,1.0,1.0,1.0,2.0,7
100768,3.0,1,1,,0.0,,0.0,1.0,0.0,,1.0,,0.0,0.0,0.0,1
100769,4.0,4,4,,0.0,,0.0,0.0,4.0,,0.0,,0.0,0.0,4.0,4
100770,3.0,6,6,,1.0,2.0,1.0,1.0,1.0,,1.0,2.0,1.0,1.0,1.0,6
100771,4.0,5,4,,1.0,1.0,1.0,2.0,0.0,,1.0,1.0,1.0,1.0,0.0,5
100772,1.0,6,6,2.0,1.0,,0.0,3.0,0.0,1.0,1.0,,1.0,3.0,0.0,6
100773,4.0,7,11,,2.0,2.0,0.0,3.0,0.0,3.0,2.0,3.0,0.0,3.0,0.0,11
100774,4.0,2,4,,0.0,,1.0,1.0,0.0,,0.0,,1.0,3.0,0.0,4
100775,4.0,6,3,1.0,0.0,0.0,1.0,4.0,0.0,,0.0,0.0,0.0,3.0,0.0,6
100776,1.0,4,4,,0.0,,1.0,1.0,2.0,,0.0,,1.0,1.0,2.0,4
100777,1.0,10,10,2.0,0.0,,1.0,3.0,4.0,2.0,0.0,,1.0,3.0,4.0,10
100778,2.0,8,4,2.0,0.0,,1.0,4.0,1.0,,1.0,,1.0,0.0,2.0,8
100779,2.0,9,1,4.0,0.0,,1.0,4.0,0.0,,0.0,,1.0,0.0,0.0,9
100780,2.0,8,4,2.0,1.0,0.0,1.0,4.0,0.0,2.0,0.0,0.0,1.0,0.0,1.0,8
100781,4.0,12,7,3.0,2.0,2.0,1.0,4.0,0.0,1.0,1.0,1.0,0.0,4.0,0.0,12
100782,4.0,2,1,,0.0,,1.0,0.0,1.0,,0.0,0.0,0.0,1.0,0.0,2
100783,4.0,9,3,3.0,0.0,,1.0,4.0,1.0,2.0,0.0,,1.0,0.0,0.0,9
100784,1.0,0,0,,0.0,0.0,0.0,0.0,0.0,,0.0,0.0,0.0,0.0,0.0,0
100785,3.0,12,10,2.0,1.0,,1.0,4.0,4.0,1.0,1.0,,1.0,3.0,4.0,12
100786,4.0,3,3,,0.0,,0.0,3.0,0.0,,0.0,,1.0,2.0,0.0,3
100787,3.0,7,5,3.0,0.0,,1.0,3.0,0.0,2.0,0.0,,1.0,2.0,,7
100788,2.0,11,3,4.0,1.0,,1.0,4.0,1.0,,1.0,,1.0,0.0,1.0,11
100789,2.0,8,3,2.0,1.0,,1.0,4.0,0.0,,1.0,,1.0,1.0,0.0,8
100790,3.0,7,5,,0.0,,1.0,3.0,3.0,2.0,0.0,,1.0,2.0,0.0,7
100791,2.0,2,1,,0.0,,1.0,0.0,1.0,,0.0,,1.0,0.0,0.0,2
100792,4.0,3,2,,0.0,,0.0,3.0,0.0,,0.0,,0.0,2.0,0.0,3
100793,1.0,11,10,4.0,1.0,1.0,0.0,4.0,1.0,3.0,1.0,1.0,0.0,4.0,1.0,11
100794,4.0,4,3,,0.0,,1.0,2.0,1.0,,0.0,0.0,1.0,1.0,1.0,4
100795,2.0,4,3,,1.0,,1.0,0.0,2.0,,1.0,,0.0,0.0,2.0,4
100796,4.0,10,9,2.0,3.0,,1.0,3.0,1.0,2.0,3.0,,1.0,2.0,1.0,10
100797,3.0,12,10,4.0,0.0,,1.0,4.0,3.0,4.0,0.0,,1.0,3.0,2.0,12
100798,1.0,0,1,,,,0.0,0.0,0.0,,,,1.0,0.0,0.0,1
100799,3.0,1,2,,0.0,,1.0,0.0,0.0,,1.0,,1.0,0.0,0.0,2
100800,2.0,8,2,2.0,1.0,,1.0,4.0,0.0,,1.0,,1.0,0.0,0.0,8
100801,4.0,2,3,,0.0,,1.0,1.0,0.0,,0.0,,1.0,2.0,0.0,3
100802,1.0,2,2,,0.0,0.0,0.0,0.0,2.0,,0.0,0.0,0.0,0.0,2.0,2
100803,2.0,8,2,3.0,0.0,,1.0,4.0,0.0,,1.0,,1.0,0.0,0.0,8
100804,2.0,8,2,3.0,0.0,,1.0,4.0,0.0,,0.0,,1.0,1.0,0.0,8
100805,1.0,6,7,,0.0,,0.0,2.0,4.0,,0.0,,0.0,3.0,4.0,7
100806,3.0,4,5,0.0,0.0,,1.0,3.0,0.0,1.0,,,1.0,3.0,0.0,5
100807,1.0,3,3,,0.0,,1.0,1.0,1.0,,0.0,,1.0,1.0,1.0,3
100808,2.0,2,1,,0.0,,1.0,1.0,0.0,,,,1.0,0.0,,2
100809,3.0,3,1,,0.0,,1.0,0.0,2.0,,0.0,,0.0,0.0,1.0,3
100810,1.0,2,1,,0.0,,1.0,0.0,1.0,,0.0,,0.0,0.0,1.0,2
100811,4.0,2,2,,0.0,,0.0,2.0,0.0,,0.0,,0.0,2.0,0.0,2
100812,3.0,9,6,3.0,0.0,0.0,1.0,3.0,2.0,3.0,0.0,0.0,0.0,3.0,0.0,9
100813,4.0,1,0,,0.0,,0.0,1.0,0.0,,,,0.0,0.0,0.0,1
100814,1.0,2,3,,0.0,0.0,1.0,0.0,1.0,,0.0,0.0,1.0,0.0,2.0,3
100815,4.0,9,3,3.0,1.0,2.0,1.0,2.0,0.0,,1.0,2.0,0.0,0.0,0.0,9
100816,2.0,2,1,,0.0,0.0,0.0,1.0,1.0,,0.0,0.0,0.0,0.0,1.0,2
100817,3.0,7,8,3.0,0.0,0.0,1.0,3.0,0.0,3.0,0.0,0.0,1.0,4.0,0.0,8
100818,3.0,2,1,,0.0,,1.0,1.0,0.0,,0.0,0.0,1.0,0.0,0.0,2
100819,4.0,7,7,2.0,0.0,0.0,1.0,3.0,1.0,3.0,0.0,0.0,1.0,3.0,0.0,7
100820,2.0,10,3,3.0,2.0,,1.0,4.0,0.0,,1.0,,1.0,0.0,1.0,10
100821,4.0,6,7,2.0,1.0,,0.0,3.0,0.0,2.0,1.0,,1.0,3.0,0.0,7
100822,1.0,10,10,2.0,2.0,0.0,1.0,4.0,1.0,1.0,2.0,0.0,1.0,4.0,2.0,10
100823,1.0,2,2,,0.0,,1.0,0.0,1.0,,0.0,0.0,1.0,0.0,1.0,2
100824,1.0,6,6,2.0,0.0,,0.0,4.0,0.0,3.0,0.0,,0.0,3.0,0.0,6
100825,2.0,8,5,3.0,0.0,,1.0,4.0,0.0,1.0,0.0,,1.0,3.0,0.0,8
100826,4.0,6,3,1.0,0.0,,1.0,4.0,0.0,0.0,0.0,,0.0,3.0,0.0,6
100827,4.0,3,5,,0.0,0.0,1.0,2.0,0.0,2.0,0.0,1.0,1.0,1.0,0.0,5
100828,3.0,0,0,,,,0.0,0.0,,,0.0,,0.0,0.0,0.0,0
100829,4.0,2,2,,,,1.0,1.0,0.0,,0.0,,1.0,1.0,0.0,2
100830,4.0,4,3,,0.0,,1.0,2.0,1.0,,0.0,,0.0,2.0,1.0,4
100831,3.0,5,0,2.0,0.0,,0.0,3.0,0.0,,0.0,,0.0,0.0,0.0,5
100832,4.0,8,3,2.0,0.0,,1.0,4.0,1.0,,0.0,,1.0,1.0,1.0,8
100833,4.0,3,3,,0.0,,0.0,1.0,2.0,,0.0,,0.0,1.0,2.0,3
100834,2.0,2,1,,0.0,0.0,1.0,0.0,1.0,,0.0,0.0,1.0,0.0,0.0,2
100835,3.0,5,8,2.0,0.0,,0.0,3.0,0.0,4.0,0.0,,1.0,3.0,0.0,8
100836,4.0,7,6,3.0,0.0,,1.0,3.0,0.0,3.0,0.0,0.0,0.0,3.0,0.0,7
100837,3.0,5,6,1.0,1.0,,0.0,3.0,0.0,2.0,1.0,,0.0,3.0,0.0,6
100838,4.0,10,6,4.0,1.0,,1.0,4.0,0.0,3.0,0.0,0.0,1.0,2.0,0.0,10
100839,2.0,2,0,,0.0,,0.0,2.0,0.0,,0.0,,0.0,0.0,0.0,2
100840,1.0,0,2,,0.0,0.0,0.0,0.0,0.0,,1.0,0.0,1.0,0.0,0.0,2
100841,3.0,5,5,0.0,0.0,0.0,1.0,4.0,0.0,0.0,0.0,0.0,1.0,4.0,0.0,5
100842,3.0,13,10,3.0,1.0,3.0,0.0,3.0,3.0,,1.0,3.0,0.0,3.0,3.0,13
100843,1.0,2,2,,0.0,,1.0,0.0,1.0,,0.0,,1.0,0.0,1.0,2
100844,3.0,12,8,4.0,2.0,0.0,1.0,3.0,2.0,2.0,1.0,0.0,1.0,3.0,1.0,12
100845,4.0,6,4,1.0,0.0,,1.0,4.0,0.0,0.0,0.0,,0.0,4.0,0.0,6
100846,4.0,1,1,,0.0,,1.0,0.0,0.0,,0.0,,1.0,0.0,0.0,1
100847,4.0,6,9,2.0,0.0,0.0,1.0,3.0,0.0,4.0,0.0,0.0,1.0,4.0,0.0,9
100848,4.0,8,7,0.0,2.0,2.0,1.0,3.0,0.0,,2.0,2.0,1.0,2.0,0.0,8
100849,3.0,4,5,,0.0,0.0,1.0,3.0,0.0,2.0,0.0,0.0,1.0,2.0,0.0,5
100850,4.0,12,9,3.0,2.0,2.0,1.0,4.0,0.0,3.0,1.0,1.0,0.0,4.0,0.0,12
100851,3.0,5,6,1.0,0.0,,1.0,2.0,1.0,,1.0,,1.0,2.0,2.0,6
100852,4.0,8,10,4.0,2.0,,1.0,1.0,0.0,3.0,2.0,,1.0,4.0,0.0,10
100853,1.0,2,2,,0.0,0.0,0.0,0.0,2.0,,0.0,0.0,0.0,0.0,2.0,2
100854,4.0,10,5,3.0,1.0,2.0,0.0,4.0,0.0,2.0,1.0,1.0,0.0,0.0,1.0,10
100855,1.0,3,2,,0.0,,1.0,0.0,2.0,,0.0,,0.0,0.0,2.0,3
100856,1.0,3,3,,1.0,0.0,1.0,0.0,1.0,,1.0,0.0,1.0,0.0,1.0,3
100857,1.0,2,2,,0.0,,1.0,0.0,1.0,,0.0,,1.0,0.0,1.0,2
100858,2.0,8,12,4.0,2.0,,1.0,,1.0,4.0,2.0,,1.0,4.0,1.0,12
100859,1.0,11,9,4.0,1.0,0.0,1.0,4.0,1.0,3.0,1.0,0.0,1.0,3.0,1.0,11
100860,2.0,12,5,3.0,0.0,,1.0,4.0,4.0,,0.0,,0.0,2.0,3.0,12
100861,3.0,2,5,,1.0,1.0,0.0,0.0,0.0,,1.0,2.0,1.0,1.0,0.0,5
100862,2.0,7,8,,2.0,,1.0,4.0,0.0,,2.0,,1.0,4.0,1.0,8
100863,3.0,7,9,2.0,0.0,,1.0,3.0,1.0,3.0,1.0,,1.0,3.0,1.0,9
100864,2.0,8,9,2.0,1.0,,1.0,4.0,0.0,3.0,1.0,,1.0,4.0,0.0,9
100865,2.0,8,1,3.0,0.0,,1.0,4.0,0.0,,0.0,,1.0,0.0,0.0,8
100866,4.0,7,6,2.0,1.0,1.0,0.0,2.0,1.0,2.0,1.0,1.0,0.0,2.0,0.0,7
100867,2.0,7,3,2.0,0.0,0.0,1.0,4.0,0.0,,1.0,0.0,1.0,0.0,1.0,7
100868,1.0,1,1,,0.0,,1.0,0.0,0.0,,0.0,,0.0,0.0,1.0,1
100869,1.0,1,1,,0.0,0.0,0.0,1.0,0.0,,0.0,0.0,1.0,0.0,0.0,1
100870,4.0,4,4,2.0,1.0,,1.0,0.0,0.0,2.0,1.0,,1.0,0.0,0.0,4
100871,3.0,1,1,,0.0,,1.0,0.0,0.0,,0.0,,1.0,0.0,0.0,1
100872,4.0,5,6,1.0,0.0,,1.0,3.0,0.0,1.0,0.0,,1.0,4.0,0.0,6
100873,3.0,4,4,,0.0,,1.0,2.0,1.0,,1.0,,1.0,2.0,0.0,4
100874,4.0,6,5,,0.0,,1.0,1.0,4.0,,0.0,,0.0,1.0,4.0,6
100875,1.0,8,5,3.0,0.0,,1.0,3.0,1.0,1.0,0.0,,1.0,3.0,0.0,8
100876,3.0,7,6,,0.0,4.0,1.0,0.0,2.0,,0.0,4.0,0.0,0.0,2.0,7
100877,3.0,7,7,2.0,0.0,0.0,0.0,3.0,2.0,2.0,0.0,0.0,0.0,2.0,3.0,7
100878,3.0,2,1,,0.0,,1.0,0.0,1.0,,,,1.0,0.0,,2
100879,2.0,4,4,,0.0,,1.0,1.0,2.0,,0.0,,1.0,1.0,2.0,4
100880,1.0,1,1,,0.0,,1.0,0.0,0.0,,0.0,,1.0,0.0,0.0,1
100881,4.0,7,7,2.0,0.0,,1.0,4.0,0.0,2.0,0.0,,1.0,4.0,0.0,7
100882,3.0,12,7,3.0,1.0,0.0,1.0,4.0,3.0,3.0,0.0,0.0,0.0,3.0,1.0,12
100883,4.0,5,6,0.0,0.0,,1.0,4.0,0.0,1.0,0.0,,1.0,4.0,0.0,6
100884,4.0,4,3,1.0,0.0,,0.0,3.0,0.0,,0.0,,0.0,3.0,0.0,4
100885,1.0,7,10,2.0,0.0,,1.0,0.0,4.0,2.0,0.0,,1.0,3.0,4.0,10
100886,4.0,7,6,2.0,0.0,,1.0,4.0,0.0,2.0,0.0,,1.0,3.0,0.0,7
100887,1.0,2,1,,0.0,0.0,1.0,0.0,1.0,,0.0,0.0,1.0,0.0,0.0,2
100888,2.0,5,3,1.0,0.0,,1.0,3.0,0.0,0.0,0.0,,1.0,2.0,0.0,5
100889,4.0,0,1,,0.0,,0.0,0.0,0.0,,0.0,,1.0,0.0,0.0,1
100890,1.0,2,2,,0.0,,1.0,0.0,1.0,,0.0,,1.0,0.0,1.0,2
100891,4.0,3,5,,0.0,1.0,1.0,0.0,1.0,2.0,0.0,2.0,1.0,0.0,0.0,5
100892,3.0,7,8,3.0,0.0,0.0,1.0,3.0,0.0,4.0,0.0,0.0,0.0,4.0,0.0,8
100893,3.0,1,5,,,,1.0,0.0,,3.0,,,1.0,1.0,0.0,5
100894,2.0,9,8,4.0,1.0,0.0,1.0,3.0,0.0,3.0,1.0,0.0,1.0,3.0,0.0,9
100895,4.0,0,1,,0.0,0.0,0.0,0.0,0.0,,0.0,0.0,1.0,0.0,0.0,1
100896,1.0,5,7,1.0,0.0,,1.0,3.0,0.0,3.0,1.0,,0.0,3.0,0.0,7
100897,3.0,16,9,3.0,4.0,2.0,1.0,3.0,3.0,,3.0,1.0,0.0,2.0,3.0,16
100898,3.0,6,4,2.0,0.0,0.0,1.0,3.0,0.0,,,0.0,1.0,3.0,,6
100899,2.0,10,3,3.0,2.0,,1.0,4.0,0.0,,1.0,,1.0,1.0,0.0,10
100900,3.0,7,6,4.0,0.0,,1.0,0.0,2.0,4.0,0.0,0.0,1.0,0.0,1.0,7
100901,3.0,7,8,0.0,0.0,2.0,1.0,4.0,0.0,0.0,0.0,3.0,1.0,3.0,1.0,8
100902,1.0,10,8,4.0,0.0,0.0,1.0,3.0,2.0,3.0,0.0,0.0,1.0,3.0,1.0,10
100903,3.0,14,12,4.0,2.0,1.0,1.0,4.0,2.0,3.0,3.0,0.0,1.0,3.0,2.0,14
100904,4.0,10,10,4.0,0.0,,1.0,4.0,1.0,3.0,1.0,,1.0,4.0,1.0,10
100905,3.0,7,8,1.0,0.0,,1.0,4.0,1.0,2.0,0.0,,0.0,4.0,2.0,8
100906,4.0,2,3,,1.0,,1.0,0.0,0.0,,1.0,,1.0,1.0,0.0,3
100907,4.0,7,2,1.0,1.0,,1.0,4.0,0.0,,1.0,,1.0,0.0,0.0,7
100908,3.0,1,1,,0.0,,0.0,0.0,1.0,,0.0,,1.0,0.0,0.0,1
100909,4.0,6,5,1.0,0.0,,1.0,4.0,0.0,2.0,0.0,,0.0,3.0,0.0,6
100910,2.0,7,3,2.0,1.0,,1.0,2.0,1.0,,1.0,,1.0,0.0,1.0,7
100911,1.0,3,2,,1.0,,1.0,0.0,1.0,,,,1.0,0.0,1.0,3
100912,2.0,12,7,1.0,2.0,,1.0,4.0,4.0,1.0,0.0,,1.0,2.0,3.0,12
100913,3.0,0,0,,0.0,,,,0.0,,0.0,,,,0.0,0
100914,3.0,1,0,,0.0,0.0,,,1.0,,0.0,0.0,,,0.0,1
100915,2.0,12,7,2.0,2.0,2.0,1.0,4.0,1.0,2.0,1.0,2.0,1.0,0.0,1.0,12
100916,2.0,9,2,2.0,1.0,,1.0,4.0,1.0,,0.0,,1.0,1.0,0.0,9
100917,3.0,9,7,2.0,1.0,2.0,1.0,3.0,0.0,,1.0,2.0,1.0,1.0,2.0,9
100918,1.0,13,12,3.0,0.0,2.0,1.0,3.0,4.0,3.0,0.0,1.0,1.0,3.0,4.0,13
100919,2.0,6,2,,1.0,,1.0,4.0,0.0,,1.0,,1.0,0.0,0.0,6
100920,1.0,10,7,3.0,2.0,,1.0,4.0,0.0,3.0,1.0,,1.0,2.0,0.0,10
100921,3.0,4,4,,0.0,2.0,1.0,1.0,0.0,,0.0,2.0,1.0,1.0,0.0,4
100922,4.0,5,5,,1.0,2.0,1.0,0.0,1.0,,1.0,2.0,0.0,1.0,1.0,5
100923,4.0,11,11,4.0,1.0,1.0,1.0,4.0,0.0,3.0,2.0,1.0,1.0,4.0,0.0,11
100924,4.0,5,2,1.0,0.0,,1.0,3.0,0.0,,0.0,,1.0,1.0,0.0,5
100925,3.0,4,3,,2.0,,1.0,1.0,0.0,,1.0,,1.0,1.0,0.0,4
100926,3.0,6,6,3.0,0.0,0.0,0.0,3.0,0.0,3.0,0.0,0.0,1.0,2.0,0.0,6
100927,2.0,10,7,2.0,2.0,,1.0,2.0,3.0,2.0,2.0,,1.0,1.0,1.0,10
100928,4.0,3,2,,0.0,,1.0,2.0,0.0,,0.0,,1.0,1.0,0.0,3
100929,3.0,1,1,,0.0,,1.0,0.0,0.0,,0.0,,1.0,0.0,0.0,1
100930,4.0,4,3,,0.0,0.0,1.0,3.0,0.0,,0.0,0.0,0.0,3.0,0.0,4
100931,3.0,2,2,,,,1.0,1.0,0.0,,,,1.0,1.0,0.0,2
100932,2.0,7,0,2.0,0.0,,1.0,4.0,0.0,,0.0,,0.0,0.0,0.0,7
100933,2.0,9,3,4.0,0.0,,1.0,4.0,0.0,2.0,0.0,,1.0,0.0,0.0,9
100934,1.0,9,7,4.0,0.0,,1.0,3.0,1.0,2.0,0.0,0.0,1.0,3.0,1.0,9
100935,2.0,9,7,3.0,0.0,,1.0,4.0,1.0,4.0,1.0,,1.0,0.0,1.0,9
100936,2.0,6,2,2.0,1.0,,1.0,2.0,0.0,,1.0,,1.0,0.0,0.0,6
100937,4.0,8,7,2.0,1.0,,1.0,4.0,0.0,3.0,1.0,0.0,1.0,2.0,0.0,8
100938,3.0,4,4,,3.0,0.0,1.0,0.0,0.0,,3.0,0.0,1.0,0.0,0.0,4
100939,1.0,10,8,4.0,0.0,,1.0,4.0,1.0,2.0,0.0,0.0,1.0,4.0,1.0,10
100940,2.0,6,5,0.0,2.0,,1.0,2.0,1.0,,2.0,,1.0,1.0,1.0,6
100941,2.0,2,7,,1.0,,1.0,0.0,0.0,2.0,0.0,,1.0,4.0,0.0,7
100942,4.0,9,6,2.0,0.0,0.0,1.0,3.0,3.0,1.0,0.0,0.0,1.0,1.0,3.0,9
100943,3.0,9,7,4.0,1.0,,1.0,3.0,0.0,3.0,1.0,,1.0,2.0,0.0,9
100944,3.0,5,5,,2.0,0.0,1.0,1.0,1.0,,2.0,0.0,1.0,1.0,1.0,5
100945,2.0,12,11,2.0,1.0,,1.0,4.0,4.0,2.0,1.0,,1.0,3.0,4.0,12
100946,1.0,0,0,,0.0,0.0,0.0,0.0,0.0,,0.0,0.0,0.0,0.0,0.0,0
100947,2.0,6,3,,1.0,,1.0,4.0,0.0,,2.0,,1.0,0.0,0.0,6
100948,3.0,6,5,3.0,0.0,,0.0,3.0,0.0,3.0,0.0,0.0,0.0,2.0,0.0,6
100949,3.0,5,5,,0.0,0.0,1.0,0.0,4.0,,0.0,0.0,1.0,0.0,4.0,5
100950,3.0,11,8,2.0,,0.0,1.0,4.0,4.0,1.0,1.0,0.0,1.0,3.0,2.0,11
100951,3.0,2,4,,1.0,,1.0,0.0,0.0,,2.0,,1.0,1.0,0.0,4
100952,3.0,0,0,,0.0,,,,0.0,,0.0,,,,0.0,0
100953,4.0,5,5,1.0,0.0,,1.0,3.0,0.0,1.0,0.0,,1.0,3.0,0.0,5
100954,1.0,1,2,,0.0,,0.0,1.0,0.0,,0.0,,1.0,1.0,0.0,2
100955,2.0,1,2,,0.0,,1.0,0.0,0.0,,0.0,,1.0,1.0,0.0,2
100956,3.0,4,6,1.0,0.0,0.0,0.0,3.0,0.0,3.0,0.0,0.0,1.0,2.0,0.0,6
100957,2.0,7,5,2.0,0.0,,1.0,4.0,0.0,3.0,0.0,,1.0,1.0,0.0,7
100958,3.0,2,3,2.0,0.0,,0.0,0.0,0.0,,0.0,,1.0,2.0,0.0,3
100959,4.0,7,7,2.0,2.0,0.0,0.0,1.0,2.0,2.0,2.0,0.0,0.0,1.0,2.0,7
100960,3.0,11,10,2.0,1.0,2.0,1.0,3.0,2.0,2.0,2.0,0.0,1.0,3.0,2.0,11
100961,3.0,4,2,,1.0,0.0,1.0,2.0,0.0,,1.0,0.0,0.0,1.0,0.0,4
100962,3.0,8,7,3.0,0.0,,1.0,3.0,1.0,2.0,0.0,,1.0,3.0,1.0,8
100963,1.0,8,11,3.0,0.0,,1.0,4.0,0.0,3.0,1.0,1.0,1.0,4.0,1.0,11
100964,3.0,3,3,,2.0,,1.0,0.0,0.0,,2.0,,1.0,0.0,0.0,3
100965,1.0,7,6,3.0,0.0,,1.0,3.0,0.0,2.0,0.0,,1.0,3.0,0.0,7
100966,4.0,6,8,2.0,0.0,,1.0,3.0,0.0,4.0,0.0,,1.0,3.0,0.0,8
100967,3.0,1,1,,0.0,1.0,0.0,0.0,0.0,,0.0,1.0,0.0,0.0,0.0,1
100968,1.0,3,2,,1.0,,1.0,0.0,1.0,,1.0,,0.0,0.0,1.0,3
100969,2.0,10,8,3.0,1.0,,1.0,4.0,1.0,3.0,0.0,,1.0,3.0,1.0,10
100970,1.0,2,3,,1.0,,1.0,0.0,0.0,,1.0,,1.0,1.0,0.0,3
100971,4.0,7,7,3.0,0.0,,0.0,4.0,0.0,3.0,1.0,,0.0,3.0,0.0,7
100972,3.0,4,2,,1.0,2.0,1.0,0.0,0.0,,0.0,1.0,1.0,0.0,0.0,4
100973,4.0,8,6,1.0,1.0,0.0,1.0,3.0,2.0,,1.0,0.0,0.0,3.0,2.0,8
100974,4.0,4,3,0.0,0.0,,1.0,3.0,0.0,0.0,0.0,,0.0,3.0,0.0,4
100975,3.0,5,6,1.0,,,1.0,3.0,0.0,2.0,0.0,,1.0,3.0,0.0,6
100976,1.0,2,1,,0.0,,1.0,0.0,1.0,,0.0,,1.0,0.0,0.0,2
100977,3.0,7,8,,2.0,4.0,1.0,0.0,0.0,,2.0,4.0,1.0,1.0,0.0,8
100978,3.0,7,11,,1.0,2.0,1.0,2.0,1.0,3.0,1.0,2.0,1.0,3.0,1.0,11
100979,1.0,0,2,,0.0,0.0,0.0,0.0,0.0,,0.0,0.0,0.0,2.0,0.0,2
100980,1.0,1,2,,,,0.0,1.0,0.0,,,,1.0,1.0,0.0,2
100981,1.0,3,3,,0.0,,1.0,0.0,2.0,,0.0,,1.0,0.0,2.0,3
100982,3.0,9,9,4.0,0.0,,1.0,3.0,1.0,4.0,0.0,,1.0,3.0,1.0,9
100983,4.0,5,5,2.0,0.0,0.0,0.0,3.0,0.0,1.0,0.0,0.0,1.0,3.0,0.0,5
100984,4.0,1,4,,0.0,,1.0,0.0,0.0,,2.0,,1.0,1.0,0.0,4
100985,3.0,7,6,,2.0,0.0,1.0,0.0,4.0,,2.0,0.0,0.0,0.0,4.0,7
100986,2.0,8,1,3.0,0.0,,1.0,4.0,0.0,,0.0,,1.0,0.0,0.0,8
100987,2.0,7,3,1.0,1.0,,1.0,4.0,0.0,,2.0,,1.0,0.0,0.0,7
100988,4.0,1,1,,0.0,0.0,0.0,1.0,0.0,,0.0,0.0,0.0,1.0,0.0,1
100989,3.0,8,5,3.0,0.0,,1.0,4.0,0.0,2.0,0.0,,0.0,3.0,0.0,8
100990,3.0,4,3,2.0,0.0,0.0,0.0,1.0,1.0,,0.0,0.0,1.0,1.0,1.0,4
100991,3.0,9,15,1.0,0.0,,1.0,3.0,4.0,3.0,1.0,3.0,1.0,3.0,4.0,15
100992,2.0,11,5,3.0,2.0,,1.0,4.0,1.0,2.0,2.0,,1.0,0.0,0.0,11
100993,4.0,13,5,4.0,1.0,,0.0,4.0,4.0,,1.0,,0.0,0.0,4.0,13
100994,3.0,11,9,3.0,0.0,2.0,1.0,3.0,2.0,3.0,0.0,2.0,1.0,2.0,1.0,11
100995,2.0,4,3,2.0,1.0,,1.0,0.0,0.0,2.0,0.0,,1.0,0.0,0.0,4
100996,4.0,5,6,2.0,0.0,0.0,1.0,2.0,0.0,3.0,0.0,0.0,0.0,3.0,0.0,6
100997,4.0,1,1,,0.0,,1.0,0.0,0.0,,0.0,,1.0,0.0,0.0,1
100998,3.0,9,9,1.0,2.0,0.0,1.0,3.0,2.0,2.0,2.0,0.0,1.0,2.0,2.0,9
100999,3.0,8,8,1.0,0.0,0.0,1.0,3.0,3.0,2.0,0.0,0.0,0.0,4.0,2.0,8
101000,3.0,8,6,3.0,0.0,,1.0,4.0,0.0,2.0,0.0,,1.0,3.0,0.0,8
101001,4.0,7,5,0.0,0.0,2.0,1.0,4.0,0.0,0.0,0.0,0.0,1.0,4.0,0.0,7
101002,2.0,12,11,2.0,1.0,,1.0,4.0,4.0,2.0,2.0,,1.0,2.0,4.0,12
101003,4.0,5,3,,1.0,,1.0,3.0,0.0,,0.0,,0.0,3.0,0.0,5
101004,3.0,0,1,,0.0,,0.0,0.0,0.0,,0.0,,1.0,0.0,0.0,1
101005,3.0,5,3,1.0,0.0,0.0,1.0,3.0,0.0,,0.0,0.0,1.0,2.0,0.0,5
101006,4.0,6,3,1.0,0.0,,1.0,4.0,0.0,,0.0,,0.0,3.0,0.0,6
101007,4.0,11,7,3.0,3.0,,1.0,3.0,1.0,2.0,3.0,,0.0,2.0,0.0,11
101008,1.0,0,0,,0.0,0.0,0.0,0.0,0.0,,0.0,0.0,0.0,0.0,0.0,0
101009,4.0,1,1,,0.0,,1.0,0.0,0.0,,0.0,,1.0,0.0,0.0,1
101010,1.0,1,0,,,,1.0,0.0,0.0,,,,0.0,0.0,0.0,1
101011,2.0,7,2,2.0,0.0,,1.0,4.0,0.0,,1.0,,1.0,0.0,0.0,7
101012,3.0,1,1,,,,1.0,0.0,0.0,,,,1.0,0.0,,1
101013,3.0,8,11,,1.0,4.0,1.0,1.0,1.0,,2.0,4.0,1.0,1.0,3.0,11
101014,4.0,11,8,1.0,0.0,2.0,1.0,3.0,4.0,,0.0,2.0,0.0,3.0,3.0,11
101015,4.0,1,2,,0.0,,1.0,0.0,0.0,,0.0,,1.0,1.0,0.0,2
101016,2.0,7,1,2.0,0.0,,1.0,4.0,0.0,,0.0,,1.0,0.0,0.0,7
101017,3.0,7,3,2.0,0.0,,1.0,2.0,2.0,,0.0,,1.0,1.0,1.0,7
101018,2.0,5,2,,1.0,,1.0,2.0,1.0,,1.0,,1.0,0.0,0.0,5
101019,3.0,6,1,1.0,0.0,0.0,1.0,3.0,1.0,,0.0,0.0,0.0,1.0,0.0,6
101020,4.0,6,3,2.0,0.0,0.0,1.0,3.0,0.0,2.0,1.0,0.0,0.0,0.0,0.0,6
101021,1.0,3,8,,0.0,0.0,1.0,2.0,0.0,2.0,1.0,0.0,1.0,4.0,0.0,8
101022,3.0,5,4,,0.0,0.0,1.0,0.0,4.0,,0.0,0.0,0.0,0.0,4.0,5
101023,2.0,7,2,2.0,0.0,,1.0,4.0,0.0,,1.0,,1.0,0.0,0.0,7
101024,1.0,2,2,,1.0,0.0,0.0,1.0,0.0,,1.0,0.0,0.0,1.0,0.0,2
101025,3.0,5,2,,0.0,,1.0,1.0,3.0,,1.0,,0.0,1.0,0.0,5
101026,3.0,5,5,3.0,0.0,,0.0,2.0,0.0,3.0,0.0,0.0,0.0,2.0,0.0,5
101027,4.0,13,7,3.0,0.0,2.0,1.0,4.0,3.0,2.0,1.0,1.0,1.0,2.0,0.0,13
101028,2.0,2,2,,0.0,,0.0,1.0,1.0,,0.0,,0.0,1.0,1.0,2
101029,3.0,7,6,3.0,1.0,,1.0,2.0,0.0,2.0,2.0,,0.0,2.0,0.0,7
101030,2.0,4,1,2.0,0.0,,1.0,1.0,0.0,,0.0,,1.0,0.0,0.0,4
101031,1.0,8,8,3.0,0.0,,1.0,4.0,0.0,3.0,0.0,,1.0,4.0,0.0,8
101032,2.0,8,3,2.0,0.0,,1.0,4.0,1.0,,1.0,,1.0,0.0,1.0,8
101033,4.0,1,1,,0.0,,0.0,1.0,0.0,,0.0,,1.0,0.0,0.0,1
101034,4.0,1,1,,0.0,0.0,1.0,0.0,0.0,,0.0,0.0,1.0,0.0,0.0,1
101035,3.0,12,13,2.0,3.0,1.0,1.0,4.0,1.0,3.0,3.0,0.0,1.0,4.0,2.0,13
101036,2.0,4,5,0.0,0.0,,1.0,3.0,0.0,1.0,0.0,,1.0,3.0,0.0,5
101037,2.0,3,1,,0.0,,1.0,2.0,0.0,,1.0,,0.0,0.0,0.0,3
101038,3.0,10,9,4.0,1.0,,1.0,3.0,1.0,3.0,1.0,0.0,1.0,3.0,1.0,10
101039,4.0,4,7,,0.0,,1.0,3.0,0.0,2.0,1.0,,1.0,3.0,0.0,7
101040,4.0,10,10,3.0,1.0,0.0,1.0,2.0,3.0,2.0,1.0,0.0,1.0,3.0,3.0,10
101041,4.0,6,9,0.0,1.0,,1.0,3.0,1.0,2.0,1.0,,1.0,4.0,1.0,9
101042,4.0,7,4,2.0,0.0,,1.0,4.0,0.0,1.0,0.0,,1.0,2.0,0.0,7
101043,3.0,4,4,0.0,0.0,,0.0,3.0,1.0,0.0,0.0,,1.0,2.0,1.0,4
101044,3.0,12,10,2.0,3.0,3.0,1.0,3.0,0.0,2.0,3.0,3.0,0.0,2.0,0.0,12
101045,3.0,7,3,4.0,0.0,0.0,0.0,3.0,0.0,,0.0,0.0,1.0,2.0,0.0,7
101046,4.0,9,12,4.0,0.0,0.0,1.0,4.0,0.0,4.0,0.0,0.0,1.0,4.0,3.0,12
101047,4.0,6,6,1.0,0.0,,1.0,4.0,0.0,3.0,0.0,,0.0,3.0,0.0,6
101048,2.0,9,6,3.0,1.0,,1.0,4.0,0.0,2.0,1.0,,1.0,2.0,0.0,9
101049,4.0,6,5,2.0,0.0,,1.0,3.0,0.0,1.0,0.0,0.0,1.0,3.0,0.0,6
101050,3.0,3,6,0.0,0.0,0.0,1.0,2.0,0.0,2.0,0.0,0.0,1.0,3.0,0.0,6
101051,4.0,3,3,,0.0,,0.0,1.0,2.0,,0.0,0.0,0.0,0.0,3.0,3
101052,3.0,5,2,2.0,0.0,,0.0,3.0,0.0,,0.0,,1.0,1.0,0.0,5
101053,3.0,1,0,,,,1.0,0.0,,,0.0,,0.0,0.0,0.0,1
101054,4.0,11,5,2.0,0.0,,1.0,4.0,4.0,2.0,0.0,,1.0,2.0,0.0,11
101055,3.0,0,0,,0.0,0.0,0.0,0.0,0.0,,0.0,0.0,0.0,0.0,0.0,0
101056,1.0,2,1,,1.0,,1.0,0.0,0.0,,1.0,,0.0,0.0,0.0,2
101057,4.0,5,6,,0.0,,1.0,1.0,3.0,,0.0,,1.0,1.0,4.0,6
101058,2.0,10,5,1.0,0.0,,1.0,4.0,4.0,,0.0,,1.0,0.0,4.0,10
101059,4.0,10,13,4.0,0.0,1.0,1.0,4.0,0.0,4.0,2.0,2.0,1.0,4.0,0.0,13
101060,3.0,4,6,,0.0,,0.0,1.0,3.0,,0.0,,1.0,2.0,3.0,6
101061,3.0,5,2,,1.0,,1.0,0.0,3.0,,1.0,,1.0,0.0,0.0,5
101062,4.0,10,11,2.0,0.0,0.0,1.0,3.0,4.0,3.0,0.0,0.0,1.0,3.0,4.0,11
101063,1.0,7,7,3.0,0.0,,1.0,3.0,0.0,3.0,0.0,,1.0,3.0,0.0,7
101064,4.0,13,17,4.0,2.0,1.0,1.0,4.0,1.0,4.0,3.0,2.0,1.0,4.0,3.0,17
101065,4.0,5,5,1.0,0.0,,0.0,4.0,0.0,1.0,0.0,,0.0,4.0,0.0,5
101066,4.0,11,9,4.0,2.0,,1.0,4.0,0.0,3.0,2.0,,1.0,3.0,0.0,11
101067,2.0,9,3,2.0,2.0,,1.0,4.0,0.0,,2.0,,1.0,0.0,0.0,9
101068,4.0,4,6,,0.0,0.0,1.0,3.0,0.0,2.0,0.0,0.0,1.0,3.0,0.0,6
101069,1.0,4,6,,1.0,0.0,1.0,1.0,1.0,,1.0,0.0,1.0,1.0,3.0,6
101070,2.0,7,5,2.0,0.0,,1.0,4.0,0.0,,1.0,,1.0,1.0,2.0,7
101071,3.0,1,0,,0.0,0.0,1.0,0.0,0.0,,0.0,0.0,0.0,0.0,0.0,1
101072,3.0,10,10,2.0,0.0,0.0,0.0,4.0,4.0,2.0,1.0,0.0,0.0,3.0,4.0,10
101073,2.0,8,1,2.0,1.0,,1.0,4.0,0.0,,0.0,,1.0,0.0,0.0,8
101074,2.0,9,2,3.0,1.0,,1.0,4.0,0.0,,1.0,,1.0,0.0,0.0,9
101075,3.0,6,1,1.0,2.0,,0.0,3.0,0.0,,1.0,0.0,0.0,0.0,0.0,6
101076,3.0,5,8,3.0,,,0.0,2.0,0.0,2.0,,,0.0,2.0,4.0,8
101077,2.0,9,2,2.0,2.0,,1.0,4.0,0.0,,1.0,,1.0,0.0,0.0,9
101078,3.0,10,9,,1.0,1.0,1.0,3.0,4.0,,1.0,1.0,1.0,2.0,4.0,10
101079,1.0,2,2,,1.0,,0.0,1.0,0.0,,1.0,,1.0,0.0,0.0,2
101080,4.0,9,8,3.0,0.0,2.0,1.0,3.0,0.0,2.0,0.0,2.0,0.0,4.0,0.0,9
101081,3.0,14,17,3.0,2.0,1.0,1.0,4.0,3.0,4.0,3.0,2.0,1.0,4.0,3.0,17
101082,4.0,10,8,3.0,2.0,,1.0,4.0,0.0,1.0,2.0,,1.0,3.0,1.0,10
101083,4.0,2,2,,0.0,,1.0,1.0,0.0,,0.0,,1.0,1.0,0.0,2
101084,2.0,9,4,2.0,1.0,,1.0,4.0,1.0,,2.0,,1.0,0.0,1.0,9
101085,2.0,7,4,2.0,0.0,,1.0,4.0,0.0,2.0,0.0,,1.0,0.0,1.0,7
101086,1.0,2,6,2.0,0.0,,0.0,0.0,0.0,1.0,0.0,,1.0,4.0,0.0,6
101087,3.0,10,10,3.0,0.0,,1.0,3.0,3.0,2.0,0.0,,1.0,3.0,4.0,10
101088,3.0,3,7,2.0,,,1.0,0.0,0.0,2.0,0.0,,1.0,0.0,4.0,7
101089,4.0,10,7,3.0,2.0,,1.0,4.0,0.0,2.0,1.0,,1.0,3.0,0.0,10
101090,2.0,11,10,3.0,3.0,1.0,0.0,2.0,2.0,2.0,3.0,1.0,0.0,2.0,2.0,11
101091,2.0,7,7,,1.0,,1.0,4.0,1.0,,1.0,,1.0,4.0,1.0,7
101092,1.0,9,7,4.0,0.0,0.0,1.0,3.0,1.0,4.0,0.0,0.0,0.0,3.0,0.0,9
101093,3.0,2,2,,1.0,,1.0,0.0,0.0,,1.0,,1.0,0.0,0.0,2
101094,2.0,11,10,4.0,1.0,,1.0,4.0,1.0,3.0,1.0,,1.0,4.0,1.0,11
101095,2.0,7,2,2.0,0.0,,1.0,4.0,0.0,1.0,0.0,,1.0,0.0,0.0,7
101096,3.0,10,7,4.0,2.0,0.0,1.0,3.0,0.0,2.0,1.0,0.0,1.0,3.0,0.0,10
101097,3.0,2,4,,,,1.0,1.0,,,0.0,,0.0,0.0,4.0,4
101098,2.0,0,0,,0.0,,0.0,0.0,0.0,,0.0,,0.0,0.0,0.0,0
101099,1.0,4,4,,1.0,,1.0,1.0,1.0,,1.0,,1.0,1.0,1.0,4
101100,4.0,8,5,3.0,0.0,,1.0,4.0,0.0,0.0,1.0,,0.0,4.0,0.0,8
101101,1.0,11,10,4.0,0.0,2.0,1.0,3.0,1.0,2.0,2.0,2.0,1.0,3.0,0.0,11
101102,3.0,0,1,,0.0,0.0,,,0.0,,1.0,0.0,,,0.0,1
101103,3.0,5,7,,0.0,1.0,0.0,1.0,3.0,,1.0,1.0,1.0,1.0,3.0,7
101104,3.0,8,4,,3.0,1.0,1.0,3.0,0.0,,2.0,0.0,0.0,2.0,0.0,8
101105,2.0,9,5,2.0,1.0,,1.0,4.0,1.0,2.0,1.0,,1.0,0.0,1.0,9
101106,4.0,4,1,0.0,0.0,1.0,0.0,3.0,0.0,,0.0,1.0,0.0,0.0,0.0,4
101107,4.0,12,4,2.0,1.0,,1.0,4.0,4.0,,1.0,,0.0,0.0,3.0,12
101108,3.0,5,3,2.0,0.0,,1.0,2.0,0.0,2.0,0.0,,1.0,0.0,0.0,5
101109,4.0,5,6,,1.0,0.0,1.0,3.0,0.0,4.0,0.0,0.0,1.0,1.0,0.0,6
101110,3.0,11,10,1.0,1.0,4.0,1.0,3.0,1.0,0.0,2.0,4.0,1.0,2.0,1.0,11
101111,4.0,9,2,4.0,1.0,,1.0,3.0,0.0,,0.0,,1.0,1.0,0.0,9
101112,1.0,7,7,2.0,0.0,,1.0,3.0,1.0,2.0,1.0,,1.0,3.0,0.0,7
101113,1.0,7,7,3.0,0.0,0.0,1.0,3.0,0.0,2.0,1.0,0.0,1.0,3.0,0.0,7
101114,2.0,8,4,2.0,2.0,,1.0,3.0,0.0,2.0,0.0,,1.0,1.0,0.0,8
101115,4.0,8,8,3.0,0.0,,1.0,4.0,0.0,3.0,0.0,,1.0,4.0,0.0,8
101116,4.0,10,3,4.0,0.0,2.0,0.0,4.0,0.0,1.0,0.0,0.0,0.0,2.0,0.0,10
101117,3.0,8,7,,1.0,4.0,1.0,0.0,2.0,,2.0,4.0,1.0,0.0,0.0,8
101118,3.0,4,1,,0.0,,1.0,0.0,3.0,,0.0,,1.0,0.0,0.0,4
101119,3.0,0,0,,0.0,,,,0.0,,0.0,,,,0.0,0
101120,2.0,9,9,2.0,2.0,0.0,1.0,4.0,0.0,3.0,2.0,0.0,1.0,2.0,1.0,9
101121,4.0,3,5,,0.0,0.0,0.0,3.0,0.0,1.0,0.0,0.0,1.0,3.0,0.0,5
101122,3.0,2,5,,0.0,,1.0,0.0,1.0,2.0,1.0,,1.0,0.0,1.0,5
101123,4.0,5,4,2.0,0.0,,0.0,3.0,0.0,0.0,0.0,,1.0,3.0,0.0,5
101124,2.0,6,1,2.0,1.0,,1.0,2.0,0.0,,0.0,,1.0,0.0,0.0,6
101125,2.0,8,4,1.0,1.0,,1.0,4.0,1.0,,2.0,,1.0,0.0,1.0,8
101126,4.0,1,1,,0.0,,0.0,1.0,0.0,,0.0,,1.0,0.0,0.0,1
101127,3.0,11,16,3.0,3.0,,1.0,3.0,1.0,3.0,4.0,2.0,1.0,4.0,2.0,16
101128,4.0,5,9,,2.0,,1.0,1.0,1.0,2.0,2.0,,1.0,4.0,0.0,9
101129,3.0,8,7,,2.0,3.0,1.0,0.0,2.0,,1.0,3.0,1.0,0.0,2.0,8
101130,1.0,5,10,4.0,0.0,,1.0,0.0,0.0,4.0,1.0,,1.0,4.0,0.0,10
101131,3.0,1,1,,0.0,0.0,1.0,0.0,0.0,,0.0,0.0,1.0,0.0,0.0,1
101132,2.0,10,4,3.0,2.0,,1.0,4.0,0.0,,2.0,,1.0,1.0,0.0,10
101133,4.0,10,8,4.0,0.0,,1.0,4.0,1.0,3.0,0.0,,1.0,3.0,1.0,10
101134,2.0,8,2,2.0,1.0,,1.0,4.0,0.0,,1.0,,1.0,0.0,0.0,8
101135,3.0,5,6,,1.0,0.0,0.0,0.0,4.0,,1.0,0.0,0.0,1.0,4.0,6
101136,3.0,5,4,,0.0,0.0,1.0,0.0,4.0,,0.0,0.0,0.0,0.0,4.0,5
101137,2.0,7,6,2.0,0.0,,1.0,4.0,0.0,2.0,1.0,,1.0,1.0,1.0,7
101138,2.0,8,4,2.0,1.0,,1.0,4.0,0.0,2.0,1.0,,1.0,0.0,0.0,8
101139,2.0,10,4,2.0,2.0,,1.0,4.0,1.0,,2.0,,1.0,0.0,1.0,10
101140,3.0,1,0,,,,1.0,,,,,,,,,1
101141,3.0,6,4,2.0,0.0,0.0,0.0,4.0,0.0,0.0,0.0,0.0,0.0,4.0,0.0,6
101142,4.0,6,5,,0.0,,0.0,3.0,3.0,,1.0,,0.0,1.0,3.0,6
101143,4.0,6,3,2.0,0.0,,1.0,3.0,0.0,,0.0,,1.0,2.0,0.0,6
101144,4.0,2,2,,0.0,,0.0,2.0,0.0,,0.0,,0.0,2.0,0.0,2
101145,1.0,1,1,,1.0,0.0,0.0,0.0,0.0,,0.0,0.0,1.0,0.0,0.0,1
101146,4.0,3,2,2.0,0.0,,0.0,1.0,0.0,,0.0,,1.0,1.0,0.0,3
101147,4.0,13,14,4.0,0.0,2.0,1.0,4.0,2.0,3.0,0.0,2.0,1.0,4.0,4.0,14
101148,3.0,3,3,,2.0,0.0,1.0,0.0,0.0,,2.0,0.0,1.0,0.0,0.0,3
101149,3.0,7,7,3.0,0.0,0.0,0.0,4.0,0.0,3.0,0.0,0.0,1.0,3.0,0.0,7
101150,1.0,0,0,,,,0.0,0.0,,,0.0,,0.0,0.0,0.0,0
101151,4.0,4,5,2.0,0.0,,1.0,0.0,1.0,2.0,0.0,,1.0,1.0,1.0,5
101152,2.0,8,8,3.0,0.0,,1.0,4.0,0.0,4.0,1.0,,1.0,2.0,0.0,8
101153,3.0,5,2,,1.0,0.0,1.0,3.0,0.0,,1.0,0.0,0.0,1.0,0.0,5
101154,4.0,1,1,,0.0,,1.0,0.0,0.0,,0.0,0.0,1.0,0.0,0.0,1
101155,4.0,9,7,4.0,0.0,,1.0,4.0,0.0,3.0,0.0,,1.0,3.0,0.0,9
101156,3.0,3,4,,0.0,0.0,0.0,0.0,3.0,,1.0,0.0,0.0,0.0,3.0,4
101157,1.0,9,4,2.0,2.0,,0.0,4.0,1.0,,1.0,,1.0,1.0,1.0,9
101158,2.0,1,2,,0.0,0.0,1.0,0.0,0.0,,0.0,0.0,1.0,0.0,1.0,2
101159,2.0,9,2,4.0,0.0,,1.0,4.0,0.0,,1.0,,1.0,0.0,0.0,9
101160,4.0,5,1,3.0,0.0,,0.0,2.0,0.0,,0.0,,0.0,1.0,0.0,5
101161,4.0,4,3,1.0,0.0,0.0,0.0,3.0,0.0,0.0,0.0,0.0,0.0,3.0,0.0,4
101162,3.0,8,6,,2.0,0.0,1.0,3.0,2.0,,2.0,0.0,0.0,2.0,2.0,8
101163,4.0,4,3,1.0,0.0,,0.0,3.0,0.0,,0.0,,0.0,3.0,0.0,4
101164,3.0,3,2,,0.0,1.0,1.0,0.0,1.0,,0.0,1.0,0.0,0.0,1.0,3
101165,4.0,5,10,2.0,0.0,0.0,1.0,2.0,0.0,3.0,0.0,2.0,1.0,4.0,0.0,10
101166,2.0,8,2,3.0,0.0,,1.0,4.0,0.0,,1.0,,1.0,0.0,0.0,8
101167,4.0,3,2,2.0,0.0,,1.0,0.0,0.0,,0.0,,1.0,1.0,0.0,3
101168,1.0,1,2,,0.0,0.0,0.0,0.0,1.0,,0.0,0.0,1.0,0.0,1.0,2
101169,1.0,3,3,,0.0,,1.0,0.0,2.0,,0.0,,1.0,0.0,2.0,3
101170,3.0,4,4,,1.0,,1.0,1.0,1.0,,1.0,,1.0,1.0,1.0,4
101171,3.0,3,2,,0.0,,1.0,0.0,2.0,,0.0,,1.0,0.0,1.0,3
101172,2.0,8,7,2.0,1.0,,1.0,4.0,0.0,2.0,2.0,,1.0,2.0,0.0,8
101173,3.0,5,3,2.0,0.0,,0.0,3.0,0.0,,0.0,,0.0,3.0,0.0,5
101174,1.0,1,1,,0.0,0.0,0.0,0.0,1.0,,0.0,0.0,0.0,0.0,1.0,1
101175,3.0,8,6,1.0,0.0,1.0,1.0,4.0,1.0,0.0,0.0,1.0,1.0,3.0,1.0,8
101176,1.0,11,11,3.0,0.0,0.0,1.0,3.0,4.0,3.0,0.0,0.0,1.0,3.0,4.0,11
101177,3.0,3,3,2.0,0.0,,1.0,0.0,0.0,,,,1.0,2.0,0.0,3
101178,3.0,7,8,,3.0,0.0,1.0,0.0,3.0,,4.0,1.0,1.0,0.0,2.0,8
101179,3.0,7,9,,0.0,4.0,1.0,2.0,0.0,,0.0,4.0,1.0,4.0,0.0,9
101180,1.0,12,11,,3.0,2.0,1.0,2.0,4.0,,3.0,2.0,1.0,1.0,4.0,12
101181,4.0,15,13,4.0,2.0,3.0,0.0,4.0,2.0,3.0,2.0,3.0,0.0,3.0,2.0,15
101182,3.0,2,2,,0.0,0.0,1.0,1.0,0.0,,0.0,0.0,1.0,1.0,0.0,2
101183,1.0,2,2,,0.0,,1.0,0.0,1.0,,0.0,,1.0,0.0,1.0,2
101184,3.0,11,10,,1.0,3.0,1.0,3.0,3.0,2.0,0.0,3.0,1.0,3.0,1.0,11
101185,1.0,7,3,2.0,0.0,1.0,0.0,3.0,1.0,,0.0,1.0,1.0,0.0,1.0,7
101186,1.0,4,2,,1.0,,1.0,0.0,2.0,,0.0,,1.0,0.0,1.0,4
101187,4.0,5,2,0.0,0.0,,1.0,3.0,1.0,,0.0,,1.0,1.0,0.0,5
101188,3.0,5,3,,2.0,,1.0,2.0,0.0,,2.0,,0.0,1.0,0.0,5
101189,1.0,0,1,,,,0.0,0.0,0.0,,,,1.0,0.0,0.0,1
101190,2.0,9,1,4.0,0.0,,1.0,4.0,0.0,,0.0,,1.0,0.0,0.0,9
101191,2.0,7,1,2.0,0.0,,1.0,4.0,0.0,,0.0,,1.0,0.0,0.0,7
101192,3.0,10,4,2.0,2.0,1.0,1.0,4.0,0.0,,2.0,1.0,1.0,0.0,0.0,10
101193,3.0,6,3,2.0,0.0,,1.0,3.0,0.0,2.0,0.0,,0.0,1.0,0.0,6
101194,2.0,7,2,1.0,0.0,,1.0,4.0,1.0,,0.0,,1.0,0.0,1.0,7
101195,4.0,9,7,3.0,2.0,0.0,1.0,3.0,0.0,2.0,1.0,0.0,1.0,3.0,0.0,9
101196,1.0,6,8,,0.0,0.0,1.0,4.0,1.0,,1.0,0.0,1.0,4.0,2.0,8
101197,3.0,5,6,,3.0,,1.0,0.0,1.0,,3.0,,1.0,0.0,2.0,6
101198,1.0,7,3,3.0,0.0,0.0,1.0,3.0,0.0,,0.0,0.0,1.0,2.0,0.0,7
101199,1.0,8,8,,2.0,,1.0,1.0,4.0,,2.0,,1.0,1.0,4.0,8
101200,3.0,4,4,,0.0,2.0,1.0,0.0,1.0,,1.0,1.0,1.0,0.0,1.0,4
101201,4.0,7,1,3.0,0.0,0.0,0.0,3.0,1.0,,0.0,0.0,1.0,0.0,0.0,7
101202,2.0,7,1,2.0,0.0,,1.0,4.0,0.0,,0.0,,1.0,0.0,0.0,7
101203,3.0,1,1,,0.0,,1.0,0.0,0.0,,,,1.0,0.0,,1
101204,4.0,5,7,2.0,2.0,,1.0,0.0,0.0,2.0,3.0,,1.0,1.0,0.0,7
101205,1.0,6,5,1.0,0.0,0.0,1.0,4.0,0.0,1.0,0.0,0.0,1.0,3.0,0.0,6
101206,4.0,5,6,0.0,0.0,,1.0,3.0,1.0,,0.0,0.0,1.0,3.0,2.0,6
101207,3.0,5,5,,,,1.0,3.0,1.0,,0.0,,1.0,3.0,1.0,5
101208,4.0,13,15,4.0,1.0,1.0,1.0,4.0,2.0,3.0,3.0,2.0,1.0,4.0,2.0,15
101209,1.0,6,3,0.0,0.0,,1.0,3.0,2.0,,0.0,,0.0,1.0,2.0,6
101210,1.0,7,6,2.0,0.0,,1.0,3.0,1.0,,0.0,,1.0,3.0,2.0,7
101211,4.0,9,10,3.0,1.0,,1.0,4.0,0.0,3.0,2.0,0.0,1.0,4.0,0.0,10
101212,1.0,3,3,,1.0,,1.0,0.0,1.0,,2.0,,1.0,0.0,0.0,3
101213,4.0,2,7,,0.0,,1.0,1.0,0.0,3.0,0.0,,1.0,3.0,0.0,7
101214,2.0,11,4,3.0,2.0,,1.0,4.0,1.0,,3.0,,1.0,0.0,0.0,11
101215,2.0,4,6,,0.0,,1.0,0.0,3.0,,1.0,,1.0,0.0,4.0,6
101216,2.0,7,8,3.0,1.0,,1.0,2.0,0.0,3.0,2.0,,1.0,2.0,0.0,8
101217,3.0,1,0,,0.0,,0.0,0.0,1.0,,0.0,,0.0,0.0,0.0,1
101218,4.0,7,7,1.0,0.0,1.0,1.0,3.0,1.0,1.0,0.0,1.0,1.0,3.0,1.0,7
101219,3.0,4,3,,0.0,0.0,0.0,3.0,1.0,,0.0,0.0,0.0,2.0,1.0,4
101220,3.0,3,3,,0.0,2.0,1.0,0.0,0.0,,0.0,2.0,1.0,0.0,0.0,3
101221,4.0,11,7,4.0,0.0,,1.0,3.0,3.0,3.0,0.0,0.0,1.0,3.0,0.0,11
101222,4.0,12,11,3.0,2.0,0.0,1.0,4.0,2.0,3.0,2.0,0.0,1.0,3.0,2.0,12
101223,3.0,2,2,,0.0,,1.0,0.0,1.0,,0.0,,1.0,0.0,1.0,2
101224,3.0,3,7,0.0,0.0,,0.0,3.0,0.0,4.0,0.0,,1.0,2.0,0.0,7
101225,2.0,10,6,3.0,2.0,,1.0,4.0,0.0,2.0,1.0,,1.0,2.0,0.0,10
101226,1.0,3,3,,0.0,,1.0,0.0,2.0,,0.0,,1.0,0.0,2.0,3
101227,3.0,17,18,3.0,1.0,4.0,1.0,4.0,4.0,4.0,2.0,4.0,1.0,4.0,3.0,18
101228,3.0,12,12,3.0,3.0,0.0,1.0,4.0,1.0,4.0,3.0,0.0,1.0,4.0,0.0,12
101229,3.0,5,4,,0.0,0.0,1.0,4.0,0.0,,0.0,0.0,1.0,3.0,0.0,5
101230,4.0,6,6,,0.0,,1.0,1.0,4.0,,0.0,,1.0,1.0,4.0,6
101231,1.0,0,1,,0.0,,0.0,0.0,0.0,,0.0,,1.0,0.0,0.0,1
101232,3.0,6,3,2.0,,,1.0,3.0,0.0,,,,1.0,2.0,0.0,6
101233,4.0,7,7,4.0,0.0,,0.0,3.0,0.0,3.0,0.0,1.0,0.0,2.0,1.0,7
101234,2.0,9,11,2.0,2.0,0.0,1.0,4.0,0.0,3.0,2.0,0.0,1.0,4.0,1.0,11
101235,4.0,8,7,3.0,0.0,,1.0,4.0,0.0,2.0,1.0,,1.0,3.0,0.0,8
101236,4.0,4,4,,1.0,,1.0,1.0,1.0,,1.0,,1.0,1.0,1.0,4
101237,2.0,7,4,3.0,1.0,,1.0,2.0,0.0,,2.0,,1.0,1.0,0.0,7
101238,2.0,8,1,3.0,0.0,,1.0,4.0,0.0,,,,1.0,0.0,0.0,8
101239,4.0,6,6,2.0,0.0,,1.0,3.0,0.0,3.0,0.0,,0.0,3.0,0.0,6
101240,2.0,7,1,2.0,0.0,,1.0,4.0,0.0,,0.0,,1.0,0.0,0.0,7
101241,3.0,3,5,,,,0.0,3.0,0.0,1.0,,,0.0,4.0,0.0,5
101242,4.0,11,1,4.0,0.0,2.0,0.0,4.0,1.0,,0.0,1.0,0.0,0.0,0.0,11
101243,3.0,5,9,1.0,0.0,,1.0,3.0,0.0,2.0,0.0,0.0,1.0,3.0,3.0,9
101244,2.0,9,2,3.0,1.0,,1.0,4.0,0.0,,0.0,,1.0,1.0,0.0,9
101245,4.0,7,8,2.0,0.0,0.0,1.0,3.0,1.0,4.0,0.0,0.0,0.0,3.0,1.0,8
101246,3.0,2,1,,0.0,,0.0,1.0,1.0,,0.0,,0.0,0.0,1.0,2
101247,3.0,3,5,,0.0,0.0,0.0,3.0,0.0,,0.0,0.0,1.0,4.0,0.0,5
101248,4.0,5,4,2.0,0.0,,0.0,3.0,0.0,1.0,0.0,,0.0,3.0,0.0,5
101249,4.0,4,0,2.0,0.0,0.0,0.0,2.0,0.0,,0.0,0.0,0.0,0.0,0.0,4
101250,3.0,1,1,,0.0,0.0,1.0,0.0,0.0,,0.0,0.0,1.0,0.0,0.0,1
101251,3.0,1,1,,0.0,,1.0,0.0,0.0,,0.0,,1.0,0.0,0.0,1
101252,4.0,3,2,,0.0,1.0,1.0,1.0,0.0,,0.0,1.0,1.0,0.0,0.0,3
101253,3.0,2,2,,1.0,,1.0,0.0,0.0,,1.0,,1.0,0.0,0.0,2
101254,3.0,2,1,,,,1.0,1.0,0.0,,0.0,,1.0,0.0,0.0,2
101255,3.0,13,12,4.0,1.0,2.0,1.0,3.0,2.0,3.0,1.0,2.0,1.0,3.0,2.0,13
101256,3.0,9,5,4.0,0.0,,1.0,4.0,0.0,,0.0,0.0,1.0,4.0,0.0,9
101257,2.0,9,6,3.0,0.0,,1.0,2.0,3.0,2.0,2.0,0.0,1.0,0.0,1.0,9
101258,2.0,11,11,4.0,1.0,0.0,1.0,4.0,1.0,3.0,2.0,0.0,1.0,4.0,1.0,11
101259,3.0,13,12,4.0,0.0,0.0,1.0,4.0,4.0,4.0,0.0,0.0,1.0,3.0,4.0,13
101260,4.0,6,4,2.0,1.0,,1.0,2.0,0.0,0.0,1.0,,1.0,2.0,0.0,6
101261,3.0,11,7,4.0,2.0,0.0,1.0,4.0,0.0,2.0,2.0,0.0,1.0,2.0,0.0,11
101262,2.0,10,2,3.0,1.0,,1.0,4.0,1.0,,1.0,,0.0,0.0,1.0,10
101263,3.0,13,13,3.0,2.0,0.0,1.0,3.0,4.0,2.0,3.0,0.0,1.0,3.0,4.0,13
101264,3.0,1,0,,0.0,,0.0,1.0,0.0,,0.0,0.0,0.0,0.0,0.0,1
101265,3.0,0,1,,0.0,,0.0,0.0,0.0,,0.0,,1.0,0.0,0.0,1
101266,2.0,10,3,3.0,2.0,,1.0,4.0,0.0,,2.0,,1.0,0.0,0.0,10
101267,3.0,1,1,,0.0,,1.0,0.0,0.0,,0.0,,0.0,1.0,0.0,1
101268,2.0,10,3,3.0,2.0,,1.0,4.0,0.0,,2.0,,1.0,0.0,0.0,10
101269,4.0,1,9,,0.0,,0.0,0.0,1.0,3.0,1.0,,0.0,4.0,1.0,9
101270,4.0,6,1,3.0,0.0,0.0,1.0,2.0,0.0,,0.0,0.0,1.0,0.0,0.0,6
101271,1.0,3,3,,0.0,,1.0,1.0,1.0,,0.0,,1.0,1.0,1.0,3
101272,1.0,6,6,2.0,0.0,,1.0,2.0,1.0,2.0,,,1.0,3.0,0.0,6
101273,4.0,3,2,,0.0,0.0,1.0,1.0,1.0,,0.0,0.0,1.0,0.0,1.0,3
101274,3.0,5,4,1.0,0.0,,0.0,4.0,0.0,0.0,0.0,0.0,1.0,3.0,0.0,5
101275,1.0,1,1,,0.0,,1.0,0.0,0.0,,0.0,,1.0,0.0,0.0,1
101276,4.0,8,9,1.0,1.0,,1.0,4.0,1.0,3.0,1.0,,1.0,3.0,1.0,9
101277,2.0,7,5,3.0,0.0,,0.0,4.0,0.0,3.0,0.0,,0.0,2.0,0.0,7
101278,2.0,13,8,3.0,1.0,,1.0,4.0,4.0,2.0,1.0,,1.0,0.0,4.0,13
101279,3.0,5,5,,0.0,,1.0,3.0,1.0,,0.0,,1.0,3.0,1.0,5
101280,1.0,1,1,,0.0,,1.0,0.0,0.0,,0.0,,1.0,0.0,0.0,1
101281,2.0,7,4,2.0,0.0,,1.0,4.0,0.0,,1.0,,1.0,1.0,1.0,7
101282,1.0,3,10,,1.0,,1.0,0.0,1.0,4.0,1.0,0.0,1.0,3.0,1.0,10
101283,3.0,4,3,,0.0,3.0,1.0,0.0,0.0,,0.0,3.0,0.0,0.0,0.0,4
101284,1.0,7,2,1.0,0.0,0.0,1.0,4.0,1.0,,1.0,0.0,1.0,0.0,0.0,7
101285,2.0,9,3,3.0,0.0,,1.0,4.0,1.0,,0.0,,1.0,0.0,2.0,9
101286,4.0,9,8,3.0,1.0,,1.0,4.0,0.0,3.0,1.0,0.0,0.0,4.0,0.0,9
101287,4.0,1,1,,0.0,,0.0,0.0,1.0,,0.0,,1.0,0.0,0.0,1
101288,2.0,3,10,,0.0,,0.0,1.0,2.0,2.0,2.0,,1.0,4.0,1.0,10
101289,3.0,5,6,,0.0,0.0,1.0,0.0,4.0,,0.0,0.0,1.0,1.0,4.0,6
101290,1.0,1,1,,0.0,0.0,0.0,1.0,0.0,,0.0,0.0,1.0,0.0,0.0,1
101291,3.0,14,12,4.0,2.0,3.0,1.0,4.0,0.0,3.0,2.0,2.0,1.0,4.0,0.0,14
101292,4.0,12,13,3.0,1.0,,1.0,4.0,3.0,3.0,1.0,0.0,1.0,4.0,4.0,13
101293,4.0,10,10,3.0,2.0,,1.0,4.0,0.0,3.0,2.0,,1.0,4.0,0.0,10
101294,1.0,8,6,,2.0,1.0,0.0,2.0,3.0,,1.0,1.0,0.0,1.0,3.0,8
101295,2.0,10,9,3.0,1.0,1.0,1.0,4.0,0.0,3.0,1.0,0.0,1.0,3.0,1.0,10
101296,4.0,8,4,4.0,0.0,,1.0,3.0,0.0,0.0,1.0,,0.0,3.0,0.0,8
101297,3.0,5,4,1.0,0.0,0.0,0.0,4.0,0.0,,0.0,0.0,0.0,4.0,0.0,5
101298,1.0,10,6,4.0,1.0,3.0,1.0,0.0,1.0,,1.0,3.0,1.0,0.0,1.0,10
101299,4.0,2,1,,1.0,,0.0,1.0,0.0,,0.0,,0.0,1.0,0.0,2
101300,3.0,10,7,3.0,1.0,1.0,1.0,4.0,0.0,3.0,1.0,0.0,0.0,3.0,0.0,10
101301,1.0,4,3,,1.0,,1.0,0.0,2.0,,1.0,,0.0,0.0,2.0,4
101302,3.0,3,2,,0.0,,1.0,2.0,0.0,,0.0,0.0,0.0,2.0,0.0,3
101303,1.0,4,5,,0.0,,0.0,0.0,4.0,,0.0,,1.0,0.0,4.0,5
101304,3.0,1,1,,0.0,0.0,1.0,0.0,0.0,,0.0,0.0,1.0,0.0,0.0,1
101305,2.0,7,4,,2.0,,1.0,4.0,0.0,,3.0,,1.0,0.0,0.0,7
101306,1.0,1,0,,0.0,,0.0,1.0,0.0,,0.0,,0.0,0.0,0.0,1
101307,3.0,8,9,,2.0,3.0,,,3.0,,2.0,4.0,,,3.0,9
101308,3.0,11,10,3.0,0.0,,0.0,4.0,4.0,3.0,0.0,0.0,0.0,3.0,4.0,11
101309,2.0,9,11,2.0,1.0,,1.0,4.0,1.0,3.0,1.0,0.0,1.0,4.0,2.0,11
101310,1.0,3,4,,0.0,,0.0,1.0,2.0,2.0,0.0,,0.0,0.0,2.0,4
101311,3.0,3,1,,0.0,0.0,1.0,1.0,1.0,,0.0,0.0,0.0,1.0,0.0,3
101312,4.0,4,3,,1.0,2.0,1.0,0.0,0.0,,0.0,2.0,1.0,0.0,0.0,4
101313,3.0,7,6,2.0,0.0,,1.0,4.0,0.0,3.0,0.0,,0.0,3.0,0.0,7
101314,3.0,9,10,4.0,0.0,,1.0,3.0,1.0,4.0,0.0,,1.0,3.0,2.0,10
101315,4.0,5,3,1.0,0.0,0.0,1.0,3.0,0.0,,0.0,0.0,1.0,2.0,0.0,5
101316,4.0,6,7,1.0,0.0,,1.0,4.0,0.0,2.0,1.0,,0.0,4.0,0.0,7
101317,3.0,0,1,,0.0,0.0,,,0.0,,1.0,0.0,,,0.0,1
101318,3.0,9,6,3.0,2.0,,0.0,4.0,0.0,0.0,2.0,,1.0,3.0,0.0,9
101319,3.0,1,2,,0.0,0.0,1.0,0.0,0.0,,0.0,0.0,1.0,1.0,0.0,2
101320,1.0,0,2,,0.0,,0.0,0.0,0.0,,0.0,1.0,0.0,0.0,1.0,2
101321,1.0,8,8,2.0,2.0,0.0,1.0,3.0,0.0,2.0,2.0,0.0,1.0,3.0,0.0,8
101322,4.0,6,6,1.0,0.0,,0.0,3.0,2.0,1.0,0.0,,1.0,3.0,1.0,6
101323,3.0,1,1,,0.0,,1.0,0.0,0.0,,0.0,,1.0,0.0,0.0,1
101324,3.0,5,4,,0.0,0.0,1.0,0.0,4.0,,0.0,0.0,1.0,0.0,3.0,5
101325,1.0,1,0,,0.0,0.0,0.0,1.0,0.0,,0.0,0.0,0.0,0.0,0.0,1
101326,3.0,9,9,,1.0,4.0,1.0,0.0,3.0,,0.0,4.0,1.0,0.0,4.0,9
101327,4.0,12,10,3.0,2.0,,1.0,4.0,2.0,3.0,1.0,,1.0,3.0,2.0,12
101328,4.0,3,4,0.0,0.0,0.0,0.0,3.0,0.0,1.0,0.0,0.0,0.0,3.0,0.0,4
101329,3.0,8,3,2.0,0.0,2.0,1.0,3.0,0.0,2.0,0.0,1.0,0.0,0.0,0.0,8
101330,1.0,1,2,,0.0,0.0,0.0,1.0,0.0,,0.0,0.0,1.0,1.0,0.0,2
101331,4.0,7,6,2.0,0.0,,1.0,4.0,0.0,2.0,0.0,,1.0,3.0,0.0,7
101332,4.0,2,0,,0.0,,0.0,2.0,0.0,,0.0,,0.0,0.0,0.0,2
101333,3.0,9,4,3.0,0.0,,1.0,3.0,2.0,,0.0,,0.0,3.0,1.0,9
101334,4.0,1,0,,0.0,,1.0,0.0,0.0,,0.0,,0.0,0.0,0.0,1
101335,1.0,9,9,4.0,0.0,,1.0,4.0,0.0,1.0,1.0,,1.0,3.0,3.0,9
101336,4.0,0,0,,0.0,,0.0,0.0,0.0,,0.0,,0.0,0.0,0.0,0
101337,1.0,3,3,,0.0,0.0,1.0,0.0,2.0,,0.0,0.0,1.0,0.0,2.0,3
101338,2.0,8,1,2.0,1.0,,1.0,4.0,0.0,,0.0,,1.0,0.0,0.0,8
101339,2.0,7,2,1.0,0.0,,1.0,4.0,1.0,,0.0,,1.0,0.0,1.0,7
101340,4.0,6,5,1.0,0.0,,1.0,4.0,0.0,0.0,0.0,0.0,1.0,4.0,0.0,6
101341,3.0,1,1,,0.0,0.0,1.0,0.0,0.0,,0.0,0.0,1.0,0.0,0.0,1
101342,4.0,1,2,,0.0,,0.0,1.0,0.0,,0.0,,1.0,1.0,0.0,2
101343,1.0,2,2,,0.0,,1.0,0.0,1.0,,0.0,,1.0,0.0,1.0,2
101344,3.0,6,6,,1.0,1.0,1.0,0.0,3.0,,1.0,1.0,1.0,0.0,3.0,6
101345,4.0,6,6,2.0,0.0,,1.0,3.0,0.0,2.0,0.0,,1.0,3.0,0.0,6
101346,2.0,7,2,1.0,1.0,0.0,1.0,4.0,0.0,,1.0,0.0,1.0,0.0,0.0,7
101347,2.0,7,2,2.0,0.0,,1.0,4.0,0.0,,1.0,,1.0,0.0,0.0,7
101348,4.0,2,1,,0.0,0.0,1.0,1.0,0.0,,0.0,0.0,0.0,1.0,0.0,2
101349,4.0,10,12,3.0,2.0,0.0,1.0,4.0,0.0,3.0,2.0,0.0,1.0,3.0,3.0,12
101350,2.0,10,9,3.0,2.0,,1.0,3.0,1.0,3.0,1.0,,1.0,2.0,2.0,10
101351,2.0,9,4,2.0,2.0,,1.0,4.0,0.0,2.0,2.0,,0.0,0.0,0.0,9
101352,3.0,12,11,4.0,0.0,0.0,1.0,4.0,3.0,4.0,0.0,0.0,1.0,4.0,2.0,12
101353,3.0,6,15,,0.0,2.0,1.0,0.0,3.0,4.0,0.0,2.0,1.0,4.0,4.0,15
101354,4.0,2,2,,0.0,,1.0,0.0,1.0,,0.0,,1.0,0.0,1.0,2
101355,3.0,11,4,4.0,1.0,,1.0,4.0,1.0,,1.0,,1.0,2.0,0.0,11
101356,1.0,3,2,,0.0,,1.0,0.0,2.0,,0.0,,0.0,0.0,2.0,3
101357,2.0,4,3,,2.0,,1.0,1.0,0.0,,2.0,0.0,1.0,0.0,0.0,4
101358,3.0,10,19,,3.0,3.0,1.0,3.0,0.0,4.0,3.0,3.0,1.0,4.0,4.0,19
101359,2.0,9,6,4.0,0.0,,1.0,4.0,0.0,3.0,1.0,,1.0,0.0,1.0,9
101360,3.0,5,2,3.0,,,0.0,2.0,0.0,,0.0,,0.0,2.0,0.0,5
101361,1.0,5,3,2.0,0.0,0.0,1.0,2.0,0.0,2.0,0.0,0.0,1.0,0.0,0.0,5
101362,4.0,10,5,2.0,0.0,3.0,1.0,4.0,0.0,,0.0,4.0,1.0,0.0,0.0,10
101363,2.0,6,3,2.0,0.0,0.0,1.0,2.0,1.0,,0.0,0.0,1.0,1.0,1.0,6
101364,4.0,3,2,,0.0,,1.0,2.0,0.0,,0.0,,0.0,2.0,0.0,3
101365,1.0,3,3,,0.0,0.0,1.0,0.0,2.0,,0.0,0.0,1.0,0.0,2.0,3
101366,3.0,5,5,,2.0,,1.0,2.0,0.0,,2.0,,1.0,2.0,0.0,5
101367,4.0,5,0,2.0,0.0,,1.0,2.0,0.0,,0.0,,0.0,0.0,0.0,5
101368,4.0,2,1,,0.0,,1.0,1.0,0.0,,0.0,,1.0,0.0,0.0,2
101369,3.0,3,3,,2.0,0.0,1.0,0.0,0.0,,2.0,0.0,1.0,0.0,0.0,3
101370,2.0,10,4,3.0,1.0,,1.0,4.0,1.0,,1.0,,1.0,0.0,2.0,10
101371,4.0,6,6,1.0,0.0,,1.0,3.0,1.0,2.0,0.0,,1.0,3.0,0.0,6
101372,2.0,7,6,,1.0,,1.0,4.0,1.0,,1.0,,1.0,3.0,1.0,7
101373,1.0,1,1,,0.0,,1.0,0.0,0.0,,,,1.0,0.0,0.0,1
101374,3.0,9,13,,3.0,2.0,1.0,1.0,2.0,2.0,3.0,2.0,1.0,3.0,2.0,13
101375,4.0,4,2,0.0,0.0,,0.0,4.0,0.0,0.0,0.0,,0.0,2.0,0.0,4
101376,4.0,1,2,,0.0,,0.0,1.0,0.0,,1.0,,0.0,1.0,0.0,2
101377,3.0,8,7,3.0,0.0,,1.0,3.0,1.0,3.0,0.0,0.0,1.0,3.0,0.0,8
101378,3.0,9,8,2.0,0.0,,1.0,4.0,2.0,1.0,1.0,,1.0,4.0,1.0,9
101379,3.0,5,1,0.0,,0.0,1.0,4.0,0.0,,,0.0,0.0,1.0,0.0,5
101380,3.0,0,0,,0.0,,0.0,0.0,0.0,,0.0,,0.0,0.0,0.0,0
101381,3.0,6,5,,,,1.0,1.0,4.0,,0.0,,1.0,0.0,4.0,6
101382,3.0,11,12,3.0,2.0,1.0,1.0,4.0,0.0,4.0,2.0,2.0,1.0,3.0,0.0,12
101383,2.0,12,17,4.0,2.0,0.0,1.0,4.0,1.0,4.0,2.0,2.0,1.0,4.0,4.0,17
101384,3.0,1,2,,0.0,0.0,1.0,0.0,0.0,,1.0,0.0,1.0,0.0,0.0,2
101385,4.0,1,2,,0.0,,0.0,1.0,0.0,,0.0,,1.0,1.0,0.0,2
101386,4.0,6,6,,1.0,1.0,1.0,3.0,0.0,,1.0,1.0,1.0,3.0,0.0,6
101387,3.0,14,11,4.0,2.0,3.0,1.0,3.0,1.0,3.0,0.0,4.0,1.0,3.0,0.0,14
101388,4.0,3,4,,0.0,0.0,0.0,3.0,0.0,2.0,0.0,0.0,0.0,2.0,0.0,4
101389,3.0,8,8,3.0,1.0,0.0,1.0,3.0,0.0,2.0,2.0,0.0,1.0,3.0,0.0,8
101390,1.0,11,7,4.0,2.0,0.0,1.0,4.0,0.0,2.0,1.0,0.0,1.0,3.0,0.0,11
101391,3.0,3,1,,0.0,,1.0,1.0,1.0,,0.0,,0.0,1.0,0.0,3
101392,4.0,8,5,2.0,0.0,0.0,1.0,4.0,1.0,0.0,0.0,0.0,1.0,4.0,0.0,8
101393,2.0,9,2,3.0,1.0,,1.0,4.0,0.0,,1.0,,1.0,0.0,0.0,9
101394,3.0,5,4,,0.0,0.0,1.0,2.0,2.0,,0.0,0.0,1.0,1.0,2.0,5
101395,2.0,8,4,1.0,2.0,,1.0,4.0,0.0,,2.0,,1.0,0.0,1.0,8
101396,1.0,6,4,,0.0,,1.0,1.0,4.0,,,,1.0,0.0,3.0,6
101397,4.0,4,2,0.0,0.0,,1.0,3.0,0.0,,0.0,,1.0,1.0,0.0,4
101398,4.0,5,3,2.0,0.0,,1.0,2.0,0.0,2.0,0.0,,1.0,0.0,0.0,5
101399,4.0,15,11,3.0,2.0,3.0,1.0,4.0,2.0,2.0,2.0,2.0,0.0,3.0,2.0,15
101400,4.0,5,5,0.0,,,1.0,4.0,0.0,1.0,0.0,,1.0,3.0,0.0,5
101401,1.0,0,2,,0.0,0.0,0.0,0.0,0.0,,1.0,0.0,1.0,0.0,0.0,2
101402,3.0,6,8,,3.0,1.0,1.0,0.0,1.0,,3.0,2.0,0.0,3.0,0.0,8
101403,4.0,9,8,3.0,0.0,1.0,1.0,4.0,0.0,3.0,0.0,1.0,1.0,3.0,0.0,9
101404,2.0,8,2,2.0,1.0,,1.0,4.0,0.0,,1.0,,1.0,0.0,0.0,8
101405,3.0,3,1,,0.0,0.0,0.0,3.0,0.0,,0.0,0.0,1.0,0.0,0.0,3
101406,2.0,10,2,4.0,1.0,,1.0,4.0,0.0,,1.0,,1.0,0.0,0.0,10
101407,4.0,5,1,,1.0,1.0,1.0,2.0,0.0,,1.0,0.0,0.0,0.0,0.0,5
101408,4.0,5,0,1.0,0.0,,1.0,3.0,0.0,,0.0,,0.0,0.0,0.0,5
101409,2.0,7,4,2.0,0.0,,1.0,4.0,0.0,1.0,0.0,,1.0,2.0,0.0,7
101410,4.0,6,5,1.0,0.0,0.0,1.0,4.0,0.0,2.0,0.0,0.0,0.0,3.0,0.0,6
101411,1.0,1,2,,0.0,,0.0,0.0,1.0,,0.0,,1.0,0.0,1.0,2
101412,3.0,7,3,,0.0,,1.0,3.0,3.0,,1.0,,1.0,1.0,0.0,7
101413,4.0,3,2,,3.0,,0.0,0.0,0.0,,1.0,,1.0,0.0,0.0,3
101414,3.0,1,1,,0.0,,1.0,0.0,0.0,,0.0,,1.0,0.0,0.0,1
101415,4.0,6,7,2.0,0.0,,1.0,3.0,0.0,3.0,0.0,,1.0,3.0,0.0,7
101416,3.0,5,4,,2.0,2.0,1.0,0.0,0.0,,2.0,2.0,0.0,0.0,0.0,5
101417,1.0,13,9,4.0,0.0,,1.0,4.0,4.0,2.0,0.0,,1.0,3.0,3.0,13
101418,3.0,2,2,,1.0,0.0,1.0,0.0,0.0,,1.0,0.0,1.0,0.0,0.0,2
101419,4.0,7,5,2.0,0.0,,1.0,4.0,0.0,2.0,0.0,,0.0,3.0,0.0,7
101420,3.0,5,3,,0.0,,1.0,2.0,2.0,,0.0,,1.0,1.0,1.0,5
101421,3.0,5,4,,0.0,0.0,1.0,2.0,2.0,,0.0,0.0,0.0,2.0,2.0,5
101422,3.0,1,10,,0.0,,1.0,0.0,0.0,4.0,0.0,,1.0,4.0,1.0,10
101423,3.0,6,2,1.0,0.0,,1.0,4.0,0.0,,0.0,,1.0,1.0,0.0,6
101424,4.0,6,4,0.0,1.0,0.0,1.0,4.0,0.0,0.0,,0.0,1.0,3.0,0.0,6
101425,2.0,8,1,2.0,1.0,,1.0,4.0,0.0,,0.0,,1.0,0.0,0.0,8
101426,4.0,2,2,,0.0,0.0,1.0,1.0,0.0,,0.0,0.0,1.0,1.0,0.0,2
101427,2.0,9,8,2.0,1.0,1.0,1.0,4.0,0.0,3.0,2.0,1.0,1.0,0.0,1.0,9
101428,3.0,6,5,,1.0,0.0,1.0,0.0,4.0,,1.0,0.0,0.0,0.0,4.0,6
101429,4.0,1,1,,0.0,,0.0,1.0,0.0,,0.0,,0.0,1.0,0.0,1
101430,4.0,9,1,2.0,0.0,,1.0,4.0,2.0,,0.0,,0.0,0.0,1.0,9
101431,2.0,11,3,4.0,2.0,,1.0,4.0,0.0,,3.0,,0.0,0.0,0.0,11
101432,3.0,5,2,3.0,0.0,,0.0,2.0,0.0,1.0,0.0,,0.0,1.0,0.0,5
101433,1.0,11,10,4.0,1.0,0.0,1.0,4.0,1.0,3.0,2.0,0.0,1.0,3.0,1.0,11
101434,1.0,1,1,,,,1.0,0.0,0.0,,,,1.0,0.0,,1
101435,3.0,11,11,2.0,0.0,4.0,1.0,3.0,1.0,2.0,0.0,4.0,1.0,3.0,1.0,11
101436,2.0,8,3,2.0,0.0,,1.0,4.0,1.0,,0.0,,1.0,0.0,2.0,8
101437,2.0,8,1,3.0,0.0,,1.0,4.0,0.0,,0.0,,1.0,0.0,0.0,8
101438,2.0,10,5,3.0,2.0,,1.0,4.0,0.0,2.0,2.0,,1.0,0.0,0.0,10
101439,3.0,7,7,,2.0,,1.0,0.0,4.0,,1.0,,1.0,1.0,4.0,7
101440,1.0,4,7,,0.0,,1.0,1.0,2.0,2.0,0.0,,1.0,1.0,3.0,7
101441,2.0,7,4,,2.0,,1.0,4.0,0.0,2.0,1.0,,0.0,1.0,0.0,7
101442,2.0,2,2,,0.0,,1.0,0.0,1.0,,0.0,,1.0,0.0,1.0,2
101443,3.0,1,2,,0.0,,1.0,0.0,0.0,,0.0,,1.0,1.0,0.0,2
101444,2.0,5,5,0.0,0.0,0.0,1.0,4.0,0.0,2.0,0.0,0.0,1.0,2.0,0.0,5
101445,3.0,3,2,,0.0,0.0,0.0,3.0,0.0,,0.0,0.0,0.0,2.0,0.0,3
101446,3.0,6,6,2.0,0.0,0.0,1.0,3.0,0.0,2.0,0.0,0.0,1.0,3.0,0.0,6
101447,4.0,7,1,3.0,0.0,0.0,0.0,4.0,0.0,,1.0,0.0,0.0,0.0,0.0,7
101448,2.0,6,1,3.0,0.0,,1.0,2.0,0.0,,0.0,,1.0,0.0,0.0,6
101449,1.0,4,4,,0.0,0.0,0.0,0.0,4.0,,0.0,0.0,0.0,0.0,4.0,4
101450,3.0,3,2,,1.0,,0.0,2.0,0.0,,1.0,,0.0,1.0,0.0,3
101451,4.0,8,7,3.0,0.0,0.0,1.0,3.0,1.0,2.0,0.0,0.0,1.0,3.0,1.0,8
101452,3.0,0,0,,0.0,0.0,0.0,0.0,0.0,,0.0,0.0,0.0,0.0,0.0,0
101453,3.0,4,4,,2.0,0.0,1.0,1.0,0.0,,2.0,0.0,1.0,1.0,0.0,4
101454,3.0,7,1,3.0,0.0,,1.0,3.0,0.0,,0.0,,1.0,0.0,0.0,7
101455,3.0,6,5,,3.0,2.0,1.0,0.0,0.0,,3.0,1.0,1.0,0.0,0.0,6
101456,4.0,1,6,,0.0,,1.0,0.0,0.0,3.0,0.0,,0.0,3.0,0.0,6
101457,3.0,6,0,3.0,0.0,,1.0,2.0,0.0,,0.0,,0.0,0.0,0.0,6
101458,2.0,9,2,3.0,1.0,,1.0,4.0,0.0,,1.0,,1.0,0.0,0.0,9
101459,3.0,5,2,2.0,0.0,0.0,1.0,2.0,0.0,,0.0,0.0,1.0,1.0,0.0,5
101460,1.0,8,7,4.0,0.0,0.0,1.0,3.0,0.0,3.0,0.0,0.0,1.0,3.0,0.0,8
101461,4.0,2,1,,1.0,0.0,0.0,1.0,0.0,,1.0,0.0,0.0,0.0,0.0,2
101462,3.0,3,3,,,,1.0,2.0,0.0,,,,1.0,2.0,0.0,3
101463,3.0,1,1,,0.0,0.0,1.0,0.0,0.0,,0.0,0.0,1.0,0.0,0.0,1
101464,2.0,13,13,4.0,1.0,2.0,1.0,4.0,1.0,4.0,1.0,2.0,1.0,4.0,1.0,13
101465,3.0,10,9,2.0,1.0,0.0,1.0,4.0,2.0,2.0,1.0,0.0,1.0,3.0,2.0,10
101466,4.0,8,0,4.0,0.0,,0.0,4.0,0.0,,0.0,,0.0,0.0,0.0,8
101467,4.0,3,5,,0.0,,0.0,0.0,3.0,,0.0,,1.0,0.0,4.0,5
101468,4.0,3,2,,0.0,0.0,0.0,3.0,0.0,,0.0,0.0,0.0,2.0,0.0,3
101469,4.0,3,2,,0.0,,0.0,3.0,0.0,,0.0,,1.0,1.0,0.0,3
101470,3.0,8,7,,2.0,0.0,1.0,1.0,4.0,,2.0,0.0,1.0,1.0,3.0,8
101471,4.0,15,14,4.0,2.0,,1.0,4.0,4.0,3.0,2.0,,1.0,4.0,4.0,15
101472,3.0,3,2,,1.0,0.0,0.0,2.0,0.0,,0.0,0.0,0.0,2.0,0.0,3
101473,1.0,7,5,2.0,1.0,,1.0,3.0,0.0,2.0,1.0,,1.0,1.0,0.0,7
101474,3.0,8,7,,2.0,4.0,1.0,1.0,0.0,,2.0,4.0,1.0,0.0,0.0,8
101475,3.0,12,6,4.0,2.0,2.0,1.0,3.0,0.0,1.0,0.0,2.0,0.0,3.0,0.0,12
101476,1.0,9,11,3.0,0.0,,1.0,3.0,2.0,2.0,0.0,0.0,1.0,4.0,4.0,11
101477,3.0,7,7,,4.0,2.0,1.0,0.0,0.0,,4.0,3.0,0.0,0.0,0.0,7
101478,1.0,11,4,4.0,0.0,,1.0,3.0,3.0,,0.0,0.0,1.0,0.0,3.0,11
101479,3.0,9,9,,1.0,0.0,1.0,4.0,3.0,1.0,1.0,0.0,1.0,3.0,3.0,9
101480,3.0,6,6,2.0,0.0,0.0,1.0,3.0,0.0,3.0,0.0,0.0,1.0,2.0,0.0,6
101481,2.0,5,3,0.0,2.0,,1.0,2.0,0.0,,2.0,,1.0,0.0,0.0,5
101482,4.0,6,0,3.0,0.0,0.0,0.0,2.0,1.0,,0.0,0.0,0.0,0.0,0.0,6
101483,3.0,8,8,3.0,0.0,0.0,1.0,4.0,0.0,4.0,1.0,0.0,1.0,2.0,0.0,8
101484,3.0,11,11,,4.0,4.0,1.0,0.0,2.0,,3.0,4.0,1.0,1.0,2.0,11
101485,3.0,2,3,,,,1.0,1.0,0.0,,,,1.0,2.0,0.0,3
101486,3.0,6,5,,1.0,3.0,0.0,0.0,2.0,,1.0,2.0,0.0,0.0,2.0,6
101487,3.0,11,12,4.0,1.0,0.0,1.0,3.0,2.0,4.0,2.0,1.0,1.0,3.0,1.0,12
101488,3.0,3,0,,0.0,0.0,0.0,3.0,0.0,,0.0,0.0,0.0,0.0,0.0,3
101489,1.0,1,1,,0.0,1.0,0.0,0.0,0.0,,0.0,1.0,0.0,0.0,0.0,1
101490,4.0,3,1,,,,1.0,2.0,0.0,,,,0.0,1.0,0.0,3
101491,3.0,4,3,,1.0,,1.0,2.0,0.0,,2.0,0.0,0.0,1.0,0.0,4
101492,4.0,4,3,,0.0,,1.0,3.0,0.0,,0.0,,1.0,2.0,0.0,4
101493,4.0,8,0,3.0,0.0,,1.0,4.0,0.0,,0.0,,0.0,0.0,0.0,8
101494,4.0,8,8,3.0,0.0,,1.0,4.0,0.0,3.0,1.0,,1.0,3.0,0.0,8
101495,3.0,3,2,,0.0,1.0,,,2.0,,0.0,0.0,,,2.0,3
101496,3.0,5,4,,0.0,,1.0,3.0,1.0,,0.0,,0.0,3.0,1.0,5
101497,3.0,10,8,4.0,0.0,,1.0,3.0,2.0,3.0,0.0,0.0,1.0,3.0,1.0,10
101498,3.0,6,3,3.0,0.0,,0.0,3.0,0.0,,,,1.0,2.0,0.0,6
101499,3.0,9,8,3.0,2.0,,1.0,3.0,0.0,3.0,2.0,,1.0,2.0,0.0,9
101500,3.0,8,7,4.0,0.0,,1.0,3.0,0.0,2.0,0.0,,1.0,4.0,0.0,8
101501,2.0,1,1,,0.0,0.0,1.0,0.0,0.0,,,0.0,1.0,0.0,0.0,1
101502,1.0,8,6,4.0,0.0,,1.0,3.0,0.0,3.0,0.0,,1.0,2.0,0.0,8
101503,3.0,10,2,3.0,1.0,,1.0,4.0,1.0,,1.0,0.0,0.0,1.0,0.0,10
101504,4.0,3,3,,0.0,,0.0,0.0,3.0,,0.0,0.0,0.0,0.0,3.0,3
101505,2.0,10,3,3.0,2.0,,1.0,4.0,0.0,,2.0,,1.0,0.0,0.0,10
101506,2.0,3,3,,,,1.0,2.0,0.0,2.0,0.0,,1.0,0.0,0.0,3
101507,4.0,8,5,2.0,0.0,0.0,1.0,4.0,1.0,2.0,,0.0,0.0,2.0,1.0,8
101508,4.0,5,1,0.0,0.0,,1.0,4.0,0.0,,0.0,,0.0,1.0,0.0,5
101509,2.0,4,5,2.0,0.0,,0.0,2.0,0.0,2.0,0.0,0.0,0.0,3.0,0.0,5
101510,2.0,9,6,3.0,1.0,,1.0,4.0,0.0,2.0,1.0,,1.0,2.0,0.0,9
101511,4.0,9,7,2.0,1.0,1.0,1.0,4.0,0.0,3.0,0.0,0.0,1.0,3.0,0.0,9
101512,3.0,2,1,,0.0,0.0,1.0,0.0,1.0,,0.0,0.0,1.0,0.0,0.0,2
101513,1.0,1,1,,0.0,0.0,1.0,0.0,0.0,,0.0,0.0,1.0,0.0,0.0,1
101514,1.0,3,1,,1.0,0.0,1.0,0.0,1.0,,0.0,0.0,0.0,0.0,1.0,3
101515,4.0,3,4,,0.0,,1.0,2.0,0.0,2.0,0.0,,1.0,1.0,0.0,4
101516,1.0,5,1,2.0,0.0,0.0,1.0,2.0,0.0,,0.0,0.0,0.0,1.0,0.0,5
101517,2.0,11,6,2.0,0.0,,1.0,4.0,4.0,,1.0,,1.0,0.0,4.0,11
101518,2.0,6,2,,1.0,,1.0,4.0,0.0,,1.0,,1.0,0.0,0.0,6
101519,3.0,5,10,2.0,1.0,,0.0,2.0,0.0,3.0,1.0,2.0,1.0,3.0,0.0,10
101520,4.0,10,3,2.0,1.0,2.0,1.0,4.0,0.0,,0.0,2.0,0.0,1.0,0.0,10
101521,3.0,5,7,2.0,0.0,,0.0,3.0,0.0,2.0,0.0,,1.0,3.0,1.0,7
101522,2.0,7,5,2.0,1.0,,1.0,2.0,1.0,2.0,1.0,,1.0,0.0,1.0,7
101523,4.0,10,10,3.0,1.0,,1.0,3.0,2.0,3.0,1.0,,1.0,3.0,2.0,10
101524,3.0,9,4,4.0,0.0,0.0,1.0,4.0,0.0,1.0,0.0,0.0,1.0,2.0,0.0,9
101525,2.0,8,4,,2.0,,1.0,4.0,1.0,,1.0,,1.0,0.0,2.0,8
101526,1.0,1,1,,0.0,0.0,1.0,0.0,0.0,,0.0,0.0,1.0,0.0,0.0,1
101527,2.0,10,1,3.0,2.0,0.0,1.0,4.0,0.0,,1.0,0.0,0.0,0.0,0.0,10
101528,2.0,0,0,,,,,,,,,,,,,0
101529,4.0,9,2,3.0,1.0,,1.0,4.0,0.0,,1.0,,0.0,1.0,0.0,9
101530,3.0,1,0,,0.0,,0.0,1.0,0.0,,0.0,,0.0,0.0,0.0,1
101531,2.0,9,2,2.0,2.0,,1.0,4.0,0.0,,1.0,,1.0,0.0,0.0,9
101532,1.0,3,2,,1.0,0.0,1.0,0.0,1.0,,0.0,0.0,1.0,0.0,1.0,3
101533,4.0,12,11,3.0,2.0,3.0,0.0,3.0,1.0,3.0,2.0,2.0,0.0,3.0,1.0,12
101534,1.0,2,2,,1.0,,0.0,1.0,0.0,,0.0,,1.0,1.0,0.0,2
101535,4.0,1,1,,0.0,,0.0,1.0,0.0,,0.0,,0.0,1.0,0.0,1
101536,4.0,9,10,4.0,2.0,1.0,1.0,0.0,1.0,3.0,2.0,1.0,1.0,2.0,1.0,10
101537,3.0,0,1,,0.0,0.0,0.0,0.0,0.0,,0.0,0.0,0.0,0.0,1.0,1
101538,2.0,6,2,,1.0,,1.0,4.0,0.0,,1.0,,1.0,0.0,0.0,6
101539,1.0,1,1,,0.0,0.0,1.0,0.0,0.0,,0.0,0.0,1.0,0.0,0.0,1
101540,4.0,1,2,,0.0,,1.0,0.0,0.0,,1.0,,1.0,0.0,0.0,2
101541,2.0,5,3,3.0,1.0,,1.0,0.0,0.0,,2.0,,1.0,0.0,0.0,5
101542,2.0,9,5,2.0,2.0,,1.0,4.0,0.0,2.0,1.0,,1.0,1.0,0.0,9
101543,2.0,8,1,2.0,0.0,,1.0,4.0,1.0,,0.0,,0.0,0.0,1.0,8
101544,3.0,2,2,,1.0,0.0,1.0,0.0,0.0,,1.0,0.0,1.0,0.0,0.0,2
101545,4.0,6,0,3.0,0.0,0.0,0.0,3.0,0.0,,0.0,0.0,0.0,0.0,0.0,6
101546,2.0,11,8,4.0,1.0,1.0,1.0,4.0,0.0,3.0,2.0,1.0,0.0,2.0,0.0,11
101547,2.0,7,1,1.0,1.0,,1.0,4.0,0.0,,0.0,,1.0,0.0,0.0,7
101548,3.0,7,5,2.0,0.0,0.0,0.0,3.0,2.0,,,0.0,1.0,4.0,,7
101549,3.0,19,19,4.0,2.0,4.0,1.0,4.0,4.0,4.0,2.0,4.0,1.0,4.0,4.0,19
101550,4.0,9,6,3.0,1.0,0.0,1.0,4.0,0.0,2.0,1.0,0.0,0.0,3.0,0.0,9
101551,4.0,10,6,0.0,1.0,3.0,1.0,3.0,2.0,,0.0,3.0,1.0,0.0,2.0,10
101552,3.0,3,2,,0.0,,1.0,2.0,0.0,,0.0,,1.0,1.0,0.0,3
101553,4.0,4,4,0.0,0.0,,0.0,4.0,0.0,0.0,0.0,,1.0,3.0,0.0,4
101554,3.0,6,5,2.0,0.0,,1.0,3.0,0.0,2.0,0.0,,1.0,2.0,0.0,6
101555,4.0,2,2,,0.0,,1.0,1.0,0.0,,0.0,,1.0,1.0,0.0,2
101556,4.0,0,0,,0.0,,0.0,0.0,0.0,,0.0,,0.0,0.0,0.0,0
101557,4.0,7,2,2.0,0.0,1.0,0.0,2.0,2.0,,0.0,0.0,0.0,0.0,2.0,7
101558,2.0,9,8,2.0,2.0,,1.0,4.0,0.0,2.0,3.0,,1.0,2.0,0.0,9
101559,4.0,6,8,2.0,0.0,,1.0,3.0,0.0,4.0,0.0,,0.0,4.0,0.0,8
101560,2.0,10,4,3.0,2.0,,1.0,4.0,0.0,,2.0,,1.0,0.0,1.0,10
101561,1.0,2,6,,0.0,0.0,1.0,0.0,1.0,4.0,1.0,0.0,1.0,0.0,0.0,6
101562,3.0,4,3,,,,1.0,3.0,0.0,,,,1.0,2.0,0.0,4
101563,1.0,3,10,,1.0,,1.0,1.0,0.0,4.0,1.0,,1.0,4.0,0.0,10
101564,1.0,1,1,,0.0,,0.0,1.0,0.0,,0.0,,1.0,0.0,0.0,1
101565,3.0,3,1,,0.0,,1.0,1.0,1.0,,0.0,,1.0,0.0,0.0,3
101566,3.0,7,5,4.0,0.0,,0.0,3.0,0.0,3.0,0.0,,0.0,2.0,0.0,7
101567,2.0,10,2,4.0,1.0,,1.0,4.0,0.0,,1.0,,1.0,0.0,0.0,10
101568,4.0,3,2,,2.0,0.0,0.0,1.0,0.0,,1.0,0.0,0.0,1.0,0.0,3
101569,3.0,1,0,,0.0,0.0,1.0,0.0,0.0,,0.0,0.0,0.0,0.0,0.0,1
101570,3.0,3,4,,1.0,,1.0,0.0,1.0,,1.0,,1.0,1.0,1.0,4
101571,3.0,6,5,,1.0,3.0,1.0,1.0,0.0,,1.0,3.0,1.0,0.0,0.0,6
101572,2.0,9,7,3.0,1.0,,1.0,4.0,0.0,4.0,,,1.0,2.0,0.0,9
101573,4.0,7,6,3.0,0.0,0.0,1.0,3.0,0.0,2.0,0.0,0.0,1.0,3.0,0.0,7
101574,4.0,4,3,0.0,0.0,,0.0,4.0,0.0,0.0,0.0,,0.0,3.0,0.0,4
101575,3.0,10,12,2.0,1.0,,1.0,3.0,3.0,2.0,2.0,0.0,1.0,3.0,4.0,12
101576,3.0,14,14,4.0,2.0,2.0,1.0,4.0,1.0,4.0,2.0,2.0,1.0,4.0,1.0,14
101577,4.0,2,2,,0.0,,0.0,2.0,0.0,,0.0,,0.0,2.0,0.0,2
101578,1.0,1,2,,0.0,0.0,0.0,0.0,1.0,,0.0,0.0,1.0,0.0,1.0,2
101579,2.0,10,7,3.0,2.0,,1.0,4.0,0.0,2.0,2.0,,1.0,2.0,0.0,10
101580,3.0,6,4,2.0,0.0,,1.0,3.0,0.0,,0.0,,1.0,3.0,0.0,6
101581,2.0,4,1,1.0,0.0,,1.0,2.0,0.0,,0.0,0.0,0.0,0.0,1.0,4
101582,4.0,9,8,3.0,1.0,,1.0,4.0,0.0,3.0,1.0,,1.0,3.0,0.0,9
101583,3.0,2,0,,0.0,0.0,1.0,0.0,1.0,,,0.0,0.0,0.0,,2
101584,4.0,5,7,1.0,0.0,,1.0,3.0,0.0,2.0,1.0,,1.0,3.0,0.0,7
101585,3.0,10,9,4.0,1.0,0.0,1.0,3.0,1.0,3.0,1.0,0.0,1.0,3.0,1.0,10
101586,4.0,4,4,,0.0,,1.0,1.0,2.0,,1.0,,0.0,1.0,2.0,4
101587,4.0,3,3,,0.0,,1.0,2.0,0.0,,0.0,,1.0,2.0,0.0,3
101588,4.0,5,4,0.0,0.0,,1.0,4.0,0.0,,1.0,,0.0,3.0,0.0,5
101589,3.0,9,8,2.0,2.0,2.0,1.0,0.0,2.0,2.0,2.0,2.0,1.0,0.0,1.0,9
101590,1.0,1,2,,0.0,,1.0,0.0,0.0,,1.0,,1.0,0.0,0.0,2
101591,3.0,13,13,4.0,1.0,0.0,1.0,4.0,3.0,4.0,0.0,0.0,1.0,4.0,4.0,13
101592,4.0,5,4,,0.0,,1.0,2.0,2.0,,0.0,,1.0,0.0,3.0,5
101593,4.0,2,0,,0.0,0.0,1.0,1.0,0.0,,0.0,0.0,0.0,0.0,0.0,2
101594,4.0,5,3,0.0,0.0,,1.0,3.0,1.0,,0.0,,1.0,2.0,0.0,5
101595,3.0,8,10,2.0,2.0,,1.0,2.0,1.0,2.0,2.0,1.0,1.0,3.0,1.0,10
101596,2.0,5,1,0.0,0.0,,1.0,4.0,0.0,,0.0,,1.0,0.0,0.0,5
101597,3.0,3,3,,0.0,,1.0,1.0,1.0,,,,1.0,1.0,1.0,3
101598,3.0,8,8,3.0,0.0,0.0,1.0,3.0,1.0,3.0,0.0,0.0,1.0,3.0,1.0,8
101599,2.0,10,6,3.0,1.0,,1.0,4.0,1.0,,2.0,,1.0,1.0,2.0,10
101600,4.0,2,5,0.0,0.0,,0.0,2.0,0.0,0.0,0.0,,1.0,4.0,0.0,5
101601,3.0,7,6,,1.0,4.0,1.0,1.0,0.0,,0.0,4.0,0.0,2.0,0.0,7
101602,3.0,3,3,0.0,0.0,0.0,0.0,3.0,0.0,,0.0,0.0,0.0,3.0,0.0,3
101603,3.0,3,5,,2.0,0.0,1.0,0.0,0.0,,2.0,0.0,1.0,1.0,1.0,5
101604,2.0,13,13,4.0,2.0,2.0,1.0,4.0,0.0,4.0,2.0,2.0,1.0,4.0,0.0,13
101605,1.0,2,1,,0.0,0.0,1.0,0.0,1.0,,0.0,0.0,1.0,0.0,0.0,2
101606,2.0,3,6,,1.0,,0.0,2.0,0.0,,2.0,,1.0,3.0,0.0,6
101607,1.0,1,1,,0.0,0.0,0.0,1.0,0.0,,0.0,0.0,1.0,0.0,0.0,1
101608,3.0,3,4,,2.0,,1.0,0.0,0.0,,2.0,2.0,0.0,0.0,0.0,4
101609,4.0,1,2,,0.0,0.0,1.0,0.0,0.0,,0.0,0.0,1.0,1.0,0.0,2
101610,3.0,6,2,4.0,1.0,,1.0,0.0,0.0,,1.0,,1.0,0.0,0.0,6
101611,3.0,5,5,,0.0,0.0,1.0,0.0,4.0,,0.0,0.0,1.0,0.0,4.0,5
101612,3.0,11,12,2.0,0.0,0.0,1.0,4.0,4.0,3.0,0.0,0.0,1.0,4.0,4.0,12
101613,3.0,4,4,,0.0,0.0,1.0,1.0,2.0,,0.0,0.0,0.0,2.0,2.0,4
101614,3.0,11,16,,2.0,3.0,1.0,1.0,4.0,3.0,2.0,3.0,1.0,3.0,4.0,16
101615,1.0,2,2,,2.0,0.0,0.0,0.0,0.0,,2.0,0.0,0.0,0.0,0.0,2
101616,4.0,2,2,,0.0,,1.0,1.0,0.0,,,,1.0,1.0,,2
101617,4.0,8,5,4.0,0.0,,0.0,4.0,0.0,2.0,0.0,,0.0,3.0,0.0,8
101618,3.0,3,3,,1.0,,1.0,0.0,1.0,,1.0,,1.0,0.0,1.0,3
101619,3.0,6,2,2.0,0.0,0.0,1.0,2.0,1.0,,0.0,0.0,0.0,1.0,1.0,6
101620,2.0,8,1,3.0,0.0,,1.0,4.0,0.0,,0.0,,1.0,0.0,0.0,8
101621,3.0,10,8,3.0,2.0,0.0,1.0,4.0,0.0,3.0,1.0,0.0,0.0,4.0,0.0,10
101622,4.0,7,8,2.0,0.0,0.0,1.0,3.0,1.0,3.0,0.0,0.0,1.0,3.0,1.0,8
101623,3.0,3,4,,1.0,2.0,,,0.0,,2.0,2.0,,,0.0,4
101624,3.0,5,4,,0.0,,1.0,3.0,1.0,,0.0,,1.0,3.0,0.0,5
101625,2.0,7,1,2.0,0.0,,1.0,4.0,0.0,,0.0,,1.0,0.0,0.0,7
101626,3.0,13,11,4.0,3.0,2.0,0.0,4.0,0.0,3.0,2.0,2.0,0.0,4.0,0.0,13
101627,3.0,6,6,0.0,0.0,0.0,1.0,3.0,2.0,2.0,0.0,0.0,1.0,1.0,2.0,6
101628,2.0,5,7,,0.0,,1.0,4.0,0.0,,1.0,2.0,1.0,3.0,0.0,7
101629,4.0,0,0,,0.0,0.0,0.0,0.0,0.0,,0.0,0.0,0.0,0.0,0.0,0
101630,3.0,1,1,,0.0,0.0,1.0,0.0,0.0,,0.0,0.0,1.0,0.0,0.0,1
101631,2.0,8,8,3.0,0.0,,1.0,4.0,0.0,2.0,1.0,2.0,0.0,0.0,3.0,8
101632,2.0,1,2,,0.0,0.0,1.0,0.0,0.0,,1.0,0.0,1.0,0.0,0.0,2
101633,2.0,7,9,2.0,0.0,0.0,0.0,4.0,1.0,3.0,0.0,0.0,1.0,4.0,1.0,9
101634,3.0,3,3,,1.0,1.0,1.0,0.0,0.0,,1.0,1.0,1.0,0.0,0.0,3
101635,3.0,7,7,2.0,1.0,0.0,0.0,4.0,0.0,3.0,0.0,0.0,1.0,3.0,0.0,7
101636,4.0,6,6,1.0,1.0,,1.0,3.0,0.0,1.0,1.0,,1.0,3.0,0.0,6
101637,3.0,14,15,4.0,3.0,0.0,1.0,4.0,2.0,3.0,3.0,1.0,1.0,3.0,4.0,15
101638,4.0,7,6,2.0,,,1.0,4.0,0.0,1.0,0.0,,1.0,3.0,1.0,7
101639,2.0,7,8,2.0,0.0,,1.0,4.0,0.0,3.0,0.0,,1.0,4.0,0.0,8
101640,3.0,7,2,3.0,0.0,,1.0,3.0,0.0,2.0,0.0,0.0,0.0,0.0,0.0,7
101641,4.0,1,1,,0.0,,0.0,1.0,0.0,,0.0,,1.0,0.0,0.0,1
101642,3.0,7,6,3.0,0.0,0.0,0.0,4.0,0.0,2.0,0.0,0.0,1.0,3.0,0.0,7
101643,4.0,6,3,3.0,0.0,,0.0,3.0,0.0,,0.0,,0.0,3.0,0.0,6
101644,2.0,3,5,,0.0,,,,3.0,,0.0,2.0,,,3.0,5
101645,4.0,15,11,4.0,2.0,0.0,1.0,4.0,4.0,1.0,2.0,0.0,1.0,3.0,4.0,15
101646,1.0,1,1,,0.0,,1.0,0.0,0.0,,0.0,,1.0,0.0,0.0,1
101647,3.0,0,7,,,,,,,4.0,0.0,0.0,1.0,2.0,0.0,7
101648,4.0,5,7,,2.0,,1.0,0.0,2.0,,2.0,2.0,1.0,0.0,2.0,7
101649,2.0,10,5,3.0,2.0,,1.0,4.0,0.0,2.0,1.0,,1.0,1.0,0.0,10
101650,3.0,10,8,4.0,0.0,0.0,1.0,4.0,1.0,3.0,0.0,0.0,1.0,3.0,1.0,10
101651,2.0,7,6,2.0,0.0,,1.0,4.0,0.0,3.0,1.0,,1.0,0.0,1.0,7
101652,2.0,9,0,,4.0,,1.0,4.0,0.0,,,,,,,9
101653,1.0,2,4,,1.0,,0.0,0.0,1.0,,1.0,,1.0,1.0,1.0,4
101654,3.0,6,6,3.0,0.0,,1.0,2.0,0.0,3.0,0.0,0.0,1.0,2.0,0.0,6
101655,3.0,8,7,3.0,0.0,,1.0,3.0,1.0,2.0,0.0,,0.0,4.0,1.0,8
101656,3.0,4,7,,1.0,2.0,1.0,0.0,0.0,2.0,1.0,2.0,1.0,1.0,0.0,7
101657,4.0,7,6,1.0,1.0,,1.0,4.0,0.0,1.0,2.0,,1.0,2.0,0.0,7
101658,4.0,14,11,3.0,2.0,3.0,1.0,4.0,1.0,2.0,2.0,2.0,1.0,3.0,1.0,14
101659,2.0,9,7,3.0,1.0,,1.0,4.0,0.0,2.0,0.0,,1.0,3.0,1.0,9
101660,1.0,2,2,,0.0,,1.0,0.0,1.0,,0.0,,1.0,0.0,1.0,2
101661,4.0,4,2,1.0,0.0,,0.0,3.0,0.0,,0.0,0.0,0.0,2.0,0.0,4
101662,3.0,9,5,3.0,0.0,0.0,1.0,3.0,2.0,,0.0,0.0,1.0,3.0,1.0,9
101663,3.0,1,1,,0.0,0.0,1.0,0.0,0.0,,0.0,0.0,1.0,0.0,0.0,1
101664,3.0,0,0,,0.0,,0.0,0.0,0.0,,0.0,,0.0,0.0,0.0,0
101665,3.0,7,8,,2.0,,1.0,1.0,3.0,,2.0,,1.0,1.0,4.0,8
101666,2.0,6,2,,1.0,,1.0,4.0,0.0,,1.0,,1.0,0.0,0.0,6
101667,4.0,8,7,3.0,0.0,1.0,1.0,3.0,0.0,3.0,0.0,1.0,0.0,3.0,0.0,8
101668,1.0,7,4,4.0,0.0,,0.0,0.0,3.0,,0.0,,1.0,0.0,3.0,7
101669,2.0,8,4,,1.0,,1.0,4.0,2.0,,0.0,,1.0,0.0,3.0,8
101670,4.0,1,1,,0.0,,0.0,1.0,0.0,,0.0,,0.0,1.0,0.0,1
101671,2.0,13,12,4.0,3.0,1.0,1.0,4.0,0.0,4.0,2.0,1.0,1.0,4.0,0.0,13
101672,4.0,6,5,1.0,0.0,,1.0,4.0,0.0,1.0,0.0,,1.0,3.0,0.0,6
101673,3.0,7,6,2.0,0.0,1.0,1.0,3.0,0.0,2.0,0.0,0.0,0.0,4.0,0.0,7
101674,1.0,5,6,1.0,0.0,0.0,1.0,3.0,0.0,2.0,0.0,0.0,1.0,3.0,0.0,6
101675,3.0,1,1,,0.0,,1.0,0.0,0.0,,0.0,,1.0,0.0,0.0,1
101676,3.0,4,9,,1.0,2.0,1.0,0.0,0.0,4.0,1.0,2.0,0.0,2.0,0.0,9
101677,3.0,0,0,,0.0,,0.0,0.0,0.0,,0.0,,0.0,0.0,0.0,0
101678,3.0,1,1,,0.0,,1.0,0.0,0.0,,0.0,,1.0,0.0,0.0,1
101679,1.0,3,5,,,,1.0,0.0,2.0,,2.0,,1.0,0.0,2.0,5
101680,4.0,2,1,,0.0,,1.0,0.0,1.0,,0.0,,1.0,0.0,0.0,2
101681,1.0,1,2,,1.0,0.0,0.0,0.0,0.0,,1.0,0.0,1.0,0.0,0.0,2
101682,2.0,6,1,2.0,0.0,,0.0,4.0,0.0,,0.0,,1.0,0.0,0.0,6
101683,3.0,6,0,2.0,0.0,0.0,0.0,4.0,0.0,,0.0,0.0,0.0,0.0,0.0,6
101684,2.0,3,3,,0.0,,1.0,0.0,2.0,,0.0,,1.0,0.0,2.0,3
101685,1.0,8,9,3.0,0.0,1.0,0.0,4.0,0.0,2.0,0.0,1.0,1.0,4.0,1.0,9
101686,4.0,3,3,,0.0,,1.0,2.0,0.0,,0.0,,1.0,2.0,0.0,3
101687,1.0,0,1,,0.0,,0.0,0.0,0.0,,0.0,,1.0,0.0,0.0,1
101688,2.0,10,11,3.0,2.0,0.0,1.0,4.0,0.0,3.0,3.0,0.0,1.0,4.0,0.0,11
101689,1.0,9,6,3.0,0.0,,1.0,4.0,1.0,3.0,0.0,,1.0,1.0,1.0,9
101690,4.0,10,9,3.0,1.0,,1.0,4.0,1.0,3.0,2.0,,1.0,3.0,0.0,10
101691,4.0,1,2,,0.0,0.0,0.0,1.0,0.0,,0.0,0.0,0.0,2.0,0.0,2
101692,3.0,14,15,4.0,1.0,,1.0,4.0,4.0,4.0,2.0,,1.0,4.0,4.0,15
101693,2.0,6,2,2.0,0.0,,1.0,3.0,0.0,,0.0,,1.0,0.0,1.0,6
101694,4.0,5,6,0.0,0.0,,0.0,4.0,1.0,0.0,1.0,,1.0,4.0,0.0,6
101695,3.0,4,0,,0.0,,1.0,3.0,0.0,,0.0,,0.0,0.0,0.0,4
101696,4.0,5,3,,2.0,,0.0,0.0,3.0,,1.0,,0.0,0.0,2.0,5
101697,2.0,2,2,0.0,0.0,,0.0,2.0,0.0,,0.0,,1.0,1.0,0.0,2
101698,2.0,9,10,,2.0,2.0,1.0,4.0,0.0,2.0,2.0,2.0,1.0,2.0,1.0,10
101699,3.0,6,5,,0.0,2.0,1.0,1.0,2.0,,0.0,2.0,1.0,1.0,1.0,6
101700,4.0,3,2,0.0,0.0,,0.0,3.0,0.0,0.0,0.0,,0.0,2.0,0.0,3
101701,2.0,7,3,,1.0,,1.0,4.0,1.0,,1.0,,1.0,0.0,1.0,7
101702,2.0,8,2,3.0,0.0,,1.0,4.0,0.0,,0.0,,1.0,0.0,1.0,8
101703,4.0,7,5,3.0,0.0,,1.0,3.0,0.0,,0.0,,1.0,4.0,0.0,7
101704,4.0,5,5,,0.0,,1.0,0.0,4.0,,0.0,,1.0,0.0,4.0,5
101705,1.0,9,4,4.0,0.0,1.0,1.0,3.0,0.0,,0.0,1.0,1.0,2.0,0.0,9
101706,1.0,4,4,,0.0,,0.0,0.0,4.0,,0.0,,0.0,0.0,4.0,4
101707,4.0,8,7,3.0,0.0,,1.0,3.0,1.0,2.0,1.0,,1.0,2.0,1.0,8
101708,3.0,5,2,,2.0,1.0,1.0,1.0,0.0,,2.0,0.0,0.0,0.0,0.0,5
101709,3.0,9,5,3.0,0.0,1.0,1.0,3.0,1.0,,0.0,1.0,1.0,3.0,0.0,9
101710,1.0,4,8,,0.0,,1.0,1.0,2.0,4.0,0.0,,1.0,1.0,2.0,8
101711,3.0,11,14,3.0,,,1.0,4.0,3.0,2.0,1.0,3.0,1.0,4.0,3.0,14
101712,1.0,5,5,,0.0,,1.0,0.0,4.0,,0.0,,1.0,0.0,4.0,5
101713,4.0,5,8,2.0,1.0,,1.0,1.0,0.0,2.0,1.0,0.0,1.0,4.0,0.0,8
101714,2.0,1,2,,0.0,,1.0,0.0,0.0,,0.0,,0.0,2.0,0.0,2
101715,3.0,6,4,3.0,0.0,0.0,0.0,3.0,0.0,2.0,0.0,0.0,0.0,2.0,0.0,6
101716,4.0,10,10,2.0,0.0,,0.0,4.0,4.0,2.0,0.0,,0.0,4.0,4.0,10
101717,1.0,9,8,2.0,0.0,0.0,1.0,3.0,3.0,2.0,0.0,0.0,1.0,3.0,2.0,9
101718,4.0,6,0,3.0,0.0,,1.0,2.0,0.0,,0.0,,0.0,0.0,0.0,6
101719,3.0,7,2,2.0,0.0,0.0,1.0,4.0,0.0,,0.0,0.0,1.0,1.0,0.0,7
101720,2.0,9,2,4.0,0.0,,1.0,4.0,0.0,,0.0,1.0,1.0,0.0,0.0,9
101721,3.0,5,2,,0.0,0.0,1.0,3.0,1.0,,0.0,0.0,0.0,2.0,0.0,5
101722,3.0,2,1,,0.0,0.0,1.0,1.0,0.0,,0.0,0.0,1.0,0.0,0.0,2
101723,3.0,12,6,4.0,3.0,,1.0,4.0,0.0,3.0,,,1.0,2.0,0.0,12
101724,3.0,3,3,,1.0,0.0,1.0,1.0,0.0,,2.0,0.0,1.0,0.0,0.0,3
101725,2.0,9,1,3.0,0.0,,1.0,4.0,1.0,,0.0,,0.0,0.0,1.0,9
101726,4.0,1,0,,0.0,0.0,0.0,1.0,0.0,,0.0,0.0,0.0,0.0,0.0,1
101727,3.0,4,3,,1.0,0.0,0.0,2.0,1.0,,1.0,0.0,0.0,2.0,0.0,4
101728,4.0,8,9,2.0,0.0,,1.0,4.0,1.0,3.0,0.0,0.0,1.0,4.0,1.0,9
101729,2.0,7,3,2.0,2.0,,1.0,2.0,0.0,,2.0,,1.0,0.0,0.0,7
101730,3.0,4,4,,0.0,,1.0,0.0,3.0,,0.0,,1.0,0.0,3.0,4
101731,2.0,8,3,1.0,2.0,,1.0,4.0,0.0,,1.0,,1.0,1.0,0.0,8
101732,1.0,8,7,4.0,0.0,,1.0,3.0,0.0,2.0,0.0,0.0,1.0,3.0,1.0,8
101733,4.0,6,3,1.0,1.0,,1.0,3.0,0.0,,1.0,,0.0,2.0,0.0,6
101734,2.0,10,5,3.0,1.0,1.0,1.0,4.0,0.0,2.0,1.0,1.0,1.0,0.0,0.0,10
101735,2.0,8,1,3.0,0.0,,1.0,4.0,0.0,,,,1.0,0.0,,8
101736,4.0,4,4,,0.0,,1.0,3.0,0.0,1.0,0.0,,1.0,2.0,0.0,4
101737,3.0,8,8,3.0,0.0,,1.0,4.0,0.0,3.0,0.0,,1.0,3.0,1.0,8
101738,1.0,3,3,,1.0,0.0,1.0,0.0,1.0,,1.0,0.0,1.0,0.0,1.0,3
101739,2.0,10,10,2.0,2.0,,1.0,4.0,1.0,4.0,1.0,,1.0,2.0,2.0,10
101740,4.0,0,0,,0.0,,0.0,0.0,0.0,,0.0,,0.0,0.0,0.0,0
101741,3.0,6,1,3.0,0.0,,0.0,3.0,0.0,,0.0,,1.0,0.0,0.0,6
101742,1.0,3,3,,0.0,,1.0,0.0,2.0,,0.0,,1.0,0.0,2.0,3
101743,4.0,7,8,2.0,0.0,0.0,1.0,4.0,0.0,2.0,2.0,0.0,1.0,3.0,0.0,8
101744,2.0,10,1,3.0,2.0,,1.0,4.0,0.0,,1.0,,0.0,0.0,0.0,10
101745,3.0,10,8,3.0,2.0,0.0,1.0,4.0,0.0,3.0,1.0,0.0,1.0,3.0,0.0,10
101746,3.0,1,1,,,,1.0,0.0,,,,,1.0,0.0,0.0,1
101747,4.0,6,3,1.0,0.0,,1.0,4.0,0.0,1.0,0.0,,0.0,2.0,0.0,6
101748,1.0,0,0,,0.0,0.0,0.0,0.0,0.0,,0.0,0.0,0.0,0.0,0.0,0
101749,2.0,8,2,2.0,0.0,,1.0,4.0,1.0,,0.0,,1.0,0.0,1.0,8
101750,3.0,6,5,1.0,1.0,,1.0,3.0,0.0,1.0,1.0,,0.0,3.0,0.0,6
101751,4.0,2,1,,0.0,,1.0,1.0,0.0,,,,1.0,0.0,0.0,2
101752,3.0,3,1,2.0,0.0,,1.0,0.0,0.0,,0.0,,1.0,0.0,0.0,3
101753,3.0,13,14,4.0,1.0,0.0,1.0,3.0,4.0,3.0,2.0,0.0,1.0,4.0,4.0,14
101754,4.0,1,3,,0.0,,1.0,0.0,0.0,2.0,0.0,,1.0,0.0,0.0,3
101755,1.0,8,8,,3.0,2.0,0.0,0.0,3.0,,3.0,2.0,0.0,0.0,3.0,8
101756,2.0,8,4,2.0,1.0,,1.0,4.0,0.0,2.0,1.0,,1.0,0.0,0.0,8
101757,3.0,9,7,4.0,0.0,,0.0,4.0,1.0,3.0,0.0,,0.0,3.0,1.0,9
101758,3.0,8,6,3.0,0.0,0.0,1.0,4.0,0.0,3.0,0.0,0.0,1.0,2.0,0.0,8
101759,3.0,3,8,2.0,0.0,,1.0,0.0,0.0,3.0,0.0,0.0,1.0,4.0,0.0,8
101760,2.0,9,2,2.0,2.0,,1.0,4.0,0.0,,1.0,,1.0,0.0,0.0,9
101761,1.0,2,3,,0.0,,1.0,1.0,0.0,,0.0,,1.0,2.0,0.0,3
101762,4.0,8,0,2.0,0.0,,1.0,4.0,1.0,,0.0,,0.0,0.0,0.0,8
101763,2.0,7,2,2.0,0.0,,1.0,4.0,0.0,,1.0,,1.0,0.0,0.0,7
101764,4.0,3,1,,0.0,,1.0,2.0,0.0,,,,0.0,1.0,0.0,3
101765,4.0,2,3,,0.0,,0.0,1.0,1.0,,1.0,,0.0,1.0,1.0,3
101766,4.0,8,4,0.0,2.0,,1.0,4.0,1.0,2.0,2.0,,0.0,0.0,0.0,8
101767,3.0,7,6,2.0,1.0,,1.0,3.0,0.0,2.0,1.0,0.0,1.0,2.0,0.0,7
101768,3.0,5,6,3.0,,,1.0,1.0,0.0,3.0,0.0,,0.0,2.0,1.0,6
101769,3.0,2,2,,0.0,,1.0,0.0,1.0,,0.0,,1.0,0.0,1.0,2
101770,3.0,2,2,,1.0,,0.0,0.0,1.0,,1.0,,0.0,0.0,1.0,2
101771,1.0,1,1,,0.0,,1.0,0.0,0.0,,0.0,,1.0,0.0,0.0,1
101772,3.0,7,5,3.0,0.0,,1.0,3.0,0.0,3.0,0.0,0.0,0.0,2.0,0.0,7
101773,3.0,4,7,,0.0,0.0,1.0,3.0,0.0,3.0,0.0,0.0,1.0,3.0,0.0,7
101774,1.0,3,2,,0.0,0.0,0.0,3.0,0.0,,0.0,0.0,1.0,1.0,0.0,3
101775,4.0,4,6,,2.0,0.0,1.0,1.0,0.0,2.0,2.0,0.0,1.0,0.0,1.0,6
101776,1.0,3,2,,1.0,0.0,1.0,0.0,1.0,,1.0,0.0,0.0,0.0,1.0,3
101777,1.0,2,1,,0.0,,1.0,1.0,0.0,,0.0,,1.0,0.0,0.0,2
101778,3.0,1,1,,0.0,0.0,0.0,1.0,0.0,,0.0,0.0,1.0,0.0,0.0,1
101779,4.0,9,7,1.0,3.0,,1.0,4.0,0.0,1.0,2.0,,1.0,3.0,0.0,9
101780,3.0,3,2,,2.0,,1.0,0.0,0.0,,2.0,,0.0,0.0,0.0,3
101781,4.0,4,9,,1.0,,1.0,2.0,0.0,2.0,2.0,,1.0,4.0,0.0,9
101782,4.0,8,9,3.0,1.0,,1.0,3.0,0.0,4.0,1.0,,1.0,3.0,0.0,9
101783,3.0,5,2,,0.0,,1.0,3.0,1.0,,0.0,,1.0,1.0,0.0,5
101784,2.0,8,2,2.0,1.0,,1.0,4.0,0.0,,2.0,,0.0,0.0,0.0,8
101785,3.0,7,6,3.0,0.0,,1.0,3.0,0.0,2.0,0.0,,1.0,3.0,0.0,7
101786,1.0,1,1,,0.0,0.0,1.0,0.0,0.0,,0.0,0.0,1.0,0.0,0.0,1
101787,3.0,2,0,2.0,0.0,0.0,0.0,0.0,0.0,,0.0,0.0,0.0,0.0,0.0,2
101788,4.0,9,8,2.0,2.0,,0.0,3.0,2.0,2.0,2.0,0.0,1.0,2.0,1.0,9
101789,1.0,3,2,,0.0,0.0,1.0,1.0,1.0,,0.0,0.0,1.0,0.0,1.0,3
101790,3.0,6,1,2.0,0.0,,1.0,3.0,0.0,,0.0,,0.0,1.0,0.0,6
101791,4.0,5,5,1.0,0.0,,1.0,3.0,0.0,1.0,0.0,0.0,0.0,4.0,0.0,5
101792,4.0,5,2,0.0,0.0,,1.0,4.0,0.0,,0.0,,1.0,1.0,0.0,5
101793,4.0,2,2,,0.0,,1.0,1.0,0.0,,0.0,,1.0,1.0,0.0,2
101794,4.0,7,6,4.0,0.0,0.0,0.0,3.0,0.0,2.0,0.0,0.0,1.0,3.0,0.0,7
101795,2.0,5,1,2.0,0.0,,1.0,2.0,0.0,,0.0,,1.0,0.0,0.0,5
101796,3.0,6,1,2.0,0.0,,1.0,3.0,0.0,,0.0,0.0,1.0,0.0,0.0,6
101797,2.0,7,1,2.0,0.0,,1.0,4.0,0.0,,0.0,,0.0,1.0,0.0,7
101798,3.0,8,7,3.0,0.0,,1.0,4.0,0.0,2.0,0.0,,1.0,4.0,0.0,8
101799,3.0,12,11,2.0,2.0,0.0,1.0,3.0,4.0,3.0,2.0,0.0,0.0,3.0,3.0,12
101800,4.0,8,6,3.0,0.0,,1.0,4.0,0.0,2.0,0.0,,1.0,3.0,0.0,8
101801,3.0,4,5,,1.0,0.0,1.0,0.0,2.0,,1.0,2.0,0.0,0.0,2.0,5
101802,3.0,3,3,,0.0,0.0,1.0,1.0,1.0,,0.0,0.0,1.0,1.0,1.0,3
101803,4.0,7,11,2.0,1.0,0.0,1.0,,3.0,1.0,2.0,0.0,1.0,4.0,3.0,11
101804,4.0,4,4,0.0,0.0,0.0,1.0,3.0,0.0,0.0,0.0,0.0,0.0,4.0,0.0,4
101805,3.0,5,13,,0.0,,1.0,1.0,3.0,4.0,1.0,,1.0,3.0,4.0,13
101806,3.0,4,4,,2.0,0.0,1.0,0.0,1.0,,2.0,0.0,1.0,0.0,1.0,4
101807,2.0,1,1,,0.0,,1.0,0.0,0.0,,0.0,,0.0,1.0,0.0,1
101808,4.0,8,3,2.0,2.0,0.0,0.0,4.0,0.0,,2.0,0.0,0.0,1.0,0.0,8
101809,1.0,2,3,,0.0,0.0,0.0,0.0,2.0,,0.0,0.0,1.0,0.0,2.0,3
101810,2.0,3,1,,0.0,,0.0,3.0,0.0,,0.0,,0.0,1.0,0.0,3
101811,4.0,7,9,0.0,2.0,,1.0,2.0,2.0,2.0,2.0,,1.0,3.0,1.0,9
101812,2.0,8,3,3.0,0.0,,1.0,4.0,0.0,2.0,0.0,,1.0,0.0,0.0,8
101813,3.0,3,3,,2.0,0.0,1.0,0.0,0.0,,2.0,0.0,1.0,0.0,0.0,3
101814,2.0,13,8,3.0,1.0,2.0,1.0,4.0,2.0,2.0,2.0,0.0,0.0,2.0,2.0,13
101815,2.0,1,1,,1.0,0.0,,,0.0,,0.0,1.0,,,0.0,1
101816,2.0,11,5,4.0,2.0,,1.0,4.0,0.0,2.0,2.0,,1.0,0.0,0.0,11
101817,4.0,5,4,1.0,0.0,,1.0,3.0,0.0,,0.0,,1.0,3.0,0.0,5
101818,2.0,11,5,3.0,2.0,1.0,0.0,4.0,1.0,,3.0,1.0,1.0,0.0,0.0,11
101819,3.0,7,3,2.0,0.0,,1.0,4.0,0.0,,0.0,0.0,1.0,2.0,0.0,7
101820,3.0,9,7,2.0,1.0,,0.0,3.0,3.0,,1.0,,0.0,3.0,3.0,9
101821,4.0,9,8,3.0,1.0,,1.0,4.0,0.0,3.0,1.0,,1.0,3.0,0.0,9
101822,4.0,6,5,2.0,1.0,,1.0,0.0,2.0,2.0,1.0,,0.0,0.0,2.0,6
101823,2.0,7,2,2.0,0.0,,1.0,4.0,0.0,,0.0,,1.0,0.0,1.0,7
101824,4.0,1,1,,0.0,,1.0,0.0,0.0,,0.0,,1.0,0.0,0.0,1
101825,1.0,2,6,2.0,0.0,0.0,0.0,0.0,0.0,3.0,1.0,0.0,0.0,2.0,0.0,6
101826,3.0,3,3,0.0,0.0,,1.0,2.0,0.0,,0.0,,1.0,2.0,0.0,3
101827,4.0,8,7,2.0,2.0,,0.0,4.0,0.0,1.0,1.0,,1.0,4.0,0.0,8
101828,4.0,3,1,,0.0,,1.0,1.0,1.0,,0.0,,1.0,0.0,0.0,3
101829,3.0,9,5,4.0,0.0,0.0,0.0,3.0,2.0,2.0,0.0,0.0,0.0,3.0,0.0,9
101830,4.0,7,2,3.0,0.0,,0.0,4.0,0.0,2.0,0.0,,0.0,0.0,0.0,7
101831,3.0,5,7,,0.0,0.0,1.0,0.0,4.0,,0.0,0.0,1.0,2.0,4.0,7
101832,2.0,7,5,2.0,0.0,,1.0,4.0,0.0,2.0,0.0,,1.0,2.0,0.0,7
101833,1.0,8,9,3.0,0.0,0.0,0.0,3.0,2.0,3.0,0.0,0.0,1.0,2.0,3.0,9
101834,3.0,3,2,,1.0,,0.0,1.0,1.0,,2.0,0.0,0.0,0.0,0.0,3
101835,3.0,7,4,3.0,0.0,,0.0,4.0,0.0,1.0,0.0,,0.0,3.0,0.0,7
101836,3.0,1,0,,0.0,,1.0,0.0,0.0,,0.0,,0.0,0.0,0.0,1
101837,3.0,9,10,0.0,3.0,0.0,1.0,3.0,2.0,0.0,4.0,0.0,0.0,2.0,4.0,10
101838,4.0,0,1,,0.0,0.0,0.0,0.0,0.0,,0.0,0.0,0.0,1.0,0.0,1
101839,4.0,4,2,0.0,0.0,,0.0,4.0,0.0,,0.0,,0.0,2.0,0.0,4
101840,1.0,1,0,,0.0,,1.0,0.0,0.0,,0.0,0.0,0.0,0.0,0.0,1
101841,4.0,5,2,,0.0,,1.0,4.0,0.0,,1.0,,1.0,0.0,0.0,5
101842,2.0,2,9,,0.0,0.0,1.0,0.0,1.0,2.0,2.0,0.0,1.0,4.0,0.0,9
101843,1.0,8,2,1.0,1.0,0.0,1.0,4.0,1.0,0.0,1.0,0.0,0.0,0.0,1.0,8
101844,2.0,10,9,4.0,2.0,,1.0,3.0,0.0,4.0,2.0,,1.0,2.0,0.0,10
101845,1.0,2,3,,1.0,,0.0,0.0,1.0,,1.0,0.0,1.0,0.0,1.0,3
101846,3.0,4,1,,0.0,,1.0,1.0,2.0,,,,0.0,1.0,0.0,4
101847,2.0,9,9,2.0,1.0,,1.0,4.0,1.0,2.0,2.0,,1.0,3.0,1.0,9
101848,2.0,1,0,,0.0,,1.0,0.0,0.0,,0.0,,0.0,0.0,0.0,1
101849,3.0,1,2,,0.0,,1.0,0.0,0.0,,1.0,,1.0,0.0,0.0,2
101850,3.0,3,5,,0.0,,1.0,2.0,0.0,,0.0,,1.0,4.0,0.0,5
101851,4.0,10,10,3.0,2.0,0.0,1.0,4.0,0.0,3.0,2.0,0.0,1.0,4.0,0.0,10
101852,3.0,2,0,,0.0,,1.0,1.0,0.0,,0.0,,,,0.0,2
101853,1.0,7,9,3.0,0.0,,1.0,2.0,1.0,3.0,1.0,,1.0,4.0,0.0,9
101854,1.0,7,7,2.0,0.0,,1.0,3.0,1.0,2.0,0.0,,0.0,3.0,2.0,7
101855,4.0,9,9,1.0,0.0,,1.0,4.0,3.0,1.0,0.0,,1.0,4.0,3.0,9
101856,3.0,5,1,,0.0,0.0,1.0,4.0,0.0,,0.0,0.0,0.0,1.0,0.0,5
101857,2.0,10,8,2.0,2.0,,1.0,4.0,1.0,1.0,2.0,,1.0,2.0,2.0,10
101858,3.0,1,1,,0.0,,1.0,0.0,0.0,,0.0,,1.0,0.0,0.0,1
101859,3.0,1,7,,0.0,,0.0,0.0,1.0,3.0,0.0,,1.0,3.0,0.0,7
101860,3.0,6,5,2.0,0.0,,1.0,3.0,0.0,1.0,0.0,,1.0,3.0,0.0,6
101861,2.0,7,4,2.0,1.0,,1.0,2.0,1.0,,2.0,,1.0,0.0,1.0,7
101862,3.0,10,9,3.0,0.0,1.0,0.0,3.0,3.0,2.0,0.0,1.0,0.0,3.0,3.0,10
101863,2.0,8,1,3.0,0.0,,1.0,4.0,0.0,,0.0,,1.0,0.0,0.0,8
101864,3.0,0,2,,0.0,,,,0.0,2.0,0.0,,0.0,0.0,0.0,2
101865,4.0,5,7,1.0,0.0,,0.0,4.0,0.0,2.0,0.0,,1.0,4.0,0.0,7
101866,4.0,1,1,,0.0,,0.0,1.0,0.0,,0.0,,0.0,1.0,0.0,1
101867,3.0,1,1,,0.0,,1.0,0.0,0.0,,0.0,,1.0,0.0,0.0,1
101868,3.0,5,2,,1.0,0.0,1.0,0.0,3.0,,1.0,0.0,0.0,0.0,1.0,5
101869,3.0,1,0,,0.0,,1.0,0.0,0.0,,0.0,,0.0,0.0,0.0,1
101870,3.0,13,14,3.0,4.0,2.0,1.0,3.0,0.0,4.0,3.0,3.0,1.0,3.0,0.0,14
101871,3.0,14,14,4.0,1.0,4.0,1.0,3.0,1.0,3.0,1.0,4.0,1.0,4.0,1.0,14
101872,2.0,1,1,,0.0,,0.0,1.0,0.0,,0.0,0.0,0.0,1.0,0.0,1
101873,4.0,6,5,0.0,1.0,,1.0,3.0,1.0,0.0,1.0,,1.0,3.0,0.0,6
101874,4.0,1,1,,0.0,,0.0,1.0,0.0,,0.0,,0.0,1.0,0.0,1
101875,2.0,9,5,2.0,2.0,,1.0,4.0,0.0,3.0,1.0,0.0,1.0,0.0,0.0,9
101876,4.0,1,1,,,,1.0,0.0,,,0.0,,1.0,0.0,0.0,1
101877,3.0,5,3,,1.0,,1.0,3.0,0.0,,0.0,,1.0,2.0,0.0,5
101878,3.0,7,7,3.0,0.0,,1.0,3.0,0.0,2.0,0.0,,1.0,4.0,0.0,7
101879,3.0,2,2,,0.0,1.0,1.0,0.0,0.0,,0.0,1.0,1.0,0.0,0.0,2
101880,3.0,2,0,,1.0,,1.0,0.0,0.0,,0.0,,0.0,0.0,0.0,2
101881,4.0,6,5,2.0,0.0,,1.0,3.0,0.0,1.0,0.0,,1.0,3.0,0.0,6
101882,3.0,2,1,,0.0,0.0,1.0,1.0,0.0,,0.0,0.0,1.0,0.0,0.0,2
101883,2.0,8,1,2.0,1.0,,1.0,4.0,0.0,,0.0,,1.0,0.0,0.0,8
101884,2.0,9,2,2.0,1.0,,1.0,4.0,1.0,,0.0,,1.0,0.0,1.0,9
101885,1.0,3,1,2.0,0.0,,1.0,0.0,0.0,,0.0,,1.0,0.0,0.0,3
101886,1.0,5,1,0.0,0.0,0.0,1.0,2.0,2.0,,0.0,0.0,0.0,0.0,1.0,5
101887,4.0,2,4,,0.0,,0.0,2.0,0.0,1.0,1.0,,0.0,2.0,0.0,4
101888,3.0,9,8,4.0,0.0,0.0,1.0,3.0,1.0,4.0,0.0,0.0,1.0,3.0,0.0,9
101889,1.0,1,5,,0.0,0.0,1.0,0.0,0.0,,0.0,0.0,1.0,4.0,0.0,5
101890,3.0,8,4,2.0,1.0,,1.0,3.0,1.0,,1.0,,1.0,1.0,1.0,8
101891,3.0,6,0,2.0,0.0,,1.0,3.0,0.0,,0.0,,0.0,0.0,0.0,6
101892,3.0,2,2,,1.0,0.0,1.0,0.0,0.0,,1.0,0.0,1.0,0.0,0.0,2
101893,4.0,4,2,0.0,0.0,,1.0,3.0,0.0,,1.0,,1.0,0.0,0.0,4
101894,3.0,0,1,,0.0,,0.0,0.0,0.0,,0.0,,1.0,0.0,0.0,1
101895,1.0,5,4,0.0,0.0,0.0,1.0,3.0,1.0,,0.0,0.0,1.0,1.0,2.0,5
101896,4.0,4,7,,0.0,0.0,1.0,3.0,0.0,4.0,0.0,0.0,0.0,3.0,0.0,7
101897,3.0,10,10,3.0,1.0,,1.0,3.0,2.0,3.0,1.0,,1.0,3.0,2.0,10
101898,4.0,6,8,1.0,0.0,0.0,1.0,4.0,0.0,3.0,0.0,0.0,1.0,4.0,0.0,8
101899,2.0,5,1,2.0,0.0,,1.0,2.0,0.0,,0.0,,1.0,0.0,0.0,5
101900,2.0,1,1,,,,1.0,0.0,0.0,,,,1.0,0.0,0.0,1
101901,3.0,0,0,,0.0,,,,0.0,,0.0,0.0,,,0.0,0
101902,2.0,3,7,,2.0,,1.0,0.0,0.0,1.0,2.0,1.0,1.0,2.0,0.0,7
101903,3.0,18,16,4.0,2.0,3.0,1.0,4.0,4.0,3.0,2.0,3.0,1.0,3.0,4.0,18
101904,3.0,3,2,,2.0,1.0,0.0,0.0,0.0,,2.0,0.0,0.0,0.0,0.0,3
101905,1.0,5,14,,0.0,0.0,0.0,1.0,4.0,4.0,0.0,1.0,1.0,4.0,4.0,14
101906,2.0,2,5,,,0.0,0.0,0.0,2.0,,1.0,0.0,1.0,1.0,2.0,5
101907,1.0,13,14,2.0,2.0,0.0,1.0,4.0,4.0,3.0,2.0,0.0,1.0,4.0,4.0,14
101908,3.0,10,8,3.0,0.0,0.0,0.0,3.0,4.0,2.0,0.0,0.0,0.0,2.0,4.0,10
101909,3.0,5,1,4.0,0.0,,0.0,1.0,0.0,,0.0,,0.0,1.0,0.0,5
101910,2.0,8,4,4.0,0.0,,1.0,2.0,1.0,2.0,0.0,,1.0,0.0,1.0,8
101911,3.0,2,2,,2.0,,0.0,0.0,0.0,,2.0,,0.0,0.0,0.0,2
101912,3.0,12,9,2.0,2.0,3.0,1.0,3.0,1.0,,2.0,3.0,1.0,2.0,1.0,12
101913,2.0,9,2,3.0,0.0,,1.0,4.0,1.0,,0.0,,1.0,0.0,1.0,9
101914,3.0,9,6,3.0,0.0,,0.0,4.0,2.0,2.0,0.0,,0.0,3.0,1.0,9
101915,3.0,4,2,,0.0,2.0,1.0,0.0,1.0,,,1.0,1.0,0.0,0.0,4
101916,4.0,8,6,3.0,0.0,,1.0,4.0,0.0,2.0,0.0,,1.0,3.0,0.0,8
101917,3.0,6,9,0.0,0.0,0.0,1.0,3.0,2.0,2.0,0.0,0.0,1.0,2.0,4.0,9
101918,4.0,4,4,1.0,0.0,,0.0,3.0,0.0,0.0,0.0,,0.0,4.0,0.0,4
101919,4.0,11,10,3.0,1.0,0.0,1.0,3.0,3.0,1.0,1.0,0.0,0.0,4.0,4.0,11
101920,4.0,10,5,3.0,0.0,,1.0,4.0,2.0,3.0,0.0,,1.0,0.0,1.0,10
101921,2.0,3,2,,0.0,,1.0,2.0,0.0,,,,1.0,1.0,0.0,3
101922,4.0,6,8,1.0,0.0,0.0,1.0,4.0,0.0,4.0,,0.0,1.0,3.0,0.0,8
101923,3.0,1,1,,0.0,0.0,1.0,0.0,0.0,,0.0,0.0,1.0,0.0,0.0,1
101924,2.0,6,1,1.0,2.0,,1.0,2.0,0.0,,0.0,,1.0,0.0,0.0,6
101925,1.0,1,1,,0.0,,1.0,0.0,0.0,,0.0,,1.0,0.0,0.0,1
101926,2.0,7,1,2.0,0.0,,1.0,4.0,0.0,,0.0,,1.0,0.0,0.0,7
101927,4.0,1,1,,0.0,0.0,1.0,0.0,0.0,,0.0,0.0,1.0,0.0,0.0,1
101928,3.0,9,6,,1.0,,1.0,3.0,4.0,,0.0,,1.0,1.0,4.0,9
101929,1.0,6,3,2.0,1.0,,1.0,0.0,2.0,,0.0,,1.0,0.0,2.0,6
101930,3.0,8,2,4.0,0.0,,1.0,3.0,0.0,,0.0,,0.0,1.0,1.0,8
101931,4.0,8,3,2.0,1.0,,1.0,4.0,0.0,,1.0,,1.0,1.0,0.0,8
101932,3.0,4,3,,,,1.0,3.0,0.0,2.0,,,1.0,0.0,0.0,4
101933,3.0,13,17,3.0,3.0,2.0,0.0,3.0,2.0,4.0,2.0,2.0,1.0,4.0,4.0,17
101934,2.0,11,4,3.0,2.0,,1.0,4.0,1.0,,1.0,,1.0,0.0,2.0,11
101935,3.0,9,7,2.0,0.0,0.0,1.0,4.0,2.0,1.0,0.0,0.0,1.0,3.0,2.0,9
101936,3.0,5,3,,0.0,,1.0,2.0,2.0,,0.0,0.0,0.0,2.0,1.0,5
101937,4.0,11,11,3.0,2.0,,1.0,4.0,1.0,3.0,2.0,0.0,1.0,4.0,1.0,11
101938,3.0,7,5,3.0,0.0,,1.0,3.0,0.0,1.0,0.0,,1.0,3.0,0.0,7
101939,4.0,5,6,,0.0,,1.0,0.0,4.0,,1.0,,1.0,0.0,4.0,6
101940,3.0,6,5,2.0,0.0,,1.0,0.0,3.0,,1.0,,0.0,1.0,3.0,6
101941,3.0,3,1,2.0,0.0,,1.0,0.0,0.0,,0.0,,1.0,0.0,0.0,3
101942,3.0,6,6,,0.0,0.0,1.0,2.0,3.0,,0.0,0.0,1.0,1.0,4.0,6
101943,2.0,9,10,2.0,1.0,,1.0,4.0,1.0,1.0,0.0,2.0,1.0,4.0,2.0,10
101944,3.0,7,7,,2.0,4.0,1.0,0.0,0.0,,3.0,3.0,1.0,0.0,0.0,7
101945,4.0,4,4,,0.0,,1.0,3.0,0.0,,1.0,,0.0,3.0,0.0,4
101946,4.0,2,1,,0.0,,1.0,1.0,0.0,,0.0,,1.0,0.0,0.0,2
101947,4.0,13,12,3.0,3.0,,1.0,4.0,2.0,3.0,2.0,,1.0,4.0,2.0,13
101948,4.0,4,5,2.0,0.0,,1.0,0.0,1.0,2.0,0.0,,0.0,2.0,1.0,5
101949,3.0,3,3,,0.0,0.0,0.0,3.0,0.0,,0.0,0.0,1.0,2.0,0.0,3
101950,1.0,2,5,,0.0,0.0,1.0,1.0,0.0,,0.0,0.0,1.0,1.0,3.0,5
101951,4.0,10,6,4.0,2.0,0.0,1.0,2.0,1.0,3.0,,0.0,1.0,2.0,0.0,10
101952,4.0,2,2,,0.0,,1.0,0.0,1.0,,0.0,,1.0,0.0,1.0,2
101953,2.0,5,1,2.0,0.0,,1.0,2.0,0.0,,1.0,0.0,0.0,0.0,0.0,5
101954,3.0,9,9,4.0,0.0,,1.0,4.0,0.0,4.0,0.0,0.0,1.0,4.0,0.0,9
101955,3.0,5,2,,2.0,,1.0,1.0,1.0,,1.0,,1.0,0.0,0.0,5
101956,2.0,9,3,3.0,1.0,,1.0,4.0,0.0,,1.0,,1.0,1.0,0.0,9
101957,3.0,1,2,,0.0,,1.0,0.0,0.0,,0.0,1.0,1.0,0.0,0.0,2
101958,4.0,8,7,3.0,0.0,0.0,0.0,4.0,1.0,2.0,0.0,0.0,0.0,4.0,1.0,8
101959,3.0,10,8,4.0,2.0,,0.0,4.0,0.0,3.0,2.0,,0.0,3.0,0.0,10
101960,3.0,3,3,,0.0,,1.0,1.0,1.0,,1.0,,1.0,0.0,1.0,3
101961,4.0,13,12,3.0,2.0,0.0,1.0,4.0,3.0,4.0,2.0,0.0,0.0,4.0,2.0,13
101962,2.0,8,7,2.0,1.0,0.0,1.0,2.0,2.0,2.0,0.0,0.0,1.0,2.0,2.0,8
101963,3.0,2,1,,1.0,,1.0,0.0,0.0,,1.0,,0.0,0.0,0.0,2
101964,4.0,1,1,,0.0,,1.0,0.0,0.0,,0.0,,1.0,0.0,0.0,1
101965,4.0,1,1,,0.0,,0.0,1.0,0.0,,0.0,,0.0,1.0,0.0,1
101966,3.0,9,9,4.0,0.0,,1.0,3.0,1.0,3.0,0.0,,1.0,4.0,1.0,9
101967,4.0,5,4,1.0,0.0,,1.0,3.0,0.0,1.0,,,1.0,2.0,0.0,5
101968,3.0,7,6,1.0,0.0,1.0,1.0,4.0,0.0,1.0,0.0,0.0,1.0,4.0,0.0,7
101969,2.0,9,3,2.0,1.0,,1.0,4.0,1.0,,1.0,,1.0,0.0,1.0,9
101970,1.0,11,11,3.0,1.0,1.0,1.0,3.0,2.0,2.0,1.0,1.0,1.0,4.0,2.0,11
101971,4.0,11,13,3.0,0.0,1.0,0.0,4.0,3.0,3.0,1.0,1.0,1.0,4.0,3.0,13
101972,4.0,1,1,,0.0,,0.0,1.0,0.0,,0.0,,0.0,1.0,0.0,1
101973,4.0,6,3,2.0,0.0,,1.0,2.0,1.0,,0.0,,1.0,1.0,1.0,6
101974,4.0,9,7,4.0,1.0,,1.0,3.0,0.0,3.0,1.0,,0.0,3.0,0.0,9
101975,1.0,6,4,2.0,0.0,,0.0,4.0,0.0,1.0,0.0,,0.0,3.0,0.0,6
101976,3.0,4,5,,0.0,,1.0,3.0,0.0,,1.0,,1.0,3.0,0.0,5
101977,2.0,7,1,2.0,0.0,,1.0,4.0,0.0,,0.0,,1.0,0.0,0.0,7
101978,4.0,0,0,,0.0,,0.0,0.0,0.0,,0.0,,0.0,0.0,0.0,0
101979,4.0,7,4,3.0,0.0,,1.0,3.0,0.0,2.0,1.0,,0.0,1.0,0.0,7
101980,4.0,8,3,4.0,0.0,0.0,1.0,2.0,1.0,,0.0,0.0,0.0,2.0,1.0,8
101981,3.0,2,2,,0.0,,1.0,1.0,0.0,,0.0,,0.0,2.0,0.0,2
101982,2.0,6,9,,1.0,,1.0,4.0,0.0,3.0,0.0,2.0,1.0,3.0,0.0,9
101983,2.0,10,6,2.0,2.0,,1.0,4.0,1.0,2.0,2.0,,1.0,0.0,1.0,10
101984,4.0,7,9,3.0,0.0,,1.0,3.0,0.0,4.0,0.0,2.0,1.0,2.0,0.0,9
101985,3.0,4,4,,0.0,,1.0,3.0,0.0,,,,1.0,3.0,0.0,4
101986,3.0,5,6,,1.0,0.0,0.0,0.0,4.0,,1.0,0.0,0.0,1.0,4.0,6
101987,4.0,0,1,,0.0,,0.0,0.0,,,0.0,,1.0,0.0,,1
101988,4.0,2,2,,0.0,0.0,1.0,0.0,1.0,,1.0,0.0,1.0,0.0,0.0,2
101989,4.0,2,1,,0.0,,1.0,1.0,0.0,,0.0,,1.0,0.0,0.0,2
101990,1.0,9,3,4.0,0.0,,1.0,3.0,1.0,,0.0,,1.0,1.0,1.0,9
101991,1.0,0,1,,0.0,,0.0,0.0,0.0,,0.0,,1.0,0.0,0.0,1
101992,4.0,3,2,,0.0,,1.0,1.0,1.0,,0.0,1.0,0.0,0.0,1.0,3
101993,3.0,5,2,1.0,0.0,0.0,0.0,3.0,1.0,,0.0,0.0,0.0,2.0,0.0,5
101994,3.0,5,3,2.0,0.0,0.0,1.0,2.0,0.0,,0.0,0.0,1.0,2.0,0.0,5
101995,2.0,8,1,3.0,0.0,,1.0,4.0,0.0,,0.0,,1.0,0.0,0.0,8
101996,1.0,3,2,,0.0,,1.0,1.0,1.0,,0.0,,1.0,1.0,0.0,3
101997,3.0,0,0,,0.0,0.0,,,0.0,,0.0,0.0,,,0.0,0
101998,1.0,3,3,,0.0,0.0,1.0,0.0,2.0,,0.0,0.0,1.0,1.0,1.0,3
101999,3.0,7,5,3.0,0.0,0.0,1.0,2.0,1.0,2.0,0.0,0.0,1.0,1.0,1.0,7
102000,3.0,8,6,2.0,1.0,,1.0,4.0,0.0,2.0,1.0,,1.0,2.0,0.0,8
102001,2.0,7,3,2.0,0.0,0.0,1.0,4.0,0.0,,0.0,0.0,1.0,2.0,0.0,7
102002,4.0,5,4,1.0,0.0,0.0,0.0,4.0,0.0,1.0,0.0,0.0,0.0,3.0,0.0,5
102003,4.0,7,4,1.0,1.0,0.0,1.0,4.0,0.0,0.0,1.0,0.0,1.0,2.0,0.0,7
102004,4.0,6,1,4.0,0.0,,0.0,2.0,0.0,,0.0,,1.0,0.0,0.0,6
102005,3.0,4,5,0.0,0.0,,1.0,3.0,0.0,2.0,0.0,,1.0,2.0,0.0,5
102006,4.0,6,2,,2.0,1.0,1.0,1.0,1.0,,2.0,0.0,0.0,0.0,0.0,6
102007,4.0,13,10,1.0,2.0,4.0,0.0,4.0,2.0,2.0,2.0,3.0,0.0,0.0,3.0,13
102008,3.0,3,1,,0.0,,1.0,1.0,1.0,,0.0,,0.0,0.0,1.0,3
102009,1.0,5,5,,2.0,,1.0,0.0,2.0,,2.0,,1.0,0.0,2.0,5
102010,3.0,7,3,2.0,0.0,,1.0,3.0,1.0,,0.0,,1.0,1.0,1.0,7
102011,2.0,11,14,4.0,1.0,0.0,1.0,4.0,1.0,3.0,1.0,2.0,1.0,4.0,3.0,14
102012,2.0,6,1,2.0,0.0,,1.0,3.0,0.0,,0.0,,0.0,1.0,0.0,6
102013,3.0,3,1,,0.0,0.0,1.0,1.0,1.0,,0.0,0.0,1.0,0.0,0.0,3
102014,1.0,2,6,,0.0,0.0,0.0,1.0,1.0,2.0,0.0,0.0,0.0,2.0,2.0,6
102015,4.0,2,1,,,,1.0,1.0,0.0,,,,0.0,1.0,0.0,2
102016,2.0,6,7,1.0,1.0,0.0,0.0,4.0,0.0,3.0,0.0,0.0,1.0,3.0,0.0,7
102017,4.0,5,6,,0.0,4.0,1.0,0.0,0.0,,0.0,4.0,1.0,1.0,0.0,6
102018,3.0,10,6,2.0,2.0,2.0,0.0,4.0,0.0,0.0,2.0,2.0,0.0,2.0,0.0,10
102019,3.0,12,14,3.0,1.0,0.0,1.0,4.0,3.0,3.0,2.0,0.0,1.0,4.0,4.0,14
102020,3.0,3,4,,1.0,0.0,1.0,0.0,1.0,,3.0,0.0,1.0,0.0,0.0,4
102021,4.0,5,3,1.0,0.0,,1.0,3.0,0.0,,0.0,,0.0,3.0,0.0,5
102022,1.0,1,2,,0.0,0.0,0.0,0.0,1.0,,,0.0,0.0,0.0,2.0,2
102023,3.0,10,9,2.0,0.0,,1.0,3.0,4.0,1.0,0.0,,1.0,3.0,4.0,10
102024,3.0,4,3,,2.0,,1.0,1.0,0.0,,1.0,,1.0,1.0,0.0,4
102025,1.0,4,4,,3.0,,1.0,0.0,0.0,,3.0,,1.0,0.0,0.0,4
102026,2.0,5,2,,0.0,,1.0,4.0,0.0,,1.0,,1.0,0.0,0.0,5
102027,4.0,9,9,2.0,1.0,,0.0,3.0,3.0,3.0,0.0,,1.0,3.0,2.0,9
102028,2.0,6,1,2.0,1.0,,1.0,2.0,0.0,,0.0,,1.0,0.0,0.0,6
102029,2.0,10,4,3.0,2.0,,1.0,4.0,0.0,,2.0,,1.0,0.0,1.0,10
102030,2.0,7,2,2.0,0.0,,1.0,4.0,0.0,,1.0,,1.0,0.0,0.0,7
102031,1.0,1,1,,0.0,,1.0,0.0,0.0,,0.0,,1.0,0.0,0.0,1
102032,3.0,1,0,,0.0,0.0,0.0,1.0,0.0,,0.0,0.0,0.0,0.0,0.0,1
102033,3.0,7,2,2.0,0.0,0.0,1.0,4.0,0.0,,0.0,0.0,1.0,1.0,0.0,7
102034,4.0,10,6,3.0,0.0,0.0,1.0,4.0,2.0,2.0,1.0,0.0,1.0,0.0,2.0,10
102035,4.0,11,9,4.0,0.0,0.0,1.0,4.0,2.0,4.0,1.0,0.0,1.0,3.0,0.0,11
102036,2.0,8,1,3.0,0.0,,1.0,4.0,0.0,,0.0,,0.0,1.0,0.0,8
102037,2.0,6,2,1.0,0.0,,1.0,4.0,0.0,,1.0,,1.0,0.0,0.0,6
102038,4.0,4,5,0.0,1.0,0.0,0.0,3.0,0.0,0.0,1.0,0.0,1.0,3.0,0.0,5
102039,1.0,1,2,,0.0,0.0,0.0,0.0,1.0,,0.0,0.0,1.0,0.0,1.0,2
102040,4.0,8,7,3.0,0.0,,1.0,4.0,0.0,3.0,1.0,,0.0,3.0,0.0,8
102041,2.0,2,8,,0.0,0.0,1.0,1.0,0.0,2.0,1.0,0.0,1.0,4.0,0.0,8
102042,4.0,7,3,3.0,0.0,,1.0,3.0,0.0,0.0,0.0,,1.0,2.0,0.0,7
102043,1.0,8,3,,1.0,1.0,1.0,4.0,1.0,,0.0,1.0,0.0,1.0,1.0,8
102044,4.0,6,5,,2.0,,0.0,3.0,1.0,,1.0,,0.0,3.0,1.0,6
102045,1.0,7,4,3.0,0.0,0.0,1.0,2.0,1.0,2.0,0.0,0.0,1.0,0.0,1.0,7
102046,3.0,6,4,,1.0,,1.0,2.0,2.0,,1.0,,1.0,0.0,2.0,6
102047,3.0,6,5,3.0,0.0,0.0,1.0,2.0,0.0,3.0,0.0,0.0,1.0,0.0,1.0,6
102048,4.0,9,7,3.0,0.0,,1.0,4.0,1.0,4.0,0.0,,0.0,2.0,1.0,9
102049,4.0,5,6,0.0,0.0,,1.0,3.0,1.0,2.0,0.0,,0.0,3.0,1.0,6
102050,4.0,7,7,3.0,0.0,,0.0,4.0,0.0,1.0,1.0,,1.0,4.0,0.0,7
102051,3.0,6,6,,4.0,0.0,0.0,0.0,2.0,,4.0,0.0,1.0,0.0,1.0,6
102052,4.0,7,7,3.0,0.0,0.0,0.0,3.0,1.0,3.0,0.0,0.0,1.0,3.0,0.0,7
102053,1.0,1,1,,0.0,,1.0,0.0,,,,,1.0,0.0,,1
102054,3.0,9,10,1.0,0.0,0.0,1.0,3.0,4.0,2.0,0.0,0.0,1.0,3.0,4.0,10
102055,2.0,2,1,,0.0,,1.0,1.0,0.0,,0.0,,0.0,1.0,0.0,2
102056,1.0,8,8,,3.0,2.0,1.0,0.0,2.0,,3.0,2.0,1.0,0.0,2.0,8
102057,3.0,8,7,3.0,0.0,0.0,1.0,3.0,1.0,2.0,0.0,0.0,1.0,3.0,1.0,8
102058,4.0,3,6,2.0,0.0,0.0,1.0,0.0,0.0,2.0,0.0,0.0,1.0,3.0,0.0,6
102059,4.0,5,6,,0.0,1.0,1.0,1.0,2.0,,0.0,1.0,1.0,1.0,3.0,6
102060,2.0,8,6,2.0,1.0,,1.0,4.0,0.0,2.0,1.0,,1.0,2.0,0.0,8
102061,4.0,2,1,,0.0,1.0,0.0,1.0,0.0,,0.0,0.0,1.0,0.0,0.0,2
102062,3.0,7,4,3.0,0.0,,1.0,3.0,0.0,,0.0,,1.0,3.0,0.0,7
102063,4.0,11,8,2.0,2.0,,0.0,3.0,4.0,0.0,1.0,,0.0,3.0,4.0,11
102064,2.0,7,2,2.0,0.0,,1.0,4.0,0.0,,0.0,,1.0,0.0,1.0,7
102065,2.0,2,10,,0.0,,1.0,0.0,1.0,2.0,2.0,,1.0,4.0,1.0,10
102066,3.0,8,9,1.0,2.0,,0.0,4.0,1.0,1.0,2.0,,0.0,4.0,2.0,9
102067,3.0,5,6,,0.0,0.0,1.0,3.0,1.0,,0.0,0.0,0.0,3.0,3.0,6
102068,1.0,3,2,,0.0,0.0,1.0,0.0,2.0,,0.0,0.0,0.0,1.0,1.0,3
102069,3.0,8,8,,2.0,0.0,1.0,1.0,4.0,,2.0,0.0,1.0,1.0,4.0,8
102070,2.0,6,1,,1.0,,1.0,4.0,0.0,,0.0,,1.0,0.0,0.0,6
102071,1.0,2,2,,0.0,0.0,1.0,0.0,1.0,,1.0,0.0,1.0,0.0,0.0,2
102072,3.0,10,6,0.0,2.0,4.0,1.0,3.0,0.0,,2.0,4.0,0.0,0.0,0.0,10
102073,4.0,5,4,1.0,,,1.0,3.0,0.0,1.0,,,0.0,3.0,0.0,5
102074,3.0,6,5,2.0,0.0,,0.0,4.0,0.0,,0.0,0.0,1.0,4.0,0.0,6
102075,4.0,11,14,3.0,1.0,0.0,1.0,4.0,2.0,4.0,3.0,0.0,1.0,4.0,2.0,14
102076,3.0,4,6,,0.0,,0.0,2.0,2.0,,1.0,,1.0,2.0,2.0,6
102077,3.0,4,1,,0.0,0.0,1.0,3.0,0.0,,0.0,0.0,0.0,1.0,0.0,4
102078,4.0,11,9,4.0,1.0,2.0,0.0,4.0,0.0,2.0,1.0,2.0,1.0,3.0,0.0,11
102079,3.0,2,2,,0.0,1.0,1.0,0.0,0.0,,0.0,1.0,1.0,0.0,0.0,2
102080,2.0,1,1,,1.0,0.0,,,0.0,,1.0,0.0,,,0.0,1
102081,1.0,1,1,,0.0,0.0,1.0,0.0,0.0,,0.0,0.0,0.0,0.0,1.0,1
102082,3.0,7,6,1.0,1.0,0.0,1.0,3.0,1.0,,1.0,0.0,1.0,3.0,1.0,7
102083,4.0,4,1,1.0,0.0,,0.0,3.0,0.0,,0.0,,1.0,0.0,0.0,4
102084,1.0,1,0,,0.0,,0.0,1.0,0.0,,0.0,,0.0,0.0,0.0,1
102085,3.0,6,5,,0.0,3.0,1.0,1.0,1.0,,0.0,3.0,1.0,0.0,1.0,6
102086,1.0,7,2,3.0,0.0,0.0,1.0,2.0,1.0,,0.0,0.0,1.0,0.0,1.0,7
102087,2.0,9,2,3.0,1.0,,1.0,4.0,0.0,,1.0,,1.0,0.0,0.0,9
102088,4.0,9,0,3.0,0.0,0.0,1.0,4.0,1.0,,0.0,0.0,0.0,0.0,0.0,9
102089,2.0,11,12,3.0,1.0,1.0,1.0,4.0,1.0,2.0,1.0,2.0,1.0,4.0,2.0,12
102090,3.0,7,5,3.0,0.0,,1.0,3.0,0.0,1.0,0.0,0.0,1.0,3.0,0.0,7
102091,3.0,6,2,3.0,0.0,,0.0,3.0,0.0,,0.0,,0.0,2.0,0.0,6
102092,1.0,0,0,,0.0,,0.0,0.0,0.0,,0.0,,0.0,0.0,0.0,0
102093,2.0,6,1,1.0,0.0,0.0,1.0,4.0,0.0,0.0,,0.0,1.0,0.0,0.0,6
102094,2.0,8,1,3.0,0.0,,1.0,4.0,0.0,,0.0,,1.0,0.0,0.0,8
102095,4.0,5,4,1.0,0.0,,1.0,3.0,0.0,1.0,1.0,,0.0,2.0,0.0,5
102096,4.0,10,6,2.0,2.0,,1.0,4.0,1.0,,2.0,,1.0,3.0,0.0,10
102097,3.0,0,0,,,,0.0,0.0,,,,,0.0,0.0,0.0,0
102098,3.0,4,3,,0.0,,1.0,2.0,1.0,,0.0,,1.0,0.0,2.0,4
102099,1.0,6,7,2.0,0.0,0.0,0.0,4.0,0.0,2.0,0.0,0.0,1.0,4.0,0.0,7
102100,3.0,7,6,,1.0,,1.0,1.0,4.0,,,,1.0,1.0,4.0,7
102101,4.0,1,0,,1.0,,0.0,0.0,0.0,,0.0,,0.0,0.0,0.0,1
102102,1.0,1,0,,0.0,,0.0,0.0,1.0,,,,,,,1
102103,4.0,6,5,3.0,0.0,,0.0,3.0,0.0,2.0,0.0,,0.0,3.0,0.0,6
102104,1.0,6,5,,0.0,2.0,1.0,1.0,2.0,,,2.0,1.0,1.0,1.0,6
102105,3.0,7,7,2.0,0.0,,1.0,3.0,1.0,2.0,0.0,,1.0,3.0,1.0,7
102106,2.0,5,3,,1.0,,1.0,2.0,1.0,,1.0,0.0,1.0,0.0,1.0,5
102107,1.0,6,7,0.0,0.0,,1.0,3.0,2.0,3.0,0.0,,1.0,1.0,2.0,7
102108,4.0,5,4,2.0,0.0,0.0,0.0,3.0,0.0,2.0,0.0,0.0,0.0,2.0,0.0,5
102109,1.0,2,2,,0.0,,1.0,0.0,1.0,,0.0,,1.0,0.0,1.0,2
102110,2.0,10,4,3.0,2.0,,1.0,4.0,0.0,2.0,2.0,,0.0,0.0,0.0,10
102111,3.0,3,3,,1.0,,0.0,1.0,1.0,,1.0,,0.0,1.0,1.0,3
102112,3.0,4,3,,0.0,,1.0,2.0,1.0,,0.0,,1.0,1.0,1.0,4
102113,3.0,7,6,4.0,0.0,,0.0,3.0,0.0,3.0,0.0,0.0,0.0,3.0,0.0,7
102114,4.0,7,3,0.0,1.0,0.0,1.0,4.0,1.0,0.0,1.0,0.0,0.0,2.0,0.0,7
102115,2.0,7,4,2.0,0.0,,1.0,4.0,0.0,,0.0,0.0,0.0,4.0,0.0,7
102116,1.0,1,5,,,,1.0,0.0,0.0,3.0,,,1.0,1.0,0.0,5
102117,4.0,7,7,3.0,,,0.0,4.0,0.0,3.0,,,1.0,3.0,0.0,7
102118,1.0,0,1,,0.0,,0.0,0.0,0.0,,0.0,,1.0,0.0,0.0,1
102119,4.0,5,1,1.0,0.0,,1.0,3.0,0.0,,0.0,,1.0,0.0,0.0,5
102120,3.0,10,12,,2.0,4.0,1.0,1.0,2.0,,2.0,4.0,1.0,1.0,4.0,12
102121,3.0,2,2,,0.0,0.0,1.0,0.0,1.0,,0.0,0.0,1.0,0.0,1.0,2
102122,1.0,2,2,,1.0,,1.0,0.0,0.0,,0.0,0.0,1.0,1.0,0.0,2
102123,4.0,7,4,4.0,0.0,,0.0,3.0,0.0,,0.0,1.0,0.0,3.0,0.0,7
102124,4.0,0,0,,0.0,,0.0,0.0,0.0,,0.0,,0.0,0.0,0.0,0
102125,3.0,0,0,,0.0,,,,0.0,,0.0,,,,0.0,0
102126,2.0,9,4,4.0,0.0,,1.0,4.0,0.0,2.0,0.0,,1.0,1.0,0.0,9
102127,3.0,9,9,4.0,0.0,0.0,1.0,4.0,0.0,4.0,0.0,0.0,1.0,4.0,0.0,9
102128,3.0,4,3,,0.0,2.0,1.0,1.0,0.0,,0.0,1.0,1.0,1.0,0.0,4
102129,3.0,8,7,2.0,1.0,,1.0,3.0,1.0,2.0,1.0,,1.0,3.0,0.0,8
102130,2.0,11,12,4.0,0.0,0.0,1.0,4.0,2.0,2.0,2.0,1.0,1.0,4.0,2.0,12
102131,2.0,9,5,1.0,2.0,,1.0,4.0,1.0,,2.0,,1.0,1.0,1.0,9
102132,4.0,13,12,3.0,2.0,3.0,0.0,4.0,1.0,2.0,2.0,3.0,0.0,3.0,2.0,13
102133,1.0,7,6,,4.0,1.0,1.0,0.0,1.0,0.0,4.0,1.0,1.0,0.0,0.0,7
102134,2.0,9,3,3.0,1.0,,1.0,4.0,0.0,,2.0,,1.0,0.0,0.0,9
102135,3.0,6,6,,1.0,0.0,1.0,0.0,4.0,,1.0,0.0,1.0,0.0,4.0,6
102136,1.0,1,2,,0.0,,0.0,1.0,0.0,,0.0,,1.0,1.0,0.0,2
102137,3.0,2,0,,,,1.0,1.0,,,,,0.0,0.0,,2
102138,3.0,3,2,2.0,0.0,0.0,0.0,0.0,1.0,2.0,0.0,0.0,0.0,0.0,0.0,3
102139,2.0,7,1,2.0,0.0,,1.0,4.0,0.0,,0.0,,1.0,0.0,0.0,7
102140,4.0,6,6,3.0,0.0,,1.0,2.0,0.0,2.0,0.0,,1.0,2.0,1.0,6
102141,1.0,3,3,,0.0,,1.0,1.0,1.0,,1.0,,0.0,1.0,1.0,3
102142,2.0,8,2,,2.0,,1.0,4.0,1.0,,1.0,,1.0,0.0,0.0,8
102143,3.0,6,9,2.0,0.0,1.0,1.0,1.0,1.0,2.0,1.0,1.0,1.0,1.0,3.0,9
102144,1.0,2,2,,0.0,0.0,1.0,0.0,1.0,,0.0,0.0,1.0,0.0,1.0,2
102145,3.0,10,8,3.0,2.0,,1.0,4.0,0.0,3.0,2.0,,0.0,3.0,0.0,10
102146,1.0,3,2,,0.0,,1.0,2.0,0.0,,0.0,,1.0,1.0,0.0,3
102147,2.0,6,6,,0.0,,1.0,4.0,1.0,,0.0,,1.0,4.0,1.0,6
102148,3.0,3,1,,0.0,,1.0,1.0,1.0,,0.0,,1.0,0.0,0.0,3
102149,3.0,7,6,2.0,0.0,1.0,0.0,4.0,0.0,,0.0,1.0,1.0,4.0,0.0,7
102150,4.0,9,8,,1.0,,0.0,4.0,4.0,,0.0,,0.0,4.0,4.0,9
102151,4.0,7,5,2.0,0.0,0.0,1.0,4.0,0.0,2.0,0.0,0.0,0.0,3.0,0.0,7
102152,1.0,0,7,,0.0,,0.0,0.0,0.0,2.0,1.0,0.0,0.0,4.0,0.0,7
102153,3.0,8,4,3.0,0.0,0.0,1.0,4.0,0.0,,0.0,0.0,1.0,3.0,0.0,8
102154,4.0,6,5,1.0,0.0,,1.0,4.0,0.0,1.0,0.0,,1.0,3.0,0.0,6
102155,3.0,16,8,4.0,2.0,3.0,1.0,4.0,2.0,2.0,2.0,2.0,0.0,2.0,0.0,16
102156,3.0,3,6,,0.0,0.0,0.0,3.0,0.0,3.0,0.0,0.0,0.0,3.0,0.0,6
102157,3.0,2,1,,0.0,,1.0,1.0,0.0,,0.0,,1.0,0.0,0.0,2
102158,4.0,5,4,1.0,0.0,,0.0,4.0,0.0,1.0,0.0,,0.0,3.0,0.0,5
102159,3.0,5,1,1.0,0.0,,1.0,3.0,0.0,,0.0,,1.0,0.0,0.0,5
102160,4.0,12,13,3.0,1.0,2.0,1.0,3.0,2.0,2.0,2.0,1.0,1.0,3.0,4.0,13
102161,4.0,12,8,4.0,2.0,1.0,1.0,4.0,0.0,3.0,,1.0,1.0,3.0,0.0,12
102162,2.0,7,3,2.0,0.0,,1.0,4.0,0.0,2.0,0.0,,1.0,0.0,0.0,7
102163,4.0,10,9,2.0,1.0,,1.0,4.0,2.0,3.0,0.0,,1.0,4.0,1.0,10
102164,1.0,1,2,,,,1.0,0.0,,,,,1.0,1.0,,2
102165,2.0,10,8,3.0,1.0,,1.0,4.0,1.0,3.0,1.0,0.0,1.0,3.0,0.0,10
102166,4.0,8,8,2.0,0.0,,1.0,4.0,1.0,4.0,0.0,,1.0,2.0,1.0,8
102167,4.0,6,6,0.0,1.0,,1.0,4.0,0.0,0.0,1.0,,1.0,4.0,0.0,6
102168,1.0,2,3,,0.0,0.0,1.0,0.0,1.0,,0.0,0.0,1.0,1.0,1.0,3
102169,3.0,4,6,0.0,0.0,0.0,1.0,3.0,0.0,2.0,0.0,0.0,1.0,3.0,0.0,6
102170,4.0,1,0,,0.0,,0.0,1.0,0.0,,0.0,,0.0,0.0,0.0,1
102171,3.0,1,2,,0.0,,1.0,0.0,0.0,,0.0,,1.0,1.0,0.0,2
102172,3.0,0,0,,0.0,0.0,0.0,0.0,0.0,,0.0,0.0,0.0,0.0,0.0,0
102173,1.0,1,3,,0.0,,1.0,0.0,0.0,,1.0,,1.0,1.0,0.0,3
102174,4.0,2,2,,0.0,,1.0,1.0,0.0,,0.0,,1.0,1.0,0.0,2
102175,3.0,10,5,3.0,0.0,0.0,1.0,3.0,3.0,1.0,0.0,0.0,0.0,3.0,1.0,10
102176,4.0,4,3,,2.0,,1.0,1.0,0.0,,1.0,,1.0,1.0,0.0,4
102177,4.0,6,5,2.0,0.0,,1.0,3.0,0.0,1.0,0.0,,1.0,3.0,0.0,6
102178,3.0,1,1,,0.0,,1.0,0.0,0.0,,0.0,,1.0,0.0,0.0,1
102179,4.0,4,2,,0.0,,1.0,2.0,1.0,,0.0,,1.0,1.0,0.0,4
102180,2.0,11,10,3.0,3.0,,1.0,4.0,0.0,3.0,2.0,,1.0,3.0,1.0,11
102181,4.0,6,9,2.0,1.0,,1.0,2.0,0.0,2.0,1.0,,1.0,2.0,3.0,9
102182,2.0,8,10,3.0,0.0,0.0,1.0,4.0,0.0,4.0,1.0,0.0,1.0,4.0,0.0,10
102183,4.0,6,4,3.0,0.0,,1.0,2.0,0.0,,2.0,,1.0,1.0,0.0,6
102184,3.0,10,9,4.0,0.0,,1.0,4.0,1.0,4.0,0.0,,1.0,4.0,0.0,10
102185,3.0,1,0,,0.0,0.0,1.0,0.0,0.0,,0.0,0.0,0.0,0.0,0.0,1
102186,3.0,3,2,,1.0,,1.0,0.0,1.0,,1.0,,0.0,0.0,1.0,3
102187,2.0,7,7,2.0,0.0,,1.0,4.0,0.0,3.0,0.0,,1.0,3.0,0.0,7
102188,1.0,3,2,,0.0,,1.0,1.0,1.0,,0.0,,1.0,0.0,1.0,3
102189,3.0,9,8,2.0,2.0,,1.0,4.0,0.0,2.0,2.0,,1.0,2.0,1.0,9
102190,4.0,2,3,,,1.0,0.0,1.0,0.0,,1.0,1.0,0.0,1.0,0.0,3
102191,2.0,7,4,2.0,0.0,,1.0,4.0,0.0,2.0,0.0,,1.0,1.0,0.0,7
102192,4.0,7,8,3.0,0.0,,1.0,3.0,0.0,3.0,0.0,,1.0,4.0,0.0,8
102193,4.0,5,5,0.0,0.0,,1.0,4.0,0.0,1.0,0.0,,0.0,4.0,0.0,5
102194,3.0,11,6,4.0,0.0,,1.0,3.0,3.0,,0.0,,1.0,3.0,2.0,11
102195,2.0,11,5,3.0,0.0,,1.0,4.0,3.0,,0.0,,1.0,0.0,4.0,11
102196,3.0,5,3,,0.0,2.0,0.0,3.0,0.0,,0.0,0.0,0.0,3.0,0.0,5
102197,4.0,5,2,1.0,1.0,,1.0,2.0,0.0,,1.0,,1.0,0.0,0.0,5
102198,2.0,6,1,1.0,0.0,,1.0,4.0,0.0,,0.0,,1.0,0.0,0.0,6
102199,3.0,1,1,,0.0,,1.0,0.0,0.0,,0.0,,1.0,0.0,0.0,1
102200,4.0,6,4,,1.0,,1.0,3.0,1.0,,1.0,,1.0,2.0,0.0,6
102201,2.0,7,4,2.0,0.0,,1.0,4.0,0.0,2.0,0.0,,1.0,1.0,0.0,7
102202,4.0,1,1,,0.0,,1.0,0.0,0.0,,0.0,,1.0,0.0,0.0,1
102203,4.0,4,2,,1.0,,1.0,2.0,0.0,,1.0,,1.0,0.0,0.0,4
102204,3.0,9,8,3.0,1.0,,1.0,2.0,2.0,2.0,2.0,,1.0,2.0,1.0,9
102205,4.0,7,8,2.0,1.0,,0.0,4.0,0.0,3.0,0.0,,1.0,4.0,0.0,8
102206,2.0,2,4,,0.0,,0.0,0.0,2.0,,0.0,,0.0,1.0,3.0,4
102207,4.0,5,7,0.0,0.0,,1.0,4.0,0.0,2.0,1.0,,1.0,3.0,0.0,7
102208,3.0,10,8,3.0,2.0,,1.0,3.0,1.0,2.0,2.0,0.0,0.0,3.0,1.0,10
102209,1.0,0,2,,0.0,,0.0,0.0,0.0,,0.0,,1.0,1.0,0.0,2
102210,3.0,8,5,2.0,2.0,,1.0,3.0,0.0,0.0,3.0,,0.0,2.0,0.0,8
102211,4.0,1,1,,0.0,,1.0,0.0,0.0,,0.0,,0.0,1.0,0.0,1
102212,1.0,4,4,,0.0,0.0,1.0,0.0,3.0,,0.0,0.0,1.0,0.0,3.0,4
102213,4.0,0,0,,0.0,,0.0,0.0,0.0,,0.0,,0.0,0.0,0.0,0
102214,4.0,8,7,2.0,1.0,1.0,1.0,3.0,0.0,2.0,1.0,1.0,1.0,2.0,0.0,8
102215,4.0,7,7,2.0,0.0,,1.0,4.0,0.0,3.0,0.0,,0.0,4.0,0.0,7
102216,2.0,9,3,4.0,0.0,,1.0,4.0,0.0,2.0,0.0,,1.0,0.0,0.0,9
102217,1.0,1,1,,0.0,,1.0,0.0,0.0,,0.0,,1.0,0.0,0.0,1
102218,2.0,9,9,3.0,1.0,,1.0,4.0,0.0,3.0,1.0,,1.0,4.0,0.0,9
102219,3.0,5,4,2.0,0.0,,1.0,2.0,0.0,,0.0,,1.0,3.0,0.0,5
102220,1.0,2,3,,2.0,0.0,0.0,0.0,0.0,,2.0,0.0,1.0,0.0,0.0,3
102221,1.0,6,5,1.0,0.0,0.0,1.0,4.0,0.0,1.0,0.0,0.0,1.0,3.0,0.0,6
102222,1.0,9,8,4.0,0.0,1.0,1.0,3.0,0.0,3.0,0.0,1.0,1.0,3.0,0.0,9
102223,4.0,2,1,,0.0,,1.0,1.0,0.0,,0.0,,1.0,0.0,0.0,2
102224,4.0,4,2,,0.0,,1.0,3.0,0.0,,0.0,,1.0,1.0,0.0,4
102225,2.0,6,6,,1.0,,1.0,4.0,0.0,,1.0,,1.0,4.0,0.0,6
102226,1.0,2,9,,1.0,0.0,1.0,0.0,0.0,3.0,1.0,0.0,1.0,4.0,0.0,9
102227,4.0,0,3,,0.0,,0.0,0.0,0.0,,0.0,,1.0,2.0,0.0,3
102228,2.0,10,0,4.0,1.0,,1.0,4.0,0.0,,0.0,,0.0,0.0,0.0,10
102229,3.0,10,10,4.0,0.0,0.0,1.0,4.0,1.0,2.0,0.0,0.0,1.0,4.0,3.0,10
102230,3.0,5,0,,0.0,0.0,1.0,3.0,1.0,,0.0,0.0,0.0,0.0,0.0,5
102231,3.0,3,2,,0.0,1.0,0.0,2.0,0.0,,0.0,0.0,1.0,1.0,0.0,3
102232,3.0,6,6,,1.0,1.0,1.0,2.0,1.0,,1.0,1.0,1.0,2.0,1.0,6
102233,4.0,5,5,0.0,0.0,0.0,1.0,4.0,0.0,0.0,0.0,0.0,1.0,4.0,0.0,5
102234,2.0,8,2,2.0,1.0,,1.0,4.0,0.0,,1.0,,1.0,0.0,0.0,8
102235,3.0,9,8,3.0,0.0,,1.0,2.0,3.0,3.0,0.0,,1.0,1.0,3.0,9
102236,4.0,4,6,,0.0,,1.0,3.0,0.0,2.0,0.0,,1.0,3.0,0.0,6
102237,4.0,0,0,,0.0,,0.0,0.0,0.0,,0.0,,0.0,0.0,0.0,0
102238,3.0,6,7,,0.0,2.0,1.0,1.0,2.0,,0.0,2.0,1.0,1.0,3.0,7
102239,3.0,10,11,,2.0,4.0,1.0,1.0,2.0,,3.0,4.0,1.0,1.0,2.0,11
102240,3.0,0,0,,0.0,,,,0.0,,0.0,,,,0.0,0
102241,2.0,8,2,2.0,1.0,,1.0,4.0,0.0,,1.0,,1.0,0.0,0.0,8
102242,2.0,6,2,1.0,0.0,,1.0,4.0,0.0,,0.0,,1.0,1.0,0.0,6
102243,3.0,9,9,,0.0,0.0,1.0,4.0,4.0,,0.0,0.0,1.0,4.0,4.0,9
102244,3.0,4,2,,1.0,0.0,0.0,3.0,0.0,,1.0,0.0,0.0,1.0,0.0,4
102245,3.0,3,2,,1.0,0.0,1.0,1.0,0.0,,1.0,0.0,1.0,0.0,0.0,3
102246,3.0,6,5,,0.0,3.0,0.0,0.0,3.0,,0.0,4.0,0.0,1.0,0.0,6
102247,4.0,4,2,,0.0,,1.0,0.0,3.0,,0.0,,1.0,0.0,1.0,4
102248,3.0,8,4,2.0,0.0,0.0,1.0,3.0,2.0,0.0,0.0,0.0,1.0,2.0,1.0,8
102249,2.0,6,2,2.0,1.0,,1.0,2.0,0.0,,0.0,,1.0,0.0,1.0,6
102250,1.0,0,10,,0.0,,0.0,0.0,0.0,4.0,1.0,,1.0,4.0,0.0,10
102251,4.0,7,5,2.0,0.0,,1.0,4.0,0.0,1.0,0.0,0.0,1.0,3.0,0.0,7
102252,1.0,5,4,,1.0,0.0,1.0,0.0,3.0,,,0.0,1.0,0.0,3.0,5
102253,2.0,12,12,3.0,2.0,1.0,1.0,4.0,1.0,3.0,3.0,1.0,1.0,3.0,1.0,12
102254,2.0,5,3,2.0,0.0,,1.0,2.0,0.0,,0.0,,1.0,1.0,1.0,5
102255,4.0,3,2,,0.0,,1.0,1.0,1.0,,0.0,,1.0,1.0,0.0,3
102256,3.0,13,10,4.0,0.0,0.0,1.0,4.0,4.0,1.0,0.0,0.0,1.0,4.0,4.0,13
102257,2.0,8,2,3.0,0.0,,1.0,4.0,0.0,,1.0,,1.0,0.0,0.0,8
102258,3.0,2,1,,1.0,,1.0,0.0,0.0,,0.0,,1.0,0.0,0.0,2
102259,2.0,8,2,3.0,0.0,,1.0,3.0,1.0,,0.0,,1.0,0.0,1.0,8
102260,3.0,6,2,1.0,1.0,,1.0,3.0,0.0,,0.0,,0.0,2.0,0.0,6
102261,2.0,7,1,2.0,0.0,,1.0,4.0,0.0,,0.0,,1.0,0.0,0.0,7
102262,4.0,7,7,2.0,1.0,0.0,1.0,3.0,0.0,2.0,1.0,0.0,1.0,3.0,0.0,7
102263,3.0,6,2,4.0,0.0,0.0,1.0,1.0,0.0,,0.0,0.0,1.0,1.0,0.0,6
102264,1.0,3,2,,1.0,,1.0,1.0,0.0,,1.0,,1.0,0.0,0.0,3
102265,4.0,2,1,,0.0,,1.0,1.0,0.0,,0.0,,1.0,0.0,0.0,2
102266,2.0,9,5,3.0,1.0,,1.0,4.0,0.0,3.0,0.0,0.0,1.0,0.0,1.0,9
102267,3.0,11,11,3.0,4.0,1.0,0.0,3.0,0.0,3.0,3.0,2.0,0.0,3.0,0.0,11
102268,4.0,11,5,3.0,2.0,2.0,1.0,3.0,0.0,,1.0,2.0,1.0,1.0,0.0,11
102269,4.0,3,2,,1.0,,1.0,1.0,0.0,,1.0,,1.0,0.0,0.0,3
102270,3.0,7,6,3.0,0.0,0.0,1.0,3.0,0.0,2.0,,0.0,1.0,3.0,0.0,7
102271,1.0,6,9,3.0,0.0,0.0,0.0,3.0,0.0,3.0,2.0,0.0,0.0,4.0,0.0,9
102272,3.0,4,3,,1.0,,1.0,1.0,1.0,,1.0,,1.0,1.0,0.0,4
102273,4.0,13,12,3.0,0.0,2.0,1.0,4.0,3.0,3.0,0.0,1.0,1.0,4.0,3.0,13
102274,3.0,10,12,2.0,0.0,1.0,1.0,3.0,3.0,3.0,0.0,2.0,1.0,3.0,3.0,12
102275,3.0,8,9,,2.0,2.0,1.0,0.0,3.0,,2.0,2.0,1.0,0.0,4.0,9
102276,3.0,11,5,1.0,0.0,4.0,1.0,4.0,1.0,,0.0,3.0,1.0,0.0,1.0,11
102277,4.0,8,1,3.0,0.0,0.0,1.0,4.0,0.0,,0.0,0.0,0.0,1.0,0.0,8
102278,2.0,8,4,2.0,0.0,,1.0,4.0,1.0,2.0,0.0,,1.0,0.0,1.0,8
102279,4.0,6,3,2.0,0.0,0.0,1.0,3.0,0.0,,0.0,0.0,1.0,2.0,0.0,6
102280,2.0,9,3,3.0,1.0,,1.0,4.0,0.0,,1.0,,1.0,0.0,1.0,9
102281,4.0,10,3,2.0,2.0,2.0,0.0,4.0,0.0,,2.0,1.0,0.0,0.0,0.0,10
102282,3.0,8,11,,2.0,0.0,1.0,1.0,4.0,2.0,1.0,1.0,1.0,2.0,4.0,11
102283,3.0,7,6,,2.0,0.0,1.0,3.0,1.0,,1.0,0.0,1.0,3.0,1.0,7
102284,3.0,4,3,,0.0,0.0,1.0,3.0,0.0,,0.0,0.0,0.0,3.0,0.0,4
102285,3.0,6,10,,3.0,,1.0,1.0,1.0,,4.0,2.0,1.0,2.0,1.0,10
102286,1.0,2,2,,1.0,,0.0,0.0,1.0,,2.0,,0.0,0.0,0.0,2
102287,4.0,8,6,2.0,2.0,,1.0,3.0,0.0,1.0,2.0,,0.0,3.0,0.0,8
102288,4.0,2,7,,0.0,,1.0,1.0,0.0,2.0,2.0,,1.0,2.0,0.0,7
102289,4.0,4,2,2.0,0.0,,0.0,2.0,0.0,1.0,0.0,,1.0,0.0,0.0,4
102290,2.0,6,4,3.0,0.0,,1.0,2.0,0.0,2.0,1.0,,1.0,0.0,0.0,6
102291,4.0,6,3,2.0,0.0,,0.0,4.0,0.0,,0.0,,0.0,3.0,0.0,6
102292,1.0,0,1,,0.0,,0.0,0.0,0.0,,0.0,,1.0,0.0,0.0,1
102293,3.0,5,4,,1.0,0.0,1.0,0.0,3.0,,1.0,0.0,1.0,0.0,2.0,5
102294,3.0,6,3,2.0,,,1.0,3.0,,,,,1.0,2.0,0.0,6
102295,3.0,8,5,2.0,1.0,0.0,0.0,3.0,2.0,0.0,,0.0,0.0,3.0,2.0,8
102296,3.0,8,7,2.0,0.0,0.0,1.0,3.0,2.0,2.0,0.0,0.0,1.0,3.0,1.0,8
102297,4.0,4,4,,0.0,,1.0,2.0,1.0,,0.0,,0.0,3.0,1.0,4
102298,4.0,12,10,2.0,1.0,0.0,1.0,4.0,4.0,2.0,1.0,0.0,1.0,3.0,3.0,12
102299,4.0,9,3,2.0,2.0,,1.0,4.0,0.0,,2.0,,1.0,0.0,0.0,9
102300,4.0,6,3,2.0,0.0,,1.0,3.0,0.0,,0.0,0.0,1.0,2.0,0.0,6
102301,1.0,9,9,4.0,0.0,,1.0,3.0,1.0,3.0,1.0,0.0,1.0,3.0,1.0,9
102302,2.0,10,9,3.0,1.0,2.0,1.0,3.0,0.0,3.0,1.0,2.0,1.0,2.0,0.0,10
102303,4.0,6,1,1.0,0.0,0.0,0.0,4.0,1.0,,0.0,0.0,0.0,0.0,1.0,6
102304,4.0,1,3,,0.0,,1.0,0.0,0.0,,0.0,0.0,1.0,2.0,0.0,3
102305,4.0,6,5,2.0,0.0,,1.0,3.0,0.0,1.0,1.0,,0.0,3.0,0.0,6
102306,2.0,1,1,,0.0,,1.0,0.0,0.0,,0.0,,1.0,0.0,0.0,1
102307,4.0,18,16,4.0,2.0,4.0,1.0,4.0,3.0,2.0,2.0,4.0,1.0,3.0,4.0,18
102308,4.0,2,1,,0.0,,1.0,0.0,1.0,,0.0,,0.0,0.0,1.0,2
102309,4.0,13,13,2.0,1.0,3.0,1.0,3.0,3.0,2.0,2.0,3.0,1.0,2.0,3.0,13
102310,2.0,8,5,2.0,0.0,0.0,1.0,1.0,4.0,,0.0,0.0,1.0,1.0,3.0,8
102311,3.0,7,8,3.0,0.0,,1.0,3.0,0.0,4.0,0.0,,1.0,3.0,0.0,8
102312,1.0,9,12,2.0,0.0,,1.0,4.0,2.0,3.0,2.0,1.0,1.0,3.0,2.0,12
102313,3.0,3,6,,0.0,,1.0,0.0,2.0,,0.0,,1.0,1.0,4.0,6
102314,2.0,11,11,4.0,2.0,,1.0,4.0,0.0,3.0,2.0,,1.0,4.0,1.0,11
102315,4.0,2,6,,0.0,,0.0,2.0,0.0,2.0,1.0,,0.0,3.0,0.0,6
102316,3.0,0,1,,0.0,,0.0,0.0,0.0,,0.0,,0.0,1.0,0.0,1
102317,4.0,3,2,0.0,0.0,0.0,1.0,2.0,0.0,0.0,0.0,0.0,0.0,2.0,0.0,3
102318,3.0,3,1,,1.0,,1.0,0.0,1.0,,0.0,,1.0,0.0,0.0,3
102319,3.0,5,5,2.0,0.0,0.0,1.0,2.0,0.0,2.0,0.0,0.0,1.0,2.0,0.0,5
102320,3.0,1,1,,0.0,,1.0,0.0,0.0,,0.0,,1.0,0.0,0.0,1
102321,2.0,8,3,2.0,1.0,,1.0,4.0,0.0,,1.0,,1.0,1.0,0.0,8
102322,3.0,8,8,3.0,0.0,0.0,1.0,2.0,2.0,3.0,0.0,0.0,1.0,2.0,2.0,8
102323,1.0,2,10,,0.0,0.0,1.0,0.0,1.0,2.0,2.0,1.0,1.0,4.0,0.0,10
102324,1.0,10,11,,2.0,2.0,1.0,3.0,2.0,,2.0,2.0,1.0,3.0,3.0,11
102325,3.0,8,8,3.0,0.0,0.0,1.0,4.0,0.0,3.0,0.0,0.0,1.0,4.0,0.0,8
102326,3.0,14,12,1.0,2.0,2.0,1.0,4.0,4.0,,2.0,2.0,1.0,3.0,4.0,14
102327,3.0,6,3,2.0,0.0,,1.0,2.0,1.0,2.0,0.0,,0.0,0.0,1.0,6
102328,4.0,7,5,2.0,0.0,,1.0,4.0,0.0,1.0,0.0,,1.0,3.0,0.0,7
102329,4.0,2,8,,1.0,1.0,0.0,0.0,0.0,4.0,0.0,0.0,1.0,3.0,0.0,8
102330,2.0,10,4,3.0,2.0,,1.0,4.0,0.0,,2.0,,1.0,0.0,1.0,10
102331,2.0,8,4,2.0,1.0,,1.0,4.0,0.0,,1.0,,1.0,2.0,0.0,8
102332,4.0,0,6,,0.0,,0.0,0.0,0.0,2.0,0.0,,0.0,4.0,0.0,6
102333,2.0,9,2,2.0,2.0,,1.0,4.0,0.0,,1.0,,1.0,0.0,0.0,9
102334,3.0,2,1,,1.0,,1.0,0.0,0.0,,1.0,,0.0,0.0,0.0,2
102335,3.0,9,11,,2.0,3.0,1.0,2.0,1.0,3.0,1.0,2.0,1.0,3.0,1.0,11
102336,4.0,2,2,,0.0,,1.0,0.0,1.0,,0.0,,1.0,0.0,1.0,2
102337,2.0,6,2,1.0,0.0,,1.0,4.0,0.0,,1.0,,1.0,0.0,0.0,6
102338,3.0,1,1,,0.0,,0.0,1.0,0.0,,0.0,,0.0,1.0,0.0,1
102339,2.0,10,9,3.0,1.0,0.0,1.0,4.0,1.0,2.0,1.0,0.0,1.0,3.0,2.0,10
102340,2.0,8,2,2.0,1.0,,1.0,4.0,0.0,,1.0,,1.0,0.0,0.0,8
102341,1.0,8,6,3.0,0.0,,1.0,4.0,0.0,3.0,0.0,,1.0,2.0,0.0,8
102342,2.0,5,0,,0.0,,1.0,4.0,0.0,,0.0,,0.0,0.0,0.0,5
102343,4.0,5,5,2.0,0.0,,0.0,3.0,0.0,2.0,0.0,,0.0,3.0,0.0,5
102344,3.0,12,14,4.0,0.0,0.0,1.0,4.0,3.0,3.0,2.0,0.0,1.0,4.0,4.0,14
102345,3.0,5,5,,0.0,0.0,1.0,0.0,4.0,,0.0,0.0,1.0,0.0,4.0,5
102346,4.0,5,4,0.0,0.0,,1.0,4.0,0.0,1.0,0.0,,1.0,2.0,0.0,5
102347,3.0,0,0,,0.0,,,,0.0,,0.0,,,,0.0,0
102348,4.0,2,2,,0.0,0.0,1.0,1.0,0.0,,0.0,0.0,1.0,1.0,0.0,2
102349,1.0,7,9,0.0,0.0,,1.0,3.0,3.0,1.0,0.0,,1.0,4.0,3.0,9
102350,1.0,2,6,,0.0,,1.0,1.0,0.0,,1.0,,1.0,1.0,3.0,6
102351,4.0,9,6,3.0,0.0,0.0,0.0,4.0,2.0,2.0,0.0,0.0,0.0,3.0,1.0,9
102352,2.0,8,8,2.0,0.0,,1.0,4.0,1.0,1.0,2.0,,1.0,3.0,1.0,8
102353,1.0,6,7,3.0,,,0.0,3.0,0.0,3.0,0.0,,1.0,3.0,0.0,7
102354,1.0,2,3,,0.0,0.0,1.0,0.0,1.0,,1.0,0.0,1.0,0.0,1.0,3
102355,4.0,15,9,4.0,2.0,3.0,1.0,4.0,1.0,2.0,3.0,3.0,0.0,1.0,0.0,15
102356,1.0,4,4,,1.0,0.0,1.0,0.0,2.0,,1.0,0.0,1.0,0.0,2.0,4
102357,3.0,4,6,,0.0,,1.0,2.0,1.0,2.0,0.0,,1.0,2.0,1.0,6
102358,3.0,3,3,,0.0,1.0,1.0,0.0,1.0,,0.0,1.0,1.0,0.0,1.0,3
102359,4.0,1,2,,0.0,,0.0,1.0,0.0,,0.0,,1.0,1.0,0.0,2
102360,2.0,13,12,4.0,0.0,0.0,1.0,4.0,4.0,3.0,0.0,0.0,1.0,4.0,4.0,13
102361,3.0,2,0,2.0,0.0,,0.0,0.0,0.0,,,,0.0,0.0,,2
102362,4.0,4,4,0.0,0.0,,0.0,4.0,0.0,2.0,0.0,,0.0,2.0,0.0,4
102363,3.0,3,2,,0.0,0.0,1.0,1.0,1.0,,0.0,0.0,1.0,1.0,0.0,3
102364,3.0,2,10,,0.0,,1.0,0.0,1.0,4.0,0.0,,1.0,4.0,1.0,10
102365,4.0,10,5,2.0,2.0,1.0,1.0,4.0,0.0,1.0,2.0,0.0,0.0,2.0,0.0,10
102366,4.0,9,6,4.0,0.0,,1.0,3.0,1.0,3.0,0.0,,1.0,2.0,0.0,9
102367,2.0,0,12,,,,,,,4.0,1.0,1.0,1.0,4.0,1.0,12
102368,3.0,13,11,2.0,3.0,2.0,1.0,3.0,2.0,2.0,2.0,2.0,1.0,3.0,1.0,13
102369,4.0,5,5,1.0,0.0,0.0,1.0,3.0,0.0,2.0,0.0,0.0,0.0,3.0,0.0,5
102370,4.0,9,14,0.0,2.0,0.0,0.0,3.0,4.0,4.0,2.0,0.0,0.0,4.0,4.0,14
102371,1.0,8,8,1.0,0.0,,1.0,4.0,2.0,2.0,1.0,,1.0,3.0,1.0,8
102372,3.0,7,6,2.0,0.0,,1.0,4.0,0.0,1.0,0.0,0.0,1.0,4.0,0.0,7
102373,4.0,6,7,1.0,0.0,,1.0,4.0,0.0,2.0,0.0,,1.0,4.0,0.0,7
102374,4.0,5,4,1.0,0.0,0.0,1.0,3.0,0.0,0.0,0.0,0.0,1.0,3.0,0.0,5
102375,1.0,1,1,,0.0,,1.0,0.0,0.0,,0.0,,1.0,0.0,0.0,1
102376,2.0,2,2,,0.0,,1.0,1.0,0.0,,0.0,,1.0,1.0,0.0,2
102377,4.0,13,13,4.0,2.0,2.0,1.0,4.0,0.0,4.0,2.0,2.0,1.0,3.0,1.0,13
102378,1.0,6,11,0.0,0.0,,1.0,4.0,1.0,4.0,0.0,,1.0,4.0,2.0,11
102379,1.0,4,5,,0.0,0.0,0.0,1.0,3.0,,0.0,0.0,1.0,1.0,3.0,5
102380,1.0,2,2,,0.0,0.0,1.0,0.0,1.0,,0.0,0.0,1.0,0.0,1.0,2
102381,4.0,2,4,,1.0,1.0,0.0,0.0,0.0,,1.0,1.0,1.0,1.0,0.0,4
102382,4.0,2,0,,0.0,,1.0,1.0,0.0,,0.0,,0.0,0.0,0.0,2
102383,2.0,8,0,3.0,0.0,,1.0,4.0,0.0,,0.0,,0.0,0.0,0.0,8
102384,3.0,10,8,2.0,0.0,0.0,1.0,3.0,4.0,,0.0,0.0,1.0,3.0,4.0,10
102385,3.0,2,3,,1.0,,1.0,0.0,0.0,,2.0,,1.0,0.0,0.0,3
102386,1.0,5,6,,0.0,,1.0,0.0,4.0,,0.0,,1.0,1.0,4.0,6
102387,3.0,6,8,2.0,0.0,,1.0,3.0,0.0,4.0,0.0,,1.0,3.0,0.0,8
102388,3.0,7,10,3.0,0.0,,1.0,3.0,0.0,4.0,0.0,,1.0,4.0,1.0,10
102389,3.0,6,2,3.0,0.0,,0.0,2.0,1.0,,0.0,,1.0,0.0,1.0,6
102390,2.0,8,1,3.0,0.0,,1.0,4.0,0.0,,0.0,,0.0,0.0,1.0,8
102391,3.0,1,2,,,,0.0,1.0,0.0,,1.0,,0.0,1.0,0.0,2
102392,1.0,1,2,,0.0,,1.0,0.0,0.0,,0.0,,1.0,1.0,0.0,2
102393,4.0,2,2,,0.0,,0.0,2.0,0.0,,0.0,,1.0,1.0,0.0,2
102394,4.0,4,2,,0.0,,1.0,2.0,1.0,,0.0,,1.0,1.0,0.0,4
102395,4.0,0,0,,0.0,,0.0,0.0,0.0,,0.0,,0.0,0.0,0.0,0
102396,3.0,6,5,,0.0,,1.0,1.0,4.0,,0.0,,1.0,0.0,4.0,6
102397,3.0,18,17,4.0,2.0,4.0,1.0,4.0,3.0,3.0,2.0,4.0,1.0,4.0,3.0,18
102398,2.0,5,1,0.0,0.0,,1.0,4.0,0.0,,0.0,,1.0,0.0,0.0,5
102399,3.0,8,3,2.0,0.0,2.0,1.0,3.0,0.0,,0.0,1.0,1.0,1.0,0.0,8
102400,3.0,4,4,2.0,0.0,0.0,0.0,2.0,0.0,2.0,0.0,0.0,0.0,2.0,0.0,4
102401,2.0,10,9,4.0,1.0,0.0,1.0,4.0,0.0,4.0,1.0,0.0,1.0,2.0,1.0,10
102402,4.0,6,3,2.0,,,1.0,3.0,0.0,,,,1.0,2.0,0.0,6
102403,4.0,9,5,3.0,0.0,0.0,1.0,3.0,2.0,3.0,0.0,0.0,0.0,2.0,0.0,9
102404,4.0,8,7,2.0,1.0,,1.0,4.0,0.0,1.0,1.0,,1.0,4.0,0.0,8
102405,4.0,5,6,1.0,0.0,,1.0,3.0,0.0,2.0,0.0,,1.0,3.0,0.0,6
102406,4.0,0,1,,0.0,,0.0,0.0,0.0,,0.0,,1.0,0.0,0.0,1
102407,2.0,7,3,2.0,0.0,,0.0,4.0,1.0,,1.0,,1.0,0.0,1.0,7
102408,4.0,9,7,3.0,0.0,1.0,1.0,4.0,0.0,3.0,0.0,0.0,1.0,3.0,0.0,9
102409,3.0,4,5,,0.0,,1.0,0.0,3.0,,1.0,,1.0,0.0,3.0,5
102410,3.0,1,1,,0.0,,1.0,0.0,0.0,,0.0,,1.0,0.0,0.0,1
102411,3.0,4,4,,0.0,2.0,1.0,1.0,0.0,,0.0,2.0,1.0,1.0,0.0,4
102412,2.0,7,5,2.0,2.0,,1.0,2.0,0.0,,2.0,,1.0,2.0,0.0,7
102413,4.0,2,2,,0.0,,1.0,1.0,0.0,,0.0,0.0,1.0,1.0,0.0,2
102414,4.0,0,1,,0.0,,0.0,0.0,0.0,,0.0,,1.0,0.0,0.0,1
102415,3.0,3,0,2.0,0.0,,0.0,1.0,0.0,,0.0,,0.0,0.0,0.0,3
102416,3.0,8,8,0.0,2.0,2.0,0.0,3.0,1.0,3.0,2.0,1.0,0.0,2.0,0.0,8
102417,1.0,8,8,2.0,0.0,1.0,1.0,3.0,1.0,2.0,0.0,1.0,1.0,3.0,1.0,8
102418,3.0,3,5,,1.0,0.0,1.0,1.0,0.0,,1.0,0.0,1.0,3.0,0.0,5
102419,1.0,3,4,,0.0,,1.0,2.0,0.0,1.0,0.0,0.0,1.0,2.0,0.0,4
102420,2.0,4,8,,0.0,,1.0,3.0,0.0,4.0,0.0,,0.0,4.0,0.0,8
102421,2.0,8,1,2.0,1.0,,1.0,4.0,0.0,,0.0,,1.0,0.0,0.0,8
102422,2.0,11,12,4.0,2.0,,1.0,3.0,1.0,3.0,3.0,2.0,1.0,2.0,1.0,12
102423,4.0,5,2,1.0,2.0,0.0,0.0,2.0,0.0,,2.0,0.0,0.0,0.0,0.0,5
102424,3.0,5,11,2.0,1.0,0.0,1.0,1.0,0.0,4.0,2.0,0.0,1.0,4.0,0.0,11
102425,2.0,6,3,2.0,2.0,,1.0,1.0,0.0,,1.0,,1.0,1.0,0.0,6
102426,4.0,2,2,,0.0,,0.0,2.0,0.0,,0.0,,0.0,2.0,0.0,2
102427,3.0,4,2,2.0,0.0,,1.0,1.0,0.0,2.0,0.0,,0.0,0.0,0.0,4
102428,3.0,11,7,2.0,2.0,,1.0,4.0,2.0,0.0,2.0,,0.0,3.0,2.0,11
102429,2.0,9,2,2.0,2.0,,1.0,4.0,0.0,,2.0,,0.0,0.0,0.0,9
102430,3.0,2,2,,0.0,,1.0,0.0,1.0,,1.0,0.0,0.0,1.0,0.0,2
102431,2.0,6,9,,1.0,0.0,1.0,4.0,0.0,2.0,2.0,0.0,1.0,4.0,0.0,9
102432,4.0,0,8,,0.0,,0.0,0.0,0.0,4.0,0.0,,0.0,4.0,0.0,8
102433,4.0,8,6,4.0,0.0,,1.0,3.0,0.0,4.0,0.0,,0.0,2.0,0.0,8
102434,3.0,7,7,,0.0,0.0,1.0,2.0,4.0,,0.0,0.0,1.0,2.0,4.0,7
102435,3.0,6,6,,0.0,,1.0,4.0,1.0,,0.0,,1.0,4.0,1.0,6
102436,2.0,8,2,2.0,1.0,0.0,1.0,4.0,0.0,,1.0,0.0,1.0,0.0,0.0,8
102437,1.0,2,2,,1.0,,1.0,0.0,0.0,,1.0,,1.0,0.0,0.0,2
102438,4.0,8,7,3.0,0.0,,1.0,4.0,0.0,2.0,0.0,,1.0,4.0,0.0,8
102439,4.0,7,4,0.0,0.0,3.0,0.0,4.0,0.0,,0.0,3.0,1.0,0.0,0.0,7
102440,4.0,3,4,,0.0,,1.0,0.0,2.0,,0.0,,1.0,1.0,2.0,4
102441,2.0,11,3,4.0,2.0,,1.0,4.0,0.0,,2.0,,1.0,0.0,0.0,11
102442,2.0,9,6,3.0,2.0,,1.0,2.0,1.0,2.0,1.0,,1.0,0.0,2.0,9
102443,3.0,4,3,,0.0,,1.0,1.0,2.0,,0.0,,1.0,1.0,1.0,4
102444,4.0,4,5,0.0,0.0,,1.0,3.0,0.0,2.0,0.0,,0.0,3.0,0.0,5
102445,4.0,7,3,2.0,0.0,,1.0,4.0,0.0,2.0,0.0,0.0,1.0,0.0,0.0,7
102446,4.0,6,5,2.0,0.0,,1.0,3.0,0.0,2.0,0.0,,0.0,3.0,0.0,6
102447,3.0,5,1,2.0,0.0,,1.0,2.0,0.0,,0.0,0.0,1.0,0.0,0.0,5
102448,1.0,8,8,3.0,0.0,0.0,1.0,4.0,0.0,2.0,1.0,0.0,1.0,4.0,0.0,8
102449,4.0,7,2,2.0,0.0,,1.0,4.0,0.0,1.0,0.0,,1.0,0.0,0.0,7
102450,2.0,8,8,3.0,0.0,,1.0,4.0,0.0,3.0,1.0,,1.0,2.0,1.0,8
102451,4.0,2,3,,0.0,,1.0,1.0,0.0,,1.0,,1.0,1.0,0.0,3
102452,3.0,6,12,,0.0,2.0,1.0,1.0,2.0,4.0,0.0,2.0,1.0,3.0,2.0,12
102453,2.0,10,12,3.0,2.0,0.0,0.0,4.0,1.0,3.0,2.0,0.0,1.0,4.0,2.0,12
102454,4.0,5,5,0.0,1.0,,0.0,4.0,0.0,0.0,1.0,,0.0,4.0,0.0,5
102455,3.0,9,7,1.0,0.0,0.0,1.0,3.0,4.0,0.0,1.0,0.0,1.0,2.0,3.0,9
102456,2.0,5,0,,0.0,,1.0,4.0,0.0,,0.0,,0.0,0.0,0.0,5
102457,2.0,9,12,3.0,1.0,,1.0,4.0,0.0,3.0,2.0,2.0,1.0,4.0,0.0,12
102458,4.0,3,3,,0.0,2.0,0.0,1.0,0.0,,0.0,2.0,0.0,1.0,0.0,3
102459,1.0,1,1,,0.0,,1.0,0.0,0.0,,0.0,,1.0,0.0,0.0,1
102460,1.0,2,2,,0.0,0.0,1.0,0.0,1.0,,0.0,0.0,1.0,0.0,1.0,2
102461,2.0,2,1,,0.0,,1.0,1.0,0.0,,0.0,,1.0,0.0,0.0,2
102462,4.0,5,5,,0.0,,1.0,4.0,0.0,3.0,0.0,,0.0,2.0,0.0,5
102463,3.0,6,4,3.0,0.0,,1.0,2.0,0.0,1.0,0.0,,1.0,2.0,0.0,6
102464,3.0,6,3,3.0,0.0,,0.0,3.0,0.0,,0.0,,0.0,3.0,0.0,6
102465,4.0,5,5,1.0,0.0,,0.0,3.0,1.0,,0.0,,1.0,3.0,1.0,5
102466,2.0,7,7,3.0,0.0,0.0,1.0,2.0,1.0,4.0,0.0,0.0,0.0,2.0,1.0,7
102467,4.0,10,10,3.0,1.0,0.0,1.0,4.0,1.0,2.0,2.0,0.0,1.0,4.0,1.0,10
102468,3.0,2,2,,1.0,,1.0,0.0,0.0,,1.0,,1.0,0.0,0.0,2
102469,3.0,10,9,4.0,0.0,0.0,1.0,3.0,2.0,3.0,0.0,0.0,1.0,3.0,2.0,10
102470,1.0,9,8,2.0,2.0,,1.0,3.0,1.0,3.0,2.0,1.0,1.0,0.0,1.0,9
102471,4.0,7,6,2.0,0.0,0.0,1.0,4.0,0.0,2.0,0.0,0.0,1.0,3.0,0.0,7
102472,3.0,2,2,,0.0,,1.0,0.0,1.0,,0.0,,1.0,1.0,0.0,2
102473,3.0,9,8,4.0,2.0,,0.0,3.0,0.0,1.0,3.0,,0.0,3.0,1.0,9
102474,2.0,3,1,2.0,0.0,,1.0,0.0,0.0,,0.0,,1.0,0.0,0.0,3
102475,4.0,4,2,,1.0,,1.0,1.0,1.0,,1.0,,,,1.0,4
102476,2.0,7,3,2.0,0.0,,1.0,2.0,2.0,,0.0,,,,3.0,7
102477,3.0,5,1,2.0,0.0,0.0,0.0,3.0,0.0,,0.0,0.0,1.0,0.0,0.0,5
102478,1.0,7,6,2.0,2.0,,0.0,3.0,0.0,2.0,1.0,,1.0,2.0,0.0,7
102479,4.0,7,6,2.0,0.0,,1.0,4.0,0.0,2.0,1.0,,1.0,2.0,0.0,7
102480,4.0,7,7,3.0,0.0,0.0,1.0,3.0,0.0,3.0,0.0,0.0,1.0,3.0,0.0,7
102481,3.0,4,6,,0.0,0.0,1.0,1.0,2.0,,1.0,0.0,1.0,2.0,2.0,6
102482,1.0,4,3,,0.0,,1.0,2.0,1.0,,0.0,,1.0,2.0,0.0,4
102483,3.0,5,3,1.0,0.0,0.0,1.0,2.0,1.0,,1.0,0.0,1.0,1.0,0.0,5
102484,2.0,11,2,4.0,1.0,,1.0,4.0,1.0,,0.0,,1.0,0.0,1.0,11
102485,4.0,10,11,4.0,0.0,,1.0,4.0,1.0,4.0,2.0,0.0,1.0,4.0,0.0,11
102486,1.0,5,1,1.0,0.0,,1.0,3.0,0.0,,0.0,,1.0,0.0,0.0,5
102487,1.0,2,1,2.0,0.0,,0.0,0.0,0.0,,0.0,,1.0,0.0,0.0,2
102488,4.0,1,2,,0.0,,0.0,1.0,0.0,,0.0,,1.0,1.0,0.0,2
102489,3.0,4,4,0.0,0.0,0.0,1.0,3.0,0.0,0.0,0.0,0.0,1.0,3.0,0.0,4
102490,3.0,2,1,,0.0,0.0,1.0,1.0,0.0,,,0.0,0.0,1.0,0.0,2
102491,3.0,2,1,,0.0,,1.0,1.0,0.0,,0.0,,1.0,0.0,0.0,2
102492,1.0,6,10,3.0,0.0,0.0,0.0,2.0,1.0,3.0,0.0,1.0,1.0,4.0,1.0,10
102493,4.0,8,2,2.0,2.0,,0.0,4.0,0.0,,2.0,,0.0,0.0,0.0,8
102494,2.0,3,0,,0.0,,1.0,2.0,0.0,,0.0,,0.0,0.0,0.0,3
102495,3.0,1,1,,0.0,1.0,0.0,0.0,0.0,,0.0,0.0,0.0,1.0,0.0,1
102496,4.0,0,1,,0.0,,0.0,0.0,0.0,,0.0,,0.0,1.0,0.0,1
102497,3.0,7,9,0.0,0.0,,1.0,4.0,2.0,2.0,0.0,,1.0,4.0,2.0,9
102498,3.0,2,2,,,,1.0,0.0,1.0,,0.0,,1.0,0.0,1.0,2
102499,3.0,1,0,,0.0,0.0,1.0,0.0,0.0,,0.0,0.0,0.0,0.0,0.0,1
102500,3.0,14,10,4.0,2.0,2.0,1.0,4.0,1.0,2.0,2.0,2.0,0.0,3.0,1.0,14
102501,3.0,6,6,,2.0,3.0,1.0,0.0,0.0,,2.0,3.0,1.0,0.0,0.0,6
102502,3.0,9,7,1.0,2.0,,1.0,4.0,1.0,1.0,1.0,,0.0,2.0,3.0,9
102503,4.0,0,1,,0.0,,0.0,0.0,0.0,,1.0,,0.0,0.0,0.0,1
102504,3.0,10,8,4.0,0.0,0.0,1.0,4.0,1.0,3.0,0.0,0.0,1.0,3.0,1.0,10
102505,2.0,9,9,4.0,2.0,,1.0,2.0,0.0,4.0,2.0,,1.0,2.0,0.0,9
102506,3.0,11,10,4.0,0.0,0.0,1.0,3.0,3.0,3.0,0.0,0.0,1.0,3.0,3.0,11
102507,3.0,0,0,,0.0,0.0,0.0,0.0,0.0,,0.0,0.0,0.0,0.0,0.0,0
102508,4.0,2,3,,0.0,,1.0,0.0,1.0,,0.0,,1.0,1.0,1.0,3
102509,4.0,7,6,1.0,1.0,,1.0,4.0,0.0,1.0,2.0,,1.0,2.0,0.0,7
102510,1.0,6,7,1.0,0.0,,1.0,2.0,2.0,2.0,0.0,,1.0,2.0,2.0,7
102511,2.0,3,2,,1.0,0.0,1.0,1.0,0.0,,0.0,0.0,1.0,1.0,0.0,3
102512,3.0,0,1,,0.0,,0.0,0.0,0.0,,,,1.0,0.0,0.0,1
102513,4.0,8,2,3.0,1.0,,1.0,2.0,1.0,,1.0,,0.0,0.0,1.0,8
102514,2.0,11,6,4.0,2.0,,1.0,2.0,2.0,2.0,1.0,,0.0,1.0,2.0,11
102515,2.0,2,2,,2.0,,0.0,0.0,0.0,,1.0,,1.0,0.0,0.0,2
102516,2.0,4,13,,3.0,0.0,0.0,1.0,0.0,3.0,2.0,2.0,1.0,4.0,1.0,13
102517,3.0,7,6,4.0,0.0,0.0,0.0,3.0,0.0,3.0,0.0,0.0,0.0,3.0,0.0,7
102518,4.0,1,1,,0.0,,1.0,0.0,0.0,,0.0,,1.0,0.0,0.0,1
102519,1.0,1,1,,0.0,,1.0,0.0,0.0,,,,1.0,0.0,,1
102520,2.0,6,2,,1.0,,1.0,4.0,0.0,,1.0,,1.0,0.0,0.0,6
102521,1.0,10,8,4.0,0.0,0.0,1.0,4.0,1.0,2.0,0.0,0.0,1.0,4.0,1.0,10
102522,3.0,4,4,,2.0,0.0,1.0,0.0,1.0,,3.0,0.0,1.0,0.0,0.0,4
102523,2.0,15,13,4.0,2.0,2.0,1.0,4.0,2.0,4.0,1.0,1.0,1.0,4.0,2.0,15
102524,2.0,8,1,3.0,0.0,,1.0,4.0,0.0,,0.0,0.0,1.0,0.0,0.0,8
102525,2.0,9,1,3.0,1.0,,1.0,4.0,0.0,,0.0,,1.0,0.0,0.0,9
102526,3.0,1,1,,0.0,,0.0,1.0,0.0,,0.0,,0.0,1.0,0.0,1
102527,4.0,4,1,,1.0,,0.0,3.0,0.0,,0.0,,0.0,1.0,0.0,4
102528,3.0,6,0,3.0,0.0,,0.0,3.0,0.0,,0.0,0.0,0.0,0.0,0.0,6
102529,4.0,6,6,3.0,0.0,0.0,0.0,3.0,0.0,2.0,,0.0,0.0,4.0,0.0,6
102530,3.0,9,8,4.0,0.0,,1.0,4.0,0.0,3.0,0.0,,1.0,4.0,0.0,9
102531,3.0,3,0,,0.0,0.0,0.0,3.0,0.0,,0.0,0.0,0.0,0.0,0.0,3
102532,3.0,6,7,,2.0,3.0,1.0,0.0,0.0,,2.0,4.0,0.0,1.0,0.0,7
102533,1.0,4,3,,0.0,,1.0,0.0,3.0,,0.0,,1.0,0.0,2.0,4
102534,3.0,10,9,2.0,2.0,2.0,1.0,3.0,0.0,2.0,3.0,2.0,1.0,1.0,0.0,10
102535,4.0,10,2,1.0,2.0,2.0,1.0,4.0,0.0,,1.0,0.0,0.0,1.0,0.0,10
102536,3.0,2,8,,0.0,,0.0,1.0,1.0,3.0,0.0,,0.0,3.0,2.0,8
102537,2.0,7,6,2.0,0.0,,1.0,4.0,0.0,3.0,0.0,,1.0,2.0,0.0,7
102538,3.0,1,1,,0.0,,1.0,0.0,0.0,,,,1.0,0.0,0.0,1
102539,3.0,2,2,,0.0,0.0,1.0,0.0,1.0,,0.0,0.0,1.0,0.0,1.0,2
102540,2.0,1,1,,0.0,0.0,1.0,0.0,0.0,,0.0,0.0,0.0,1.0,0.0,1
102541,4.0,5,4,,2.0,,0.0,1.0,2.0,,1.0,,0.0,1.0,2.0,5
102542,2.0,7,3,1.0,1.0,,1.0,4.0,0.0,,1.0,,1.0,1.0,0.0,7
102543,4.0,12,10,3.0,2.0,,0.0,4.0,3.0,2.0,3.0,0.0,0.0,3.0,2.0,12
102544,1.0,0,0,,0.0,,,,0.0,,,,,,,0
102545,3.0,2,3,,1.0,,0.0,1.0,0.0,,1.0,,0.0,2.0,0.0,3
102546,2.0,9,1,4.0,0.0,,1.0,4.0,0.0,,0.0,,1.0,0.0,0.0,9
102547,3.0,3,1,,0.0,,1.0,1.0,1.0,,0.0,,1.0,0.0,0.0,3
102548,3.0,1,1,,0.0,,1.0,0.0,0.0,,0.0,,1.0,0.0,0.0,1
102549,3.0,4,2,,1.0,,0.0,3.0,0.0,,,,0.0,2.0,,4
102550,3.0,2,2,,1.0,1.0,0.0,0.0,0.0,,1.0,1.0,0.0,0.0,0.0,2
102551,4.0,3,4,,0.0,,1.0,2.0,0.0,,0.0,,1.0,3.0,0.0,4
102552,4.0,6,3,0.0,1.0,0.0,1.0,4.0,0.0,0.0,1.0,0.0,0.0,2.0,0.0,6
102553,4.0,6,6,1.0,1.0,1.0,0.0,3.0,0.0,1.0,1.0,1.0,0.0,3.0,0.0,6
102554,4.0,13,4,3.0,2.0,2.0,1.0,4.0,1.0,,2.0,1.0,0.0,0.0,1.0,13
102555,4.0,5,5,,1.0,2.0,1.0,1.0,0.0,,1.0,2.0,1.0,1.0,0.0,5
102556,4.0,9,8,2.0,0.0,0.0,1.0,4.0,2.0,2.0,0.0,0.0,1.0,3.0,2.0,9
102557,3.0,13,11,3.0,1.0,,1.0,4.0,4.0,2.0,1.0,0.0,1.0,3.0,4.0,13
102558,1.0,7,1,2.0,0.0,0.0,1.0,4.0,0.0,,0.0,0.0,1.0,0.0,0.0,7
102559,2.0,1,3,,0.0,,1.0,0.0,0.0,,1.0,,1.0,0.0,1.0,3
102560,2.0,4,0,,0.0,,1.0,3.0,0.0,,0.0,,0.0,0.0,0.0,4
102561,4.0,3,1,,2.0,,0.0,1.0,0.0,,1.0,,0.0,0.0,0.0,3
102562,3.0,3,0,,0.0,,1.0,2.0,0.0,,0.0,,,,0.0,3
102563,1.0,2,2,,0.0,,1.0,0.0,1.0,,0.0,,1.0,0.0,1.0,2
102564,1.0,0,1,,0.0,0.0,0.0,0.0,0.0,,0.0,0.0,1.0,0.0,0.0,1
102565,3.0,3,5,0.0,0.0,,1.0,2.0,0.0,2.0,0.0,,1.0,2.0,0.0,5
102566,3.0,5,4,,0.0,,0.0,1.0,4.0,,0.0,,0.0,0.0,4.0,5
102567,2.0,9,1,4.0,0.0,,1.0,4.0,0.0,,0.0,,1.0,0.0,0.0,9
102568,2.0,10,2,3.0,1.0,,1.0,4.0,1.0,,0.0,,1.0,0.0,1.0,10
102569,4.0,4,4,,0.0,,0.0,4.0,0.0,1.0,0.0,,0.0,3.0,0.0,4
102570,2.0,12,12,4.0,2.0,0.0,1.0,4.0,1.0,3.0,2.0,0.0,1.0,4.0,2.0,12
102571,4.0,12,6,3.0,2.0,2.0,1.0,4.0,0.0,,2.0,2.0,1.0,0.0,1.0,12
102572,4.0,4,4,,0.0,,1.0,0.0,3.0,,0.0,,1.0,0.0,3.0,4
102573,1.0,1,1,,0.0,,1.0,0.0,0.0,,0.0,,1.0,0.0,0.0,1
102574,3.0,5,4,1.0,0.0,,1.0,3.0,0.0,,0.0,,1.0,3.0,0.0,5
102575,3.0,2,0,,0.0,0.0,0.0,1.0,1.0,,,0.0,0.0,0.0,,2
102576,4.0,7,7,0.0,1.0,,1.0,4.0,1.0,3.0,1.0,,0.0,2.0,1.0,7
102577,4.0,7,0,2.0,0.0,0.0,1.0,4.0,0.0,,0.0,0.0,0.0,0.0,0.0,7
102578,4.0,1,1,,1.0,,0.0,0.0,0.0,,0.0,,0.0,1.0,0.0,1
102579,2.0,11,9,3.0,1.0,2.0,1.0,4.0,0.0,3.0,2.0,2.0,1.0,0.0,1.0,11
102580,1.0,1,1,,0.0,,0.0,1.0,0.0,,0.0,,1.0,0.0,0.0,1
102581,4.0,1,3,,0.0,0.0,1.0,0.0,0.0,,0.0,0.0,1.0,1.0,1.0,3
102582,4.0,0,0,,,,0.0,0.0,,,0.0,,0.0,0.0,0.0,0
102583,3.0,5,7,0.0,0.0,0.0,1.0,4.0,0.0,3.0,0.0,0.0,1.0,3.0,0.0,7
102584,4.0,1,1,,0.0,,1.0,0.0,0.0,,0.0,,0.0,1.0,0.0,1
102585,3.0,3,9,2.0,0.0,0.0,1.0,0.0,0.0,4.0,0.0,0.0,1.0,4.0,0.0,9
102586,2.0,7,2,1.0,1.0,,1.0,4.0,0.0,,1.0,,1.0,0.0,0.0,7
102587,2.0,6,1,1.0,0.0,,1.0,4.0,0.0,,0.0,,1.0,0.0,0.0,6
102588,1.0,2,1,,0.0,,1.0,1.0,0.0,,0.0,,0.0,,1.0,2
102589,4.0,10,11,4.0,0.0,,1.0,4.0,1.0,3.0,0.0,,1.0,4.0,3.0,11
102590,4.0,8,8,2.0,2.0,,1.0,3.0,0.0,2.0,1.0,,1.0,4.0,0.0,8
102591,3.0,3,3,,1.0,0.0,1.0,0.0,1.0,,1.0,0.0,1.0,0.0,1.0,3
102592,4.0,2,2,,0.0,,1.0,1.0,0.0,,0.0,,1.0,1.0,0.0,2
102593,4.0,10,11,1.0,3.0,1.0,1.0,4.0,0.0,2.0,3.0,1.0,1.0,4.0,0.0,11
102594,4.0,16,11,3.0,2.0,4.0,1.0,4.0,2.0,4.0,3.0,3.0,0.0,0.0,1.0,16
102595,4.0,13,13,2.0,3.0,3.0,1.0,4.0,0.0,3.0,2.0,4.0,0.0,3.0,1.0,13
102596,4.0,7,1,2.0,1.0,,0.0,4.0,0.0,,1.0,,0.0,0.0,0.0,7
102597,4.0,5,3,0.0,0.0,,1.0,4.0,0.0,0.0,0.0,,0.0,3.0,0.0,5
102598,4.0,3,2,,0.0,,1.0,1.0,1.0,,0.0,,1.0,0.0,1.0,3
102599,3.0,7,4,,2.0,,1.0,1.0,3.0,,2.0,,1.0,1.0,0.0,7
102600,4.0,4,3,,1.0,2.0,1.0,0.0,0.0,,1.0,1.0,1.0,0.0,0.0,4
102601,1.0,1,1,,0.0,,1.0,0.0,0.0,,0.0,,1.0,0.0,0.0,1
102602,4.0,5,7,,1.0,,1.0,3.0,0.0,3.0,1.0,,0.0,3.0,0.0,7
102603,3.0,6,5,2.0,0.0,,1.0,3.0,0.0,2.0,0.0,,1.0,2.0,0.0,6
102604,4.0,6,7,1.0,2.0,0.0,0.0,3.0,0.0,2.0,2.0,0.0,0.0,3.0,0.0,7
102605,4.0,3,3,,0.0,0.0,0.0,3.0,0.0,,0.0,0.0,0.0,3.0,0.0,3
102606,3.0,2,3,,1.0,0.0,0.0,1.0,0.0,,2.0,0.0,0.0,1.0,0.0,3
102607,1.0,4,7,,1.0,,1.0,1.0,1.0,,1.0,,1.0,3.0,2.0,7
102608,3.0,3,3,0.0,0.0,,0.0,3.0,0.0,0.0,0.0,,0.0,3.0,0.0,3
102609,4.0,11,9,4.0,2.0,,1.0,4.0,0.0,3.0,2.0,,0.0,4.0,0.0,11
102610,3.0,4,0,,1.0,0.0,0.0,3.0,0.0,,0.0,0.0,0.0,0.0,0.0,4
102611,2.0,7,2,1.0,1.0,,1.0,4.0,0.0,,1.0,,1.0,0.0,0.0,7
102612,3.0,6,10,,0.0,,1.0,1.0,4.0,2.0,0.0,,0.0,4.0,4.0,10
102613,3.0,5,4,,2.0,,1.0,0.0,2.0,,2.0,,0.0,0.0,2.0,5
102614,3.0,15,15,3.0,0.0,4.0,1.0,4.0,3.0,4.0,0.0,3.0,1.0,4.0,3.0,15
102615,4.0,12,11,3.0,1.0,2.0,1.0,4.0,1.0,4.0,1.0,2.0,0.0,4.0,0.0,12
102616,3.0,3,2,,2.0,0.0,0.0,0.0,1.0,,2.0,0.0,0.0,0.0,0.0,3
102617,3.0,11,9,3.0,1.0,0.0,0.0,3.0,4.0,2.0,0.0,0.0,1.0,3.0,3.0,11
102618,2.0,0,1,,0.0,0.0,0.0,0.0,0.0,,0.0,0.0,1.0,0.0,0.0,1
102619,3.0,10,9,3.0,1.0,0.0,1.0,3.0,2.0,3.0,1.0,0.0,1.0,3.0,1.0,10
102620,4.0,10,4,3.0,2.0,,1.0,4.0,0.0,0.0,1.0,,1.0,2.0,0.0,10
102621,3.0,8,5,3.0,0.0,,1.0,3.0,1.0,,0.0,,1.0,3.0,1.0,8
102622,2.0,6,7,,1.0,,1.0,4.0,0.0,,1.0,,1.0,4.0,1.0,7
102623,2.0,5,3,,0.0,0.0,1.0,2.0,2.0,,0.0,0.0,0.0,1.0,2.0,5
102624,3.0,10,7,3.0,2.0,2.0,1.0,0.0,2.0,,2.0,2.0,1.0,0.0,2.0,10
102625,2.0,9,4,2.0,2.0,,1.0,4.0,0.0,,2.0,,1.0,1.0,0.0,9
102626,4.0,4,4,,0.0,,0.0,0.0,4.0,,0.0,0.0,0.0,0.0,4.0,4
102627,3.0,4,1,,0.0,0.0,1.0,3.0,0.0,,0.0,0.0,1.0,0.0,0.0,4
102628,4.0,10,8,2.0,1.0,,0.0,3.0,4.0,2.0,1.0,,0.0,2.0,3.0,10
102629,4.0,5,3,0.0,0.0,0.0,1.0,4.0,0.0,,0.0,0.0,1.0,2.0,0.0,5
102630,4.0,2,1,,0.0,,1.0,1.0,0.0,,0.0,,0.0,1.0,0.0,2
102631,1.0,10,8,4.0,0.0,0.0,1.0,4.0,1.0,2.0,0.0,0.0,1.0,4.0,1.0,10
102632,4.0,13,11,3.0,2.0,3.0,0.0,4.0,1.0,2.0,2.0,3.0,0.0,2.0,2.0,13
102633,3.0,3,4,,0.0,,1.0,2.0,0.0,,0.0,,1.0,3.0,0.0,4
102634,4.0,7,6,2.0,0.0,,1.0,4.0,0.0,2.0,0.0,,1.0,3.0,0.0,7
102635,3.0,5,4,,0.0,,1.0,3.0,1.0,,0.0,,1.0,3.0,0.0,5
102636,4.0,12,10,4.0,1.0,0.0,1.0,4.0,2.0,2.0,2.0,0.0,1.0,4.0,1.0,12
102637,2.0,8,2,2.0,1.0,,1.0,4.0,0.0,,1.0,,1.0,0.0,0.0,8
102638,4.0,7,2,2.0,0.0,,1.0,4.0,0.0,,0.0,,1.0,1.0,0.0,7
102639,4.0,9,7,2.0,1.0,,1.0,4.0,1.0,2.0,1.0,,1.0,2.0,1.0,9
102640,2.0,9,9,3.0,1.0,,1.0,4.0,0.0,2.0,2.0,,1.0,4.0,0.0,9
102641,4.0,3,4,,0.0,1.0,0.0,2.0,0.0,,0.0,1.0,0.0,3.0,0.0,4
102642,2.0,4,5,2.0,1.0,,1.0,,0.0,3.0,1.0,,1.0,0.0,0.0,5
102643,3.0,6,7,,2.0,2.0,1.0,0.0,1.0,,3.0,2.0,1.0,0.0,1.0,7
102644,3.0,2,2,,2.0,,0.0,0.0,0.0,,2.0,,0.0,0.0,0.0,2
102645,2.0,5,2,2.0,2.0,,1.0,0.0,0.0,,1.0,,1.0,0.0,0.0,5
102646,4.0,3,4,,0.0,2.0,0.0,1.0,0.0,,0.0,2.0,1.0,1.0,0.0,4
102647,3.0,6,8,,3.0,2.0,1.0,0.0,0.0,,4.0,2.0,1.0,1.0,0.0,8
102648,2.0,2,1,,0.0,0.0,1.0,1.0,0.0,,0.0,0.0,1.0,0.0,0.0,2
102649,3.0,9,6,3.0,2.0,0.0,1.0,3.0,0.0,2.0,1.0,0.0,0.0,3.0,0.0,9
102650,2.0,9,4,3.0,1.0,,1.0,4.0,0.0,,1.0,,1.0,2.0,0.0,9
102651,4.0,2,1,,0.0,,1.0,1.0,0.0,,0.0,,1.0,0.0,0.0,2
102652,3.0,2,1,,0.0,,1.0,1.0,0.0,,0.0,,1.0,0.0,0.0,2
102653,1.0,0,0,,0.0,,0.0,0.0,0.0,,0.0,,0.0,0.0,0.0,0
102654,3.0,4,2,0.0,0.0,0.0,1.0,3.0,0.0,,0.0,0.0,1.0,1.0,0.0,4
102655,4.0,5,3,2.0,0.0,,1.0,1.0,1.0,,0.0,,0.0,2.0,1.0,5
102656,2.0,8,5,3.0,0.0,,1.0,4.0,0.0,2.0,,,1.0,2.0,0.0,8
102657,3.0,0,0,,0.0,,,,0.0,,0.0,,,,0.0,0
102658,2.0,9,6,3.0,1.0,,1.0,3.0,1.0,2.0,1.0,,1.0,0.0,2.0,9
102659,4.0,5,8,,1.0,,1.0,3.0,0.0,3.0,1.0,0.0,0.0,4.0,0.0,8
102660,3.0,2,2,,2.0,0.0,,,0.0,,2.0,0.0,,,0.0,2
102661,4.0,8,8,3.0,0.0,,1.0,4.0,0.0,3.0,0.0,,1.0,4.0,0.0,8
102662,1.0,7,6,,3.0,,1.0,0.0,3.0,,3.0,,1.0,0.0,2.0,7
102663,3.0,2,1,,0.0,,1.0,1.0,0.0,,0.0,,1.0,0.0,0.0,2
102664,2.0,7,1,2.0,0.0,,1.0,4.0,0.0,,0.0,,1.0,0.0,0.0,7
102665,4.0,4,4,,1.0,2.0,1.0,0.0,0.0,,1.0,2.0,1.0,0.0,0.0,4
102666,2.0,7,1,2.0,0.0,,1.0,4.0,0.0,,0.0,,1.0,0.0,0.0,7
102667,1.0,5,5,,1.0,0.0,0.0,0.0,4.0,,1.0,0.0,0.0,0.0,4.0,5
102668,3.0,1,1,,0.0,0.0,1.0,0.0,0.0,,0.0,0.0,1.0,0.0,0.0,1
102669,2.0,7,0,2.0,2.0,,1.0,2.0,0.0,,0.0,,0.0,0.0,0.0,7
102670,3.0,8,7,,0.0,,1.0,3.0,4.0,,0.0,,1.0,2.0,4.0,8
102671,2.0,2,1,,0.0,0.0,1.0,0.0,1.0,,0.0,0.0,1.0,0.0,0.0,2
102672,2.0,10,2,2.0,2.0,1.0,1.0,4.0,0.0,,0.0,1.0,1.0,0.0,0.0,10
102673,2.0,8,1,3.0,0.0,,1.0,4.0,0.0,,0.0,,1.0,0.0,0.0,8
102674,3.0,6,6,,1.0,0.0,1.0,0.0,4.0,,1.0,0.0,1.0,0.0,4.0,6
102675,1.0,0,4,,0.0,,0.0,0.0,0.0,,0.0,,1.0,0.0,3.0,4
102676,3.0,4,2,,0.0,0.0,1.0,2.0,1.0,,0.0,0.0,0.0,2.0,0.0,4
102677,3.0,4,4,,1.0,0.0,1.0,1.0,1.0,,1.0,0.0,1.0,1.0,1.0,4
102678,2.0,10,5,3.0,2.0,,1.0,4.0,0.0,3.0,1.0,,1.0,0.0,0.0,10
102679,3.0,7,5,3.0,0.0,,1.0,3.0,0.0,2.0,0.0,,1.0,2.0,0.0,7
102680,2.0,1,1,,0.0,,1.0,0.0,0.0,,0.0,,1.0,0.0,0.0,1
102681,2.0,9,7,3.0,1.0,,1.0,4.0,0.0,3.0,1.0,,1.0,2.0,0.0,9
102682,4.0,7,8,2.0,2.0,,1.0,2.0,0.0,1.0,3.0,1.0,1.0,2.0,0.0,8
102683,4.0,4,3,1.0,0.0,,0.0,3.0,0.0,0.0,0.0,,0.0,3.0,0.0,4
102684,3.0,10,8,2.0,0.0,,0.0,4.0,4.0,1.0,0.0,,0.0,3.0,4.0,10
102685,3.0,7,6,1.0,0.0,,1.0,4.0,1.0,,0.0,,1.0,3.0,2.0,7
102686,4.0,4,6,1.0,0.0,,0.0,3.0,0.0,2.0,0.0,,1.0,3.0,0.0,6
102687,2.0,6,2,0.0,1.0,,1.0,4.0,0.0,,1.0,,1.0,0.0,0.0,6
102688,3.0,1,1,,0.0,,0.0,1.0,0.0,,0.0,,0.0,1.0,0.0,1
102689,2.0,15,12,4.0,2.0,4.0,1.0,4.0,0.0,3.0,1.0,3.0,1.0,4.0,0.0,15
102690,3.0,4,5,0.0,0.0,,0.0,4.0,0.0,1.0,0.0,,0.0,4.0,0.0,5
102691,3.0,7,4,3.0,0.0,,0.0,4.0,0.0,,0.0,,1.0,3.0,0.0,7
102692,4.0,6,5,1.0,0.0,,1.0,4.0,0.0,,0.0,,1.0,4.0,0.0,6
102693,1.0,1,1,,,,1.0,0.0,0.0,,,,1.0,0.0,0.0,1
102694,4.0,6,4,,0.0,,1.0,4.0,1.0,,0.0,,0.0,3.0,1.0,6
102695,1.0,4,4,,2.0,,1.0,1.0,0.0,,2.0,,1.0,1.0,0.0,4
102696,3.0,5,2,0.0,0.0,0.0,1.0,3.0,1.0,,,0.0,1.0,1.0,0.0,5
102697,3.0,3,2,,0.0,0.0,1.0,2.0,0.0,,0.0,0.0,0.0,2.0,0.0,3
102698,3.0,8,9,2.0,1.0,,1.0,3.0,1.0,3.0,1.0,,1.0,3.0,1.0,9
102699,2.0,10,7,1.0,3.0,,1.0,4.0,1.0,1.0,2.0,0.0,1.0,2.0,1.0,10
102700,2.0,9,7,3.0,1.0,1.0,0.0,4.0,0.0,3.0,0.0,0.0,1.0,3.0,0.0,9
102701,4.0,12,10,3.0,2.0,0.0,1.0,4.0,2.0,3.0,2.0,0.0,1.0,2.0,2.0,12
102702,2.0,5,2,,0.0,,1.0,4.0,0.0,,1.0,,1.0,0.0,0.0,5
102703,4.0,7,2,2.0,0.0,,1.0,4.0,0.0,2.0,0.0,,0.0,0.0,0.0,7
102704,1.0,3,2,,0.0,,1.0,0.0,2.0,,0.0,,1.0,0.0,1.0,3
102705,3.0,13,8,4.0,1.0,1.0,1.0,4.0,2.0,2.0,1.0,1.0,1.0,3.0,0.0,13
102706,4.0,4,3,0.0,1.0,0.0,0.0,3.0,0.0,1.0,1.0,0.0,0.0,1.0,0.0,4
102707,4.0,7,7,3.0,1.0,,0.0,2.0,1.0,3.0,1.0,,0.0,3.0,0.0,7
102708,2.0,8,2,2.0,1.0,,1.0,4.0,0.0,,1.0,,1.0,0.0,0.0,8
102709,2.0,1,1,,0.0,0.0,1.0,0.0,0.0,,0.0,0.0,1.0,0.0,0.0,1
102710,4.0,5,7,0.0,1.0,,1.0,3.0,0.0,1.0,1.0,,1.0,4.0,0.0,7
102711,2.0,8,1,3.0,0.0,,1.0,4.0,0.0,,0.0,,1.0,0.0,0.0,8
102712,2.0,10,9,3.0,1.0,0.0,1.0,4.0,1.0,3.0,1.0,0.0,1.0,4.0,0.0,10
102713,4.0,1,1,,0.0,,1.0,0.0,0.0,,0.0,,1.0,0.0,0.0,1
102714,4.0,5,4,0.0,0.0,,1.0,4.0,0.0,0.0,0.0,,1.0,3.0,0.0,5
102715,2.0,6,4,1.0,0.0,,1.0,4.0,0.0,1.0,0.0,,1.0,2.0,0.0,6
102716,4.0,0,1,,0.0,0.0,,0.0,0.0,,0.0,0.0,1.0,0.0,0.0,1
102717,4.0,8,8,3.0,0.0,,1.0,4.0,0.0,3.0,0.0,,1.0,4.0,0.0,8
102718,1.0,8,8,3.0,0.0,,1.0,4.0,0.0,2.0,1.0,,1.0,4.0,0.0,8
102719,3.0,1,1,,0.0,,1.0,0.0,0.0,,,,1.0,0.0,,1
102720,4.0,3,3,0.0,0.0,,1.0,2.0,0.0,,0.0,,1.0,2.0,0.0,3
102721,2.0,0,0,,0.0,0.0,0.0,0.0,0.0,,0.0,0.0,0.0,0.0,0.0,0
102722,4.0,1,1,,0.0,,1.0,0.0,0.0,,0.0,,1.0,0.0,0.0,1
102723,2.0,7,1,2.0,0.0,,1.0,4.0,0.0,,0.0,,1.0,0.0,0.0,7
102724,2.0,7,3,,2.0,,1.0,4.0,0.0,,2.0,,1.0,0.0,0.0,7
102725,3.0,7,6,4.0,0.0,,0.0,3.0,0.0,2.0,0.0,,1.0,3.0,0.0,7
102726,4.0,4,6,,0.0,,1.0,3.0,0.0,2.0,0.0,,1.0,3.0,0.0,6
102727,1.0,2,1,,0.0,,1.0,0.0,1.0,,0.0,,0.0,0.0,1.0,2
102728,2.0,6,3,2.0,0.0,,1.0,2.0,1.0,2.0,0.0,,0.0,0.0,1.0,6
102729,3.0,9,10,1.0,0.0,,1.0,3.0,4.0,1.0,1.0,,1.0,3.0,4.0,10
102730,3.0,3,5,0.0,0.0,,0.0,3.0,0.0,2.0,0.0,,0.0,3.0,0.0,5
102731,4.0,6,5,1.0,1.0,,1.0,3.0,0.0,0.0,1.0,,1.0,3.0,0.0,6
102732,2.0,11,6,2.0,0.0,,1.0,4.0,4.0,,0.0,,1.0,1.0,4.0,11
102733,2.0,9,7,2.0,0.0,,1.0,4.0,2.0,0.0,1.0,,1.0,2.0,3.0,9
102734,2.0,9,7,3.0,0.0,1.0,1.0,4.0,0.0,2.0,0.0,1.0,1.0,3.0,0.0,9
102735,2.0,9,5,3.0,1.0,,1.0,4.0,0.0,2.0,0.0,,1.0,2.0,0.0,9
102736,3.0,6,1,2.0,0.0,0.0,1.0,3.0,0.0,,0.0,0.0,1.0,0.0,0.0,6
102737,3.0,7,7,0.0,1.0,0.0,1.0,4.0,1.0,2.0,1.0,0.0,1.0,3.0,0.0,7
102738,4.0,8,8,3.0,0.0,,1.0,4.0,0.0,3.0,0.0,,1.0,4.0,0.0,8
102739,3.0,15,14,4.0,1.0,2.0,1.0,3.0,4.0,2.0,1.0,2.0,1.0,4.0,4.0,15
102740,1.0,2,5,,1.0,0.0,1.0,0.0,0.0,,1.0,0.0,1.0,3.0,0.0,5
102741,2.0,9,6,1.0,2.0,,1.0,4.0,1.0,0.0,2.0,,1.0,2.0,1.0,9
102742,4.0,9,9,1.0,2.0,2.0,1.0,3.0,0.0,2.0,1.0,2.0,0.0,4.0,0.0,9
102743,4.0,12,16,,2.0,4.0,1.0,2.0,3.0,4.0,1.0,4.0,1.0,3.0,3.0,16
102744,2.0,9,2,4.0,0.0,,1.0,4.0,0.0,,0.0,,1.0,1.0,0.0,9
102745,4.0,2,3,,1.0,1.0,0.0,0.0,0.0,,1.0,0.0,1.0,1.0,0.0,3
102746,3.0,8,5,3.0,0.0,0.0,1.0,2.0,2.0,,0.0,0.0,1.0,2.0,2.0,8
102747,3.0,5,6,,1.0,0.0,0.0,0.0,4.0,,1.0,0.0,1.0,0.0,4.0,6
102748,3.0,4,6,,0.0,0.0,1.0,2.0,1.0,2.0,0.0,0.0,0.0,3.0,1.0,6
102749,3.0,2,2,,0.0,,0.0,1.0,1.0,,0.0,,1.0,0.0,1.0,2
102750,3.0,5,5,,4.0,,1.0,0.0,,,4.0,,1.0,0.0,0.0,5
102751,3.0,8,5,2.0,0.0,,1.0,2.0,3.0,,0.0,,1.0,2.0,2.0,8
102752,4.0,3,5,,0.0,,1.0,1.0,1.0,,0.0,,1.0,1.0,3.0,5
102753,1.0,0,10,,0.0,0.0,0.0,0.0,0.0,4.0,1.0,0.0,1.0,4.0,0.0,10
102754,4.0,4,8,1.0,0.0,,0.0,3.0,0.0,4.0,0.0,,1.0,3.0,0.0,8
102755,4.0,13,5,2.0,2.0,3.0,1.0,4.0,1.0,,2.0,2.0,0.0,0.0,1.0,13
102756,1.0,9,5,2.0,1.0,2.0,1.0,1.0,2.0,,1.0,2.0,0.0,0.0,2.0,9
102757,4.0,5,1,2.0,0.0,0.0,1.0,2.0,0.0,,0.0,0.0,1.0,0.0,0.0,5
102758,2.0,1,1,,0.0,,1.0,0.0,0.0,,0.0,,1.0,0.0,0.0,1
102759,1.0,1,2,,0.0,0.0,1.0,0.0,0.0,,1.0,0.0,1.0,0.0,0.0,2
102760,1.0,1,1,,0.0,,1.0,0.0,0.0,,0.0,,1.0,0.0,0.0,1
102761,1.0,3,6,,0.0,,1.0,1.0,1.0,2.0,0.0,,1.0,1.0,2.0,6
102762,1.0,4,1,2.0,0.0,,0.0,1.0,1.0,,0.0,,1.0,0.0,0.0,4
102763,3.0,0,0,,,,,,,,,,,,,0
102764,4.0,14,11,3.0,4.0,2.0,1.0,4.0,0.0,3.0,2.0,1.0,1.0,4.0,0.0,14
102765,4.0,8,5,3.0,0.0,,1.0,4.0,0.0,2.0,0.0,,1.0,2.0,0.0,8
102766,1.0,10,8,4.0,0.0,,1.0,3.0,2.0,3.0,0.0,,1.0,3.0,1.0,10
102767,3.0,5,10,2.0,1.0,,1.0,1.0,0.0,2.0,1.0,,1.0,3.0,3.0,10
102768,1.0,8,8,3.0,0.0,,1.0,2.0,2.0,3.0,0.0,,1.0,2.0,2.0,8
102769,3.0,1,1,,0.0,,1.0,0.0,0.0,,0.0,0.0,1.0,0.0,0.0,1
102770,1.0,6,10,,0.0,0.0,1.0,3.0,2.0,3.0,1.0,0.0,1.0,3.0,2.0,10
102771,3.0,9,5,4.0,0.0,,1.0,4.0,0.0,2.0,0.0,0.0,0.0,3.0,0.0,9
102772,4.0,8,7,3.0,0.0,,1.0,4.0,0.0,3.0,0.0,,0.0,4.0,0.0,8
102773,3.0,9,6,2.0,0.0,1.0,1.0,4.0,1.0,2.0,0.0,0.0,0.0,3.0,1.0,9
102774,3.0,5,6,1.0,0.0,,1.0,3.0,0.0,2.0,0.0,,1.0,3.0,0.0,6
102775,2.0,7,3,2.0,0.0,,1.0,4.0,0.0,,0.0,,1.0,2.0,0.0,7
102776,2.0,1,1,,0.0,0.0,1.0,0.0,0.0,,0.0,0.0,1.0,0.0,0.0,1
102777,2.0,8,2,2.0,0.0,,1.0,4.0,1.0,,0.0,,1.0,0.0,1.0,8
102778,4.0,4,1,,0.0,,1.0,3.0,0.0,,0.0,,0.0,1.0,0.0,4
102779,2.0,4,2,3.0,0.0,0.0,1.0,0.0,0.0,,0.0,0.0,1.0,0.0,1.0,4
102780,4.0,7,6,2.0,1.0,,1.0,3.0,0.0,1.0,1.0,,1.0,3.0,0.0,7
102781,3.0,2,1,,0.0,,1.0,1.0,0.0,,0.0,,1.0,0.0,0.0,2
102782,3.0,9,4,2.0,0.0,,1.0,3.0,3.0,,1.0,,0.0,2.0,1.0,9
102783,2.0,7,1,2.0,0.0,,1.0,4.0,0.0,,0.0,,1.0,0.0,0.0,7
102784,3.0,7,5,3.0,0.0,0.0,0.0,4.0,0.0,2.0,0.0,0.0,0.0,3.0,0.0,7
102785,3.0,4,3,,2.0,,1.0,1.0,0.0,,2.0,,1.0,0.0,0.0,4
102786,2.0,8,3,2.0,1.0,,1.0,4.0,0.0,,1.0,,1.0,1.0,0.0,8
102787,3.0,10,7,4.0,1.0,,1.0,3.0,1.0,2.0,1.0,,0.0,3.0,1.0,10
102788,2.0,9,3,3.0,1.0,,1.0,4.0,0.0,,2.0,,1.0,0.0,0.0,9
102789,2.0,7,5,2.0,0.0,,1.0,4.0,0.0,3.0,1.0,,1.0,0.0,0.0,7
102790,3.0,13,10,4.0,3.0,2.0,1.0,3.0,0.0,3.0,2.0,1.0,1.0,3.0,0.0,13
102791,3.0,6,5,1.0,1.0,,0.0,4.0,0.0,0.0,1.0,,0.0,4.0,0.0,6
102792,4.0,0,1,,0.0,0.0,0.0,0.0,0.0,,,0.0,0.0,1.0,0.0,1
102793,2.0,10,2,3.0,1.0,,1.0,4.0,1.0,,0.0,,1.0,0.0,1.0,10
102794,2.0,7,4,3.0,0.0,,1.0,3.0,0.0,2.0,0.0,,1.0,0.0,1.0,7
102795,4.0,7,5,3.0,0.0,0.0,1.0,3.0,0.0,2.0,0.0,0.0,1.0,2.0,0.0,7
102796,3.0,7,1,2.0,0.0,,1.0,4.0,0.0,,0.0,,1.0,0.0,0.0,7
102797,4.0,2,2,,0.0,,,,2.0,,1.0,,,,1.0,2
102798,2.0,8,4,2.0,1.0,,1.0,4.0,0.0,2.0,1.0,,1.0,0.0,0.0,8
102799,1.0,8,10,4.0,0.0,,1.0,0.0,3.0,4.0,0.0,,1.0,1.0,4.0,10
102800,3.0,5,7,,1.0,,1.0,0.0,3.0,,2.0,,1.0,0.0,4.0,7
102801,4.0,6,1,,1.0,0.0,1.0,4.0,0.0,,0.0,0.0,0.0,1.0,0.0,6
102802,3.0,8,5,2.0,3.0,2.0,1.0,0.0,0.0,,2.0,2.0,1.0,0.0,0.0,8
102803,2.0,3,1,,0.0,,1.0,2.0,0.0,,0.0,,1.0,0.0,0.0,3
102804,3.0,8,6,1.0,0.0,0.0,1.0,3.0,3.0,,0.0,0.0,1.0,2.0,3.0,8
102805,2.0,12,13,4.0,1.0,,1.0,4.0,2.0,4.0,0.0,,1.0,4.0,4.0,13
102806,1.0,8,7,2.0,0.0,,1.0,4.0,1.0,3.0,1.0,,0.0,3.0,0.0,8
102807,1.0,8,6,3.0,0.0,,1.0,3.0,1.0,2.0,0.0,,1.0,2.0,1.0,8
102808,1.0,1,0,,0.0,,0.0,0.0,1.0,,0.0,,0.0,0.0,0.0,1
102809,2.0,7,6,3.0,0.0,,1.0,3.0,0.0,2.0,0.0,,1.0,3.0,0.0,7
102810,4.0,8,8,3.0,0.0,,1.0,4.0,0.0,4.0,0.0,,1.0,3.0,0.0,8
102811,1.0,9,10,2.0,0.0,1.0,1.0,4.0,1.0,3.0,0.0,2.0,1.0,3.0,1.0,10
102812,3.0,7,7,,2.0,2.0,1.0,2.0,0.0,,2.0,2.0,1.0,2.0,0.0,7
102813,4.0,7,7,3.0,0.0,,1.0,3.0,0.0,3.0,1.0,,1.0,2.0,0.0,7
102814,3.0,10,9,4.0,1.0,0.0,1.0,4.0,0.0,3.0,1.0,0.0,1.0,4.0,0.0,10
102815,4.0,3,2,0.0,0.0,,0.0,3.0,0.0,,0.0,,0.0,2.0,0.0,3
102816,1.0,2,2,,0.0,,1.0,0.0,1.0,,0.0,,1.0,0.0,1.0,2
102817,3.0,7,5,3.0,0.0,,1.0,3.0,0.0,3.0,0.0,,1.0,1.0,0.0,7
102818,3.0,1,1,,0.0,,1.0,0.0,0.0,,0.0,,1.0,0.0,0.0,1
102819,3.0,8,7,3.0,,,1.0,4.0,0.0,2.0,,,1.0,4.0,0.0,8
102820,2.0,12,11,4.0,1.0,0.0,1.0,4.0,2.0,4.0,1.0,0.0,1.0,3.0,2.0,12
102821,3.0,1,1,,0.0,,,,1.0,,1.0,0.0,,,0.0,1
102822,2.0,5,4,,0.0,0.0,1.0,4.0,0.0,,1.0,0.0,1.0,2.0,0.0,5
102823,4.0,2,4,,0.0,,1.0,1.0,0.0,,1.0,,1.0,2.0,0.0,4
102824,3.0,6,3,3.0,0.0,,1.0,2.0,0.0,,0.0,,1.0,2.0,0.0,6
102825,4.0,8,8,4.0,0.0,,0.0,4.0,0.0,3.0,1.0,,0.0,4.0,0.0,8
102826,4.0,9,9,3.0,1.0,,1.0,4.0,0.0,3.0,2.0,,1.0,3.0,0.0,9
102827,4.0,5,7,1.0,0.0,,1.0,3.0,0.0,2.0,1.0,,1.0,3.0,0.0,7
102828,2.0,9,4,3.0,1.0,,1.0,4.0,0.0,2.0,1.0,,1.0,0.0,0.0,9
102829,2.0,9,7,2.0,2.0,0.0,1.0,4.0,0.0,1.0,1.0,0.0,1.0,4.0,0.0,9
102830,3.0,3,3,,2.0,0.0,1.0,0.0,0.0,,2.0,0.0,1.0,0.0,0.0,3
102831,1.0,1,1,,0.0,,1.0,0.0,0.0,,0.0,,1.0,0.0,0.0,1
102832,2.0,7,1,2.0,,,0.0,4.0,1.0,,,,0.0,0.0,1.0,7
102833,3.0,1,0,,,,1.0,0.0,0.0,,0.0,0.0,0.0,0.0,0.0,1
102834,2.0,5,2,0.0,2.0,,1.0,2.0,0.0,,1.0,,1.0,0.0,0.0,5
102835,4.0,3,2,,0.0,,1.0,0.0,2.0,,0.0,,1.0,0.0,1.0,3
102836,3.0,3,5,,0.0,,0.0,2.0,1.0,,0.0,,1.0,3.0,1.0,5
102837,3.0,2,1,,0.0,,1.0,0.0,1.0,,0.0,,0.0,0.0,1.0,2
102838,2.0,1,0,,0.0,,,,1.0,,0.0,,,,0.0,1
102839,4.0,5,1,2.0,0.0,1.0,1.0,0.0,1.0,,0.0,0.0,1.0,0.0,0.0,5
102840,4.0,13,14,0.0,2.0,3.0,1.0,4.0,3.0,2.0,2.0,2.0,1.0,4.0,3.0,14
102841,2.0,7,8,,0.0,0.0,1.0,2.0,4.0,2.0,0.0,0.0,1.0,1.0,4.0,8
102842,2.0,9,1,4.0,0.0,,1.0,4.0,0.0,,0.0,,1.0,0.0,0.0,9
102843,3.0,9,4,2.0,2.0,,1.0,4.0,0.0,0.0,2.0,,0.0,2.0,0.0,9
102844,3.0,3,2,,0.0,0.0,0.0,3.0,0.0,,0.0,0.0,0.0,2.0,0.0,3
102845,3.0,5,0,4.0,0.0,,1.0,0.0,0.0,,0.0,,0.0,0.0,0.0,5
102846,2.0,8,1,3.0,0.0,,0.0,4.0,1.0,,0.0,,0.0,0.0,1.0,8
102847,2.0,7,6,1.0,0.0,0.0,1.0,4.0,1.0,1.0,0.0,0.0,1.0,3.0,1.0,7
102848,2.0,7,1,2.0,0.0,,1.0,4.0,0.0,,0.0,,1.0,0.0,0.0,7
102849,1.0,6,7,1.0,0.0,0.0,0.0,1.0,4.0,2.0,0.0,0.0,1.0,0.0,4.0,7
102850,4.0,5,4,,0.0,0.0,1.0,0.0,4.0,,0.0,0.0,1.0,0.0,3.0,5
102851,2.0,10,3,3.0,2.0,,1.0,4.0,0.0,,0.0,,1.0,1.0,1.0,10
102852,2.0,8,8,2.0,1.0,,1.0,4.0,0.0,1.0,2.0,,1.0,4.0,0.0,8
102853,2.0,11,8,4.0,1.0,1.0,1.0,4.0,0.0,2.0,1.0,2.0,1.0,1.0,1.0,11
102854,3.0,4,3,,0.0,,1.0,0.0,3.0,,0.0,,1.0,0.0,2.0,4
102855,2.0,5,2,0.0,0.0,,1.0,4.0,0.0,,1.0,,1.0,0.0,0.0,5
102856,3.0,7,6,3.0,0.0,0.0,0.0,3.0,1.0,1.0,1.0,0.0,1.0,2.0,1.0,7
102857,4.0,5,1,2.0,0.0,,1.0,2.0,0.0,,0.0,,0.0,1.0,0.0,5
102858,2.0,11,11,3.0,0.0,,1.0,4.0,3.0,3.0,0.0,0.0,1.0,4.0,3.0,11
102859,3.0,3,4,,0.0,,0.0,0.0,3.0,,0.0,,0.0,0.0,4.0,4
102860,3.0,9,7,4.0,0.0,0.0,1.0,4.0,0.0,2.0,0.0,0.0,1.0,4.0,0.0,9
102861,2.0,5,7,,0.0,,1.0,4.0,0.0,2.0,1.0,,1.0,3.0,0.0,7
102862,4.0,6,5,2.0,0.0,,1.0,3.0,0.0,2.0,,,0.0,3.0,0.0,6
102863,1.0,8,9,2.0,1.0,0.0,1.0,4.0,0.0,3.0,1.0,0.0,1.0,4.0,0.0,9
102864,4.0,8,7,3.0,1.0,,0.0,4.0,0.0,3.0,0.0,,0.0,4.0,0.0,8
102865,1.0,1,3,,0.0,,0.0,1.0,0.0,,0.0,,1.0,1.0,1.0,3
102866,4.0,7,6,1.0,0.0,,1.0,4.0,1.0,2.0,0.0,,0.0,3.0,1.0,7
102867,4.0,8,6,3.0,1.0,,0.0,4.0,0.0,3.0,1.0,,0.0,2.0,0.0,8
102868,3.0,8,2,2.0,2.0,,1.0,3.0,0.0,,1.0,,1.0,0.0,0.0,8
102869,4.0,3,1,,0.0,,1.0,2.0,0.0,,0.0,,0.0,1.0,0.0,3
102870,1.0,2,3,,0.0,,1.0,0.0,1.0,,2.0,0.0,1.0,0.0,0.0,3
102871,3.0,6,5,2.0,0.0,,1.0,3.0,0.0,,0.0,,1.0,3.0,1.0,6
102872,4.0,2,2,,0.0,,1.0,1.0,0.0,,0.0,,1.0,1.0,0.0,2
102873,3.0,1,1,,0.0,,1.0,0.0,0.0,,,,1.0,0.0,0.0,1
102874,3.0,7,5,,0.0,0.0,1.0,4.0,2.0,0.0,0.0,0.0,0.0,3.0,2.0,7
102875,3.0,5,7,2.0,0.0,0.0,1.0,1.0,1.0,2.0,0.0,0.0,1.0,3.0,1.0,7
102876,4.0,6,6,2.0,0.0,0.0,0.0,4.0,0.0,2.0,0.0,0.0,1.0,3.0,0.0,6
102877,4.0,7,2,1.0,1.0,,1.0,3.0,1.0,,1.0,,1.0,0.0,0.0,7
102878,3.0,5,1,2.0,0.0,,1.0,2.0,0.0,,0.0,,0.0,1.0,0.0,5
102879,2.0,5,7,1.0,0.0,,1.0,3.0,0.0,3.0,0.0,,0.0,4.0,0.0,7
102880,3.0,5,2,2.0,1.0,0.0,0.0,2.0,0.0,,1.0,0.0,1.0,0.0,0.0,5
102881,4.0,10,9,3.0,2.0,1.0,0.0,4.0,0.0,2.0,2.0,1.0,1.0,3.0,0.0,10
102882,3.0,1,1,,0.0,,1.0,0.0,0.0,,0.0,,1.0,0.0,0.0,1
102883,1.0,7,6,2.0,0.0,0.0,0.0,4.0,1.0,2.0,0.0,0.0,0.0,4.0,0.0,7
102884,2.0,4,4,,0.0,,,,4.0,,0.0,,,,4.0,4
102885,4.0,5,1,,0.0,,1.0,4.0,0.0,,0.0,,1.0,0.0,0.0,5
102886,2.0,8,3,2.0,2.0,,1.0,3.0,0.0,,2.0,,1.0,0.0,0.0,8
102887,3.0,7,6,3.0,0.0,,1.0,2.0,1.0,2.0,0.0,,1.0,2.0,1.0,7
102888,2.0,11,7,4.0,2.0,,1.0,4.0,0.0,3.0,2.0,,0.0,2.0,0.0,11
102889,3.0,11,8,3.0,0.0,0.0,1.0,4.0,3.0,2.0,0.0,1.0,1.0,3.0,1.0,11
102890,3.0,5,3,,0.0,,1.0,2.0,2.0,,0.0,,1.0,0.0,2.0,5
102891,4.0,6,6,,1.0,,1.0,0.0,4.0,,1.0,,1.0,0.0,4.0,6
102892,4.0,10,5,4.0,0.0,1.0,1.0,3.0,1.0,3.0,0.0,1.0,1.0,0.0,0.0,10
102893,4.0,4,2,,0.0,,1.0,3.0,0.0,,0.0,,0.0,2.0,0.0,4
102894,4.0,6,1,1.0,,,1.0,4.0,0.0,,,,1.0,0.0,,6
102895,3.0,5,2,,0.0,,1.0,4.0,0.0,,0.0,,1.0,1.0,0.0,5
102896,3.0,4,2,0.0,1.0,0.0,0.0,3.0,0.0,,0.0,0.0,1.0,1.0,0.0,4
102897,4.0,5,3,,1.0,,0.0,1.0,3.0,,1.0,,0.0,1.0,1.0,5
102898,3.0,5,4,2.0,0.0,0.0,1.0,2.0,0.0,1.0,0.0,0.0,1.0,2.0,0.0,5
102899,3.0,9,8,1.0,1.0,0.0,1.0,2.0,4.0,,1.0,0.0,1.0,2.0,4.0,9
102900,2.0,8,6,1.0,1.0,,1.0,4.0,1.0,2.0,1.0,,1.0,1.0,1.0,8
102901,4.0,14,13,4.0,2.0,1.0,1.0,2.0,4.0,3.0,2.0,0.0,1.0,3.0,4.0,14
102902,3.0,12,11,3.0,3.0,2.0,1.0,2.0,1.0,3.0,2.0,2.0,1.0,2.0,1.0,12
102903,2.0,6,2,1.0,0.0,0.0,1.0,4.0,0.0,,0.0,0.0,1.0,0.0,1.0,6
102904,1.0,2,1,,0.0,0.0,0.0,1.0,1.0,,0.0,0.0,0.0,0.0,1.0,2
102905,4.0,5,3,1.0,0.0,,1.0,2.0,1.0,,0.0,,1.0,1.0,1.0,5
102906,3.0,4,2,,0.0,0.0,1.0,2.0,1.0,,0.0,0.0,1.0,0.0,1.0,4
102907,2.0,8,5,3.0,2.0,,1.0,2.0,0.0,2.0,2.0,,1.0,0.0,0.0,8
102908,4.0,14,7,3.0,2.0,2.0,1.0,4.0,2.0,,2.0,2.0,0.0,1.0,2.0,14
102909,3.0,4,3,,1.0,2.0,1.0,0.0,0.0,,0.0,2.0,1.0,0.0,0.0,4
102910,3.0,3,0,,0.0,0.0,1.0,2.0,0.0,,0.0,0.0,0.0,0.0,0.0,3
102911,2.0,6,10,2.0,0.0,,1.0,2.0,1.0,4.0,1.0,,1.0,3.0,1.0,10
102912,4.0,2,1,,0.0,1.0,1.0,0.0,0.0,,0.0,0.0,1.0,0.0,0.0,2
102913,1.0,0,1,,0.0,,0.0,0.0,0.0,,0.0,,1.0,0.0,0.0,1
102914,3.0,8,7,2.0,1.0,2.0,0.0,3.0,0.0,,2.0,2.0,0.0,3.0,0.0,8
102915,4.0,1,1,,0.0,,1.0,0.0,0.0,,1.0,,0.0,0.0,0.0,1
102916,3.0,7,5,3.0,0.0,,1.0,3.0,0.0,3.0,0.0,,0.0,2.0,0.0,7
102917,4.0,4,2,0.0,0.0,,0.0,4.0,0.0,,0.0,,1.0,1.0,0.0,4
102918,4.0,10,9,3.0,0.0,2.0,1.0,4.0,0.0,3.0,0.0,2.0,1.0,3.0,0.0,10
102919,4.0,4,5,,2.0,0.0,1.0,0.0,1.0,,2.0,0.0,1.0,1.0,1.0,5
102920,2.0,9,9,3.0,1.0,,1.0,4.0,0.0,4.0,2.0,,1.0,2.0,0.0,9
102921,3.0,5,2,0.0,1.0,,1.0,3.0,0.0,,1.0,,1.0,0.0,0.0,5
102922,1.0,0,1,,0.0,,0.0,0.0,0.0,,,,1.0,0.0,0.0,1
102923,4.0,3,3,,1.0,,1.0,0.0,1.0,,1.0,0.0,1.0,1.0,0.0,3
102924,1.0,1,2,,0.0,,1.0,0.0,0.0,,0.0,,1.0,1.0,0.0,2
102925,4.0,3,4,2.0,0.0,0.0,1.0,0.0,0.0,2.0,0.0,0.0,1.0,1.0,0.0,4
102926,1.0,2,1,,0.0,,1.0,1.0,0.0,,0.0,,1.0,0.0,0.0,2
102927,1.0,0,1,,0.0,0.0,0.0,0.0,0.0,,0.0,0.0,1.0,0.0,0.0,1
102928,3.0,4,4,,0.0,,1.0,1.0,2.0,,0.0,,1.0,1.0,2.0,4
102929,3.0,3,3,,2.0,,1.0,0.0,0.0,,2.0,,1.0,0.0,0.0,3
102930,1.0,8,9,4.0,0.0,0.0,1.0,1.0,2.0,3.0,0.0,0.0,1.0,3.0,2.0,9
102931,4.0,1,4,,0.0,,1.0,0.0,0.0,,0.0,,1.0,0.0,3.0,4
102932,3.0,2,4,,0.0,,0.0,2.0,0.0,,0.0,,1.0,3.0,0.0,4
102933,2.0,7,1,2.0,0.0,,1.0,4.0,0.0,,0.0,,1.0,0.0,0.0,7
102934,4.0,5,5,,0.0,0.0,1.0,4.0,0.0,,0.0,0.0,1.0,4.0,0.0,5
102935,3.0,5,0,2.0,1.0,,0.0,2.0,0.0,,0.0,0.0,0.0,0.0,0.0,5
102936,4.0,7,6,3.0,0.0,0.0,1.0,3.0,0.0,3.0,0.0,0.0,0.0,3.0,0.0,7
102937,4.0,7,5,3.0,0.0,,1.0,3.0,0.0,2.0,0.0,,1.0,2.0,0.0,7
102938,3.0,6,6,0.0,3.0,,1.0,2.0,0.0,0.0,3.0,0.0,1.0,2.0,0.0,6
102939,3.0,1,0,,0.0,1.0,0.0,0.0,0.0,,0.0,0.0,0.0,0.0,0.0,1
102940,4.0,5,4,1.0,,,1.0,3.0,0.0,1.0,,,0.0,3.0,,5
102941,1.0,1,1,,0.0,,1.0,0.0,0.0,,0.0,,1.0,0.0,0.0,1
102942,2.0,8,2,2.0,1.0,,1.0,4.0,0.0,,1.0,,1.0,0.0,0.0,8
102943,4.0,10,8,3.0,2.0,,1.0,4.0,0.0,3.0,1.0,,1.0,3.0,0.0,10
102944,2.0,10,10,4.0,1.0,,1.0,4.0,0.0,3.0,2.0,,1.0,4.0,0.0,10
102945,4.0,1,3,,0.0,0.0,1.0,0.0,0.0,,0.0,2.0,1.0,0.0,0.0,3
102946,3.0,2,3,,0.0,,1.0,1.0,0.0,,0.0,,1.0,2.0,0.0,3
102947,3.0,5,7,,2.0,,1.0,2.0,0.0,2.0,2.0,,0.0,3.0,0.0,7
102948,4.0,5,3,,0.0,,1.0,4.0,0.0,,0.0,,1.0,2.0,0.0,5
102949,1.0,2,7,,0.0,0.0,1.0,0.0,1.0,2.0,0.0,0.0,1.0,3.0,1.0,7
102950,3.0,7,7,2.0,1.0,,1.0,3.0,0.0,2.0,1.0,,1.0,3.0,0.0,7
102951,4.0,5,5,1.0,0.0,,1.0,3.0,0.0,3.0,0.0,,0.0,2.0,0.0,5
102952,3.0,1,1,,0.0,,1.0,0.0,0.0,,0.0,,1.0,0.0,0.0,1
102953,4.0,5,1,,0.0,0.0,1.0,3.0,1.0,,0.0,0.0,0.0,0.0,1.0,5
102954,1.0,1,3,,0.0,,1.0,0.0,0.0,,0.0,,1.0,2.0,0.0,3
102955,3.0,9,10,1.0,2.0,2.0,0.0,4.0,0.0,2.0,2.0,2.0,1.0,3.0,0.0,10
102956,4.0,2,3,,0.0,,0.0,2.0,0.0,,0.0,,1.0,2.0,0.0,3
102957,4.0,10,9,3.0,0.0,0.0,1.0,4.0,2.0,1.0,1.0,0.0,1.0,4.0,2.0,10
102958,3.0,4,2,,0.0,0.0,1.0,0.0,3.0,,0.0,0.0,1.0,0.0,1.0,4
102959,2.0,9,7,2.0,2.0,,1.0,4.0,0.0,4.0,2.0,,1.0,0.0,0.0,9
102960,4.0,7,1,3.0,0.0,1.0,0.0,3.0,0.0,,0.0,1.0,0.0,0.0,0.0,7
102961,1.0,4,1,,0.0,,1.0,0.0,3.0,,0.0,,1.0,0.0,0.0,4
102962,3.0,4,4,,1.0,0.0,,,3.0,,1.0,0.0,,,3.0,4
102963,1.0,1,7,,0.0,0.0,1.0,0.0,0.0,2.0,0.0,0.0,1.0,4.0,0.0,7
102964,1.0,5,6,0.0,0.0,0.0,1.0,3.0,1.0,1.0,0.0,0.0,1.0,3.0,1.0,6
102965,4.0,7,6,3.0,0.0,0.0,0.0,4.0,0.0,2.0,0.0,0.0,0.0,4.0,0.0,7
102966,2.0,10,1,3.0,2.0,,1.0,4.0,0.0,,0.0,,1.0,0.0,0.0,10
102967,4.0,5,4,,1.0,0.0,1.0,1.0,2.0,,1.0,0.0,1.0,0.0,2.0,5
102968,3.0,14,13,4.0,1.0,1.0,1.0,4.0,3.0,3.0,2.0,1.0,1.0,3.0,3.0,14
102969,1.0,7,9,2.0,0.0,0.0,1.0,3.0,1.0,2.0,0.0,0.0,1.0,3.0,3.0,9
102970,2.0,9,5,2.0,1.0,,1.0,4.0,1.0,,1.0,,1.0,2.0,1.0,9
102971,3.0,4,2,0.0,0.0,,1.0,3.0,0.0,,0.0,,1.0,1.0,0.0,4
102972,3.0,1,0,,0.0,,0.0,1.0,0.0,,0.0,,0.0,0.0,0.0,1
102973,4.0,1,1,,0.0,,1.0,0.0,0.0,,1.0,,0.0,0.0,0.0,1
102974,4.0,3,1,,0.0,,1.0,2.0,0.0,,0.0,,1.0,0.0,0.0,3
102975,3.0,4,3,0.0,1.0,0.0,0.0,3.0,0.0,,1.0,0.0,0.0,2.0,0.0,4
102976,4.0,10,9,3.0,2.0,,1.0,2.0,2.0,3.0,2.0,0.0,0.0,2.0,2.0,10
102977,3.0,6,5,,0.0,2.0,1.0,3.0,0.0,,0.0,2.0,1.0,2.0,0.0,6
102978,2.0,8,3,2.0,1.0,,1.0,4.0,0.0,,1.0,,1.0,0.0,1.0,8
102979,2.0,8,3,2.0,0.0,,1.0,4.0,1.0,,2.0,,0.0,0.0,1.0,8
102980,2.0,6,2,2.0,1.0,,1.0,2.0,0.0,,1.0,,1.0,0.0,0.0,6
102981,3.0,9,12,3.0,0.0,,0.0,3.0,3.0,3.0,0.0,0.0,1.0,4.0,4.0,12
102982,3.0,5,4,2.0,0.0,0.0,0.0,3.0,0.0,2.0,0.0,0.0,0.0,2.0,0.0,5
102983,4.0,2,2,,0.0,,0.0,0.0,2.0,,0.0,,1.0,0.0,1.0,2
102984,3.0,7,6,3.0,0.0,,1.0,3.0,0.0,3.0,0.0,,1.0,2.0,0.0,7
102985,3.0,6,12,,0.0,2.0,0.0,0.0,4.0,3.0,0.0,0.0,1.0,4.0,4.0,12
102986,1.0,6,7,3.0,0.0,,0.0,3.0,0.0,3.0,0.0,,1.0,3.0,0.0,7
102987,1.0,2,8,,0.0,0.0,0.0,1.0,1.0,2.0,2.0,0.0,1.0,3.0,0.0,8
102988,2.0,10,10,3.0,0.0,2.0,1.0,4.0,0.0,3.0,1.0,1.0,1.0,4.0,0.0,10
102989,3.0,4,7,,1.0,0.0,0.0,3.0,0.0,2.0,1.0,0.0,1.0,3.0,0.0,7
102990,3.0,1,1,,0.0,0.0,1.0,0.0,0.0,,0.0,0.0,1.0,0.0,0.0,1
102991,1.0,0,1,,0.0,,0.0,0.0,0.0,,0.0,,1.0,0.0,0.0,1
102992,2.0,10,4,3.0,2.0,,1.0,4.0,0.0,2.0,1.0,,1.0,0.0,0.0,10
102993,3.0,2,1,,0.0,,1.0,1.0,0.0,,,,1.0,0.0,0.0,2
102994,3.0,10,7,2.0,1.0,0.0,1.0,3.0,3.0,,1.0,0.0,1.0,3.0,2.0,10
102995,4.0,6,7,1.0,1.0,0.0,1.0,3.0,0.0,1.0,2.0,0.0,0.0,4.0,0.0,7
102996,4.0,4,5,0.0,0.0,,0.0,4.0,0.0,1.0,0.0,0.0,0.0,4.0,0.0,5
102997,4.0,1,1,,0.0,1.0,0.0,0.0,0.0,,0.0,1.0,0.0,0.0,0.0,1
102998,1.0,1,0,,0.0,,1.0,0.0,0.0,,0.0,,0.0,0.0,0.0,1
102999,2.0,9,5,2.0,1.0,,1.0,4.0,1.0,,2.0,,1.0,0.0,2.0,9
103000,4.0,8,7,3.0,2.0,,1.0,2.0,0.0,2.0,2.0,,1.0,2.0,0.0,8
103001,4.0,7,7,3.0,0.0,0.0,1.0,3.0,0.0,3.0,0.0,0.0,1.0,3.0,0.0,7
103002,1.0,11,11,4.0,2.0,,1.0,3.0,1.0,2.0,3.0,,1.0,3.0,2.0,11
103003,2.0,8,4,2.0,1.0,,1.0,4.0,0.0,2.0,1.0,,1.0,0.0,0.0,8
103004,3.0,6,4,1.0,0.0,,1.0,3.0,1.0,1.0,0.0,0.0,1.0,2.0,0.0,6
103005,2.0,6,2,1.0,0.0,0.0,1.0,4.0,0.0,,0.0,0.0,1.0,1.0,0.0,6
103006,2.0,9,5,1.0,3.0,,1.0,4.0,0.0,1.0,2.0,,1.0,0.0,1.0,9
103007,1.0,1,1,,0.0,,1.0,0.0,0.0,,0.0,,1.0,0.0,0.0,1
103008,4.0,9,4,3.0,0.0,,1.0,4.0,1.0,,0.0,0.0,1.0,2.0,1.0,9
103009,4.0,7,6,2.0,0.0,,1.0,3.0,1.0,2.0,0.0,,1.0,3.0,0.0,7
103010,3.0,1,0,,0.0,0.0,0.0,1.0,0.0,,0.0,0.0,0.0,0.0,0.0,1
103011,2.0,8,1,4.0,0.0,,1.0,3.0,0.0,,0.0,,1.0,0.0,0.0,8
103012,3.0,7,7,,2.0,2.0,1.0,0.0,2.0,,2.0,2.0,1.0,0.0,2.0,7
103013,3.0,5,6,2.0,0.0,0.0,0.0,3.0,0.0,3.0,0.0,0.0,0.0,3.0,0.0,6
103014,4.0,2,1,,0.0,,1.0,1.0,0.0,,0.0,,1.0,0.0,0.0,2
103015,4.0,8,7,2.0,1.0,,1.0,3.0,1.0,1.0,1.0,,1.0,3.0,1.0,8
103016,2.0,10,9,4.0,1.0,,1.0,4.0,0.0,3.0,1.0,,0.0,4.0,1.0,10
103017,2.0,9,3,2.0,2.0,,1.0,4.0,0.0,,2.0,,1.0,0.0,0.0,9
103018,3.0,5,9,0.0,0.0,0.0,0.0,4.0,1.0,,,0.0,1.0,4.0,4.0,9
103019,3.0,16,13,4.0,3.0,3.0,1.0,4.0,1.0,3.0,3.0,3.0,0.0,4.0,0.0,16
103020,2.0,11,9,2.0,1.0,,1.0,3.0,4.0,2.0,1.0,,1.0,2.0,3.0,11
103021,2.0,8,3,3.0,0.0,,1.0,4.0,0.0,2.0,0.0,,1.0,0.0,0.0,8
103022,4.0,5,4,2.0,0.0,0.0,0.0,3.0,0.0,2.0,1.0,0.0,0.0,1.0,0.0,5
103023,4.0,6,5,,2.0,2.0,1.0,1.0,0.0,,2.0,2.0,1.0,0.0,0.0,6
103024,3.0,11,7,4.0,0.0,0.0,1.0,4.0,2.0,2.0,0.0,0.0,1.0,3.0,1.0,11
103025,3.0,2,3,,1.0,,1.0,0.0,0.0,,1.0,,1.0,1.0,0.0,3
103026,2.0,10,2,3.0,2.0,,1.0,4.0,0.0,,1.0,,1.0,0.0,0.0,10
103027,1.0,0,0,,0.0,,0.0,0.0,0.0,,0.0,,0.0,0.0,0.0,0
103028,1.0,5,7,,0.0,,1.0,2.0,2.0,,1.0,1.0,1.0,1.0,3.0,7
103029,2.0,1,2,,0.0,,1.0,0.0,0.0,,1.0,,1.0,0.0,0.0,2
103030,2.0,6,3,2.0,1.0,,1.0,2.0,0.0,,2.0,,1.0,0.0,0.0,6
103031,3.0,1,3,,0.0,0.0,,,1.0,,1.0,0.0,,,2.0,3
103032,3.0,9,14,2.0,3.0,0.0,1.0,3.0,0.0,4.0,3.0,0.0,1.0,3.0,3.0,14
103033,2.0,8,2,2.0,1.0,,1.0,4.0,0.0,,1.0,,1.0,0.0,0.0,8
103034,2.0,3,1,,0.0,,1.0,2.0,0.0,,0.0,,1.0,0.0,0.0,3
103035,3.0,2,2,,2.0,,,,0.0,,2.0,,,,0.0,2
103036,3.0,5,5,,0.0,0.0,1.0,2.0,2.0,,0.0,0.0,1.0,2.0,2.0,5
103037,3.0,4,4,2.0,1.0,,1.0,0.0,0.0,,1.0,,1.0,2.0,0.0,4
103038,4.0,7,5,0.0,2.0,,1.0,4.0,0.0,0.0,1.0,,1.0,3.0,0.0,7
103039,2.0,9,2,4.0,1.0,,1.0,3.0,0.0,,1.0,,1.0,0.0,0.0,9
103040,4.0,2,2,,0.0,,1.0,1.0,0.0,,0.0,,1.0,1.0,0.0,2
103041,3.0,5,5,2.0,0.0,0.0,0.0,3.0,0.0,2.0,0.0,0.0,0.0,3.0,0.0,5
103042,3.0,4,2,,1.0,0.0,0.0,3.0,0.0,,0.0,0.0,0.0,2.0,0.0,4
103043,2.0,9,1,3.0,2.0,,1.0,3.0,0.0,,0.0,,1.0,0.0,0.0,9
103044,4.0,11,6,2.0,0.0,,1.0,4.0,4.0,2.0,0.0,,0.0,0.0,4.0,11
103045,3.0,1,1,,0.0,,,,1.0,,0.0,0.0,,,1.0,1
103046,2.0,8,4,2.0,0.0,,1.0,4.0,1.0,2.0,0.0,,1.0,0.0,1.0,8
103047,3.0,7,6,,4.0,0.0,0.0,3.0,0.0,,3.0,0.0,1.0,2.0,0.0,7
103048,3.0,2,0,,0.0,,1.0,1.0,0.0,,0.0,0.0,0.0,0.0,0.0,2
103049,3.0,9,9,,4.0,2.0,1.0,2.0,0.0,,4.0,2.0,1.0,2.0,0.0,9
103050,3.0,9,7,3.0,1.0,,1.0,4.0,0.0,2.0,2.0,,1.0,2.0,0.0,9
103051,3.0,8,3,,4.0,2.0,1.0,1.0,0.0,,2.0,1.0,0.0,0.0,0.0,8
103052,3.0,5,1,,0.0,,1.0,4.0,0.0,,,,1.0,,,5
103053,3.0,3,1,,0.0,,1.0,2.0,0.0,,0.0,,0.0,1.0,0.0,3
103054,4.0,1,2,,0.0,,0.0,1.0,0.0,,1.0,,0.0,1.0,0.0,2
103055,2.0,10,4,3.0,2.0,,1.0,4.0,0.0,,2.0,,1.0,1.0,0.0,10
103056,4.0,7,7,,2.0,,1.0,0.0,4.0,,2.0,,0.0,1.0,4.0,7
103057,2.0,6,2,,1.0,,1.0,4.0,0.0,,1.0,,1.0,0.0,0.0,6
103058,1.0,4,2,,1.0,,1.0,1.0,1.0,,0.0,,1.0,0.0,1.0,4
103059,3.0,10,7,3.0,0.0,0.0,1.0,4.0,2.0,2.0,0.0,0.0,1.0,4.0,0.0,10
103060,3.0,7,4,0.0,2.0,,1.0,3.0,1.0,,2.0,,1.0,0.0,1.0,7
103061,3.0,8,8,,2.0,3.0,1.0,0.0,2.0,,3.0,3.0,1.0,0.0,1.0,8
103062,3.0,1,1,,0.0,,0.0,1.0,0.0,,1.0,,0.0,0.0,0.0,1
103063,1.0,4,4,,1.0,1.0,1.0,0.0,1.0,,1.0,1.0,1.0,0.0,1.0,4
103064,1.0,4,4,,0.0,,1.0,1.0,2.0,,0.0,,1.0,1.0,2.0,4
103065,1.0,2,2,,0.0,,1.0,0.0,1.0,,0.0,0.0,1.0,0.0,1.0,2
103066,3.0,9,6,3.0,0.0,0.0,1.0,4.0,1.0,2.0,0.0,0.0,1.0,3.0,0.0,9
103067,3.0,3,3,,0.0,1.0,1.0,0.0,1.0,,1.0,1.0,1.0,0.0,0.0,3
103068,2.0,8,4,1.0,2.0,,1.0,4.0,0.0,0.0,2.0,,1.0,1.0,0.0,8
103069,3.0,9,9,4.0,0.0,0.0,1.0,4.0,0.0,4.0,0.0,0.0,1.0,4.0,0.0,9
103070,4.0,1,2,,0.0,,0.0,1.0,0.0,,0.0,,1.0,1.0,0.0,2
103071,2.0,2,2,,0.0,,1.0,0.0,1.0,,0.0,,1.0,0.0,1.0,2
103072,4.0,5,0,3.0,0.0,,0.0,2.0,0.0,,0.0,,0.0,0.0,0.0,5
103073,1.0,2,2,,0.0,0.0,0.0,0.0,2.0,,0.0,0.0,0.0,0.0,2.0,2
103074,4.0,1,1,,1.0,,0.0,0.0,0.0,,1.0,,0.0,0.0,0.0,1
103075,4.0,6,6,2.0,0.0,,0.0,4.0,0.0,3.0,0.0,,0.0,3.0,0.0,6
103076,3.0,3,3,0.0,0.0,0.0,0.0,3.0,0.0,,0.0,0.0,0.0,0.0,3.0,3
103077,3.0,5,12,,1.0,1.0,0.0,3.0,0.0,3.0,3.0,1.0,1.0,4.0,0.0,12
103078,2.0,5,1,,0.0,,1.0,4.0,0.0,,0.0,,1.0,0.0,0.0,5
103079,3.0,1,1,,0.0,,1.0,0.0,0.0,,0.0,,1.0,0.0,0.0,1
103080,3.0,11,10,4.0,1.0,2.0,1.0,3.0,0.0,4.0,1.0,1.0,1.0,3.0,0.0,11
103081,2.0,8,1,2.0,1.0,,1.0,4.0,0.0,,0.0,,1.0,0.0,0.0,8
103082,3.0,8,6,3.0,1.0,0.0,1.0,3.0,0.0,2.0,1.0,0.0,0.0,3.0,0.0,8
103083,1.0,7,7,2.0,0.0,,0.0,4.0,1.0,,1.0,,1.0,3.0,2.0,7
103084,1.0,1,1,,0.0,,1.0,0.0,0.0,,0.0,,1.0,0.0,0.0,1
103085,2.0,9,6,3.0,1.0,,1.0,4.0,0.0,2.0,2.0,,0.0,2.0,0.0,9
103086,3.0,4,3,,0.0,,1.0,3.0,0.0,,,,0.0,3.0,0.0,4
103087,4.0,6,5,1.0,1.0,0.0,1.0,3.0,0.0,,1.0,0.0,1.0,3.0,0.0,6
103088,2.0,3,1,,0.0,,1.0,2.0,0.0,,0.0,,1.0,0.0,0.0,3
103089,4.0,9,7,4.0,1.0,,1.0,3.0,0.0,4.0,1.0,,0.0,2.0,0.0,9
103090,3.0,1,3,,1.0,0.0,0.0,0.0,0.0,,1.0,0.0,1.0,1.0,0.0,3
103091,3.0,2,2,,0.0,1.0,1.0,0.0,0.0,,0.0,1.0,1.0,0.0,0.0,2
103092,3.0,2,2,,0.0,,1.0,0.0,1.0,,0.0,,1.0,0.0,1.0,2
103093,3.0,2,2,,,,1.0,1.0,,,,,1.0,1.0,,2
103094,3.0,3,3,,0.0,0.0,1.0,0.0,2.0,,0.0,0.0,1.0,1.0,1.0,3
103095,4.0,5,4,,1.0,,1.0,2.0,1.0,,2.0,,1.0,0.0,1.0,5
103096,4.0,10,10,3.0,0.0,2.0,1.0,4.0,0.0,4.0,0.0,2.0,1.0,3.0,0.0,10
103097,4.0,5,2,1.0,1.0,,0.0,3.0,0.0,,1.0,,0.0,1.0,0.0,5
103098,3.0,5,5,,,,1.0,4.0,0.0,2.0,,,0.0,3.0,0.0,5
103099,4.0,1,4,,0.0,0.0,1.0,0.0,0.0,2.0,0.0,0.0,0.0,2.0,0.0,4
103100,1.0,4,4,,0.0,0.0,0.0,0.0,4.0,,0.0,0.0,0.0,0.0,4.0,4
103101,2.0,9,2,2.0,1.0,,1.0,4.0,1.0,,0.0,,1.0,0.0,1.0,9
103102,3.0,12,9,1.0,2.0,3.0,1.0,2.0,3.0,0.0,2.0,2.0,1.0,2.0,2.0,12
103103,2.0,11,9,4.0,1.0,,1.0,4.0,1.0,2.0,1.0,,1.0,4.0,1.0,11
103104,1.0,0,2,,0.0,,0.0,0.0,0.0,,0.0,,1.0,0.0,1.0,2
103105,3.0,6,5,,0.0,,1.0,1.0,4.0,,0.0,,1.0,0.0,4.0,6
103106,3.0,8,4,2.0,1.0,2.0,1.0,1.0,1.0,,1.0,1.0,1.0,0.0,1.0,8
103107,4.0,5,4,,1.0,0.0,1.0,0.0,3.0,,1.0,0.0,1.0,0.0,2.0,5
103108,4.0,4,0,2.0,0.0,,0.0,2.0,0.0,,0.0,,0.0,0.0,0.0,4
103109,1.0,8,6,3.0,0.0,0.0,1.0,4.0,0.0,2.0,0.0,0.0,0.0,4.0,0.0,8
103110,2.0,7,1,2.0,0.0,,1.0,4.0,0.0,,0.0,,1.0,0.0,0.0,7
103111,1.0,6,4,2.0,0.0,,1.0,3.0,0.0,,0.0,,0.0,3.0,1.0,6
103112,4.0,4,4,0.0,0.0,0.0,0.0,4.0,0.0,0.0,0.0,0.0,0.0,4.0,0.0,4
103113,2.0,9,4,3.0,1.0,,1.0,4.0,0.0,1.0,1.0,,1.0,0.0,1.0,9
103114,2.0,9,1,3.0,0.0,,1.0,4.0,1.0,,0.0,,0.0,0.0,1.0,9
103115,2.0,7,8,2.0,0.0,,1.0,4.0,0.0,3.0,0.0,,1.0,4.0,0.0,8
103116,4.0,5,3,1.0,0.0,,1.0,3.0,0.0,0.0,0.0,,0.0,3.0,0.0,5
103117,3.0,6,5,,0.0,,1.0,1.0,4.0,,0.0,,1.0,0.0,4.0,6
103118,1.0,3,1,,0.0,0.0,1.0,1.0,1.0,,0.0,0.0,0.0,1.0,0.0,3
103119,4.0,11,11,4.0,1.0,0.0,1.0,4.0,1.0,3.0,2.0,0.0,1.0,4.0,1.0,11
103120,4.0,0,2,,0.0,0.0,0.0,0.0,0.0,2.0,0.0,0.0,0.0,0.0,0.0,2
103121,1.0,10,8,3.0,2.0,0.0,1.0,4.0,0.0,2.0,2.0,0.0,1.0,3.0,0.0,10
103122,3.0,0,0,,0.0,,,,0.0,,0.0,,,,0.0,0
103123,1.0,10,8,4.0,0.0,,1.0,3.0,2.0,2.0,0.0,,1.0,3.0,2.0,10
103124,2.0,6,8,,1.0,,1.0,4.0,0.0,3.0,1.0,,1.0,3.0,0.0,8
103125,3.0,3,3,2.0,0.0,,1.0,0.0,0.0,2.0,0.0,,1.0,0.0,0.0,3
103126,2.0,2,4,,0.0,2.0,0.0,0.0,0.0,,1.0,2.0,1.0,0.0,0.0,4
103127,4.0,8,5,3.0,0.0,,1.0,4.0,0.0,2.0,0.0,,1.0,2.0,0.0,8
103128,3.0,5,3,,0.0,,1.0,1.0,3.0,,0.0,,0.0,0.0,3.0,5
103129,3.0,1,3,,0.0,0.0,0.0,0.0,1.0,,0.0,0.0,1.0,0.0,2.0,3
103130,4.0,2,1,,0.0,,1.0,1.0,0.0,,0.0,,0.0,1.0,0.0,2
103131,3.0,11,9,3.0,2.0,1.0,1.0,3.0,1.0,1.0,2.0,1.0,1.0,3.0,1.0,11
103132,3.0,7,7,1.0,1.0,1.0,0.0,4.0,0.0,2.0,1.0,0.0,1.0,3.0,0.0,7
103133,4.0,7,4,2.0,0.0,,1.0,4.0,0.0,1.0,0.0,,1.0,2.0,0.0,7
103134,1.0,1,1,,0.0,,1.0,0.0,0.0,,0.0,,1.0,0.0,0.0,1
103135,3.0,3,3,,0.0,2.0,0.0,1.0,0.0,,0.0,2.0,0.0,1.0,0.0,3
103136,2.0,8,1,3.0,0.0,,1.0,4.0,0.0,,0.0,,1.0,0.0,0.0,8
103137,1.0,8,14,,,2.0,1.0,3.0,2.0,2.0,1.0,2.0,1.0,4.0,4.0,14
103138,2.0,5,2,0.0,0.0,,1.0,4.0,0.0,,0.0,,1.0,1.0,0.0,5
103139,3.0,8,7,4.0,0.0,,0.0,3.0,1.0,3.0,0.0,,1.0,2.0,1.0,8
103140,4.0,2,7,,0.0,0.0,1.0,1.0,0.0,3.0,0.0,0.0,1.0,3.0,0.0,7
103141,1.0,1,1,,0.0,0.0,0.0,1.0,0.0,,0.0,0.0,1.0,0.0,0.0,1
103142,3.0,1,1,,0.0,,0.0,1.0,0.0,,0.0,,1.0,0.0,0.0,1
103143,4.0,7,5,2.0,1.0,0.0,0.0,4.0,0.0,0.0,1.0,0.0,0.0,4.0,0.0,7
103144,3.0,9,8,4.0,0.0,0.0,1.0,4.0,0.0,3.0,0.0,0.0,1.0,4.0,0.0,9
103145,1.0,8,5,1.0,1.0,0.0,1.0,3.0,2.0,0.0,1.0,0.0,0.0,2.0,2.0,8
103146,4.0,3,2,,0.0,,1.0,2.0,0.0,,0.0,,1.0,1.0,0.0,3
103147,4.0,11,4,4.0,2.0,0.0,1.0,4.0,0.0,2.0,,0.0,0.0,2.0,0.0,11
103148,4.0,12,11,4.0,2.0,0.0,1.0,4.0,1.0,2.0,2.0,0.0,1.0,4.0,2.0,12
103149,1.0,1,1,,0.0,0.0,1.0,0.0,0.0,,0.0,0.0,1.0,0.0,0.0,1
103150,4.0,6,5,1.0,1.0,1.0,0.0,3.0,0.0,1.0,1.0,0.0,1.0,2.0,0.0,6
103151,3.0,7,11,2.0,,,1.0,4.0,0.0,3.0,,,1.0,4.0,3.0,11
103152,4.0,2,1,,0.0,,1.0,1.0,0.0,,0.0,,1.0,0.0,0.0,2
103153,3.0,7,6,3.0,0.0,0.0,1.0,3.0,0.0,3.0,0.0,0.0,1.0,2.0,0.0,7
103154,3.0,4,3,,3.0,,0.0,1.0,0.0,,3.0,,0.0,0.0,0.0,4
103155,2.0,8,4,3.0,0.0,,1.0,4.0,0.0,2.0,1.0,,1.0,0.0,0.0,8
103156,4.0,5,5,0.0,0.0,,1.0,3.0,1.0,0.0,1.0,,0.0,3.0,1.0,5
103157,4.0,4,4,0.0,0.0,,1.0,3.0,0.0,2.0,0.0,,0.0,2.0,0.0,4
103158,3.0,3,3,,0.0,0.0,0.0,2.0,1.0,,0.0,0.0,0.0,2.0,1.0,3
103159,4.0,1,1,,0.0,,1.0,0.0,0.0,,0.0,,1.0,0.0,0.0,1
103160,2.0,10,4,1.0,3.0,,1.0,4.0,1.0,,2.0,,1.0,0.0,1.0,10
103161,2.0,11,5,2.0,1.0,,1.0,4.0,3.0,,1.0,,1.0,0.0,3.0,11
103162,2.0,6,3,0.0,1.0,,1.0,4.0,0.0,,1.0,,1.0,0.0,1.0,6
103163,2.0,2,1,,,0.0,1.0,1.0,0.0,,0.0,0.0,1.0,0.0,0.0,2
103164,3.0,2,2,,1.0,,1.0,0.0,0.0,,1.0,,1.0,0.0,0.0,2
103165,3.0,2,7,,0.0,,1.0,1.0,0.0,3.0,0.0,,1.0,3.0,0.0,7
103166,4.0,1,0,,0.0,,1.0,0.0,0.0,,0.0,,0.0,0.0,0.0,1
103167,1.0,3,2,,1.0,,1.0,0.0,1.0,,1.0,,,,1.0,3
103168,2.0,10,3,2.0,3.0,,1.0,4.0,0.0,,2.0,,1.0,0.0,0.0,10
103169,3.0,4,5,,0.0,,1.0,3.0,0.0,,0.0,,1.0,4.0,0.0,5
103170,1.0,2,2,,0.0,,1.0,0.0,1.0,,0.0,,1.0,0.0,1.0,2
103171,3.0,3,2,,1.0,1.0,1.0,0.0,0.0,,1.0,1.0,0.0,0.0,0.0,3
103172,2.0,6,2,,1.0,,1.0,4.0,0.0,,0.0,,1.0,0.0,1.0,6
103173,3.0,8,3,0.0,3.0,,1.0,3.0,1.0,,,,1.0,2.0,,8
103174,3.0,6,8,3.0,0.0,0.0,1.0,2.0,0.0,4.0,0.0,0.0,1.0,2.0,1.0,8
103175,4.0,5,0,1.0,0.0,,0.0,4.0,0.0,,0.0,,0.0,0.0,0.0,5
103176,2.0,10,4,3.0,1.0,,1.0,4.0,1.0,2.0,0.0,,0.0,1.0,1.0,10
103177,1.0,5,2,2.0,0.0,0.0,0.0,3.0,0.0,,0.0,0.0,1.0,1.0,0.0,5
103178,3.0,8,10,0.0,3.0,,1.0,3.0,1.0,2.0,3.0,,1.0,3.0,1.0,10
103179,1.0,2,3,,0.0,,1.0,0.0,1.0,,0.0,0.0,1.0,1.0,1.0,3
103180,1.0,8,8,3.0,0.0,0.0,1.0,4.0,0.0,3.0,0.0,0.0,1.0,4.0,0.0,8
103181,3.0,4,2,,0.0,,0.0,1.0,3.0,,0.0,,0.0,0.0,2.0,4
103182,4.0,5,5,0.0,0.0,0.0,1.0,4.0,0.0,0.0,0.0,0.0,1.0,4.0,0.0,5
103183,2.0,10,2,3.0,1.0,,0.0,4.0,2.0,,1.0,,0.0,0.0,1.0,10
103184,1.0,2,2,,0.0,,1.0,0.0,1.0,,0.0,,1.0,0.0,1.0,2
103185,1.0,5,3,1.0,,,1.0,3.0,0.0,1.0,,,0.0,2.0,0.0,5
103186,3.0,6,10,2.0,2.0,0.0,1.0,0.0,1.0,3.0,2.0,0.0,0.0,4.0,1.0,10
103187,2.0,8,4,4.0,0.0,,1.0,2.0,1.0,2.0,0.0,,1.0,1.0,0.0,8
103188,2.0,2,1,,0.0,0.0,1.0,1.0,0.0,,0.0,0.0,1.0,0.0,0.0,2
103189,3.0,4,4,2.0,2.0,0.0,0.0,0.0,0.0,2.0,1.0,0.0,1.0,0.0,0.0,4
103190,1.0,5,3,,0.0,,1.0,4.0,0.0,,0.0,,1.0,2.0,0.0,5
103191,3.0,3,3,,1.0,0.0,1.0,1.0,0.0,,1.0,0.0,1.0,1.0,0.0,3
103192,1.0,7,9,2.0,0.0,,0.0,4.0,1.0,2.0,0.0,,0.0,4.0,3.0,9
103193,4.0,10,3,3.0,2.0,,1.0,4.0,0.0,,1.0,,1.0,1.0,0.0,10
103194,4.0,5,1,3.0,0.0,,1.0,0.0,1.0,,0.0,,1.0,0.0,0.0,5
103195,3.0,8,13,,0.0,,1.0,3.0,4.0,4.0,1.0,,1.0,3.0,4.0,13
103196,4.0,5,5,,0.0,3.0,1.0,0.0,1.0,,0.0,3.0,1.0,0.0,1.0,5
103197,1.0,6,2,1.0,0.0,0.0,0.0,4.0,1.0,,0.0,0.0,1.0,1.0,0.0,6
103198,2.0,2,3,,0.0,1.0,1.0,0.0,0.0,,0.0,1.0,1.0,1.0,0.0,3
103199,3.0,18,15,3.0,3.0,4.0,1.0,4.0,3.0,3.0,3.0,4.0,1.0,2.0,2.0,18
103200,3.0,4,0,0.0,0.0,0.0,1.0,3.0,0.0,,0.0,0.0,0.0,0.0,0.0,4
103201,3.0,0,2,,0.0,,0.0,0.0,0.0,,0.0,,1.0,1.0,0.0,2
103202,4.0,8,4,2.0,0.0,,1.0,4.0,1.0,2.0,,,0.0,2.0,0.0,8
103203,1.0,3,3,,2.0,0.0,1.0,0.0,0.0,,2.0,0.0,1.0,0.0,0.0,3
103204,2.0,9,3,3.0,1.0,,1.0,4.0,0.0,,0.0,,1.0,1.0,1.0,9
103205,3.0,4,6,0.0,0.0,0.0,1.0,3.0,0.0,2.0,0.0,0.0,1.0,3.0,0.0,6
103206,3.0,4,3,,3.0,,1.0,0.0,0.0,,3.0,,0.0,0.0,0.0,4
103207,3.0,6,3,2.0,0.0,,1.0,3.0,0.0,,0.0,,0.0,3.0,0.0,6
103208,4.0,7,6,3.0,0.0,0.0,1.0,3.0,0.0,3.0,0.0,0.0,0.0,3.0,0.0,7
103209,2.0,7,2,2.0,0.0,,1.0,4.0,0.0,,1.0,,1.0,0.0,0.0,7
103210,4.0,5,5,2.0,0.0,,0.0,3.0,0.0,1.0,1.0,,0.0,3.0,0.0,5
103211,1.0,3,4,,1.0,0.0,0.0,1.0,1.0,,1.0,0.0,1.0,1.0,1.0,4
103212,3.0,9,9,4.0,0.0,0.0,1.0,4.0,0.0,4.0,0.0,0.0,1.0,4.0,0.0,9
103213,3.0,6,6,,0.0,2.0,,,4.0,,0.0,2.0,,,4.0,6
103214,2.0,6,2,1.0,0.0,,1.0,4.0,0.0,,0.0,,1.0,1.0,0.0,6
103215,4.0,6,3,2.0,0.0,,1.0,1.0,2.0,,0.0,,1.0,1.0,1.0,6
103216,4.0,3,1,,0.0,,1.0,2.0,0.0,,0.0,,0.0,1.0,0.0,3
103217,4.0,6,9,0.0,2.0,,0.0,4.0,0.0,2.0,2.0,0.0,1.0,4.0,0.0,9
103218,1.0,0,0,,,,0.0,0.0,0.0,,,,0.0,0.0,0.0,0
103219,3.0,7,8,,1.0,2.0,0.0,3.0,1.0,,1.0,2.0,0.0,3.0,2.0,8
103220,2.0,4,2,2.0,1.0,,0.0,1.0,0.0,,1.0,,0.0,1.0,0.0,4
103221,2.0,9,2,2.0,2.0,,1.0,4.0,0.0,,2.0,,0.0,0.0,0.0,9
103222,4.0,4,5,,,,1.0,3.0,,,,,1.0,4.0,,5
103223,3.0,9,6,3.0,1.0,0.0,1.0,4.0,0.0,2.0,1.0,0.0,1.0,2.0,0.0,9
103224,4.0,4,3,0.0,0.0,,1.0,3.0,0.0,0.0,0.0,,0.0,3.0,0.0,4
103225,3.0,9,9,4.0,1.0,,1.0,3.0,0.0,3.0,1.0,,1.0,4.0,0.0,9
103226,4.0,6,4,2.0,0.0,,1.0,2.0,1.0,2.0,0.0,,1.0,0.0,1.0,6
103227,2.0,8,7,1.0,1.0,,1.0,4.0,1.0,1.0,1.0,,1.0,2.0,2.0,8
103228,3.0,3,3,,2.0,,1.0,0.0,0.0,,2.0,,0.0,1.0,0.0,3
103229,4.0,4,6,,2.0,,0.0,2.0,0.0,,3.0,1.0,0.0,2.0,0.0,6
103230,2.0,8,6,2.0,1.0,,1.0,4.0,0.0,1.0,1.0,,1.0,3.0,0.0,8
103231,3.0,3,2,,0.0,2.0,0.0,1.0,0.0,,0.0,1.0,1.0,0.0,0.0,3
103232,2.0,9,1,3.0,1.0,,1.0,4.0,0.0,,1.0,,0.0,0.0,0.0,9
103233,2.0,2,1,,0.0,0.0,1.0,1.0,0.0,,0.0,0.0,1.0,0.0,0.0,2
103234,3.0,0,0,,0.0,0.0,0.0,0.0,0.0,,0.0,0.0,0.0,0.0,0.0,0
103235,3.0,9,9,3.0,1.0,,1.0,3.0,1.0,3.0,1.0,,1.0,3.0,1.0,9
103236,3.0,6,6,,1.0,0.0,1.0,3.0,1.0,,2.0,0.0,1.0,3.0,0.0,6
103237,2.0,5,1,1.0,0.0,,0.0,4.0,0.0,,0.0,,1.0,0.0,0.0,5
103238,3.0,8,6,3.0,,,1.0,4.0,0.0,2.0,,,0.0,4.0,0.0,8
103239,4.0,11,6,2.0,2.0,,1.0,3.0,3.0,,2.0,,1.0,0.0,3.0,11
103240,4.0,11,8,0.0,0.0,2.0,1.0,4.0,4.0,,0.0,2.0,1.0,2.0,3.0,11
103241,1.0,5,3,,0.0,0.0,1.0,1.0,3.0,,1.0,0.0,0.0,1.0,1.0,5
103242,4.0,1,2,,1.0,,0.0,0.0,0.0,,1.0,,1.0,0.0,0.0,2
103243,2.0,8,1,3.0,0.0,,1.0,4.0,0.0,,0.0,,1.0,0.0,0.0,8
103244,4.0,1,1,,0.0,,1.0,0.0,0.0,,0.0,,1.0,0.0,0.0,1
103245,4.0,5,1,,2.0,,1.0,2.0,0.0,,0.0,,0.0,1.0,0.0,5
103246,3.0,10,6,4.0,0.0,0.0,1.0,3.0,2.0,3.0,0.0,0.0,0.0,3.0,0.0,10
103247,4.0,10,9,3.0,1.0,2.0,0.0,4.0,0.0,3.0,2.0,1.0,0.0,3.0,0.0,10
103248,4.0,6,4,,1.0,,1.0,3.0,1.0,,1.0,,1.0,2.0,0.0,6
103249,3.0,7,7,,0.0,1.0,1.0,3.0,2.0,,0.0,1.0,1.0,3.0,2.0,7
103250,1.0,8,5,3.0,0.0,,1.0,0.0,4.0,,0.0,,1.0,0.0,4.0,8
103251,2.0,12,11,4.0,2.0,,1.0,4.0,1.0,3.0,1.0,,1.0,4.0,2.0,12
103252,2.0,6,1,1.0,0.0,,1.0,4.0,0.0,,0.0,,1.0,0.0,0.0,6
103253,2.0,8,3,2.0,1.0,,1.0,4.0,0.0,,1.0,,1.0,0.0,1.0,8
103254,2.0,7,0,2.0,0.0,0.0,1.0,4.0,0.0,,0.0,0.0,0.0,0.0,0.0,7
103255,3.0,4,4,,0.0,0.0,1.0,2.0,1.0,,0.0,0.0,1.0,2.0,1.0,4
103256,4.0,7,8,1.0,0.0,,1.0,3.0,2.0,2.0,1.0,,0.0,3.0,2.0,8
103257,2.0,2,2,,0.0,,1.0,0.0,1.0,,0.0,0.0,1.0,0.0,1.0,2
103258,4.0,9,7,3.0,0.0,,1.0,4.0,1.0,3.0,0.0,,1.0,3.0,0.0,9
103259,2.0,6,2,,1.0,,1.0,4.0,0.0,,1.0,,1.0,0.0,0.0,6
103260,3.0,7,5,,1.0,0.0,1.0,2.0,3.0,,1.0,0.0,1.0,1.0,2.0,7
103261,1.0,1,3,,,,0.0,1.0,0.0,,1.0,,1.0,1.0,0.0,3
103262,2.0,7,3,2.0,1.0,,1.0,3.0,0.0,,1.0,,1.0,1.0,0.0,7
103263,1.0,2,2,,0.0,,1.0,1.0,0.0,,0.0,,1.0,1.0,0.0,2
103264,2.0,6,4,,2.0,,1.0,2.0,1.0,,2.0,,0.0,1.0,1.0,6
103265,1.0,0,0,,0.0,0.0,0.0,0.0,0.0,,0.0,0.0,0.0,0.0,0.0,0
103266,2.0,4,1,,1.0,,1.0,2.0,0.0,,0.0,,1.0,0.0,0.0,4
103267,2.0,8,4,2.0,1.0,,1.0,4.0,0.0,,1.0,,1.0,1.0,1.0,8
103268,4.0,0,1,,0.0,,0.0,0.0,0.0,,0.0,,0.0,1.0,0.0,1
103269,3.0,5,1,2.0,1.0,,1.0,0.0,1.0,,0.0,,1.0,0.0,0.0,5
103270,2.0,5,4,,0.0,,1.0,4.0,0.0,0.0,0.0,,1.0,3.0,0.0,5
103271,3.0,8,3,2.0,0.0,2.0,1.0,3.0,0.0,,0.0,2.0,1.0,0.0,0.0,8
103272,4.0,5,6,2.0,0.0,,1.0,2.0,0.0,3.0,0.0,,1.0,2.0,0.0,6
103273,1.0,4,5,,0.0,,1.0,3.0,0.0,2.0,0.0,,0.0,3.0,0.0,5
103274,1.0,5,4,2.0,0.0,,0.0,3.0,0.0,2.0,0.0,,0.0,2.0,0.0,5
103275,4.0,8,9,3.0,1.0,,1.0,3.0,0.0,3.0,2.0,,1.0,3.0,0.0,9
103276,4.0,3,6,,0.0,0.0,0.0,3.0,0.0,2.0,0.0,0.0,1.0,3.0,0.0,6
103277,1.0,9,9,3.0,1.0,0.0,1.0,2.0,2.0,3.0,1.0,0.0,1.0,2.0,2.0,9
103278,3.0,5,5,,0.0,1.0,0.0,1.0,3.0,,0.0,1.0,0.0,1.0,3.0,5
103279,3.0,7,6,3.0,0.0,0.0,1.0,3.0,0.0,2.0,0.0,0.0,1.0,3.0,0.0,7
103280,3.0,10,8,4.0,0.0,0.0,1.0,3.0,2.0,2.0,0.0,0.0,1.0,3.0,2.0,10
103281,2.0,9,3,3.0,1.0,,1.0,4.0,0.0,,2.0,,1.0,0.0,0.0,9
103282,3.0,3,4,,0.0,,1.0,2.0,0.0,,1.0,,1.0,1.0,1.0,4
103283,2.0,6,1,1.0,0.0,,1.0,4.0,0.0,,0.0,,1.0,0.0,0.0,6
103284,3.0,7,7,,0.0,,1.0,3.0,3.0,,0.0,0.0,1.0,4.0,2.0,7
103285,3.0,11,11,4.0,3.0,,1.0,3.0,0.0,4.0,3.0,,1.0,3.0,0.0,11
103286,2.0,1,1,,0.0,0.0,1.0,0.0,0.0,,0.0,0.0,1.0,0.0,0.0,1
103287,4.0,9,7,4.0,0.0,,1.0,4.0,0.0,3.0,0.0,,1.0,3.0,0.0,9
103288,1.0,2,2,,1.0,0.0,1.0,0.0,0.0,,1.0,0.0,1.0,0.0,0.0,2
103289,1.0,6,6,,1.0,0.0,1.0,3.0,1.0,,1.0,0.0,1.0,3.0,1.0,6
103290,4.0,8,7,4.0,0.0,0.0,1.0,2.0,1.0,4.0,0.0,0.0,1.0,1.0,1.0,8
103291,3.0,3,1,,1.0,,1.0,0.0,1.0,,0.0,,1.0,0.0,0.0,3
103292,3.0,13,14,4.0,2.0,2.0,1.0,4.0,0.0,4.0,2.0,3.0,1.0,4.0,0.0,14
103293,4.0,7,3,2.0,1.0,,1.0,3.0,0.0,,1.0,,0.0,2.0,0.0,7
103294,4.0,9,9,2.0,2.0,,1.0,4.0,0.0,2.0,2.0,0.0,1.0,4.0,0.0,9
103295,4.0,8,7,1.0,1.0,1.0,0.0,4.0,1.0,1.0,2.0,0.0,1.0,3.0,0.0,8
103296,4.0,2,3,,0.0,0.0,0.0,2.0,0.0,,0.0,0.0,0.0,3.0,0.0,3
103297,2.0,3,2,,,,1.0,2.0,0.0,,1.0,,1.0,0.0,0.0,3
103298,3.0,3,0,,1.0,,1.0,0.0,1.0,,,,0.0,0.0,0.0,3
103299,1.0,2,1,,0.0,,1.0,1.0,0.0,,0.0,0.0,1.0,0.0,0.0,2
103300,3.0,1,1,,0.0,,1.0,0.0,0.0,,0.0,,1.0,0.0,0.0,1
103301,1.0,8,5,3.0,0.0,,1.0,4.0,0.0,1.0,0.0,,1.0,3.0,0.0,8
103302,4.0,13,10,4.0,0.0,2.0,1.0,4.0,2.0,3.0,0.0,2.0,1.0,2.0,2.0,13
103303,4.0,0,8,,0.0,,0.0,0.0,0.0,3.0,0.0,,1.0,3.0,1.0,8
103304,4.0,2,2,,0.0,,1.0,1.0,0.0,,0.0,,1.0,1.0,0.0,2
103305,4.0,1,0,,0.0,,0.0,1.0,0.0,,0.0,,0.0,0.0,0.0,1
103306,1.0,0,7,,0.0,0.0,0.0,0.0,0.0,2.0,0.0,0.0,1.0,4.0,0.0,7
103307,3.0,8,8,,3.0,3.0,1.0,0.0,1.0,,4.0,2.0,1.0,0.0,1.0,8
103308,3.0,1,2,,0.0,,1.0,0.0,0.0,,1.0,,1.0,0.0,0.0,2
103309,3.0,15,16,3.0,0.0,3.0,1.0,4.0,4.0,3.0,1.0,3.0,1.0,4.0,4.0,16
103310,2.0,0,7,,,,,,,2.0,,,1.0,4.0,,7
103311,3.0,3,3,,0.0,2.0,1.0,0.0,0.0,,0.0,2.0,1.0,0.0,0.0,3
103312,3.0,7,8,1.0,2.0,,1.0,2.0,1.0,3.0,2.0,0.0,0.0,2.0,1.0,8
103313,3.0,6,5,,0.0,3.0,1.0,0.0,2.0,,0.0,3.0,1.0,0.0,1.0,6
103314,3.0,8,6,4.0,0.0,0.0,1.0,3.0,0.0,2.0,0.0,0.0,1.0,2.0,1.0,8
103315,2.0,10,5,4.0,1.0,,1.0,4.0,0.0,2.0,2.0,,1.0,0.0,0.0,10
103316,4.0,5,3,1.0,,,1.0,3.0,0.0,0.0,,,0.0,3.0,0.0,5
103317,3.0,9,9,3.0,0.0,0.0,1.0,2.0,3.0,4.0,0.0,0.0,1.0,2.0,2.0,9
103318,4.0,8,7,3.0,0.0,0.0,1.0,4.0,0.0,3.0,0.0,0.0,1.0,3.0,0.0,8
103319,4.0,3,3,,0.0,,1.0,1.0,1.0,,0.0,,1.0,1.0,1.0,3
103320,3.0,2,2,,0.0,,1.0,1.0,0.0,,0.0,0.0,1.0,1.0,0.0,2
103321,3.0,8,6,3.0,0.0,,1.0,4.0,0.0,2.0,0.0,,0.0,4.0,0.0,8
103322,3.0,3,1,,0.0,,0.0,2.0,1.0,,0.0,0.0,0.0,1.0,0.0,3
103323,4.0,5,4,0.0,0.0,,1.0,4.0,0.0,0.0,0.0,,1.0,3.0,0.0,5
103324,4.0,12,10,4.0,2.0,1.0,1.0,4.0,0.0,3.0,3.0,0.0,1.0,3.0,0.0,12
103325,3.0,7,0,1.0,0.0,1.0,1.0,4.0,0.0,,0.0,0.0,0.0,0.0,0.0,7
103326,1.0,1,4,,0.0,0.0,1.0,0.0,0.0,,0.0,0.0,1.0,0.0,3.0,4
103327,1.0,9,8,4.0,0.0,0.0,1.0,3.0,1.0,3.0,0.0,0.0,1.0,3.0,1.0,9
103328,2.0,12,9,4.0,1.0,1.0,1.0,4.0,1.0,3.0,1.0,1.0,0.0,4.0,0.0,12
103329,1.0,6,11,4.0,0.0,,1.0,0.0,1.0,4.0,0.0,1.0,1.0,4.0,1.0,11
103330,1.0,1,1,,0.0,,1.0,0.0,0.0,,0.0,,1.0,0.0,0.0,1
103331,3.0,5,3,2.0,0.0,,1.0,1.0,1.0,,0.0,0.0,1.0,1.0,1.0,5
103332,4.0,2,3,,0.0,,1.0,1.0,0.0,,1.0,,1.0,1.0,0.0,3
103333,4.0,7,13,,1.0,,1.0,2.0,3.0,3.0,2.0,,1.0,4.0,3.0,13
103334,4.0,3,3,0.0,0.0,,0.0,3.0,0.0,,0.0,,0.0,3.0,0.0,3
103335,4.0,7,6,3.0,0.0,0.0,0.0,4.0,0.0,2.0,0.0,0.0,0.0,4.0,0.0,7
103336,4.0,6,6,3.0,0.0,,0.0,3.0,0.0,3.0,0.0,,0.0,3.0,0.0,6
103337,2.0,1,1,,0.0,,1.0,0.0,0.0,,0.0,,1.0,0.0,0.0,1
103338,3.0,6,2,2.0,0.0,,1.0,2.0,1.0,,0.0,,1.0,1.0,0.0,6
103339,2.0,8,6,2.0,1.0,,1.0,4.0,0.0,2.0,1.0,,1.0,1.0,1.0,8
103340,3.0,9,9,,3.0,2.0,1.0,1.0,2.0,,3.0,1.0,0.0,2.0,3.0,9
103341,2.0,9,7,3.0,1.0,,1.0,4.0,0.0,2.0,1.0,1.0,1.0,2.0,0.0,9
103342,1.0,1,2,0.0,0.0,,1.0,0.0,0.0,,0.0,,1.0,1.0,0.0,2
103343,2.0,8,8,4.0,0.0,,1.0,3.0,0.0,3.0,0.0,0.0,1.0,4.0,0.0,8
103344,2.0,9,10,3.0,0.0,,1.0,4.0,1.0,4.0,0.0,0.0,1.0,4.0,1.0,10
103345,3.0,7,6,2.0,1.0,0.0,1.0,3.0,0.0,3.0,0.0,0.0,0.0,3.0,0.0,7
103346,1.0,4,2,2.0,0.0,1.0,1.0,0.0,0.0,,0.0,1.0,1.0,0.0,0.0,4
103347,3.0,8,8,0.0,3.0,0.0,1.0,3.0,1.0,1.0,2.0,0.0,1.0,3.0,1.0,8
103348,1.0,2,3,,1.0,0.0,1.0,0.0,0.0,,1.0,1.0,1.0,0.0,0.0,3
103349,4.0,7,2,1.0,1.0,,1.0,4.0,0.0,,2.0,,0.0,0.0,0.0,7
103350,4.0,6,7,1.0,0.0,,1.0,4.0,0.0,2.0,0.0,,1.0,4.0,0.0,7
103351,4.0,10,12,3.0,2.0,,1.0,4.0,0.0,3.0,2.0,2.0,1.0,4.0,0.0,12
103352,2.0,7,4,2.0,1.0,,1.0,3.0,0.0,2.0,1.0,,1.0,0.0,0.0,7
103353,3.0,8,9,4.0,0.0,0.0,1.0,3.0,0.0,4.0,0.0,0.0,1.0,4.0,0.0,9
103354,4.0,7,5,0.0,0.0,,1.0,2.0,4.0,,0.0,,1.0,0.0,4.0,7
103355,4.0,10,7,4.0,0.0,0.0,1.0,4.0,1.0,2.0,1.0,0.0,1.0,3.0,0.0,10
103356,4.0,9,10,4.0,0.0,,1.0,4.0,0.0,3.0,0.0,,1.0,3.0,3.0,10
103357,2.0,7,3,2.0,0.0,,1.0,4.0,0.0,2.0,0.0,,1.0,0.0,0.0,7
103358,4.0,14,14,2.0,3.0,3.0,1.0,4.0,1.0,2.0,3.0,3.0,1.0,3.0,2.0,14
103359,1.0,2,1,,0.0,,1.0,1.0,0.0,,0.0,,1.0,0.0,0.0,2
103360,4.0,8,4,3.0,0.0,0.0,1.0,4.0,0.0,2.0,0.0,0.0,0.0,2.0,0.0,8
103361,3.0,9,7,,3.0,3.0,1.0,1.0,1.0,,2.0,2.0,1.0,1.0,1.0,9
103362,3.0,0,1,,0.0,,0.0,0.0,0.0,,0.0,,1.0,0.0,0.0,1
103363,3.0,10,8,4.0,1.0,0.0,1.0,2.0,2.0,2.0,1.0,0.0,1.0,3.0,1.0,10
103364,3.0,1,3,,1.0,0.0,0.0,0.0,0.0,2.0,0.0,0.0,0.0,1.0,0.0,3
103365,4.0,2,2,,0.0,,0.0,2.0,0.0,,0.0,,1.0,1.0,0.0,2
103366,4.0,1,1,,0.0,,1.0,0.0,0.0,,1.0,,0.0,0.0,0.0,1
103367,2.0,7,1,2.0,0.0,,1.0,4.0,0.0,,0.0,,1.0,0.0,0.0,7
103368,3.0,0,0,,0.0,,,,0.0,,0.0,,,,0.0,0
103369,3.0,5,5,,0.0,0.0,1.0,0.0,4.0,,0.0,0.0,1.0,0.0,4.0,5
103370,3.0,3,2,,0.0,,1.0,2.0,0.0,,0.0,,1.0,1.0,0.0,3
103371,3.0,7,8,,0.0,,1.0,3.0,3.0,2.0,,,1.0,2.0,3.0,8
103372,3.0,4,4,,0.0,,1.0,1.0,2.0,,0.0,0.0,1.0,2.0,1.0,4
103373,3.0,8,5,2.0,0.0,,1.0,4.0,1.0,1.0,0.0,,1.0,2.0,1.0,8
103374,4.0,4,3,2.0,0.0,,1.0,1.0,0.0,2.0,0.0,0.0,0.0,1.0,0.0,4
103375,3.0,0,0,,,,0.0,0.0,0.0,,,,0.0,0.0,,0
103376,2.0,8,1,3.0,0.0,,1.0,4.0,0.0,,0.0,,1.0,0.0,0.0,8
103377,3.0,3,9,,0.0,0.0,1.0,,2.0,3.0,0.0,0.0,1.0,3.0,2.0,9
103378,3.0,10,9,2.0,1.0,0.0,1.0,4.0,2.0,2.0,1.0,0.0,0.0,4.0,2.0,10
103379,3.0,2,3,,1.0,0.0,1.0,0.0,0.0,,2.0,0.0,0.0,1.0,0.0,3
103380,4.0,11,12,4.0,1.0,,1.0,4.0,1.0,3.0,2.0,,1.0,4.0,2.0,12
103381,4.0,2,0,,0.0,,1.0,1.0,0.0,,0.0,,0.0,0.0,0.0,2
103382,3.0,4,2,2.0,0.0,0.0,0.0,2.0,0.0,,0.0,0.0,0.0,2.0,0.0,4
103383,1.0,1,3,,1.0,0.0,0.0,0.0,0.0,,2.0,0.0,1.0,0.0,0.0,3
103384,2.0,6,1,1.0,0.0,,1.0,4.0,0.0,,0.0,,1.0,0.0,0.0,6
103385,4.0,11,9,2.0,1.0,1.0,1.0,3.0,3.0,2.0,1.0,0.0,1.0,2.0,3.0,11
103386,3.0,3,3,,1.0,,1.0,0.0,1.0,,0.0,,1.0,1.0,1.0,3
103387,4.0,5,1,1.0,,,0.0,4.0,0.0,,,,0.0,1.0,,5
103388,2.0,5,3,2.0,0.0,,1.0,2.0,0.0,,1.0,,1.0,0.0,1.0,5
103389,4.0,6,4,0.0,1.0,,1.0,4.0,0.0,0.0,1.0,,0.0,3.0,0.0,6
103390,1.0,3,3,,1.0,1.0,0.0,0.0,1.0,,1.0,1.0,0.0,0.0,1.0,3
103391,4.0,5,4,1.0,0.0,,1.0,3.0,0.0,2.0,0.0,,0.0,2.0,0.0,5
103392,3.0,7,2,2.0,0.0,0.0,1.0,1.0,3.0,,0.0,0.0,0.0,0.0,2.0,7
103393,3.0,2,3,,1.0,,0.0,1.0,0.0,,1.0,,1.0,1.0,0.0,3
103394,1.0,5,4,2.0,0.0,,1.0,0.0,2.0,,0.0,,1.0,0.0,3.0,5
103395,1.0,6,9,0.0,0.0,,1.0,4.0,1.0,1.0,0.0,1.0,1.0,3.0,3.0,9
103396,3.0,5,1,2.0,1.0,0.0,1.0,1.0,0.0,,0.0,0.0,0.0,1.0,0.0,5
103397,3.0,6,5,2.0,1.0,,1.0,2.0,0.0,2.0,0.0,,1.0,2.0,0.0,6
103398,2.0,7,3,2.0,0.0,,1.0,4.0,0.0,,1.0,,1.0,0.0,1.0,7
103399,2.0,10,5,3.0,1.0,,1.0,4.0,1.0,1.0,2.0,,1.0,0.0,1.0,10
103400,4.0,2,2,,0.0,,1.0,1.0,0.0,,1.0,,0.0,1.0,0.0,2
103401,4.0,6,7,,1.0,,1.0,0.0,4.0,,2.0,,1.0,0.0,4.0,7
103402,4.0,3,2,,0.0,,1.0,2.0,0.0,,0.0,,0.0,2.0,0.0,3
103403,3.0,9,12,4.0,0.0,1.0,1.0,3.0,0.0,3.0,1.0,1.0,1.0,3.0,3.0,12
103404,2.0,9,3,2.0,2.0,,1.0,4.0,0.0,,2.0,,1.0,0.0,0.0,9
103405,2.0,9,2,4.0,0.0,0.0,1.0,4.0,0.0,,1.0,0.0,1.0,0.0,0.0,9
103406,3.0,2,2,,0.0,,1.0,0.0,1.0,,0.0,,1.0,0.0,1.0,2
103407,2.0,7,3,2.0,0.0,,1.0,4.0,0.0,2.0,0.0,,1.0,0.0,0.0,7
103408,1.0,10,8,4.0,0.0,0.0,1.0,4.0,1.0,,1.0,0.0,1.0,4.0,2.0,10
103409,3.0,3,2,,1.0,,1.0,0.0,1.0,,2.0,,0.0,0.0,0.0,3
103410,2.0,8,6,2.0,1.0,,1.0,4.0,0.0,2.0,2.0,,1.0,1.0,0.0,8
103411,3.0,7,6,3.0,0.0,0.0,0.0,4.0,0.0,3.0,0.0,0.0,0.0,3.0,0.0,7
103412,3.0,3,2,,1.0,,1.0,0.0,1.0,,1.0,,1.0,0.0,0.0,3
103413,4.0,8,7,4.0,0.0,,0.0,4.0,0.0,4.0,0.0,,0.0,3.0,0.0,8
103414,3.0,5,4,,0.0,0.0,1.0,2.0,2.0,,0.0,1.0,1.0,1.0,1.0,5
103415,3.0,5,4,3.0,0.0,,0.0,2.0,0.0,,0.0,,1.0,3.0,0.0,5
103416,4.0,4,5,1.0,0.0,0.0,0.0,3.0,0.0,1.0,0.0,0.0,1.0,3.0,0.0,5
103417,3.0,3,6,,1.0,,1.0,0.0,1.0,2.0,1.0,,1.0,1.0,1.0,6
103418,4.0,3,3,,0.0,,1.0,0.0,2.0,,0.0,,1.0,0.0,2.0,3
103419,2.0,7,8,2.0,0.0,0.0,1.0,4.0,0.0,3.0,0.0,0.0,1.0,4.0,0.0,8
103420,1.0,5,4,,2.0,0.0,1.0,0.0,2.0,,2.0,0.0,1.0,0.0,1.0,5
103421,3.0,9,6,2.0,2.0,1.0,1.0,3.0,0.0,1.0,0.0,1.0,1.0,3.0,0.0,9
103422,3.0,0,0,,0.0,,0.0,0.0,0.0,,0.0,,0.0,0.0,0.0,0
103423,3.0,2,2,,0.0,0.0,1.0,1.0,0.0,,0.0,0.0,1.0,1.0,0.0,2
103424,3.0,13,10,3.0,3.0,1.0,1.0,4.0,1.0,3.0,2.0,1.0,1.0,2.0,1.0,13
103425,4.0,6,7,,1.0,,1.0,0.0,4.0,,2.0,,1.0,0.0,4.0,7
103426,4.0,10,10,3.0,1.0,0.0,1.0,4.0,1.0,3.0,2.0,0.0,1.0,3.0,1.0,10
103427,2.0,11,5,4.0,2.0,,1.0,4.0,0.0,2.0,1.0,,1.0,1.0,0.0,11
103428,4.0,4,5,0.0,1.0,,0.0,3.0,0.0,0.0,1.0,,0.0,4.0,0.0,5
103429,2.0,7,1,2.0,0.0,,1.0,4.0,0.0,,0.0,,1.0,0.0,0.0,7
103430,4.0,6,4,2.0,0.0,,0.0,4.0,0.0,2.0,0.0,,0.0,2.0,0.0,6
103431,1.0,6,0,2.0,0.0,,1.0,3.0,0.0,,0.0,,0.0,,0.0,6
103432,1.0,6,7,,2.0,0.0,1.0,2.0,1.0,2.0,1.0,0.0,1.0,2.0,1.0,7
103433,4.0,2,5,,0.0,1.0,0.0,1.0,0.0,,0.0,1.0,1.0,3.0,0.0,5
103434,2.0,9,2,3.0,1.0,,1.0,4.0,0.0,,1.0,,1.0,0.0,0.0,9
103435,2.0,8,3,4.0,0.0,,1.0,3.0,0.0,,2.0,,1.0,0.0,0.0,8
103436,4.0,4,5,0.0,0.0,,1.0,3.0,0.0,0.0,0.0,,1.0,4.0,0.0,5
103437,3.0,8,11,3.0,2.0,,0.0,3.0,0.0,3.0,1.0,,1.0,3.0,3.0,11
103438,4.0,6,5,1.0,0.0,,1.0,4.0,0.0,1.0,0.0,,1.0,3.0,0.0,6
103439,2.0,9,3,3.0,2.0,,1.0,3.0,0.0,,1.0,,1.0,0.0,1.0,9
103440,4.0,4,5,1.0,0.0,,0.0,3.0,0.0,2.0,0.0,,0.0,3.0,0.0,5
103441,3.0,3,5,,1.0,1.0,1.0,0.0,0.0,,2.0,1.0,1.0,1.0,0.0,5
103442,4.0,5,2,4.0,0.0,,1.0,0.0,0.0,2.0,0.0,,0.0,0.0,0.0,5
103443,2.0,8,4,2.0,2.0,,1.0,2.0,1.0,,2.0,,1.0,0.0,1.0,8
103444,1.0,2,4,,0.0,,0.0,0.0,2.0,,1.0,,1.0,0.0,2.0,4
103445,4.0,4,4,0.0,0.0,,1.0,3.0,0.0,0.0,0.0,,1.0,3.0,0.0,4
103446,1.0,2,2,,0.0,0.0,1.0,0.0,1.0,,0.0,0.0,1.0,0.0,1.0,2
103447,1.0,1,1,,0.0,,1.0,0.0,0.0,,0.0,,1.0,0.0,0.0,1
103448,2.0,9,3,2.0,1.0,,1.0,4.0,1.0,,1.0,,1.0,0.0,1.0,9
103449,3.0,4,4,,0.0,,0.0,4.0,0.0,,1.0,,0.0,3.0,0.0,4
103450,3.0,5,4,1.0,0.0,,1.0,3.0,0.0,,0.0,,1.0,3.0,0.0,5
103451,4.0,5,7,,0.0,0.0,1.0,4.0,0.0,3.0,0.0,0.0,0.0,4.0,0.0,7
103452,3.0,7,1,4.0,0.0,,0.0,3.0,0.0,,,,1.0,0.0,0.0,7
103453,2.0,15,15,4.0,3.0,0.0,1.0,4.0,3.0,3.0,2.0,1.0,1.0,4.0,4.0,15
103454,1.0,2,2,,0.0,,1.0,0.0,1.0,,0.0,,1.0,0.0,1.0,2
103455,4.0,5,5,1.0,0.0,,0.0,4.0,0.0,2.0,0.0,,0.0,3.0,0.0,5
103456,3.0,2,1,,0.0,0.0,1.0,1.0,0.0,,,0.0,0.0,1.0,0.0,2
103457,4.0,7,7,3.0,0.0,0.0,1.0,3.0,0.0,3.0,0.0,0.0,1.0,3.0,0.0,7
103458,2.0,9,3,3.0,2.0,,1.0,3.0,0.0,,2.0,,1.0,0.0,0.0,9
103459,4.0,9,9,3.0,0.0,2.0,1.0,3.0,0.0,3.0,0.0,2.0,1.0,3.0,0.0,9
103460,3.0,0,0,,0.0,0.0,,,0.0,,0.0,0.0,,,0.0,0
103461,3.0,9,9,,0.0,0.0,1.0,4.0,4.0,2.0,0.0,0.0,0.0,3.0,4.0,9
103462,1.0,2,0,,0.0,,0.0,2.0,0.0,,0.0,,0.0,0.0,0.0,2
103463,2.0,15,13,4.0,2.0,2.0,1.0,4.0,2.0,4.0,3.0,3.0,1.0,,2.0,15
103464,3.0,1,3,,,,1.0,0.0,,2.0,0.0,0.0,0.0,1.0,0.0,3
103465,4.0,4,2,,0.0,,1.0,2.0,1.0,,0.0,,0.0,1.0,1.0,4
103466,1.0,10,10,4.0,0.0,2.0,0.0,4.0,0.0,3.0,0.0,2.0,1.0,4.0,0.0,10
103467,3.0,4,3,,2.0,2.0,0.0,0.0,0.0,,2.0,1.0,0.0,0.0,0.0,4
103468,3.0,2,4,,,,1.0,1.0,,,,,,4.0,,4
103469,3.0,9,10,3.0,1.0,,1.0,4.0,0.0,3.0,1.0,,1.0,4.0,1.0,10
103470,1.0,2,1,2.0,0.0,,0.0,0.0,0.0,,0.0,,1.0,0.0,0.0,2
103471,3.0,3,4,0.0,0.0,0.0,0.0,3.0,0.0,,0.0,0.0,1.0,3.0,0.0,4
103472,3.0,7,12,,2.0,,1.0,3.0,1.0,1.0,3.0,3.0,1.0,3.0,1.0,12
103473,1.0,6,5,1.0,,,1.0,4.0,0.0,1.0,,,1.0,3.0,0.0,6
103474,3.0,3,3,,2.0,,0.0,0.0,1.0,,2.0,,0.0,0.0,1.0,3
103475,2.0,9,2,3.0,0.0,1.0,1.0,4.0,0.0,,0.0,1.0,1.0,0.0,0.0,9
103476,3.0,10,9,4.0,2.0,,1.0,3.0,0.0,3.0,2.0,,1.0,3.0,0.0,10
103477,4.0,4,3,0.0,0.0,,1.0,3.0,0.0,0.0,0.0,,0.0,3.0,0.0,4
103478,2.0,3,2,3.0,0.0,,0.0,0.0,0.0,,0.0,,0.0,2.0,0.0,3
103479,4.0,1,1,,0.0,,1.0,0.0,0.0,,0.0,,1.0,0.0,0.0,1
103480,3.0,6,9,,2.0,,1.0,3.0,0.0,3.0,2.0,,1.0,3.0,0.0,9
103481,4.0,2,5,,0.0,,1.0,1.0,0.0,0.0,0.0,,1.0,4.0,0.0,5
103482,4.0,2,2,,0.0,,0.0,2.0,0.0,,0.0,,0.0,2.0,0.0,2
103483,3.0,11,12,3.0,1.0,3.0,1.0,3.0,0.0,3.0,2.0,3.0,1.0,3.0,0.0,12
103484,4.0,6,2,1.0,1.0,,1.0,3.0,0.0,,1.0,,1.0,0.0,0.0,6
103485,3.0,1,1,,0.0,0.0,1.0,0.0,0.0,,0.0,0.0,1.0,0.0,0.0,1
103486,3.0,6,4,,2.0,2.0,1.0,1.0,0.0,,2.0,1.0,1.0,0.0,0.0,6
103487,1.0,6,2,2.0,0.0,0.0,1.0,3.0,0.0,,1.0,0.0,1.0,0.0,0.0,6
103488,3.0,3,2,,0.0,,1.0,0.0,2.0,,0.0,,0.0,0.0,2.0,3
103489,4.0,1,1,,0.0,,0.0,1.0,0.0,,0.0,,0.0,1.0,0.0,1
103490,4.0,4,3,,,,0.0,4.0,0.0,,0.0,,1.0,2.0,0.0,4
103491,4.0,2,2,,0.0,,1.0,1.0,0.0,,0.0,0.0,1.0,1.0,0.0,2
103492,2.0,8,7,3.0,0.0,,1.0,4.0,0.0,3.0,0.0,,1.0,3.0,0.0,8
103493,2.0,7,3,2.0,2.0,,1.0,2.0,0.0,,2.0,,1.0,0.0,0.0,7
103494,2.0,7,1,2.0,1.0,,0.0,4.0,0.0,,1.0,,0.0,0.0,0.0,7
103495,3.0,3,0,,1.0,,1.0,1.0,0.0,,,,0.0,0.0,,3
103496,1.0,1,2,,0.0,0.0,0.0,1.0,0.0,,,0.0,1.0,1.0,,2
103497,4.0,3,3,,0.0,,0.0,3.0,0.0,,0.0,,0.0,3.0,0.0,3
103498,2.0,6,3,,1.0,,1.0,4.0,0.0,,2.0,,1.0,0.0,0.0,6
103499,4.0,9,5,3.0,0.0,2.0,1.0,3.0,0.0,3.0,0.0,0.0,0.0,2.0,0.0,9
103500,4.0,8,8,3.0,0.0,2.0,0.0,3.0,0.0,3.0,0.0,2.0,0.0,3.0,0.0,8
103501,3.0,4,5,,2.0,1.0,0.0,1.0,0.0,,3.0,1.0,0.0,1.0,0.0,5
103502,2.0,7,4,,2.0,,1.0,4.0,0.0,,2.0,1.0,1.0,0.0,0.0,7
103503,3.0,2,2,,0.0,,1.0,0.0,1.0,,0.0,,1.0,0.0,1.0,2
103504,3.0,7,6,3.0,0.0,,0.0,4.0,0.0,2.0,0.0,1.0,0.0,3.0,0.0,7
103505,3.0,4,2,,1.0,,1.0,0.0,2.0,,0.0,,0.0,0.0,2.0,4
103506,4.0,9,6,1.0,2.0,2.0,0.0,4.0,0.0,2.0,2.0,1.0,0.0,1.0,0.0,9
103507,3.0,13,4,3.0,2.0,1.0,1.0,4.0,2.0,,1.0,0.0,1.0,0.0,2.0,13
103508,2.0,7,2,1.0,1.0,,1.0,4.0,0.0,,1.0,,1.0,0.0,0.0,7
103509,1.0,7,5,3.0,0.0,,0.0,3.0,1.0,2.0,0.0,,1.0,1.0,1.0,7
103510,1.0,4,2,,0.0,,1.0,0.0,3.0,,0.0,,0.0,0.0,2.0,4
103511,1.0,1,0,,0.0,,0.0,1.0,0.0,,0.0,,0.0,0.0,0.0,1
103512,4.0,4,4,0.0,0.0,,0.0,4.0,0.0,,1.0,,0.0,3.0,0.0,4
103513,2.0,10,12,4.0,1.0,,1.0,4.0,0.0,4.0,2.0,,1.0,4.0,1.0,12
103514,4.0,2,1,,0.0,,1.0,1.0,0.0,,0.0,0.0,1.0,0.0,0.0,2
103515,4.0,7,4,2.0,0.0,,1.0,3.0,1.0,1.0,0.0,,1.0,2.0,0.0,7
103516,1.0,11,8,4.0,0.0,1.0,1.0,4.0,1.0,4.0,0.0,0.0,1.0,3.0,0.0,11
103517,4.0,1,1,,0.0,,1.0,0.0,0.0,,0.0,,1.0,0.0,0.0,1
103518,3.0,11,10,4.0,0.0,,1.0,3.0,3.0,3.0,0.0,0.0,1.0,3.0,3.0,11
103519,3.0,1,2,,0.0,,0.0,1.0,0.0,,0.0,,1.0,1.0,0.0,2
103520,3.0,7,6,3.0,0.0,0.0,1.0,3.0,0.0,2.0,0.0,0.0,1.0,2.0,1.0,7
103521,4.0,2,1,,0.0,,1.0,1.0,0.0,,0.0,,1.0,0.0,0.0,2
103522,1.0,11,9,3.0,0.0,,1.0,4.0,3.0,2.0,0.0,,1.0,3.0,3.0,11
103523,3.0,5,5,1.0,0.0,0.0,1.0,3.0,0.0,1.0,0.0,0.0,1.0,3.0,0.0,5
103524,3.0,5,1,,0.0,,1.0,2.0,2.0,,0.0,,0.0,0.0,1.0,5
103525,4.0,2,3,,2.0,,0.0,0.0,0.0,,1.0,,1.0,1.0,0.0,3
103526,1.0,1,2,,0.0,,0.0,0.0,1.0,,0.0,,1.0,0.0,1.0,2
103527,4.0,6,4,,2.0,,1.0,1.0,2.0,,2.0,,0.0,0.0,2.0,6
103528,3.0,3,7,,1.0,,1.0,0.0,1.0,3.0,1.0,,1.0,1.0,1.0,7
103529,4.0,6,1,0.0,0.0,,1.0,4.0,1.0,,0.0,,0.0,1.0,0.0,6
103530,4.0,5,1,2.0,0.0,,0.0,3.0,0.0,,0.0,,0.0,1.0,0.0,5
103531,3.0,8,7,3.0,1.0,,1.0,3.0,0.0,3.0,1.0,,1.0,2.0,0.0,8
103532,2.0,9,3,2.0,2.0,,1.0,4.0,0.0,,1.0,,1.0,1.0,0.0,9
103533,2.0,3,1,,0.0,,1.0,2.0,0.0,,0.0,,1.0,0.0,0.0,3
103534,2.0,7,2,1.0,1.0,,1.0,4.0,0.0,,1.0,,1.0,0.0,0.0,7
103535,3.0,6,8,,0.0,0.0,1.0,3.0,2.0,3.0,0.0,0.0,1.0,3.0,1.0,8
103536,1.0,1,9,,0.0,0.0,0.0,0.0,1.0,3.0,1.0,0.0,1.0,4.0,0.0,9
103537,1.0,5,5,2.0,0.0,,1.0,0.0,2.0,,1.0,,1.0,0.0,3.0,5
103538,4.0,9,4,1.0,0.0,3.0,1.0,4.0,0.0,,1.0,2.0,1.0,0.0,0.0,9
103539,3.0,6,6,1.0,0.0,0.0,0.0,4.0,1.0,2.0,0.0,0.0,0.0,3.0,1.0,6
103540,2.0,8,3,,2.0,,1.0,4.0,1.0,,2.0,,,,1.0,8
103541,4.0,7,6,3.0,0.0,0.0,0.0,4.0,0.0,2.0,0.0,0.0,0.0,4.0,0.0,7
103542,1.0,1,1,,0.0,,1.0,0.0,0.0,,,,1.0,0.0,0.0,1
103543,4.0,6,7,2.0,0.0,0.0,0.0,4.0,0.0,3.0,0.0,0.0,0.0,4.0,0.0,7
103544,1.0,2,10,,0.0,,0.0,1.0,1.0,4.0,0.0,,1.0,3.0,2.0,10
103545,4.0,12,9,3.0,0.0,2.0,1.0,4.0,2.0,3.0,0.0,2.0,1.0,2.0,1.0,12
103546,4.0,6,4,2.0,0.0,,0.0,4.0,0.0,0.0,0.0,,0.0,4.0,0.0,6
103547,2.0,8,2,1.0,2.0,,1.0,4.0,0.0,,0.0,,1.0,1.0,0.0,8
103548,4.0,7,2,2.0,0.0,,1.0,4.0,0.0,,0.0,,1.0,1.0,0.0,7
103549,4.0,3,2,,0.0,,1.0,2.0,0.0,,0.0,,1.0,1.0,0.0,3
103550,3.0,10,10,3.0,2.0,,0.0,4.0,1.0,3.0,2.0,,1.0,3.0,1.0,10
103551,2.0,3,5,2.0,0.0,,1.0,0.0,0.0,2.0,0.0,2.0,1.0,0.0,0.0,5
103552,3.0,0,0,,0.0,,,,0.0,,0.0,,,,0.0,0
103553,3.0,1,1,,0.0,0.0,1.0,0.0,0.0,,0.0,0.0,1.0,0.0,0.0,1
103554,2.0,8,9,2.0,0.0,,1.0,4.0,1.0,3.0,0.0,,1.0,4.0,1.0,9
103555,3.0,5,8,0.0,0.0,,1.0,3.0,1.0,2.0,1.0,,1.0,3.0,1.0,8
103556,3.0,1,1,,0.0,0.0,0.0,1.0,0.0,,0.0,0.0,0.0,1.0,0.0,1
103557,4.0,0,0,,0.0,,0.0,0.0,0.0,,0.0,,0.0,0.0,0.0,0
103558,2.0,6,2,0.0,1.0,,1.0,4.0,0.0,,1.0,,1.0,0.0,0.0,6
103559,4.0,8,1,3.0,0.0,,1.0,4.0,0.0,,0.0,,0.0,1.0,0.0,8
103560,2.0,8,2,2.0,1.0,,1.0,4.0,0.0,,1.0,,1.0,0.0,0.0,8
103561,3.0,12,11,4.0,0.0,2.0,1.0,3.0,2.0,2.0,1.0,0.0,1.0,3.0,4.0,12
103562,2.0,8,4,2.0,0.0,,1.0,4.0,1.0,,1.0,,1.0,1.0,1.0,8
103563,1.0,13,14,3.0,1.0,,1.0,4.0,4.0,3.0,2.0,0.0,1.0,4.0,4.0,14
103564,3.0,13,9,4.0,3.0,0.0,1.0,4.0,1.0,2.0,3.0,0.0,1.0,2.0,1.0,13
103565,4.0,6,3,,1.0,2.0,1.0,1.0,1.0,,1.0,2.0,0.0,0.0,0.0,6
103566,2.0,9,1,3.0,1.0,,1.0,4.0,0.0,,0.0,,1.0,0.0,0.0,9
103567,3.0,3,3,,,,1.0,2.0,0.0,,0.0,,1.0,2.0,0.0,3
103568,3.0,6,3,1.0,0.0,1.0,1.0,3.0,0.0,,0.0,1.0,1.0,1.0,0.0,6
103569,2.0,4,3,,0.0,,1.0,3.0,0.0,,0.0,,1.0,2.0,0.0,4
103570,3.0,2,4,,0.0,,1.0,1.0,0.0,,0.0,,1.0,2.0,1.0,4
103571,4.0,3,2,,0.0,,1.0,2.0,0.0,,0.0,,1.0,1.0,0.0,3
103572,2.0,1,0,,0.0,,,,1.0,,0.0,,,,0.0,1
103573,2.0,2,0,,0.0,0.0,1.0,0.0,1.0,,0.0,0.0,0.0,0.0,0.0,2
103574,4.0,0,1,,0.0,,0.0,0.0,0.0,,0.0,,0.0,1.0,0.0,1
103575,4.0,0,0,,0.0,,0.0,0.0,0.0,,0.0,,0.0,0.0,0.0,0
103576,4.0,2,1,,0.0,,1.0,0.0,1.0,,0.0,,1.0,0.0,0.0,2
103577,4.0,11,10,2.0,2.0,2.0,1.0,4.0,0.0,2.0,2.0,2.0,0.0,3.0,1.0,11
103578,3.0,12,7,3.0,0.0,,1.0,4.0,4.0,0.0,0.0,0.0,0.0,3.0,4.0,12
103579,1.0,9,4,3.0,0.0,,1.0,3.0,2.0,,0.0,0.0,1.0,0.0,3.0,9
103580,2.0,9,2,2.0,2.0,,1.0,4.0,0.0,,1.0,,1.0,0.0,0.0,9
103581,4.0,6,4,2.0,0.0,,1.0,3.0,0.0,2.0,0.0,,0.0,2.0,0.0,6
103582,1.0,4,3,,0.0,,1.0,0.0,3.0,,0.0,,0.0,0.0,3.0,4
103583,3.0,5,6,,1.0,,1.0,3.0,0.0,2.0,2.0,,0.0,2.0,0.0,6
103584,2.0,9,7,4.0,1.0,0.0,0.0,4.0,0.0,2.0,1.0,0.0,1.0,3.0,0.0,9
103585,1.0,3,3,,1.0,,1.0,0.0,1.0,,1.0,,1.0,0.0,1.0,3
103586,4.0,6,0,1.0,0.0,,1.0,4.0,0.0,,0.0,,0.0,0.0,0.0,6
103587,4.0,8,6,3.0,0.0,,1.0,4.0,0.0,2.0,0.0,,1.0,3.0,0.0,8
103588,4.0,7,4,2.0,0.0,,1.0,4.0,0.0,1.0,0.0,,0.0,3.0,0.0,7
103589,3.0,2,8,,0.0,,1.0,1.0,0.0,1.0,2.0,0.0,1.0,4.0,0.0,8
103590,4.0,4,4,,0.0,,1.0,3.0,0.0,1.0,0.0,,0.0,3.0,0.0,4
103591,4.0,1,3,,0.0,,1.0,0.0,0.0,,0.0,,1.0,1.0,1.0,3
103592,3.0,7,7,,0.0,3.0,1.0,0.0,3.0,,0.0,3.0,1.0,0.0,3.0,7
103593,3.0,7,6,1.0,0.0,1.0,1.0,2.0,2.0,2.0,0.0,1.0,1.0,1.0,1.0,7
103594,3.0,6,4,,0.0,,1.0,2.0,3.0,,0.0,0.0,0.0,1.0,3.0,6
103595,3.0,9,8,4.0,0.0,1.0,1.0,3.0,0.0,3.0,0.0,0.0,1.0,4.0,0.0,9
103596,4.0,14,12,4.0,1.0,0.0,1.0,4.0,4.0,4.0,0.0,0.0,1.0,3.0,4.0,14
103597,4.0,2,3,,0.0,,1.0,1.0,0.0,,0.0,,1.0,2.0,0.0,3
103598,4.0,0,0,,0.0,,0.0,0.0,0.0,,0.0,,0.0,0.0,0.0,0
103599,3.0,8,7,4.0,0.0,,1.0,3.0,0.0,3.0,0.0,,1.0,3.0,0.0,8
103600,4.0,1,1,,1.0,,0.0,0.0,0.0,,1.0,,0.0,0.0,0.0,1
103601,1.0,7,5,1.0,0.0,,1.0,4.0,1.0,,0.0,,1.0,4.0,0.0,7
103602,2.0,10,6,3.0,1.0,,1.0,4.0,1.0,2.0,1.0,,1.0,1.0,1.0,10
103603,3.0,6,5,,0.0,,1.0,1.0,4.0,,0.0,,1.0,1.0,3.0,6
103604,4.0,1,1,,0.0,,1.0,0.0,0.0,,0.0,,1.0,0.0,0.0,1
103605,3.0,3,5,,0.0,1.0,0.0,2.0,0.0,,0.0,1.0,1.0,3.0,0.0,5
103606,4.0,4,3,0.0,0.0,,0.0,4.0,0.0,,0.0,,0.0,3.0,0.0,4
103607,4.0,2,6,0.0,0.0,0.0,0.0,2.0,0.0,3.0,0.0,0.0,1.0,2.0,0.0,6
103608,4.0,9,8,4.0,0.0,0.0,1.0,3.0,1.0,4.0,0.0,0.0,1.0,2.0,1.0,9
103609,3.0,4,6,1.0,0.0,,1.0,2.0,0.0,2.0,1.0,,1.0,2.0,0.0,6
103610,3.0,11,9,4.0,0.0,0.0,1.0,4.0,2.0,2.0,0.0,0.0,0.0,4.0,3.0,11
103611,4.0,6,9,2.0,0.0,0.0,0.0,4.0,0.0,3.0,1.0,0.0,1.0,4.0,0.0,9
103612,4.0,10,6,4.0,2.0,,0.0,4.0,0.0,1.0,1.0,,0.0,4.0,0.0,10
103613,4.0,5,2,0.0,0.0,,1.0,4.0,0.0,,0.0,,1.0,1.0,0.0,5
103614,4.0,11,12,3.0,3.0,1.0,1.0,3.0,0.0,3.0,3.0,1.0,1.0,4.0,0.0,12
103615,1.0,6,10,2.0,0.0,,1.0,3.0,0.0,2.0,1.0,,1.0,3.0,3.0,10
103616,1.0,4,3,,2.0,,1.0,0.0,1.0,,2.0,,0.0,0.0,1.0,4
103617,3.0,3,2,,0.0,0.0,1.0,1.0,1.0,,0.0,0.0,1.0,1.0,0.0,3
103618,3.0,2,2,,0.0,0.0,1.0,0.0,1.0,,0.0,0.0,1.0,0.0,1.0,2
103619,3.0,8,10,2.0,2.0,1.0,0.0,2.0,1.0,3.0,2.0,1.0,0.0,3.0,1.0,10
103620,3.0,6,7,,2.0,1.0,1.0,0.0,2.0,,2.0,2.0,1.0,0.0,2.0,7
103621,2.0,3,1,,0.0,,1.0,1.0,1.0,,0.0,,1.0,0.0,0.0,3
103622,4.0,9,4,3.0,0.0,,0.0,3.0,3.0,,0.0,,0.0,1.0,3.0,9
103623,3.0,7,7,3.0,0.0,,1.0,3.0,0.0,4.0,0.0,,1.0,2.0,0.0,7
103624,3.0,4,1,2.0,0.0,,1.0,0.0,1.0,,0.0,,0.0,0.0,1.0,4
103625,1.0,2,3,,0.0,,1.0,0.0,1.0,,0.0,,1.0,0.0,2.0,3
103626,1.0,1,2,,0.0,,0.0,1.0,0.0,,1.0,,0.0,1.0,0.0,2
103627,1.0,1,1,,0.0,,1.0,0.0,0.0,,,,1.0,0.0,0.0,1
103628,2.0,6,2,1.0,0.0,,1.0,4.0,0.0,,0.0,,1.0,1.0,0.0,6
103629,4.0,12,16,3.0,2.0,2.0,0.0,4.0,1.0,4.0,2.0,2.0,1.0,4.0,3.0,16
103630,2.0,7,2,,2.0,,1.0,4.0,0.0,,1.0,,1.0,0.0,0.0,7
103631,3.0,7,7,3.0,0.0,,1.0,3.0,0.0,3.0,0.0,0.0,1.0,3.0,0.0,7
103632,4.0,1,7,,0.0,,1.0,0.0,0.0,2.0,0.0,,1.0,4.0,0.0,7
103633,3.0,12,9,3.0,3.0,0.0,1.0,4.0,1.0,2.0,3.0,0.0,1.0,3.0,0.0,12
103634,1.0,2,1,,0.0,0.0,1.0,0.0,1.0,,0.0,0.0,1.0,0.0,0.0,2
103635,3.0,16,11,2.0,4.0,3.0,1.0,3.0,3.0,,3.0,3.0,1.0,4.0,0.0,16
103636,3.0,6,3,0.0,2.0,,1.0,2.0,1.0,,2.0,,1.0,0.0,0.0,6
103637,4.0,8,4,3.0,0.0,0.0,1.0,4.0,0.0,1.0,0.0,0.0,0.0,3.0,0.0,8
103638,2.0,3,4,1.0,0.0,,1.0,0.0,1.0,,,,1.0,1.0,2.0,4
103639,2.0,7,2,2.0,0.0,,1.0,4.0,0.0,,1.0,0.0,1.0,0.0,0.0,7
103640,1.0,1,2,,0.0,,1.0,0.0,0.0,,0.0,,1.0,1.0,0.0,2
103641,3.0,14,14,3.0,2.0,0.0,1.0,4.0,4.0,4.0,1.0,0.0,1.0,4.0,4.0,14
103642,3.0,6,8,,1.0,,1.0,4.0,0.0,2.0,1.0,,1.0,4.0,0.0,8
103643,2.0,10,8,3.0,2.0,,1.0,4.0,0.0,3.0,2.0,,1.0,2.0,0.0,10
103644,4.0,6,6,2.0,0.0,,1.0,3.0,0.0,2.0,1.0,,0.0,3.0,0.0,6
103645,4.0,9,4,2.0,1.0,1.0,1.0,4.0,0.0,0.0,0.0,1.0,1.0,2.0,0.0,9
103646,4.0,9,8,3.0,0.0,,1.0,4.0,1.0,2.0,1.0,,1.0,4.0,0.0,9
103647,3.0,3,4,,0.0,0.0,1.0,2.0,0.0,,0.0,0.0,1.0,3.0,0.0,4
103648,4.0,6,5,1.0,0.0,0.0,1.0,4.0,0.0,0.0,1.0,0.0,1.0,3.0,0.0,6
103649,1.0,2,2,,0.0,,1.0,0.0,1.0,,0.0,0.0,1.0,0.0,1.0,2
103650,4.0,0,0,,0.0,,0.0,0.0,0.0,,0.0,,0.0,0.0,0.0,0
103651,2.0,4,8,1.0,0.0,,1.0,2.0,0.0,3.0,0.0,,1.0,3.0,1.0,8
103652,4.0,9,4,4.0,2.0,,1.0,2.0,0.0,,1.0,,1.0,2.0,0.0,9
103653,2.0,6,6,3.0,0.0,,1.0,2.0,0.0,3.0,0.0,,0.0,3.0,0.0,6
103654,3.0,4,4,,3.0,,1.0,0.0,0.0,,3.0,,1.0,0.0,0.0,4
103655,4.0,4,6,,0.0,,1.0,3.0,0.0,1.0,0.0,,1.0,4.0,0.0,6
103656,4.0,9,6,4.0,0.0,,1.0,4.0,0.0,3.0,0.0,0.0,1.0,2.0,0.0,9
103657,1.0,3,2,,0.0,0.0,1.0,1.0,1.0,,0.0,0.0,1.0,0.0,1.0,3
103658,1.0,7,6,3.0,0.0,,1.0,3.0,0.0,2.0,0.0,0.0,1.0,3.0,0.0,7
103659,2.0,9,3,2.0,2.0,,1.0,4.0,0.0,,2.0,,1.0,0.0,0.0,9
103660,3.0,0,1,,0.0,,0.0,0.0,0.0,,0.0,,1.0,0.0,0.0,1
103661,1.0,0,9,,0.0,,0.0,0.0,0.0,3.0,1.0,,1.0,4.0,0.0,9
103662,2.0,8,2,2.0,1.0,,1.0,4.0,0.0,,1.0,,1.0,0.0,0.0,8
103663,4.0,10,8,3.0,1.0,,1.0,4.0,1.0,2.0,1.0,,1.0,2.0,2.0,10
103664,2.0,5,4,,0.0,,1.0,4.0,0.0,2.0,1.0,,1.0,0.0,0.0,5
103665,3.0,2,4,,0.0,,1.0,1.0,0.0,,0.0,,0.0,1.0,3.0,4
103666,2.0,11,15,3.0,1.0,0.0,1.0,4.0,2.0,4.0,2.0,0.0,1.0,4.0,4.0,15
103667,4.0,8,7,4.0,0.0,0.0,1.0,3.0,0.0,3.0,0.0,0.0,1.0,3.0,0.0,8
103668,2.0,8,2,2.0,0.0,,1.0,4.0,1.0,,0.0,,1.0,0.0,1.0,8
103669,3.0,1,1,,0.0,,1.0,0.0,0.0,,0.0,,1.0,0.0,0.0,1
103670,4.0,0,0,,0.0,,0.0,0.0,0.0,,0.0,,0.0,0.0,0.0,0
103671,2.0,6,4,3.0,0.0,,1.0,2.0,0.0,3.0,0.0,,1.0,0.0,0.0,6
103672,4.0,4,3,0.0,0.0,,0.0,4.0,0.0,,0.0,,0.0,3.0,0.0,4
103673,1.0,8,8,3.0,0.0,,1.0,3.0,1.0,2.0,0.0,1.0,1.0,3.0,1.0,8
103674,3.0,13,13,,3.0,4.0,1.0,1.0,4.0,,3.0,4.0,1.0,1.0,4.0,13
103675,3.0,8,3,3.0,0.0,,1.0,4.0,0.0,,0.0,,0.0,3.0,0.0,8
103676,3.0,3,2,,0.0,1.0,1.0,1.0,0.0,,,1.0,0.0,1.0,0.0,3
103677,4.0,2,1,,0.0,,1.0,0.0,1.0,,1.0,,0.0,,0.0,2
103678,4.0,1,1,,0.0,0.0,0.0,1.0,0.0,,0.0,0.0,1.0,0.0,0.0,1
103679,1.0,2,1,,1.0,,0.0,0.0,1.0,,1.0,,0.0,0.0,0.0,2
103680,4.0,5,8,1.0,0.0,,1.0,3.0,0.0,2.0,0.0,1.0,0.0,4.0,1.0,8
103681,3.0,8,9,2.0,0.0,0.0,1.0,3.0,2.0,4.0,0.0,0.0,1.0,3.0,1.0,9
103682,4.0,1,0,,0.0,,,,1.0,,0.0,,,,0.0,1
103683,1.0,3,9,,0.0,,1.0,0.0,2.0,3.0,1.0,,1.0,2.0,2.0,9
103684,1.0,2,2,,0.0,0.0,1.0,0.0,1.0,,,0.0,1.0,0.0,1.0,2
103685,4.0,11,10,4.0,2.0,,1.0,4.0,0.0,3.0,2.0,0.0,1.0,4.0,0.0,11
103686,4.0,0,1,,0.0,,0.0,0.0,0.0,,0.0,,0.0,1.0,0.0,1
103687,1.0,1,2,,0.0,,1.0,0.0,0.0,,0.0,,1.0,1.0,0.0,2
103688,3.0,3,3,2.0,0.0,,0.0,0.0,1.0,2.0,0.0,,0.0,1.0,0.0,3
103689,3.0,4,10,,1.0,0.0,1.0,1.0,1.0,4.0,2.0,0.0,1.0,2.0,1.0,10
103690,4.0,1,1,,0.0,,1.0,0.0,0.0,,0.0,,1.0,0.0,0.0,1
103691,1.0,1,0,,,,,,1.0,,0.0,,,,0.0,1
103692,2.0,8,6,3.0,,,1.0,4.0,,2.0,,,1.0,3.0,0.0,8
103693,3.0,8,9,3.0,0.0,0.0,1.0,4.0,0.0,3.0,1.0,0.0,1.0,4.0,0.0,9
103694,3.0,8,6,3.0,0.0,,1.0,4.0,0.0,2.0,0.0,,1.0,3.0,0.0,8
103695,3.0,4,0,2.0,0.0,0.0,1.0,0.0,1.0,,0.0,0.0,0.0,0.0,0.0,4
103696,2.0,10,2,4.0,1.0,,1.0,4.0,0.0,,1.0,,1.0,0.0,0.0,10
103697,3.0,8,7,,1.0,,1.0,3.0,3.0,,1.0,,1.0,3.0,2.0,8
103698,3.0,5,5,,1.0,0.0,1.0,3.0,0.0,,,0.0,1.0,4.0,,5
103699,4.0,1,2,,0.0,,1.0,0.0,0.0,,0.0,,1.0,1.0,0.0,2
103700,2.0,7,2,,2.0,,1.0,4.0,0.0,,,,1.0,0.0,1.0,7
103701,3.0,2,2,,0.0,,0.0,1.0,1.0,,0.0,,0.0,1.0,1.0,2
103702,1.0,6,5,,0.0,0.0,1.0,1.0,4.0,,0.0,0.0,0.0,1.0,4.0,6
103703,4.0,8,5,2.0,0.0,,1.0,4.0,1.0,2.0,0.0,,1.0,2.0,0.0,8
103704,3.0,2,2,,,,1.0,1.0,0.0,,1.0,,1.0,0.0,0.0,2
103705,3.0,5,4,1.0,0.0,,1.0,2.0,1.0,,0.0,,1.0,2.0,1.0,5
103706,1.0,2,2,,0.0,,1.0,0.0,1.0,,0.0,,1.0,0.0,1.0,2
103707,4.0,1,0,,0.0,0.0,1.0,0.0,0.0,,0.0,0.0,0.0,0.0,0.0,1
103708,4.0,9,9,3.0,1.0,1.0,1.0,3.0,0.0,2.0,2.0,1.0,1.0,3.0,0.0,9
103709,3.0,8,8,3.0,0.0,1.0,0.0,4.0,0.0,3.0,0.0,1.0,1.0,3.0,0.0,8
103710,4.0,6,5,1.0,0.0,,1.0,4.0,0.0,2.0,0.0,,0.0,3.0,0.0,6
103711,4.0,3,1,,0.0,,1.0,2.0,0.0,,0.0,,0.0,1.0,0.0,3
103712,3.0,0,0,,0.0,,,,0.0,,0.0,,,,0.0,0
103713,3.0,11,8,4.0,1.0,0.0,1.0,3.0,2.0,2.0,0.0,0.0,1.0,2.0,3.0,11
103714,3.0,10,13,2.0,4.0,0.0,1.0,0.0,3.0,2.0,4.0,0.0,1.0,3.0,3.0,13
103715,3.0,5,4,,0.0,,1.0,3.0,1.0,,0.0,,1.0,2.0,1.0,5
103716,4.0,14,12,2.0,1.0,2.0,1.0,4.0,4.0,1.0,1.0,3.0,0.0,3.0,4.0,14
103717,2.0,4,1,,1.0,0.0,1.0,2.0,0.0,,0.0,0.0,1.0,0.0,0.0,4
103718,1.0,1,2,,0.0,,1.0,0.0,0.0,,0.0,,1.0,0.0,1.0,2
103719,3.0,1,1,,0.0,0.0,1.0,0.0,0.0,,0.0,0.0,1.0,0.0,0.0,1
103720,2.0,9,3,2.0,2.0,,1.0,4.0,0.0,,2.0,,1.0,0.0,0.0,9
103721,1.0,13,12,3.0,1.0,0.0,1.0,4.0,4.0,3.0,1.0,0.0,1.0,3.0,4.0,13
103722,1.0,6,6,2.0,0.0,0.0,1.0,3.0,0.0,2.0,0.0,0.0,1.0,3.0,0.0,6
103723,3.0,5,7,,2.0,,1.0,0.0,2.0,,2.0,,1.0,0.0,4.0,7
103724,2.0,2,3,,0.0,,1.0,0.0,1.0,,1.0,,1.0,0.0,1.0,3
103725,1.0,7,6,3.0,0.0,,0.0,3.0,1.0,3.0,0.0,,0.0,2.0,1.0,7
103726,4.0,6,4,0.0,2.0,,1.0,3.0,0.0,0.0,1.0,0.0,0.0,3.0,0.0,6
103727,1.0,1,2,,0.0,,0.0,0.0,1.0,,0.0,,1.0,0.0,1.0,2
103728,3.0,3,2,,2.0,,1.0,0.0,0.0,,1.0,0.0,1.0,0.0,0.0,3
103729,2.0,8,1,2.0,1.0,,1.0,4.0,0.0,,1.0,,0.0,0.0,0.0,8
103730,2.0,4,5,,,2.0,1.0,0.0,1.0,,2.0,2.0,1.0,0.0,0.0,5
103731,2.0,8,3,2.0,1.0,,1.0,4.0,0.0,,1.0,,1.0,0.0,1.0,8
103732,4.0,8,5,4.0,0.0,,1.0,2.0,1.0,1.0,0.0,,1.0,2.0,1.0,8
103733,1.0,5,2,1.0,1.0,0.0,0.0,3.0,0.0,,1.0,0.0,1.0,0.0,0.0,5
103734,3.0,9,8,1.0,1.0,2.0,1.0,4.0,0.0,0.0,1.0,2.0,1.0,4.0,0.0,9
103735,4.0,10,9,4.0,0.0,2.0,1.0,3.0,0.0,3.0,0.0,2.0,1.0,3.0,0.0,10
103736,3.0,9,3,,1.0,,0.0,4.0,4.0,,0.0,,0.0,0.0,3.0,9
103737,2.0,8,2,3.0,0.0,,1.0,4.0,0.0,,1.0,,1.0,0.0,0.0,8
103738,3.0,7,8,2.0,0.0,,1.0,3.0,1.0,3.0,0.0,,1.0,3.0,1.0,8
103739,3.0,1,0,,0.0,,0.0,1.0,0.0,,0.0,,0.0,0.0,0.0,1
103740,2.0,9,11,4.0,0.0,,1.0,4.0,0.0,4.0,1.0,,1.0,4.0,1.0,11
103741,2.0,6,7,0.0,0.0,,1.0,3.0,2.0,0.0,0.0,,1.0,4.0,2.0,7
103742,4.0,5,5,0.0,0.0,0.0,1.0,3.0,1.0,,0.0,0.0,1.0,3.0,1.0,5
103743,4.0,6,5,0.0,0.0,,1.0,4.0,1.0,,,,1.0,4.0,0.0,6
103744,1.0,9,7,4.0,0.0,0.0,1.0,4.0,0.0,2.0,0.0,0.0,1.0,4.0,0.0,9
103745,2.0,9,4,2.0,1.0,,1.0,4.0,1.0,,2.0,,1.0,0.0,1.0,9
103746,2.0,8,2,2.0,1.0,,1.0,4.0,0.0,,1.0,,1.0,0.0,0.0,8
103747,3.0,2,1,,0.0,0.0,1.0,1.0,0.0,,0.0,0.0,0.0,1.0,0.0,2
103748,4.0,6,5,,2.0,,1.0,3.0,0.0,,1.0,,1.0,3.0,0.0,6
103749,3.0,11,4,4.0,0.0,,1.0,3.0,3.0,1.0,0.0,,0.0,0.0,3.0,11
103750,4.0,5,4,1.0,1.0,,1.0,2.0,0.0,,1.0,,1.0,2.0,0.0,5
103751,2.0,9,8,3.0,0.0,,1.0,4.0,1.0,3.0,0.0,0.0,1.0,3.0,1.0,9
103752,4.0,1,1,,,,0.0,1.0,,,,,0.0,1.0,,1
103753,2.0,2,12,,0.0,1.0,0.0,0.0,1.0,4.0,1.0,1.0,1.0,4.0,1.0,12
103754,2.0,0,0,,0.0,,0.0,0.0,0.0,,0.0,,0.0,0.0,0.0,0
103755,1.0,1,8,,0.0,0.0,1.0,0.0,0.0,2.0,1.0,0.0,1.0,4.0,0.0,8
103756,4.0,0,8,,0.0,,0.0,0.0,0.0,2.0,0.0,,1.0,4.0,1.0,8
103757,1.0,8,5,3.0,0.0,0.0,1.0,4.0,0.0,1.0,1.0,0.0,0.0,3.0,0.0,8
103758,4.0,3,4,,0.0,0.0,0.0,3.0,0.0,,,0.0,1.0,3.0,0.0,4
103759,3.0,6,6,,0.0,0.0,1.0,1.0,4.0,,0.0,0.0,1.0,1.0,4.0,6
103760,3.0,7,4,2.0,0.0,0.0,1.0,4.0,0.0,2.0,0.0,0.0,0.0,2.0,0.0,7
103761,3.0,5,4,0.0,0.0,,1.0,4.0,0.0,,0.0,,1.0,3.0,0.0,5
103762,2.0,8,3,1.0,2.0,,1.0,4.0,0.0,,2.0,,1.0,0.0,0.0,8
103763,3.0,9,3,2.0,0.0,,1.0,4.0,2.0,,0.0,,1.0,0.0,2.0,9
103764,4.0,3,2,,0.0,,1.0,2.0,0.0,,0.0,,1.0,1.0,0.0,3
103765,3.0,1,1,,0.0,,1.0,0.0,0.0,,0.0,,1.0,0.0,0.0,1
103766,3.0,4,0,,0.0,,1.0,3.0,0.0,,0.0,,0.0,0.0,0.0,4
103767,2.0,2,2,,0.0,0.0,1.0,1.0,0.0,,0.0,0.0,1.0,1.0,0.0,2
103768,4.0,3,1,2.0,0.0,0.0,1.0,0.0,0.0,,0.0,0.0,1.0,0.0,0.0,3
103769,4.0,2,7,,0.0,,0.0,2.0,0.0,3.0,0.0,,1.0,3.0,0.0,7
103770,1.0,6,9,3.0,0.0,,0.0,2.0,1.0,3.0,1.0,,1.0,3.0,1.0,9
103771,4.0,11,5,1.0,2.0,2.0,1.0,4.0,1.0,,2.0,2.0,0.0,0.0,1.0,11
103772,3.0,4,4,,0.0,,0.0,0.0,4.0,,0.0,,0.0,0.0,4.0,4
103773,4.0,4,7,,,,1.0,2.0,1.0,1.0,1.0,0.0,1.0,3.0,1.0,7
103774,2.0,8,6,,2.0,,1.0,4.0,1.0,,1.0,,1.0,3.0,1.0,8
103775,3.0,9,4,2.0,0.0,,1.0,3.0,3.0,,0.0,,1.0,2.0,1.0,9
103776,4.0,6,5,1.0,0.0,,1.0,4.0,0.0,2.0,0.0,,0.0,3.0,0.0,6
103777,2.0,8,3,3.0,0.0,,1.0,4.0,0.0,2.0,0.0,,1.0,0.0,0.0,8
103778,3.0,1,1,,0.0,,1.0,0.0,0.0,,0.0,,1.0,0.0,0.0,1
103779,2.0,6,1,1.0,1.0,,1.0,3.0,0.0,,1.0,,0.0,0.0,0.0,6
103780,3.0,6,4,,1.0,,1.0,3.0,1.0,,1.0,,1.0,1.0,1.0,6
103781,4.0,0,1,,,,0.0,0.0,,,,,1.0,0.0,0.0,1
103782,4.0,5,3,1.0,0.0,,1.0,3.0,0.0,0.0,0.0,,0.0,3.0,0.0,5
103783,2.0,10,10,,2.0,2.0,1.0,4.0,1.0,,2.0,2.0,1.0,3.0,2.0,10
103784,3.0,5,6,,1.0,,1.0,1.0,2.0,2.0,0.0,,1.0,1.0,2.0,6
103785,4.0,3,2,,0.0,,0.0,3.0,0.0,,,,1.0,1.0,0.0,3
103786,3.0,2,0,,1.0,0.0,,,1.0,,0.0,0.0,,,0.0,2
103787,4.0,2,0,,0.0,,0.0,2.0,0.0,,0.0,,0.0,0.0,0.0,2
103788,1.0,1,2,,0.0,,0.0,0.0,1.0,,0.0,,1.0,0.0,1.0,2
103789,3.0,12,14,4.0,1.0,1.0,1.0,3.0,2.0,4.0,1.0,1.0,1.0,4.0,3.0,14
103790,4.0,7,1,1.0,2.0,,1.0,3.0,0.0,,1.0,,0.0,0.0,0.0,7
103791,1.0,10,11,1.0,1.0,0.0,1.0,3.0,4.0,3.0,1.0,0.0,0.0,3.0,4.0,11
103792,3.0,3,3,,0.0,,1.0,2.0,0.0,,0.0,,1.0,2.0,0.0,3
103793,2.0,9,1,2.0,2.0,,1.0,4.0,0.0,,0.0,,1.0,0.0,0.0,9
103794,3.0,1,3,,,,1.0,0.0,,,2.0,,1.0,0.0,0.0,3
103795,2.0,7,3,1.0,0.0,,1.0,4.0,1.0,,0.0,,1.0,0.0,2.0,7
103796,2.0,7,5,1.0,1.0,0.0,1.0,4.0,0.0,2.0,0.0,0.0,1.0,2.0,0.0,7
103797,2.0,11,8,3.0,2.0,,1.0,4.0,1.0,2.0,2.0,,1.0,2.0,1.0,11
103798,4.0,9,7,0.0,2.0,3.0,0.0,4.0,0.0,0.0,2.0,3.0,0.0,2.0,0.0,9
103799,3.0,1,1,,0.0,,1.0,0.0,0.0,,0.0,,1.0,0.0,0.0,1
103800,4.0,3,3,,1.0,,1.0,1.0,0.0,,1.0,,1.0,1.0,0.0,3
103801,2.0,7,1,2.0,0.0,,1.0,4.0,0.0,,0.0,,1.0,0.0,0.0,7
103802,3.0,9,6,4.0,0.0,0.0,1.0,4.0,0.0,3.0,0.0,0.0,0.0,3.0,0.0,9
103803,4.0,11,10,4.0,1.0,0.0,1.0,4.0,1.0,3.0,1.0,0.0,1.0,4.0,1.0,11
103804,2.0,8,1,3.0,0.0,,1.0,4.0,0.0,,0.0,,0.0,1.0,0.0,8
103805,4.0,7,0,2.0,0.0,0.0,1.0,3.0,1.0,,0.0,0.0,0.0,0.0,0.0,7
103806,3.0,5,4,,0.0,0.0,1.0,0.0,4.0,,0.0,0.0,1.0,0.0,3.0,5
103807,2.0,8,3,3.0,0.0,,1.0,4.0,0.0,2.0,0.0,,1.0,0.0,0.0,8
103808,3.0,0,0,,0.0,,,,0.0,,0.0,0.0,,,0.0,0
103809,2.0,12,10,3.0,0.0,,1.0,4.0,4.0,3.0,0.0,,0.0,3.0,4.0,12
103810,3.0,3,3,,2.0,0.0,1.0,0.0,0.0,,2.0,0.0,1.0,0.0,0.0,3
103811,4.0,1,0,,,,0.0,1.0,0.0,,,,0.0,0.0,0.0,1
103812,4.0,5,3,,0.0,0.0,1.0,2.0,2.0,,0.0,0.0,1.0,1.0,1.0,5
103813,3.0,3,3,,1.0,1.0,1.0,0.0,0.0,,1.0,1.0,1.0,0.0,0.0,3
103814,3.0,10,9,4.0,0.0,0.0,1.0,4.0,1.0,3.0,0.0,0.0,1.0,4.0,1.0,10
103815,3.0,2,2,,0.0,,1.0,1.0,0.0,,0.0,,1.0,1.0,0.0,2
103816,1.0,8,3,4.0,0.0,0.0,1.0,1.0,2.0,1.0,0.0,0.0,0.0,0.0,2.0,8
103817,4.0,7,7,2.0,0.0,0.0,1.0,3.0,1.0,3.0,1.0,0.0,0.0,3.0,0.0,7
103818,4.0,9,8,3.0,1.0,,1.0,4.0,0.0,4.0,1.0,,1.0,2.0,0.0,9
103819,4.0,1,2,,0.0,,1.0,0.0,0.0,,0.0,,1.0,1.0,0.0,2
103820,3.0,2,2,,0.0,0.0,0.0,0.0,2.0,,,0.0,0.0,0.0,2.0,2
103821,3.0,5,6,0.0,0.0,,1.0,4.0,0.0,0.0,1.0,,1.0,4.0,0.0,6
103822,3.0,8,9,,3.0,1.0,1.0,0.0,3.0,,3.0,1.0,1.0,0.0,4.0,9
103823,3.0,4,0,2.0,0.0,,0.0,1.0,1.0,,0.0,,0.0,0.0,0.0,4
103824,3.0,5,3,2.0,0.0,0.0,1.0,1.0,1.0,2.0,0.0,0.0,0.0,1.0,0.0,5
103825,3.0,10,9,,2.0,4.0,1.0,0.0,3.0,,2.0,4.0,1.0,0.0,2.0,10
103826,4.0,7,5,2.0,0.0,,0.0,4.0,1.0,2.0,0.0,,0.0,2.0,1.0,7
103827,3.0,5,7,0.0,0.0,,1.0,4.0,0.0,3.0,0.0,,1.0,2.0,1.0,7
103828,3.0,0,5,,,,,,,2.0,0.0,0.0,0.0,3.0,0.0,5
103829,1.0,1,1,,0.0,,0.0,0.0,1.0,,0.0,0.0,1.0,0.0,0.0,1
103830,4.0,1,0,,0.0,,1.0,0.0,0.0,,0.0,,0.0,0.0,0.0,1
103831,2.0,9,4,3.0,0.0,,1.0,4.0,1.0,3.0,0.0,,0.0,0.0,1.0,9
103832,3.0,4,4,,0.0,,0.0,0.0,4.0,,,,0.0,0.0,4.0,4
103833,2.0,1,0,,0.0,,0.0,0.0,1.0,,0.0,,0.0,0.0,0.0,1
103834,3.0,8,5,0.0,2.0,1.0,0.0,3.0,2.0,,,1.0,1.0,3.0,0.0,8
103835,2.0,8,4,2.0,1.0,,1.0,4.0,0.0,,2.0,,1.0,1.0,0.0,8
103836,3.0,4,9,,1.0,,1.0,2.0,0.0,4.0,0.0,,1.0,3.0,1.0,9
103837,3.0,3,2,,0.0,,1.0,0.0,2.0,,0.0,,1.0,0.0,1.0,3
103838,4.0,0,0,,,,0.0,0.0,,,,,,,,0
103839,2.0,3,2,3.0,0.0,,0.0,0.0,0.0,,0.0,,1.0,1.0,0.0,3
103840,4.0,5,6,2.0,0.0,,0.0,3.0,0.0,2.0,0.0,,1.0,3.0,0.0,6
103841,3.0,4,4,,0.0,0.0,1.0,0.0,3.0,,0.0,0.0,1.0,0.0,3.0,4
103842,1.0,2,2,,0.0,0.0,1.0,0.0,1.0,,0.0,0.0,1.0,0.0,1.0,2
103843,4.0,1,1,,0.0,,1.0,0.0,0.0,,0.0,,1.0,0.0,0.0,1
103844,4.0,3,2,,2.0,,1.0,0.0,0.0,,1.0,,1.0,0.0,0.0,3
103845,4.0,7,5,3.0,0.0,,1.0,3.0,0.0,2.0,0.0,,1.0,2.0,0.0,7
103846,4.0,5,8,1.0,,,0.0,4.0,0.0,3.0,,,1.0,4.0,0.0,8
103847,4.0,2,0,,0.0,0.0,1.0,1.0,0.0,,0.0,0.0,0.0,0.0,0.0,2
103848,4.0,2,1,,0.0,,1.0,1.0,0.0,,0.0,,0.0,1.0,0.0,2
103849,4.0,4,4,,,,1.0,3.0,0.0,,,,1.0,2.0,1.0,4
103850,2.0,6,6,,1.0,,1.0,4.0,0.0,,1.0,0.0,1.0,4.0,0.0,6
103851,4.0,4,3,,2.0,0.0,1.0,1.0,0.0,,2.0,0.0,1.0,0.0,0.0,4
103852,4.0,4,6,2.0,0.0,,1.0,1.0,0.0,2.0,0.0,,1.0,3.0,0.0,6
103853,3.0,0,0,,0.0,,,,0.0,,0.0,,,,0.0,0
103854,3.0,11,9,4.0,1.0,0.0,1.0,2.0,3.0,3.0,1.0,0.0,1.0,2.0,2.0,11
103855,2.0,7,2,2.0,0.0,,1.0,4.0,0.0,,0.0,,1.0,1.0,0.0,7
103856,4.0,5,6,1.0,1.0,,1.0,2.0,0.0,2.0,1.0,,1.0,2.0,0.0,6
103857,4.0,8,1,3.0,0.0,,1.0,4.0,0.0,,,,1.0,0.0,0.0,8
103858,3.0,7,8,2.0,0.0,0.0,0.0,4.0,1.0,4.0,0.0,0.0,1.0,3.0,0.0,8
103859,4.0,4,7,,1.0,,1.0,2.0,0.0,2.0,1.0,,1.0,3.0,0.0,7
103860,3.0,17,17,2.0,3.0,4.0,1.0,3.0,4.0,3.0,2.0,4.0,1.0,3.0,4.0,17
103861,3.0,2,0,,0.0,0.0,1.0,0.0,1.0,,0.0,0.0,0.0,0.0,0.0,2
103862,3.0,7,3,3.0,0.0,,0.0,4.0,0.0,1.0,0.0,,0.0,2.0,0.0,7
103863,3.0,6,9,4.0,0.0,,1.0,1.0,0.0,4.0,0.0,0.0,1.0,4.0,0.0,9
103864,3.0,3,1,,0.0,0.0,1.0,1.0,1.0,,0.0,0.0,1.0,0.0,0.0,3
103865,3.0,4,2,,,,1.0,3.0,0.0,,,,1.0,1.0,0.0,4
103866,1.0,1,1,,0.0,,1.0,0.0,0.0,,0.0,,1.0,0.0,0.0,1
103867,1.0,4,10,,0.0,0.0,1.0,0.0,3.0,3.0,0.0,0.0,1.0,4.0,2.0,10
103868,3.0,13,13,1.0,3.0,4.0,1.0,3.0,1.0,0.0,4.0,4.0,1.0,3.0,1.0,13
103869,2.0,9,3,2.0,2.0,,1.0,4.0,0.0,,2.0,,1.0,0.0,0.0,9
103870,1.0,12,10,2.0,1.0,0.0,1.0,4.0,4.0,1.0,0.0,0.0,1.0,4.0,4.0,12
103871,3.0,15,16,3.0,3.0,2.0,1.0,3.0,3.0,3.0,2.0,3.0,1.0,3.0,4.0,16
103872,3.0,2,2,,0.0,0.0,1.0,1.0,0.0,,0.0,0.0,1.0,1.0,0.0,2
103873,4.0,3,4,0.0,0.0,,0.0,3.0,0.0,1.0,0.0,,0.0,3.0,0.0,4
103874,2.0,8,3,2.0,1.0,,1.0,4.0,0.0,,1.0,,1.0,1.0,0.0,8
103875,2.0,7,6,2.0,0.0,0.0,1.0,4.0,0.0,1.0,1.0,0.0,1.0,2.0,1.0,7
103876,3.0,10,8,3.0,0.0,0.0,1.0,3.0,3.0,2.0,0.0,0.0,0.0,3.0,3.0,10
103877,2.0,10,2,4.0,1.0,,1.0,4.0,0.0,,1.0,,1.0,0.0,0.0,10
103878,1.0,10,10,3.0,0.0,0.0,1.0,4.0,2.0,3.0,0.0,0.0,1.0,3.0,3.0,10
103879,4.0,2,5,,0.0,,0.0,2.0,0.0,1.0,0.0,,0.0,4.0,0.0,5
103880,1.0,1,1,,0.0,,1.0,0.0,0.0,,0.0,,1.0,0.0,0.0,1
103881,1.0,8,6,3.0,0.0,1.0,0.0,3.0,1.0,2.0,0.0,1.0,0.0,3.0,0.0,8
103882,4.0,8,7,2.0,0.0,1.0,1.0,3.0,1.0,2.0,1.0,1.0,0.0,2.0,1.0,8
103883,1.0,1,1,,0.0,,1.0,0.0,0.0,,0.0,,1.0,0.0,0.0,1
103884,4.0,9,5,4.0,0.0,,1.0,4.0,0.0,2.0,0.0,,0.0,3.0,0.0,9
103885,4.0,5,2,1.0,0.0,,1.0,3.0,0.0,,0.0,,0.0,2.0,0.0,5
103886,1.0,5,8,2.0,0.0,2.0,1.0,0.0,0.0,2.0,1.0,2.0,1.0,1.0,1.0,8
103887,2.0,8,10,2.0,1.0,,1.0,2.0,2.0,3.0,1.0,0.0,1.0,3.0,2.0,10
103888,4.0,2,2,,0.0,,1.0,0.0,1.0,,0.0,,1.0,0.0,1.0,2
103889,3.0,5,3,1.0,,,0.0,4.0,0.0,,,,0.0,3.0,0.0,5
103890,3.0,7,6,4.0,0.0,0.0,0.0,3.0,0.0,3.0,0.0,0.0,0.0,3.0,0.0,7
103891,4.0,11,9,1.0,1.0,3.0,1.0,4.0,1.0,1.0,2.0,3.0,0.0,2.0,1.0,11
103892,2.0,6,1,1.0,0.0,,1.0,4.0,0.0,,0.0,,1.0,0.0,0.0,6
103893,2.0,7,1,2.0,0.0,,1.0,4.0,0.0,,0.0,,1.0,0.0,0.0,7
103894,3.0,7,7,4.0,0.0,0.0,0.0,3.0,0.0,3.0,0.0,0.0,1.0,3.0,0.0,7
103895,4.0,4,4,0.0,0.0,0.0,1.0,3.0,0.0,,0.0,0.0,1.0,3.0,0.0,4
103896,3.0,8,8,3.0,0.0,,0.0,3.0,2.0,3.0,0.0,0.0,0.0,3.0,2.0,8
103897,1.0,2,3,,0.0,0.0,1.0,0.0,1.0,,0.0,0.0,1.0,0.0,2.0,3
103898,3.0,5,4,,0.0,0.0,1.0,4.0,0.0,,0.0,0.0,0.0,4.0,0.0,5
103899,3.0,4,5,,2.0,0.0,1.0,1.0,0.0,,3.0,0.0,1.0,1.0,0.0,5
103900,2.0,10,3,3.0,2.0,,1.0,4.0,0.0,,1.0,,1.0,0.0,1.0,10
103901,2.0,6,2,1.0,0.0,,1.0,4.0,0.0,,0.0,,1.0,1.0,0.0,6
103902,1.0,11,10,4.0,0.0,1.0,1.0,3.0,2.0,2.0,0.0,1.0,1.0,3.0,3.0,11
103903,3.0,5,1,2.0,0.0,0.0,0.0,3.0,0.0,,0.0,0.0,0.0,1.0,0.0,5
103904,3.0,7,6,4.0,0.0,0.0,0.0,3.0,0.0,3.0,0.0,0.0,0.0,3.0,0.0,7
103905,2.0,6,6,0.0,1.0,,1.0,4.0,0.0,2.0,1.0,,1.0,2.0,0.0,6
103906,3.0,5,10,2.0,0.0,,0.0,3.0,0.0,3.0,0.0,,1.0,3.0,3.0,10
103907,3.0,5,5,2.0,0.0,,0.0,3.0,0.0,2.0,0.0,,0.0,3.0,0.0,5
103908,2.0,12,11,4.0,3.0,,1.0,4.0,0.0,4.0,2.0,,1.0,4.0,0.0,12
103909,4.0,6,4,2.0,1.0,,0.0,3.0,0.0,,2.0,,0.0,2.0,0.0,6
103910,3.0,14,12,,2.0,4.0,1.0,4.0,3.0,,2.0,4.0,0.0,4.0,2.0,14
103911,1.0,2,2,,0.0,0.0,1.0,1.0,0.0,,0.0,0.0,1.0,1.0,0.0,2
103912,4.0,4,3,,0.0,,0.0,4.0,0.0,,0.0,,0.0,3.0,0.0,4
103913,3.0,6,3,1.0,0.0,0.0,1.0,4.0,0.0,,0.0,0.0,0.0,3.0,0.0,6
103914,1.0,7,6,,1.0,,1.0,2.0,3.0,,1.0,,1.0,2.0,2.0,7
103915,3.0,0,0,,0.0,,0.0,0.0,0.0,,0.0,,0.0,0.0,0.0,0
103916,3.0,10,10,2.0,2.0,,1.0,3.0,2.0,2.0,2.0,,1.0,3.0,2.0,10
103917,3.0,3,2,,1.0,,1.0,0.0,1.0,,1.0,1.0,0.0,0.0,0.0,3
103918,1.0,3,2,,1.0,,1.0,1.0,0.0,,1.0,,1.0,0.0,0.0,3
103919,3.0,10,6,4.0,1.0,0.0,1.0,3.0,1.0,,1.0,0.0,0.0,4.0,1.0,10
103920,3.0,9,11,,2.0,3.0,1.0,1.0,2.0,,3.0,4.0,1.0,1.0,2.0,11
103921,2.0,0,1,,0.0,,0.0,0.0,0.0,,0.0,,1.0,0.0,0.0,1
103922,3.0,5,3,1.0,0.0,,1.0,3.0,0.0,,0.0,,1.0,2.0,0.0,5
103923,3.0,9,13,3.0,2.0,0.0,0.0,3.0,1.0,3.0,3.0,0.0,1.0,4.0,2.0,13
103924,4.0,3,5,,1.0,,1.0,1.0,0.0,2.0,1.0,,1.0,1.0,0.0,5
103925,4.0,7,7,2.0,0.0,0.0,1.0,4.0,0.0,2.0,0.0,0.0,1.0,4.0,0.0,7
103926,4.0,4,4,,1.0,3.0,0.0,0.0,0.0,,1.0,2.0,1.0,0.0,0.0,4
103927,4.0,1,2,,0.0,,1.0,0.0,0.0,,0.0,,1.0,1.0,0.0,2
103928,2.0,8,2,3.0,0.0,,1.0,4.0,0.0,,0.0,0.0,1.0,0.0,1.0,8
103929,3.0,6,5,,1.0,,1.0,1.0,3.0,,2.0,,1.0,2.0,0.0,6
103930,3.0,8,8,,0.0,,1.0,3.0,4.0,,0.0,0.0,1.0,3.0,4.0,8
103931,4.0,2,1,,0.0,,1.0,1.0,0.0,,,,1.0,0.0,0.0,2
103932,4.0,9,9,3.0,1.0,0.0,1.0,3.0,1.0,3.0,1.0,0.0,0.0,2.0,3.0,9
103933,4.0,1,2,,0.0,,0.0,1.0,0.0,,0.0,,1.0,1.0,0.0,2
103934,3.0,6,7,,1.0,,1.0,0.0,4.0,,2.0,,1.0,0.0,4.0,7
103935,4.0,11,12,3.0,1.0,2.0,1.0,4.0,0.0,3.0,2.0,2.0,1.0,4.0,0.0,12
103936,3.0,4,4,,2.0,2.0,,,0.0,,2.0,2.0,,,0.0,4
103937,3.0,5,5,,2.0,2.0,1.0,0.0,0.0,,2.0,2.0,1.0,0.0,0.0,5
103938,4.0,9,9,4.0,0.0,,1.0,3.0,1.0,4.0,0.0,,1.0,3.0,1.0,9
103939,3.0,2,2,,0.0,,1.0,1.0,0.0,,0.0,,1.0,1.0,0.0,2
103940,3.0,7,7,,0.0,,1.0,2.0,4.0,,0.0,,1.0,2.0,4.0,7
103941,4.0,12,7,3.0,2.0,3.0,1.0,3.0,0.0,,2.0,2.0,0.0,2.0,1.0,12
103942,3.0,4,3,,0.0,,1.0,3.0,0.0,0.0,0.0,,0.0,3.0,0.0,4
103943,3.0,3,1,,1.0,0.0,1.0,1.0,0.0,,,0.0,0.0,1.0,0.0,3
103944,4.0,1,0,,0.0,,1.0,0.0,0.0,,0.0,,0.0,0.0,0.0,1
103945,4.0,5,5,2.0,0.0,,0.0,3.0,0.0,2.0,0.0,,0.0,3.0,0.0,5
103946,3.0,7,8,3.0,0.0,0.0,1.0,3.0,0.0,3.0,0.0,0.0,1.0,4.0,0.0,8
103947,2.0,6,2,,1.0,,1.0,4.0,0.0,,1.0,,1.0,0.0,0.0,6
103948,4.0,9,7,4.0,1.0,,1.0,3.0,0.0,4.0,1.0,,1.0,1.0,0.0,9
103949,1.0,1,3,,0.0,0.0,1.0,0.0,0.0,,1.0,0.0,1.0,0.0,1.0,3
103950,4.0,8,5,4.0,0.0,,1.0,3.0,0.0,3.0,0.0,,0.0,2.0,0.0,8
103951,3.0,0,0,,0.0,0.0,0.0,0.0,0.0,,0.0,0.0,0.0,0.0,0.0,0
103952,3.0,0,0,,,,,,,,,,,,,0
103953,1.0,4,6,,0.0,2.0,0.0,0.0,2.0,,1.0,2.0,1.0,0.0,2.0,6
103954,3.0,7,9,,0.0,3.0,1.0,1.0,2.0,2.0,0.0,3.0,1.0,0.0,3.0,9
103955,4.0,6,7,2.0,,,1.0,3.0,0.0,3.0,1.0,,1.0,2.0,0.0,7
103956,2.0,8,8,3.0,0.0,0.0,1.0,4.0,0.0,4.0,0.0,0.0,1.0,2.0,1.0,8
103957,3.0,8,7,,3.0,4.0,1.0,0.0,0.0,,2.0,4.0,1.0,0.0,0.0,8
103958,3.0,7,7,2.0,1.0,0.0,1.0,1.0,2.0,2.0,1.0,0.0,1.0,1.0,2.0,7
103959,3.0,7,5,3.0,1.0,,0.0,2.0,1.0,,1.0,,1.0,2.0,1.0,7
103960,3.0,8,5,3.0,0.0,,1.0,4.0,0.0,2.0,0.0,,1.0,2.0,0.0,8
103961,1.0,12,10,4.0,2.0,0.0,1.0,4.0,1.0,2.0,2.0,0.0,1.0,4.0,1.0,12
103962,3.0,3,2,,0.0,2.0,1.0,0.0,0.0,,0.0,0.0,1.0,1.0,0.0,3
103963,4.0,5,3,1.0,0.0,,1.0,3.0,0.0,,0.0,,0.0,3.0,0.0,5
103964,3.0,5,1,,0.0,,1.0,4.0,0.0,,,,1.0,0.0,,5
103965,3.0,11,6,2.0,3.0,0.0,0.0,3.0,3.0,,2.0,0.0,0.0,3.0,1.0,11
103966,3.0,5,5,,0.0,0.0,1.0,4.0,0.0,,0.0,0.0,1.0,4.0,0.0,5
103967,2.0,8,1,2.0,0.0,,1.0,4.0,1.0,,0.0,,1.0,0.0,0.0,8
103968,4.0,2,1,,0.0,0.0,1.0,1.0,0.0,,0.0,0.0,1.0,0.0,0.0,2
103969,1.0,3,2,,0.0,,0.0,0.0,3.0,,0.0,,1.0,1.0,0.0,3
103970,2.0,0,7,,,,,,,2.0,,,1.0,4.0,,7
103971,3.0,3,1,,,,1.0,2.0,0.0,,,,0.0,1.0,0.0,3
103972,3.0,3,4,,2.0,,1.0,0.0,0.0,2.0,1.0,,1.0,0.0,0.0,4
103973,2.0,10,2,2.0,3.0,,1.0,4.0,0.0,,1.0,,1.0,0.0,0.0,10
103974,3.0,6,4,2.0,1.0,0.0,0.0,3.0,0.0,1.0,0.0,0.0,0.0,3.0,0.0,6
103975,3.0,2,3,,1.0,0.0,1.0,0.0,0.0,,2.0,0.0,0.0,1.0,0.0,3
103976,4.0,1,7,,0.0,,0.0,1.0,0.0,2.0,0.0,,1.0,4.0,0.0,7
103977,3.0,6,0,1.0,0.0,,1.0,4.0,0.0,,0.0,,0.0,0.0,0.0,6
103978,4.0,3,3,,0.0,1.0,1.0,1.0,0.0,,0.0,1.0,0.0,2.0,0.0,3
103979,1.0,0,0,,0.0,,0.0,0.0,0.0,,,,0.0,0.0,0.0,0
103980,4.0,7,4,1.0,0.0,,1.0,4.0,1.0,0.0,0.0,,1.0,2.0,1.0,7
103981,2.0,9,10,2.0,1.0,,1.0,4.0,1.0,4.0,1.0,,1.0,3.0,1.0,10
103982,4.0,8,5,1.0,2.0,,1.0,3.0,1.0,,2.0,,1.0,1.0,1.0,8
103983,3.0,10,7,2.0,2.0,1.0,1.0,4.0,0.0,2.0,1.0,0.0,1.0,3.0,0.0,10
103984,3.0,9,2,4.0,0.0,,1.0,4.0,0.0,,0.0,,1.0,1.0,0.0,9
103985,3.0,1,1,,0.0,,1.0,0.0,0.0,,0.0,,1.0,0.0,0.0,1
103986,3.0,2,3,,0.0,,1.0,0.0,1.0,,,,1.0,1.0,1.0,3
103987,4.0,14,12,4.0,3.0,1.0,1.0,4.0,1.0,1.0,2.0,2.0,1.0,4.0,2.0,14
103988,4.0,1,1,,0.0,,0.0,1.0,0.0,,0.0,,1.0,0.0,0.0,1
103989,3.0,4,3,,0.0,0.0,1.0,2.0,1.0,,0.0,0.0,1.0,2.0,0.0,4
103990,3.0,8,8,2.0,0.0,,1.0,4.0,1.0,3.0,0.0,,1.0,3.0,1.0,8
103991,3.0,1,1,,0.0,,,,1.0,,0.0,,,,1.0,1
103992,1.0,7,8,1.0,0.0,,1.0,4.0,1.0,2.0,0.0,,1.0,4.0,1.0,8
103993,3.0,1,0,,0.0,,1.0,0.0,0.0,,,,0.0,0.0,0.0,1
103994,4.0,4,1,,1.0,2.0,1.0,0.0,0.0,,1.0,0.0,0.0,0.0,0.0,4
103995,4.0,6,7,2.0,1.0,,1.0,2.0,0.0,2.0,2.0,,1.0,2.0,0.0,7
103996,3.0,7,7,3.0,0.0,0.0,1.0,3.0,0.0,3.0,0.0,0.0,1.0,3.0,0.0,7
103997,4.0,9,6,1.0,1.0,2.0,1.0,3.0,1.0,4.0,0.0,2.0,0.0,0.0,0.0,9
103998,2.0,9,4,3.0,0.0,0.0,1.0,4.0,1.0,2.0,0.0,0.0,0.0,2.0,0.0,9
103999,4.0,5,6,1.0,0.0,,0.0,4.0,0.0,1.0,1.0,,1.0,3.0,0.0,6
104000,1.0,1,3,,0.0,,1.0,0.0,0.0,,0.0,1.0,1.0,1.0,0.0,3
104001,3.0,1,2,,0.0,0.0,1.0,0.0,0.0,,1.0,0.0,1.0,0.0,0.0,2
104002,1.0,1,3,,1.0,,0.0,0.0,0.0,,1.0,,0.0,2.0,0.0,3
104003,2.0,8,2,2.0,1.0,,1.0,4.0,0.0,,1.0,,1.0,0.0,0.0,8
104004,1.0,10,13,3.0,0.0,,1.0,2.0,4.0,4.0,0.0,,1.0,4.0,4.0,13
104005,3.0,10,6,3.0,0.0,1.0,1.0,3.0,2.0,1.0,0.0,0.0,1.0,2.0,2.0,10
104006,4.0,5,0,2.0,0.0,,0.0,3.0,0.0,,0.0,,0.0,0.0,0.0,5
104007,4.0,4,6,1.0,1.0,,0.0,2.0,0.0,2.0,1.0,,1.0,2.0,0.0,6
104008,3.0,7,8,1.0,0.0,,1.0,4.0,1.0,2.0,0.0,0.0,1.0,4.0,1.0,8
104009,3.0,6,5,,0.0,1.0,1.0,4.0,0.0,,1.0,0.0,1.0,3.0,0.0,6
104010,3.0,7,3,2.0,0.0,0.0,1.0,4.0,0.0,,0.0,0.0,1.0,2.0,0.0,7
104011,4.0,6,6,3.0,0.0,,1.0,2.0,0.0,3.0,0.0,,1.0,2.0,0.0,6
104012,4.0,5,4,,0.0,,0.0,4.0,1.0,,0.0,,1.0,2.0,1.0,5
104013,2.0,8,1,2.0,1.0,,1.0,4.0,0.0,,0.0,,1.0,0.0,0.0,8
104014,2.0,5,2,,0.0,,1.0,4.0,0.0,,0.0,,1.0,1.0,0.0,5
104015,4.0,7,5,1.0,0.0,,1.0,4.0,1.0,,0.0,,0.0,4.0,1.0,7
104016,2.0,6,2,2.0,1.0,,1.0,2.0,0.0,,1.0,,1.0,0.0,0.0,6
104017,3.0,10,8,2.0,2.0,1.0,1.0,4.0,0.0,2.0,2.0,1.0,0.0,3.0,0.0,10
104018,4.0,2,2,,0.0,,1.0,0.0,1.0,,0.0,,1.0,0.0,1.0,2
104019,3.0,0,2,,,,0.0,0.0,,,1.0,0.0,0.0,0.0,1.0,2
104020,4.0,7,7,2.0,1.0,,0.0,4.0,0.0,2.0,1.0,,0.0,4.0,0.0,7
104021,4.0,10,12,4.0,1.0,,1.0,4.0,0.0,4.0,2.0,,1.0,4.0,1.0,12
104022,1.0,5,5,2.0,0.0,0.0,1.0,2.0,0.0,2.0,0.0,0.0,1.0,2.0,0.0,5
104023,2.0,0,6,,0.0,0.0,0.0,0.0,0.0,,2.0,0.0,1.0,3.0,0.0,6
104024,2.0,4,3,2.0,0.0,,1.0,1.0,0.0,2.0,0.0,,0.0,1.0,0.0,4
104025,1.0,6,5,1.0,0.0,0.0,1.0,4.0,0.0,2.0,0.0,0.0,0.0,3.0,0.0,6
104026,2.0,9,0,4.0,0.0,,1.0,4.0,0.0,,0.0,,0.0,0.0,0.0,9
104027,4.0,4,2,,1.0,,1.0,2.0,0.0,,1.0,,0.0,1.0,0.0,4
104028,2.0,4,4,,0.0,3.0,1.0,0.0,0.0,,0.0,3.0,1.0,0.0,0.0,4
104029,3.0,7,5,,2.0,0.0,1.0,1.0,3.0,0.0,2.0,0.0,1.0,0.0,2.0,7
104030,3.0,9,8,1.0,0.0,,1.0,4.0,3.0,1.0,0.0,,1.0,4.0,2.0,9
104031,3.0,3,3,,0.0,,1.0,2.0,0.0,,0.0,,1.0,2.0,0.0,3
104032,4.0,13,13,3.0,2.0,2.0,1.0,4.0,1.0,3.0,2.0,2.0,1.0,3.0,2.0,13
104033,4.0,7,4,3.0,0.0,,1.0,3.0,0.0,1.0,0.0,,0.0,3.0,0.0,7
104034,4.0,1,1,,0.0,,1.0,0.0,0.0,,0.0,,1.0,0.0,0.0,1
104035,4.0,7,3,2.0,0.0,,1.0,4.0,0.0,0.0,0.0,,0.0,3.0,0.0,7
104036,3.0,5,3,,1.0,0.0,1.0,2.0,1.0,,0.0,0.0,1.0,2.0,0.0,5
104037,1.0,0,0,,0.0,,,,0.0,,0.0,,,,0.0,0
104038,3.0,3,2,,1.0,,0.0,2.0,0.0,,1.0,0.0,1.0,0.0,0.0,3
104039,2.0,5,1,0.0,0.0,,1.0,4.0,0.0,,,,1.0,0.0,0.0,5
104040,4.0,5,5,2.0,0.0,,0.0,3.0,0.0,2.0,0.0,,0.0,3.0,0.0,5
104041,2.0,5,1,0.0,0.0,,1.0,4.0,0.0,,0.0,,1.0,0.0,0.0,5
104042,3.0,7,8,1.0,1.0,,1.0,4.0,0.0,2.0,2.0,,1.0,3.0,0.0,8
104043,1.0,5,5,0.0,0.0,0.0,0.0,4.0,1.0,,0.0,0.0,1.0,4.0,0.0,5
104044,4.0,10,8,4.0,1.0,0.0,1.0,4.0,0.0,3.0,1.0,0.0,1.0,3.0,0.0,10
104045,3.0,2,2,,0.0,,1.0,1.0,0.0,,0.0,0.0,1.0,1.0,0.0,2
104046,4.0,2,3,,0.0,0.0,0.0,2.0,0.0,,0.0,0.0,0.0,3.0,0.0,3
104047,2.0,6,3,2.0,0.0,,1.0,3.0,0.0,,0.0,,1.0,2.0,0.0,6
104048,2.0,7,1,2.0,1.0,,1.0,3.0,0.0,,0.0,,1.0,0.0,0.0,7
104049,4.0,1,1,,0.0,,0.0,1.0,0.0,,0.0,,1.0,0.0,0.0,1
104050,2.0,9,8,4.0,0.0,0.0,1.0,4.0,0.0,3.0,2.0,0.0,1.0,2.0,0.0,9
104051,3.0,1,1,,0.0,,1.0,0.0,0.0,,0.0,,1.0,0.0,0.0,1
104052,2.0,5,4,,0.0,,1.0,4.0,0.0,,0.0,,0.0,4.0,0.0,5
104053,4.0,3,1,,0.0,,1.0,2.0,0.0,,,,0.0,1.0,,3
104054,2.0,5,1,,0.0,,1.0,4.0,0.0,,0.0,,1.0,0.0,0.0,5
104055,4.0,4,8,0.0,1.0,,1.0,2.0,0.0,2.0,3.0,,1.0,2.0,0.0,8
104056,1.0,10,11,4.0,0.0,1.0,1.0,3.0,1.0,4.0,1.0,1.0,1.0,4.0,0.0,11
104057,2.0,12,13,4.0,2.0,0.0,1.0,4.0,1.0,4.0,2.0,1.0,1.0,4.0,1.0,13
104058,1.0,1,2,,0.0,0.0,1.0,0.0,0.0,,0.0,1.0,1.0,0.0,0.0,2
104059,1.0,1,1,,0.0,,1.0,0.0,0.0,,0.0,,1.0,0.0,0.0,1
104060,4.0,1,2,,0.0,,0.0,1.0,0.0,,1.0,,0.0,1.0,0.0,2
104061,3.0,9,5,4.0,0.0,0.0,1.0,4.0,0.0,3.0,0.0,0.0,0.0,2.0,0.0,9
104062,3.0,9,8,,1.0,4.0,1.0,0.0,3.0,,1.0,4.0,1.0,0.0,2.0,9
104063,4.0,12,12,4.0,1.0,,1.0,2.0,4.0,3.0,1.0,1.0,1.0,2.0,4.0,12
104064,4.0,5,4,1.0,0.0,,1.0,3.0,0.0,1.0,0.0,,0.0,3.0,0.0,5
104065,3.0,1,1,,0.0,,1.0,0.0,0.0,,0.0,,1.0,0.0,0.0,1
104066,1.0,2,1,,0.0,,1.0,0.0,1.0,,0.0,,0.0,0.0,1.0,2
104067,2.0,10,5,3.0,1.0,0.0,1.0,3.0,2.0,,1.0,0.0,1.0,0.0,3.0,10
104068,4.0,6,4,2.0,,,1.0,2.0,1.0,,1.0,,1.0,2.0,0.0,6
104069,1.0,2,2,,0.0,,1.0,0.0,1.0,,0.0,,1.0,0.0,1.0,2
104070,3.0,3,4,,1.0,,1.0,0.0,1.0,,2.0,,1.0,0.0,1.0,4
104071,3.0,1,1,,0.0,0.0,1.0,0.0,0.0,,0.0,0.0,1.0,0.0,0.0,1
104072,1.0,3,2,,0.0,,1.0,1.0,1.0,,0.0,,1.0,0.0,1.0,3
104073,2.0,9,3,2.0,1.0,,1.0,4.0,1.0,,0.0,,1.0,1.0,1.0,9
104074,3.0,2,6,,0.0,,0.0,2.0,0.0,2.0,0.0,,1.0,3.0,0.0,6
104075,1.0,0,0,,0.0,,0.0,0.0,0.0,,0.0,,0.0,0.0,0.0,0
104076,4.0,6,3,2.0,0.0,,1.0,3.0,0.0,2.0,0.0,,1.0,0.0,0.0,6
104077,4.0,1,1,,0.0,,0.0,1.0,0.0,,0.0,,0.0,1.0,0.0,1
104078,2.0,8,1,2.0,1.0,,1.0,4.0,0.0,,0.0,,1.0,0.0,0.0,8
104079,3.0,14,10,4.0,1.0,0.0,1.0,4.0,4.0,2.0,1.0,0.0,1.0,2.0,4.0,14
104080,2.0,10,3,3.0,1.0,1.0,1.0,4.0,0.0,,1.0,1.0,1.0,0.0,0.0,10
104081,3.0,4,4,,1.0,,1.0,1.0,1.0,,1.0,,1.0,2.0,0.0,4
104082,2.0,0,1,,0.0,,0.0,0.0,0.0,,0.0,,1.0,0.0,0.0,1
104083,4.0,0,7,,0.0,,0.0,0.0,0.0,3.0,0.0,,1.0,3.0,0.0,7
104084,2.0,4,6,,1.0,,1.0,2.0,0.0,,1.0,,1.0,4.0,0.0,6
104085,4.0,1,10,,0.0,,0.0,1.0,0.0,4.0,2.0,,0.0,4.0,0.0,10
104086,3.0,0,0,,0.0,0.0,0.0,0.0,0.0,,0.0,0.0,0.0,0.0,0.0,0
104087,3.0,6,5,3.0,0.0,0.0,0.0,3.0,0.0,3.0,0.0,0.0,0.0,2.0,0.0,6
104088,1.0,1,1,,0.0,0.0,1.0,0.0,0.0,,0.0,0.0,1.0,0.0,0.0,1
104089,4.0,2,2,,0.0,,1.0,1.0,0.0,,0.0,,1.0,1.0,0.0,2
104090,1.0,3,9,,1.0,0.0,0.0,0.0,2.0,,2.0,0.0,1.0,4.0,2.0,9
104091,3.0,9,8,1.0,0.0,0.0,1.0,3.0,4.0,1.0,0.0,0.0,1.0,2.0,4.0,9
104092,3.0,5,5,,0.0,2.0,1.0,2.0,0.0,,0.0,2.0,1.0,2.0,0.0,5
104093,3.0,0,2,,0.0,,0.0,0.0,0.0,,0.0,,1.0,1.0,0.0,2
104094,4.0,3,10,,0.0,1.0,1.0,0.0,1.0,3.0,1.0,1.0,0.0,4.0,1.0,10
104095,3.0,4,3,,2.0,,,,2.0,,1.0,0.0,,,2.0,4
104096,1.0,10,7,3.0,2.0,0.0,1.0,4.0,0.0,3.0,0.0,0.0,1.0,3.0,0.0,10
104097,1.0,10,8,4.0,0.0,,1.0,4.0,1.0,3.0,1.0,,0.0,3.0,1.0,10
104098,4.0,7,7,2.0,1.0,,1.0,3.0,0.0,2.0,1.0,,1.0,3.0,0.0,7
104099,2.0,8,3,2.0,1.0,,1.0,4.0,0.0,,2.0,,1.0,0.0,0.0,8
104100,1.0,4,4,,0.0,,1.0,0.0,3.0,,0.0,,1.0,0.0,3.0,4
104101,3.0,7,6,,4.0,2.0,0.0,0.0,1.0,,3.0,2.0,1.0,0.0,0.0,7
104102,2.0,7,1,2.0,0.0,,1.0,4.0,0.0,,0.0,,1.0,0.0,0.0,7
104103,3.0,13,10,3.0,3.0,1.0,1.0,4.0,1.0,4.0,2.0,0.0,1.0,3.0,0.0,13
104104,1.0,1,1,,0.0,,1.0,0.0,0.0,,0.0,0.0,1.0,0.0,0.0,1
104105,3.0,3,5,0.0,,,0.0,3.0,0.0,,,,1.0,4.0,0.0,5
104106,2.0,6,7,0.0,3.0,0.0,0.0,3.0,0.0,1.0,2.0,0.0,1.0,3.0,0.0,7
104107,3.0,2,2,,0.0,,1.0,1.0,0.0,,0.0,,1.0,1.0,0.0,2
104108,1.0,11,11,2.0,1.0,0.0,1.0,3.0,4.0,2.0,1.0,0.0,1.0,3.0,4.0,11
104109,3.0,6,6,1.0,1.0,,0.0,3.0,1.0,2.0,1.0,,1.0,2.0,0.0,6
104110,3.0,2,1,,0.0,0.0,0.0,1.0,1.0,,0.0,0.0,0.0,1.0,0.0,2
104111,4.0,3,5,0.0,0.0,2.0,1.0,0.0,0.0,2.0,0.0,2.0,1.0,0.0,0.0,5
104112,3.0,2,2,,0.0,0.0,1.0,0.0,1.0,,0.0,0.0,1.0,0.0,1.0,2
104113,3.0,6,5,,0.0,,1.0,1.0,4.0,,,,0.0,1.0,4.0,6
104114,4.0,7,3,1.0,1.0,,1.0,4.0,0.0,,1.0,,1.0,1.0,0.0,7
104115,2.0,8,5,2.0,0.0,,1.0,4.0,1.0,2.0,1.0,,1.0,0.0,1.0,8
104116,2.0,14,13,4.0,2.0,1.0,1.0,4.0,2.0,2.0,2.0,1.0,1.0,4.0,3.0,14
104117,3.0,3,4,,2.0,,1.0,0.0,0.0,,2.0,,1.0,0.0,1.0,4
104118,1.0,0,1,,0.0,0.0,0.0,0.0,0.0,,1.0,0.0,0.0,0.0,0.0,1
104119,1.0,2,2,,1.0,,1.0,0.0,0.0,,1.0,,1.0,0.0,0.0,2
104120,4.0,8,6,2.0,1.0,,1.0,4.0,0.0,2.0,1.0,,0.0,3.0,0.0,8
104121,3.0,7,8,,0.0,4.0,0.0,0.0,3.0,,0.0,4.0,1.0,0.0,3.0,8
104122,4.0,8,6,3.0,0.0,,1.0,3.0,1.0,3.0,0.0,,1.0,2.0,0.0,8
104123,2.0,10,7,4.0,0.0,,1.0,4.0,1.0,2.0,1.0,,1.0,1.0,2.0,10
104124,3.0,8,0,3.0,,,1.0,4.0,0.0,,0.0,,0.0,0.0,0.0,8
104125,1.0,11,9,4.0,1.0,0.0,1.0,4.0,1.0,3.0,2.0,0.0,1.0,3.0,0.0,11
104126,4.0,7,1,1.0,0.0,1.0,1.0,3.0,1.0,,0.0,0.0,1.0,0.0,0.0,7
104127,3.0,1,1,,0.0,0.0,1.0,0.0,0.0,,0.0,0.0,1.0,0.0,0.0,1
104128,4.0,9,10,3.0,2.0,0.0,0.0,4.0,0.0,3.0,2.0,0.0,0.0,4.0,1.0,10
104129,3.0,1,0,,0.0,,1.0,0.0,0.0,,0.0,,0.0,0.0,0.0,1
104130,1.0,9,6,4.0,0.0,,1.0,3.0,1.0,2.0,0.0,,1.0,2.0,1.0,9
104131,2.0,11,8,3.0,1.0,0.0,1.0,4.0,2.0,2.0,0.0,0.0,1.0,2.0,3.0,11
104132,3.0,1,2,,0.0,,1.0,0.0,0.0,,0.0,,1.0,1.0,0.0,2
104133,3.0,1,1,,0.0,,1.0,0.0,0.0,,0.0,,1.0,0.0,0.0,1
104134,4.0,1,0,,0.0,,0.0,1.0,0.0,,,,0.0,0.0,0.0,1
104135,3.0,10,9,4.0,0.0,,1.0,4.0,1.0,4.0,0.0,,1.0,4.0,0.0,10
104136,4.0,6,7,2.0,0.0,,0.0,4.0,0.0,2.0,1.0,,0.0,4.0,0.0,7
104137,4.0,6,1,3.0,0.0,,1.0,2.0,0.0,,0.0,,1.0,0.0,0.0,6
104138,2.0,1,1,,0.0,,1.0,0.0,0.0,,0.0,,1.0,0.0,0.0,1
104139,4.0,6,7,,3.0,2.0,0.0,0.0,1.0,,3.0,2.0,1.0,0.0,1.0,7
104140,2.0,7,5,0.0,2.0,0.0,1.0,3.0,1.0,0.0,0.0,0.0,1.0,4.0,0.0,7
104141,1.0,10,6,2.0,0.0,0.0,1.0,3.0,4.0,,0.0,0.0,1.0,2.0,3.0,10
104142,2.0,9,2,3.0,1.0,,1.0,4.0,0.0,,1.0,,1.0,0.0,0.0,9
104143,2.0,7,10,,2.0,,1.0,4.0,0.0,,2.0,,1.0,4.0,3.0,10
104144,2.0,7,9,0.0,1.0,,1.0,4.0,1.0,2.0,1.0,,1.0,4.0,1.0,9
104145,4.0,2,3,,1.0,,0.0,0.0,1.0,,1.0,,1.0,0.0,1.0,3
104146,1.0,3,2,,1.0,,1.0,1.0,0.0,,1.0,,1.0,0.0,0.0,3
104147,3.0,11,11,3.0,1.0,2.0,1.0,4.0,0.0,3.0,1.0,2.0,1.0,4.0,0.0,11
104148,4.0,6,2,2.0,0.0,,0.0,4.0,0.0,,0.0,,0.0,2.0,0.0,6
104149,3.0,7,3,3.0,0.0,,0.0,3.0,1.0,1.0,0.0,,0.0,2.0,0.0,7
104150,2.0,8,1,3.0,0.0,,1.0,4.0,0.0,,0.0,,1.0,0.0,0.0,8
104151,2.0,6,3,2.0,1.0,,1.0,2.0,0.0,,2.0,,1.0,0.0,0.0,6
104152,4.0,5,6,2.0,0.0,,0.0,3.0,0.0,1.0,1.0,,1.0,3.0,0.0,6
104153,2.0,8,6,2.0,1.0,,1.0,4.0,0.0,2.0,1.0,,1.0,2.0,0.0,8
104154,2.0,5,0,,2.0,,1.0,2.0,0.0,,0.0,,0.0,0.0,0.0,5
104155,2.0,9,8,2.0,2.0,,1.0,4.0,0.0,2.0,2.0,,1.0,2.0,1.0,9
104156,4.0,8,3,2.0,2.0,,1.0,3.0,0.0,,2.0,,1.0,0.0,0.0,8
104157,4.0,4,4,,1.0,,1.0,0.0,2.0,,2.0,,1.0,0.0,1.0,4
104158,2.0,9,5,3.0,1.0,0.0,1.0,4.0,0.0,2.0,0.0,0.0,1.0,2.0,0.0,9
104159,3.0,6,5,,1.0,1.0,0.0,4.0,0.0,,1.0,1.0,0.0,3.0,0.0,6
104160,4.0,7,6,1.0,0.0,,1.0,4.0,1.0,1.0,0.0,,1.0,3.0,1.0,7
104161,3.0,2,0,,0.0,,1.0,1.0,0.0,,0.0,,0.0,0.0,0.0,2
104162,4.0,2,2,,0.0,,1.0,1.0,0.0,,0.0,,1.0,1.0,0.0,2
104163,4.0,7,9,0.0,1.0,,1.0,4.0,1.0,2.0,1.0,,1.0,4.0,1.0,9
104164,3.0,15,13,4.0,0.0,2.0,1.0,4.0,4.0,2.0,1.0,1.0,1.0,4.0,4.0,15
104165,3.0,7,5,,2.0,3.0,1.0,0.0,1.0,,2.0,3.0,0.0,0.0,0.0,7
104166,3.0,1,3,,0.0,0.0,1.0,0.0,0.0,,0.0,0.0,1.0,2.0,0.0,3
104167,1.0,5,5,1.0,0.0,0.0,1.0,3.0,0.0,1.0,0.0,0.0,1.0,3.0,0.0,5
104168,3.0,12,4,4.0,1.0,0.0,1.0,4.0,2.0,,,0.0,1.0,3.0,0.0,12
104169,4.0,1,1,,0.0,,0.0,1.0,0.0,,0.0,,0.0,1.0,0.0,1
104170,1.0,2,7,,0.0,0.0,1.0,1.0,0.0,3.0,0.0,0.0,1.0,3.0,0.0,7
104171,4.0,3,4,1.0,0.0,,0.0,2.0,0.0,1.0,0.0,,1.0,2.0,0.0,4
104172,4.0,2,4,,0.0,,1.0,1.0,0.0,2.0,0.0,,1.0,1.0,0.0,4
104173,4.0,11,8,4.0,2.0,0.0,1.0,4.0,0.0,3.0,2.0,0.0,1.0,2.0,0.0,11
104174,3.0,3,2,1.0,0.0,0.0,1.0,0.0,1.0,,0.0,0.0,1.0,0.0,1.0,3
104175,3.0,8,7,1.0,0.0,0.0,1.0,2.0,4.0,,0.0,0.0,1.0,2.0,4.0,8
104176,2.0,9,3,3.0,1.0,0.0,1.0,4.0,0.0,,2.0,0.0,1.0,0.0,0.0,9
104177,4.0,5,2,0.0,0.0,0.0,1.0,4.0,0.0,1.0,0.0,0.0,1.0,0.0,0.0,5
104178,1.0,3,4,,0.0,,1.0,1.0,1.0,,1.0,,1.0,1.0,1.0,4
104179,1.0,5,4,,0.0,,1.0,3.0,1.0,,0.0,,1.0,3.0,0.0,5
104180,3.0,4,3,,1.0,,1.0,0.0,2.0,,1.0,,1.0,0.0,1.0,4
104181,4.0,1,2,,1.0,,0.0,0.0,0.0,,2.0,,0.0,0.0,0.0,2
104182,3.0,3,5,,1.0,,1.0,1.0,0.0,1.0,0.0,,1.0,3.0,0.0,5
104183,3.0,8,9,2.0,0.0,1.0,0.0,4.0,1.0,3.0,0.0,1.0,1.0,4.0,0.0,9
104184,3.0,1,1,,0.0,,1.0,0.0,,,0.0,,1.0,0.0,,1
104185,2.0,9,2,2.0,2.0,,1.0,4.0,0.0,,2.0,,0.0,0.0,0.0,9
104186,4.0,1,1,,0.0,,1.0,0.0,0.0,,0.0,,1.0,0.0,0.0,1
104187,4.0,8,3,3.0,0.0,,1.0,4.0,0.0,3.0,0.0,,0.0,0.0,0.0,8
104188,4.0,1,1,,0.0,,0.0,1.0,0.0,,0.0,,1.0,0.0,0.0,1
104189,1.0,9,11,4.0,0.0,,1.0,2.0,2.0,3.0,1.0,2.0,1.0,2.0,2.0,11
104190,4.0,8,7,4.0,0.0,,1.0,3.0,0.0,3.0,1.0,,1.0,2.0,0.0,8
104191,4.0,5,7,1.0,,,1.0,3.0,0.0,3.0,,,0.0,4.0,0.0,7
104192,2.0,10,10,3.0,1.0,,1.0,4.0,1.0,3.0,1.0,,1.0,4.0,1.0,10
104193,3.0,8,6,2.0,1.0,0.0,1.0,4.0,0.0,2.0,1.0,0.0,1.0,2.0,0.0,8
104194,1.0,1,9,,0.0,,0.0,0.0,1.0,3.0,1.0,,1.0,4.0,0.0,9
104195,4.0,1,1,,0.0,0.0,1.0,0.0,0.0,,0.0,0.0,1.0,0.0,0.0,1
104196,3.0,10,9,2.0,3.0,,1.0,4.0,0.0,3.0,2.0,,1.0,3.0,0.0,10
104197,4.0,7,2,2.0,2.0,,1.0,2.0,0.0,,0.0,1.0,1.0,0.0,0.0,7
104198,2.0,9,5,2.0,2.0,1.0,1.0,2.0,1.0,,2.0,1.0,1.0,0.0,1.0,9
104199,4.0,1,0,,0.0,,1.0,0.0,0.0,,0.0,,0.0,0.0,0.0,1
104200,3.0,9,9,,3.0,4.0,1.0,1.0,0.0,,3.0,4.0,0.0,2.0,0.0,9
104201,2.0,6,1,1.0,0.0,,1.0,4.0,0.0,,0.0,,1.0,0.0,0.0,6
104202,3.0,1,1,,0.0,,1.0,0.0,0.0,,0.0,,1.0,0.0,0.0,1
104203,1.0,2,2,,0.0,0.0,1.0,0.0,1.0,,0.0,0.0,1.0,0.0,1.0,2
104204,3.0,2,1,,0.0,,1.0,1.0,0.0,,0.0,,1.0,0.0,0.0,2
104205,1.0,9,9,3.0,2.0,0.0,1.0,3.0,0.0,2.0,2.0,0.0,1.0,3.0,1.0,9
104206,3.0,4,4,,1.0,,1.0,1.0,1.0,,1.0,,1.0,1.0,1.0,4
104207,3.0,5,4,,1.0,2.0,0.0,2.0,0.0,,1.0,2.0,0.0,1.0,0.0,5
104208,2.0,9,3,4.0,1.0,,1.0,3.0,0.0,2.0,0.0,,1.0,0.0,0.0,9
104209,3.0,1,1,,0.0,,1.0,0.0,0.0,,0.0,,1.0,0.0,0.0,1
104210,4.0,5,2,,1.0,,1.0,3.0,0.0,,,,1.0,1.0,0.0,5
104211,3.0,4,2,,0.0,,1.0,1.0,2.0,,0.0,,1.0,0.0,1.0,4
104212,2.0,8,4,3.0,0.0,,1.0,4.0,0.0,2.0,0.0,,1.0,1.0,0.0,8
104213,2.0,9,7,3.0,0.0,,1.0,4.0,1.0,2.0,1.0,,1.0,2.0,1.0,9
104214,1.0,4,7,1.0,0.0,,1.0,2.0,0.0,3.0,0.0,,1.0,2.0,1.0,7
104215,4.0,6,2,3.0,0.0,,0.0,3.0,0.0,,1.0,,0.0,1.0,0.0,6
104216,3.0,3,2,,0.0,,1.0,1.0,1.0,,0.0,,1.0,0.0,1.0,3
104217,4.0,5,5,,0.0,,1.0,4.0,0.0,,1.0,,1.0,3.0,0.0,5
104218,3.0,1,2,,0.0,0.0,1.0,0.0,0.0,,0.0,0.0,1.0,1.0,0.0,2
104219,4.0,3,1,,0.0,,1.0,2.0,0.0,,0.0,,1.0,0.0,0.0,3
104220,3.0,9,8,4.0,0.0,0.0,1.0,3.0,1.0,3.0,0.0,0.0,1.0,3.0,1.0,9
104221,2.0,7,3,2.0,1.0,,1.0,3.0,0.0,,1.0,,1.0,1.0,0.0,7
104222,3.0,8,2,4.0,0.0,0.0,1.0,2.0,1.0,,0.0,0.0,1.0,0.0,1.0,8
104223,3.0,7,7,2.0,0.0,0.0,1.0,4.0,0.0,3.0,0.0,0.0,1.0,3.0,0.0,7
104224,4.0,10,10,2.0,1.0,2.0,1.0,3.0,1.0,2.0,1.0,2.0,1.0,3.0,1.0,10
104225,4.0,11,11,3.0,0.0,2.0,1.0,3.0,2.0,3.0,1.0,1.0,1.0,3.0,2.0,11
104226,3.0,2,2,,1.0,,1.0,0.0,0.0,,1.0,,1.0,0.0,0.0,2
104227,4.0,8,9,3.0,1.0,,1.0,3.0,0.0,3.0,1.0,1.0,1.0,3.0,0.0,9
104228,4.0,5,0,,1.0,,0.0,4.0,0.0,,0.0,,0.0,0.0,0.0,5
104229,3.0,3,2,,2.0,,1.0,0.0,0.0,,1.0,,1.0,0.0,0.0,3
104230,3.0,10,13,2.0,3.0,1.0,1.0,3.0,0.0,4.0,3.0,1.0,1.0,4.0,0.0,13
104231,3.0,3,2,,1.0,,1.0,1.0,0.0,,0.0,,1.0,1.0,0.0,3
104232,4.0,1,1,,0.0,,1.0,0.0,0.0,,0.0,,1.0,0.0,0.0,1
104233,2.0,7,2,2.0,0.0,,1.0,3.0,1.0,,0.0,,1.0,0.0,1.0,7
104234,3.0,9,15,2.0,2.0,3.0,0.0,2.0,0.0,4.0,2.0,4.0,1.0,4.0,0.0,15
104235,3.0,2,4,,0.0,,1.0,1.0,0.0,,0.0,,1.0,0.0,3.0,4
104236,4.0,3,4,0.0,0.0,,1.0,2.0,0.0,2.0,0.0,,0.0,2.0,0.0,4
104237,4.0,1,8,,0.0,,1.0,0.0,0.0,4.0,0.0,,1.0,3.0,0.0,8
104238,3.0,9,10,,2.0,,0.0,4.0,3.0,2.0,2.0,,0.0,3.0,3.0,10
104239,2.0,6,2,1.0,0.0,,1.0,4.0,0.0,,1.0,,1.0,0.0,0.0,6
104240,2.0,7,2,1.0,1.0,,1.0,4.0,0.0,,0.0,,1.0,1.0,0.0,7
104241,2.0,8,9,3.0,0.0,1.0,0.0,4.0,0.0,3.0,1.0,0.0,1.0,4.0,0.0,9
104242,3.0,7,7,,3.0,1.0,,,3.0,,4.0,1.0,,,2.0,7
104243,3.0,8,9,2.0,0.0,0.0,1.0,3.0,2.0,3.0,0.0,0.0,1.0,3.0,2.0,9
104244,3.0,3,2,,0.0,0.0,1.0,1.0,1.0,,0.0,0.0,1.0,1.0,0.0,3
104245,3.0,1,1,,0.0,,1.0,0.0,0.0,,0.0,,1.0,0.0,0.0,1
104246,1.0,1,4,,0.0,,0.0,0.0,1.0,,1.0,,1.0,0.0,2.0,4
104247,2.0,9,2,4.0,0.0,,1.0,4.0,0.0,2.0,0.0,,0.0,0.0,0.0,9
104248,4.0,8,6,1.0,2.0,0.0,1.0,4.0,0.0,1.0,2.0,0.0,0.0,3.0,0.0,8
104249,2.0,12,5,2.0,1.0,,1.0,4.0,4.0,,1.0,,0.0,0.0,4.0,12
104250,4.0,5,6,,0.0,,0.0,1.0,4.0,,0.0,,1.0,1.0,4.0,6
104251,1.0,2,2,,0.0,0.0,1.0,0.0,1.0,,0.0,0.0,1.0,0.0,1.0,2
104252,3.0,6,4,,0.0,,1.0,1.0,4.0,,0.0,,1.0,1.0,2.0,6
104253,4.0,6,2,1.0,1.0,,0.0,3.0,1.0,,1.0,,0.0,0.0,1.0,6
104254,2.0,6,2,1.0,0.0,,1.0,4.0,0.0,,0.0,,1.0,0.0,1.0,6
104255,4.0,6,1,2.0,1.0,0.0,0.0,3.0,0.0,,1.0,0.0,0.0,0.0,0.0,6
104256,1.0,2,1,,,,0.0,2.0,,,0.0,,0.0,1.0,0.0,2
104257,2.0,7,4,2.0,2.0,,1.0,2.0,0.0,,2.0,,1.0,0.0,1.0,7
104258,3.0,0,0,,,,0.0,0.0,0.0,,,,0.0,0.0,,0
104259,3.0,8,1,3.0,1.0,,0.0,3.0,1.0,,1.0,,0.0,0.0,0.0,8
104260,4.0,10,8,4.0,1.0,,1.0,3.0,1.0,3.0,1.0,,1.0,3.0,0.0,10
104261,3.0,7,5,,3.0,0.0,1.0,0.0,3.0,,3.0,0.0,1.0,0.0,1.0,7
104262,4.0,7,6,2.0,0.0,,1.0,4.0,0.0,3.0,0.0,,0.0,3.0,0.0,7
104263,1.0,8,8,3.0,0.0,0.0,1.0,4.0,0.0,3.0,0.0,0.0,1.0,4.0,0.0,8
104264,2.0,9,4,3.0,1.0,0.0,1.0,4.0,0.0,2.0,0.0,0.0,1.0,1.0,0.0,9
104265,2.0,10,3,3.0,1.0,,1.0,4.0,1.0,2.0,0.0,,0.0,0.0,1.0,10
104266,3.0,1,0,,0.0,,1.0,0.0,0.0,,0.0,,0.0,0.0,0.0,1
104267,3.0,9,11,3.0,0.0,0.0,0.0,3.0,3.0,3.0,0.0,0.0,1.0,3.0,4.0,11
104268,1.0,7,5,3.0,0.0,0.0,1.0,3.0,0.0,2.0,0.0,0.0,1.0,2.0,0.0,7
104269,2.0,9,1,3.0,1.0,,1.0,4.0,0.0,,0.0,,1.0,0.0,0.0,9
104270,4.0,1,0,,,,1.0,0.0,0.0,,,,0.0,0.0,0.0,1
104271,2.0,10,5,3.0,2.0,,1.0,4.0,0.0,1.0,1.0,,1.0,2.0,0.0,10
104272,2.0,8,9,4.0,,,1.0,3.0,0.0,4.0,,,1.0,4.0,0.0,9
104273,3.0,7,9,,0.0,0.0,1.0,2.0,4.0,,,0.0,1.0,4.0,4.0,9
104274,2.0,8,5,1.0,2.0,,0.0,3.0,2.0,,2.0,,0.0,1.0,2.0,8
104275,2.0,5,4,,0.0,,1.0,4.0,0.0,,0.0,,1.0,3.0,0.0,5
104276,3.0,3,3,,,,1.0,1.0,1.0,,0.0,,1.0,1.0,1.0,3
104277,2.0,7,5,4.0,0.0,0.0,1.0,2.0,0.0,2.0,0.0,0.0,1.0,2.0,0.0,7
104278,3.0,3,1,2.0,0.0,0.0,1.0,0.0,0.0,,0.0,0.0,1.0,0.0,0.0,3
104279,1.0,1,1,,0.0,0.0,1.0,0.0,0.0,,0.0,0.0,1.0,0.0,0.0,1
104280,3.0,1,1,,0.0,,1.0,0.0,0.0,,0.0,,1.0,0.0,0.0,1
104281,2.0,8,0,3.0,0.0,,1.0,4.0,0.0,,0.0,,0.0,0.0,0.0,8
104282,3.0,2,2,,2.0,,,,0.0,,2.0,,,,0.0,2
104283,3.0,2,0,,1.0,0.0,1.0,0.0,0.0,,0.0,0.0,0.0,0.0,0.0,2
104284,3.0,8,7,1.0,2.0,3.0,0.0,0.0,2.0,,2.0,3.0,0.0,0.0,2.0,8
104285,3.0,4,5,,0.0,,1.0,3.0,0.0,,0.0,,1.0,4.0,0.0,5
104286,3.0,7,7,,4.0,2.0,1.0,0.0,0.0,,4.0,2.0,1.0,0.0,0.0,7
104287,3.0,9,6,4.0,0.0,1.0,1.0,2.0,1.0,,0.0,1.0,1.0,3.0,1.0,9
104288,3.0,1,0,,0.0,0.0,,,1.0,,0.0,0.0,,,0.0,1
104289,3.0,10,8,1.0,3.0,0.0,1.0,4.0,1.0,3.0,1.0,0.0,0.0,4.0,0.0,10
104290,1.0,12,14,4.0,1.0,2.0,1.0,3.0,1.0,3.0,0.0,2.0,1.0,4.0,4.0,14
104291,3.0,9,8,,3.0,4.0,1.0,0.0,1.0,,3.0,4.0,1.0,0.0,0.0,9
104292,2.0,10,5,2.0,3.0,,1.0,4.0,0.0,3.0,0.0,,0.0,2.0,0.0,10
104293,4.0,1,1,,0.0,,1.0,0.0,,,0.0,,1.0,0.0,0.0,1
104294,4.0,1,0,,0.0,,1.0,0.0,0.0,,0.0,,0.0,0.0,0.0,1
104295,2.0,6,2,2.0,1.0,,1.0,2.0,0.0,,0.0,,1.0,0.0,1.0,6
104296,2.0,7,2,2.0,0.0,,1.0,4.0,0.0,,1.0,,1.0,0.0,0.0,7
104297,1.0,2,3,,0.0,,1.0,0.0,1.0,,1.0,0.0,1.0,0.0,1.0,3
104298,4.0,6,4,2.0,0.0,0.0,1.0,3.0,0.0,2.0,0.0,0.0,0.0,2.0,0.0,6
104299,3.0,0,0,,0.0,,,,0.0,,0.0,,,,0.0,0
104300,2.0,9,8,1.0,2.0,,1.0,4.0,1.0,2.0,2.0,,1.0,2.0,1.0,9
104301,3.0,16,14,3.0,1.0,3.0,1.0,4.0,4.0,2.0,0.0,3.0,1.0,4.0,4.0,16
104302,3.0,10,7,4.0,0.0,0.0,1.0,2.0,3.0,2.0,0.0,0.0,1.0,2.0,2.0,10
104303,3.0,6,6,,0.0,1.0,1.0,4.0,0.0,,0.0,1.0,1.0,4.0,0.0,6
104304,3.0,3,2,,0.0,,1.0,1.0,1.0,,1.0,,0.0,1.0,0.0,3
104305,1.0,2,1,,0.0,,1.0,0.0,1.0,,0.0,,0.0,1.0,0.0,2
104306,3.0,0,0,,0.0,,,,0.0,,0.0,,,,0.0,0
104307,2.0,9,2,3.0,1.0,,1.0,4.0,0.0,,1.0,,1.0,0.0,0.0,9
104308,4.0,10,10,3.0,0.0,,1.0,3.0,3.0,3.0,0.0,0.0,1.0,3.0,3.0,10
104309,2.0,10,5,2.0,1.0,,1.0,4.0,2.0,2.0,0.0,,1.0,0.0,2.0,10
104310,4.0,2,2,,0.0,,1.0,1.0,0.0,,0.0,,1.0,1.0,0.0,2
104311,4.0,6,5,1.0,0.0,0.0,1.0,3.0,1.0,1.0,0.0,0.0,1.0,3.0,0.0,6
104312,2.0,9,4,2.0,0.0,,1.0,4.0,2.0,,0.0,0.0,1.0,0.0,3.0,9
104313,2.0,5,3,2.0,0.0,,0.0,3.0,0.0,2.0,0.0,,1.0,0.0,0.0,5
104314,2.0,9,6,4.0,1.0,,1.0,3.0,0.0,2.0,1.0,,1.0,2.0,0.0,9
104315,3.0,2,2,,0.0,,1.0,1.0,0.0,,0.0,,1.0,1.0,0.0,2
104316,4.0,0,1,,0.0,,0.0,0.0,0.0,,0.0,,1.0,0.0,0.0,1
104317,2.0,12,15,4.0,1.0,,1.0,4.0,2.0,4.0,2.0,2.0,1.0,4.0,2.0,15
104318,3.0,6,6,,4.0,0.0,1.0,1.0,0.0,,4.0,0.0,1.0,0.0,1.0,6
104319,3.0,13,12,4.0,2.0,0.0,1.0,3.0,3.0,4.0,2.0,0.0,1.0,3.0,2.0,13
104320,2.0,9,2,3.0,1.0,,1.0,4.0,0.0,,1.0,,1.0,0.0,0.0,9
104321,2.0,10,7,4.0,0.0,0.0,1.0,4.0,1.0,3.0,0.0,0.0,0.0,3.0,1.0,10
104322,2.0,4,7,2.0,0.0,,1.0,0.0,1.0,4.0,0.0,,1.0,0.0,2.0,7
104323,1.0,3,4,,2.0,0.0,1.0,0.0,0.0,,2.0,0.0,1.0,1.0,0.0,4
104324,3.0,0,1,,0.0,,0.0,0.0,0.0,,0.0,,1.0,0.0,0.0,1
104325,4.0,11,9,1.0,0.0,4.0,1.0,4.0,1.0,1.0,0.0,3.0,1.0,3.0,1.0,11
104326,3.0,1,2,,0.0,0.0,1.0,0.0,0.0,,0.0,0.0,1.0,1.0,0.0,2
104327,3.0,4,4,1.0,0.0,,0.0,3.0,0.0,,0.0,,0.0,4.0,0.0,4
104328,3.0,0,1,,,,0.0,0.0,0.0,,0.0,,1.0,0.0,0.0,1
104329,3.0,3,2,,1.0,,0.0,2.0,0.0,,2.0,,0.0,0.0,0.0,3
104330,1.0,7,6,1.0,0.0,0.0,1.0,4.0,1.0,2.0,0.0,0.0,0.0,4.0,0.0,7
104331,3.0,12,4,3.0,2.0,2.0,1.0,3.0,1.0,,2.0,1.0,0.0,0.0,1.0,12
104332,1.0,2,2,,0.0,,1.0,0.0,1.0,,0.0,,1.0,1.0,0.0,2
104333,4.0,5,5,,,,1.0,4.0,0.0,,,,1.0,4.0,,5
104334,3.0,5,7,2.0,0.0,0.0,0.0,3.0,0.0,3.0,1.0,0.0,0.0,3.0,0.0,7
104335,3.0,8,13,,4.0,3.0,0.0,1.0,0.0,0.0,4.0,3.0,1.0,3.0,2.0,13
104336,4.0,4,2,0.0,0.0,,1.0,3.0,0.0,,0.0,,0.0,2.0,0.0,4
104337,4.0,10,10,1.0,2.0,3.0,0.0,3.0,1.0,1.0,2.0,2.0,1.0,3.0,1.0,10
104338,2.0,7,2,2.0,0.0,,1.0,4.0,0.0,,0.0,,1.0,1.0,0.0,7
104339,3.0,11,8,3.0,0.0,0.0,1.0,3.0,4.0,2.0,0.0,0.0,1.0,2.0,3.0,11
104340,2.0,8,2,2.0,1.0,,1.0,4.0,0.0,,1.0,,1.0,0.0,0.0,8
104341,4.0,3,8,,0.0,0.0,1.0,0.0,2.0,2.0,0.0,0.0,1.0,4.0,1.0,8
104342,2.0,7,4,2.0,0.0,,1.0,4.0,0.0,2.0,1.0,,1.0,0.0,0.0,7
104343,3.0,7,7,,0.0,0.0,0.0,3.0,4.0,,0.0,0.0,1.0,2.0,4.0,7
104344,2.0,9,5,2.0,1.0,,1.0,4.0,1.0,2.0,1.0,,1.0,0.0,1.0,9
104345,3.0,2,7,,1.0,0.0,1.0,0.0,0.0,1.0,2.0,0.0,1.0,3.0,0.0,7
104346,2.0,10,8,4.0,0.0,,1.0,4.0,1.0,3.0,1.0,,1.0,2.0,1.0,10
104347,4.0,5,2,2.0,0.0,,0.0,3.0,0.0,,0.0,,1.0,1.0,0.0,5
104348,1.0,7,4,2.0,0.0,0.0,1.0,3.0,1.0,1.0,1.0,0.0,0.0,0.0,2.0,7
104349,1.0,6,3,,0.0,,1.0,3.0,2.0,,0.0,,1.0,0.0,2.0,6
104350,3.0,6,5,2.0,0.0,,1.0,2.0,1.0,2.0,0.0,,1.0,1.0,1.0,6
104351,2.0,10,2,3.0,1.0,,1.0,4.0,1.0,,0.0,,1.0,0.0,1.0,10
104352,4.0,7,3,3.0,0.0,,1.0,3.0,0.0,,0.0,,1.0,2.0,0.0,7
104353,3.0,6,6,,4.0,,0.0,0.0,2.0,,4.0,,0.0,0.0,2.0,6
104354,2.0,2,2,,0.0,,0.0,1.0,1.0,,0.0,,0.0,1.0,1.0,2
104355,1.0,9,12,0.0,3.0,2.0,0.0,3.0,1.0,0.0,3.0,1.0,1.0,4.0,3.0,12
104356,4.0,7,3,2.0,1.0,,1.0,3.0,0.0,0.0,1.0,,0.0,2.0,0.0,7
104357,3.0,9,12,2.0,3.0,0.0,0.0,4.0,0.0,4.0,2.0,1.0,1.0,4.0,0.0,12
104358,2.0,0,0,,0.0,0.0,0.0,0.0,0.0,,0.0,0.0,0.0,0.0,0.0,0
104359,2.0,7,5,1.0,1.0,,1.0,4.0,0.0,,2.0,,1.0,1.0,1.0,7
104360,3.0,3,3,0.0,0.0,,0.0,3.0,0.0,0.0,0.0,,1.0,2.0,0.0,3
104361,1.0,2,6,,0.0,,1.0,0.0,1.0,2.0,0.0,,1.0,1.0,2.0,6
104362,4.0,3,1,,0.0,,0.0,3.0,0.0,,0.0,,0.0,1.0,0.0,3
104363,2.0,9,2,3.0,0.0,,1.0,4.0,1.0,,0.0,,1.0,0.0,1.0,9
104364,3.0,3,4,,0.0,,0.0,0.0,3.0,,0.0,,0.0,0.0,4.0,4
104365,4.0,6,5,2.0,,,1.0,3.0,0.0,2.0,,,1.0,2.0,0.0,6
104366,3.0,9,6,4.0,0.0,,1.0,1.0,3.0,2.0,,,1.0,3.0,0.0,9
104367,3.0,2,2,,0.0,1.0,1.0,0.0,0.0,,0.0,1.0,1.0,0.0,0.0,2
104368,3.0,3,5,,0.0,,1.0,1.0,1.0,2.0,0.0,,1.0,1.0,1.0,5
104369,1.0,7,6,2.0,0.0,0.0,0.0,3.0,2.0,1.0,0.0,0.0,1.0,2.0,2.0,7
104370,4.0,7,5,2.0,0.0,,1.0,4.0,0.0,1.0,0.0,,1.0,3.0,0.0,7
104371,4.0,4,1,,0.0,,1.0,0.0,3.0,,0.0,,1.0,0.0,0.0,4
104372,2.0,4,7,,2.0,,1.0,0.0,1.0,,1.0,,1.0,4.0,1.0,7
104373,3.0,8,9,2.0,0.0,0.0,1.0,3.0,2.0,,,0.0,1.0,4.0,4.0,9
104374,3.0,7,5,,0.0,,1.0,2.0,4.0,,0.0,,1.0,1.0,3.0,7
104375,3.0,9,7,2.0,0.0,0.0,1.0,3.0,3.0,,0.0,0.0,1.0,2.0,4.0,9
104376,3.0,7,5,,2.0,,1.0,4.0,0.0,,,,1.0,4.0,0.0,7
104377,1.0,4,2,,2.0,0.0,1.0,0.0,1.0,,1.0,0.0,1.0,0.0,0.0,4
104378,3.0,8,9,3.0,0.0,0.0,0.0,3.0,2.0,4.0,0.0,0.0,1.0,2.0,2.0,9
104379,3.0,9,12,1.0,2.0,1.0,0.0,4.0,1.0,2.0,3.0,3.0,0.0,4.0,0.0,12
104380,4.0,9,8,4.0,0.0,,1.0,4.0,0.0,3.0,0.0,,1.0,4.0,0.0,9
104381,3.0,7,5,,2.0,0.0,1.0,3.0,1.0,,2.0,0.0,1.0,1.0,1.0,7
104382,3.0,8,9,4.0,0.0,,0.0,4.0,0.0,4.0,0.0,0.0,1.0,3.0,1.0,9
104383,2.0,10,11,3.0,2.0,,1.0,4.0,0.0,3.0,3.0,,1.0,4.0,0.0,11
104384,4.0,7,1,2.0,0.0,0.0,1.0,4.0,0.0,,1.0,0.0,0.0,0.0,0.0,7
104385,4.0,11,9,3.0,1.0,,1.0,4.0,2.0,3.0,1.0,,1.0,2.0,2.0,11
104386,4.0,2,0,,0.0,,1.0,1.0,0.0,,0.0,,0.0,0.0,0.0,2
104387,4.0,5,6,3.0,0.0,0.0,0.0,2.0,0.0,3.0,0.0,0.0,1.0,2.0,0.0,6
104388,2.0,2,1,,,,1.0,1.0,,,,,0.0,1.0,0.0,2
104389,4.0,2,1,,0.0,,1.0,1.0,0.0,,0.0,,1.0,0.0,0.0,2
104390,3.0,2,1,,0.0,,1.0,1.0,0.0,,0.0,,1.0,0.0,0.0,2
104391,2.0,8,11,2.0,1.0,,1.0,4.0,0.0,4.0,1.0,2.0,1.0,2.0,1.0,11
104392,4.0,7,7,3.0,0.0,,1.0,3.0,0.0,3.0,0.0,,1.0,3.0,0.0,7
104393,3.0,5,3,,0.0,0.0,1.0,3.0,1.0,,0.0,0.0,1.0,2.0,0.0,5
104394,3.0,2,1,,0.0,,1.0,1.0,0.0,,0.0,,1.0,0.0,0.0,2
104395,4.0,4,5,0.0,0.0,,1.0,3.0,0.0,1.0,0.0,,1.0,3.0,0.0,5
104396,2.0,5,1,3.0,1.0,,1.0,,0.0,,1.0,,0.0,0.0,0.0,5
104397,1.0,5,7,2.0,0.0,,0.0,3.0,0.0,3.0,0.0,,1.0,3.0,0.0,7
104398,3.0,4,9,0.0,0.0,,0.0,3.0,1.0,3.0,0.0,,1.0,4.0,1.0,9
104399,1.0,8,5,3.0,0.0,0.0,1.0,3.0,1.0,2.0,0.0,0.0,0.0,3.0,0.0,8
104400,1.0,0,0,,0.0,0.0,,,0.0,,0.0,0.0,,,0.0,0
104401,2.0,7,3,2.0,0.0,,1.0,4.0,0.0,,0.0,,1.0,2.0,0.0,7
104402,4.0,3,1,,1.0,,1.0,1.0,0.0,,1.0,,0.0,0.0,0.0,3
104403,1.0,8,8,3.0,0.0,0.0,1.0,3.0,1.0,3.0,0.0,0.0,1.0,3.0,1.0,8
104404,3.0,7,8,3.0,0.0,0.0,0.0,4.0,0.0,3.0,0.0,2.0,0.0,3.0,0.0,8
104405,3.0,0,0,,0.0,,0.0,0.0,0.0,,0.0,,0.0,0.0,,0
104406,2.0,8,3,2.0,1.0,,1.0,4.0,0.0,,1.0,,1.0,0.0,1.0,8
104407,2.0,10,10,2.0,1.0,1.0,1.0,4.0,1.0,3.0,2.0,0.0,1.0,3.0,1.0,10
104408,4.0,5,1,2.0,0.0,,1.0,2.0,0.0,,0.0,,0.0,1.0,0.0,5
104409,3.0,6,7,,2.0,0.0,1.0,3.0,0.0,,2.0,0.0,1.0,4.0,0.0,7
104410,4.0,8,5,3.0,1.0,,1.0,3.0,0.0,2.0,0.0,,0.0,3.0,0.0,8
104411,2.0,12,12,3.0,2.0,0.0,1.0,4.0,2.0,3.0,2.0,0.0,1.0,4.0,2.0,12
104412,4.0,2,1,,0.0,,1.0,1.0,0.0,,0.0,,1.0,0.0,0.0,2
104413,1.0,5,9,1.0,0.0,0.0,1.0,3.0,0.0,3.0,0.0,0.0,1.0,4.0,1.0,9
104414,3.0,13,9,4.0,0.0,0.0,1.0,4.0,4.0,,0.0,0.0,1.0,4.0,4.0,13
104415,3.0,6,6,2.0,0.0,,1.0,2.0,1.0,3.0,,0.0,0.0,2.0,1.0,6
104416,4.0,6,6,,0.0,,1.0,4.0,1.0,,0.0,,1.0,4.0,1.0,6
104417,2.0,5,4,2.0,0.0,,1.0,2.0,0.0,2.0,1.0,,1.0,0.0,0.0,5
104418,3.0,13,11,4.0,2.0,2.0,1.0,3.0,1.0,3.0,2.0,1.0,1.0,4.0,0.0,13
104419,3.0,5,3,0.0,0.0,0.0,1.0,2.0,2.0,,0.0,0.0,0.0,1.0,2.0,5
104420,4.0,7,1,3.0,0.0,,0.0,4.0,0.0,1.0,0.0,,0.0,0.0,0.0,7
104421,4.0,11,10,2.0,2.0,2.0,0.0,4.0,1.0,2.0,2.0,2.0,0.0,3.0,1.0,11
104422,4.0,10,3,3.0,2.0,,1.0,3.0,1.0,,2.0,,1.0,0.0,0.0,10
104423,2.0,8,6,3.0,0.0,,1.0,4.0,0.0,3.0,0.0,,1.0,2.0,0.0,8
104424,1.0,1,2,,0.0,,1.0,0.0,0.0,,0.0,,1.0,1.0,0.0,2
104425,4.0,4,4,,0.0,,1.0,3.0,0.0,,0.0,,1.0,3.0,0.0,4
104426,1.0,2,1,,0.0,,1.0,1.0,0.0,,0.0,,1.0,0.0,0.0,2
104427,4.0,5,7,2.0,1.0,,1.0,1.0,0.0,2.0,1.0,,1.0,3.0,0.0,7
104428,4.0,1,5,,0.0,,1.0,0.0,0.0,,,,1.0,1.0,3.0,5
104429,2.0,6,9,2.0,1.0,,1.0,2.0,0.0,4.0,1.0,,1.0,3.0,0.0,9
104430,1.0,0,8,,0.0,0.0,0.0,0.0,0.0,2.0,1.0,0.0,1.0,4.0,0.0,8
104431,4.0,6,0,2.0,0.0,,0.0,4.0,0.0,,0.0,,0.0,0.0,0.0,6
104432,3.0,4,0,2.0,0.0,,0.0,1.0,1.0,,,,0.0,0.0,0.0,4
104433,1.0,4,4,,2.0,,0.0,0.0,2.0,,2.0,,1.0,0.0,1.0,4
104434,3.0,16,16,3.0,0.0,4.0,1.0,4.0,4.0,3.0,0.0,4.0,1.0,4.0,4.0,16
104435,1.0,5,9,,0.0,,1.0,0.0,4.0,3.0,1.0,,1.0,0.0,4.0,9
104436,4.0,1,1,,0.0,,1.0,0.0,0.0,,0.0,,1.0,0.0,0.0,1
104437,3.0,4,3,1.0,0.0,0.0,1.0,2.0,0.0,0.0,0.0,0.0,1.0,2.0,0.0,4
104438,3.0,9,8,,2.0,3.0,1.0,1.0,2.0,2.0,2.0,2.0,0.0,1.0,1.0,9
104439,1.0,2,2,,0.0,,0.0,1.0,1.0,,0.0,,0.0,1.0,1.0,2
104440,4.0,6,7,2.0,0.0,0.0,1.0,3.0,0.0,3.0,0.0,0.0,1.0,3.0,0.0,7
104441,2.0,8,1,2.0,1.0,,1.0,4.0,0.0,,0.0,,1.0,0.0,0.0,8
104442,2.0,7,8,,2.0,,1.0,4.0,0.0,2.0,2.0,,0.0,4.0,0.0,8
104443,3.0,2,3,,,,0.0,2.0,0.0,,,,0.0,3.0,,3
104444,3.0,7,5,3.0,0.0,,1.0,3.0,0.0,,0.0,,1.0,3.0,1.0,7
104445,4.0,4,5,0.0,0.0,0.0,1.0,3.0,0.0,2.0,0.0,0.0,,3.0,0.0,5
104446,1.0,4,4,,1.0,1.0,1.0,0.0,1.0,,1.0,1.0,1.0,0.0,1.0,4
104447,4.0,5,0,1.0,0.0,,1.0,3.0,0.0,,0.0,,0.0,0.0,0.0,5
104448,3.0,16,18,4.0,2.0,1.0,1.0,4.0,4.0,4.0,3.0,2.0,1.0,4.0,4.0,18
104449,3.0,5,4,,0.0,,1.0,4.0,0.0,2.0,1.0,,1.0,0.0,0.0,5
104450,2.0,7,7,2.0,2.0,0.0,1.0,2.0,0.0,2.0,2.0,0.0,1.0,2.0,0.0,7
104451,2.0,10,9,4.0,0.0,0.0,1.0,4.0,1.0,3.0,0.0,0.0,1.0,4.0,1.0,10
104452,2.0,13,11,4.0,3.0,0.0,1.0,4.0,1.0,3.0,2.0,0.0,1.0,4.0,1.0,13
104453,4.0,5,2,2.0,0.0,,1.0,2.0,0.0,,1.0,,0.0,1.0,0.0,5
104454,2.0,6,6,,1.0,,1.0,4.0,0.0,,2.0,,1.0,3.0,0.0,6
104455,1.0,11,9,1.0,1.0,,1.0,4.0,4.0,1.0,1.0,,0.0,3.0,4.0,11
104456,2.0,10,10,3.0,2.0,,1.0,4.0,0.0,4.0,2.0,,1.0,3.0,0.0,10
104457,3.0,5,5,,3.0,,1.0,1.0,0.0,,4.0,,1.0,0.0,0.0,5
104458,3.0,7,8,2.0,1.0,0.0,1.0,3.0,0.0,2.0,1.0,0.0,1.0,4.0,0.0,8
104459,3.0,3,2,,0.0,,1.0,1.0,1.0,,0.0,0.0,1.0,1.0,0.0,3
104460,1.0,9,6,3.0,0.0,0.0,1.0,3.0,2.0,2.0,0.0,0.0,1.0,2.0,1.0,9
104461,1.0,5,2,,0.0,,1.0,4.0,0.0,,1.0,,1.0,0.0,0.0,5
104462,2.0,8,1,1.0,2.0,,1.0,4.0,0.0,,1.0,,0.0,0.0,0.0,8
104463,2.0,8,3,3.0,0.0,,1.0,4.0,0.0,2.0,0.0,,1.0,0.0,0.0,8
104464,2.0,5,2,,0.0,,1.0,4.0,0.0,,1.0,,1.0,0.0,0.0,5
104465,2.0,9,5,2.0,1.0,,1.0,4.0,1.0,,2.0,,1.0,1.0,1.0,9
104466,2.0,9,6,3.0,1.0,0.0,1.0,4.0,0.0,2.0,1.0,0.0,1.0,2.0,0.0,9
104467,3.0,4,8,,1.0,,1.0,1.0,1.0,4.0,1.0,0.0,1.0,1.0,1.0,8
104468,3.0,1,3,,1.0,,0.0,0.0,0.0,2.0,,,1.0,0.0,0.0,3
104469,2.0,9,4,4.0,0.0,,1.0,4.0,0.0,3.0,0.0,0.0,0.0,1.0,0.0,9
104470,3.0,12,7,3.0,2.0,2.0,1.0,4.0,0.0,,2.0,2.0,1.0,2.0,0.0,12
104471,1.0,6,6,,0.0,,1.0,3.0,2.0,0.0,0.0,,1.0,3.0,2.0,6
104472,3.0,5,1,,0.0,,1.0,0.0,4.0,,0.0,0.0,1.0,0.0,0.0,5
104473,3.0,10,10,,0.0,4.0,1.0,1.0,4.0,,0.0,4.0,1.0,1.0,4.0,10
104474,1.0,9,4,3.0,0.0,,1.0,4.0,1.0,1.0,0.0,,1.0,2.0,0.0,9
104475,3.0,10,7,4.0,0.0,0.0,1.0,4.0,1.0,4.0,0.0,0.0,0.0,3.0,0.0,10
104476,3.0,4,3,,0.0,0.0,1.0,2.0,1.0,,,0.0,1.0,2.0,,4
104477,1.0,1,1,,0.0,,1.0,0.0,0.0,,0.0,,1.0,0.0,0.0,1
104478,4.0,7,0,2.0,,,1.0,4.0,0.0,,0.0,,0.0,0.0,0.0,7
104479,2.0,10,8,,2.0,0.0,1.0,4.0,3.0,,2.0,0.0,1.0,3.0,2.0,10
104480,3.0,1,1,,0.0,,1.0,0.0,0.0,,0.0,,1.0,0.0,0.0,1
104481,1.0,6,8,2.0,0.0,0.0,0.0,4.0,0.0,3.0,0.0,0.0,1.0,4.0,0.0,8
104482,1.0,1,7,,0.0,0.0,1.0,0.0,0.0,2.0,0.0,0.0,1.0,4.0,0.0,7
104483,4.0,0,2,,0.0,,0.0,0.0,0.0,,0.0,,1.0,1.0,0.0,2
104484,4.0,4,7,1.0,0.0,0.0,0.0,3.0,0.0,2.0,0.0,0.0,1.0,4.0,0.0,7
104485,3.0,4,3,,1.0,,1.0,0.0,2.0,,1.0,,1.0,0.0,1.0,4
104486,1.0,8,10,2.0,0.0,0.0,1.0,3.0,2.0,2.0,0.0,0.0,1.0,4.0,3.0,10
104487,2.0,8,3,2.0,1.0,,1.0,4.0,0.0,,2.0,,1.0,0.0,0.0,8
104488,4.0,6,5,,2.0,2.0,1.0,0.0,1.0,,2.0,1.0,1.0,0.0,1.0,6
104489,1.0,12,11,4.0,1.0,,1.0,4.0,2.0,3.0,1.0,,1.0,3.0,3.0,12
104490,4.0,1,10,,1.0,0.0,0.0,0.0,0.0,4.0,2.0,0.0,1.0,3.0,0.0,10
104491,4.0,2,2,,0.0,,1.0,1.0,0.0,,0.0,,1.0,1.0,0.0,2
104492,4.0,3,3,,1.0,1.0,1.0,0.0,0.0,,1.0,1.0,1.0,0.0,0.0,3
104493,1.0,8,8,2.0,1.0,,1.0,3.0,1.0,2.0,0.0,,1.0,4.0,1.0,8
104494,4.0,2,2,,0.0,0.0,1.0,1.0,0.0,,0.0,0.0,1.0,1.0,0.0,2
104495,3.0,9,7,4.0,0.0,0.0,1.0,3.0,1.0,3.0,0.0,0.0,1.0,3.0,0.0,9
104496,3.0,3,3,,1.0,1.0,1.0,0.0,0.0,,1.0,1.0,1.0,0.0,0.0,3
104497,2.0,8,1,2.0,1.0,,1.0,4.0,0.0,,1.0,,0.0,0.0,0.0,8
104498,3.0,8,7,,2.0,4.0,1.0,1.0,0.0,,3.0,3.0,0.0,1.0,0.0,8
104499,3.0,1,1,,0.0,0.0,1.0,0.0,0.0,,0.0,0.0,1.0,0.0,0.0,1
104500,4.0,4,3,1.0,0.0,,1.0,2.0,0.0,1.0,0.0,0.0,0.0,2.0,0.0,4
104501,2.0,9,3,3.0,0.0,,1.0,4.0,1.0,,0.0,,1.0,0.0,2.0,9
104502,1.0,6,3,2.0,0.0,,1.0,3.0,0.0,,1.0,,1.0,1.0,0.0,6
104503,3.0,0,0,,0.0,0.0,0.0,0.0,0.0,,0.0,0.0,0.0,0.0,0.0,0
104504,2.0,9,12,3.0,0.0,,1.0,4.0,1.0,4.0,2.0,,1.0,4.0,1.0,12
104505,2.0,12,5,2.0,2.0,,1.0,4.0,3.0,,1.0,,1.0,0.0,3.0,12
104506,4.0,3,4,,1.0,,1.0,0.0,1.0,2.0,1.0,,1.0,0.0,0.0,4
104507,1.0,7,7,1.0,0.0,0.0,1.0,3.0,2.0,2.0,0.0,0.0,1.0,3.0,1.0,7
104508,4.0,9,5,3.0,1.0,,1.0,4.0,0.0,0.0,1.0,,1.0,3.0,0.0,9
104509,2.0,8,10,3.0,0.0,,1.0,4.0,0.0,4.0,1.0,,1.0,4.0,0.0,10
104510,3.0,6,6,2.0,0.0,0.0,1.0,2.0,1.0,2.0,0.0,0.0,1.0,2.0,1.0,6
104511,4.0,11,7,2.0,1.0,,0.0,4.0,4.0,0.0,0.0,,0.0,3.0,4.0,11
104512,2.0,9,5,3.0,2.0,,1.0,3.0,0.0,2.0,2.0,,1.0,0.0,0.0,9
104513,3.0,6,5,2.0,0.0,0.0,1.0,3.0,0.0,1.0,0.0,0.0,0.0,3.0,1.0,6
104514,2.0,2,3,,0.0,,1.0,0.0,1.0,,0.0,,1.0,1.0,1.0,3
104515,1.0,2,3,,0.0,0.0,0.0,0.0,2.0,,0.0,0.0,1.0,0.0,2.0,3
104516,4.0,2,3,,,,0.0,2.0,0.0,,0.0,,0.0,3.0,0.0,3
104517,2.0,8,3,2.0,1.0,,1.0,4.0,0.0,,1.0,,1.0,1.0,0.0,8
104518,2.0,9,7,2.0,1.0,,1.0,4.0,1.0,1.0,1.0,,1.0,2.0,2.0,9
104519,3.0,8,7,3.0,0.0,,1.0,4.0,0.0,3.0,0.0,,1.0,3.0,0.0,8
104520,3.0,8,9,4.0,0.0,0.0,0.0,4.0,0.0,4.0,1.0,0.0,0.0,4.0,0.0,9
104521,1.0,10,13,3.0,1.0,2.0,0.0,3.0,1.0,3.0,1.0,2.0,1.0,4.0,2.0,13
104522,4.0,8,4,1.0,2.0,,1.0,3.0,1.0,,2.0,,1.0,1.0,0.0,8
104523,2.0,7,3,2.0,0.0,,1.0,4.0,0.0,2.0,0.0,,1.0,0.0,0.0,7
104524,1.0,10,9,4.0,0.0,0.0,1.0,4.0,1.0,4.0,1.0,0.0,0.0,3.0,1.0,10
104525,3.0,2,1,,1.0,,1.0,0.0,0.0,,0.0,0.0,1.0,0.0,0.0,2
104526,1.0,1,1,,0.0,,1.0,0.0,0.0,,0.0,,1.0,0.0,0.0,1
104527,4.0,0,2,,0.0,,0.0,0.0,0.0,,0.0,,1.0,1.0,0.0,2
104528,4.0,7,6,3.0,1.0,0.0,0.0,2.0,1.0,3.0,1.0,0.0,0.0,2.0,0.0,7
104529,2.0,8,2,3.0,0.0,,1.0,4.0,0.0,,0.0,,0.0,1.0,1.0,8
104530,2.0,8,4,2.0,1.0,,1.0,4.0,0.0,2.0,1.0,,1.0,0.0,0.0,8
104531,3.0,1,1,,0.0,,1.0,0.0,0.0,,0.0,,1.0,0.0,0.0,1
104532,3.0,1,3,,0.0,0.0,1.0,0.0,0.0,,1.0,0.0,1.0,1.0,0.0,3
104533,3.0,17,16,4.0,3.0,2.0,1.0,4.0,3.0,4.0,4.0,2.0,1.0,4.0,1.0,17
104534,4.0,1,1,,0.0,0.0,0.0,1.0,0.0,,0.0,0.0,0.0,1.0,0.0,1
104535,1.0,4,1,1.0,0.0,0.0,1.0,2.0,0.0,,0.0,0.0,1.0,0.0,0.0,4
104536,3.0,9,9,4.0,0.0,,1.0,4.0,0.0,2.0,0.0,,1.0,4.0,2.0,9
104537,3.0,7,6,1.0,2.0,0.0,1.0,3.0,0.0,2.0,0.0,0.0,1.0,3.0,0.0,7
104538,3.0,11,7,4.0,2.0,1.0,0.0,3.0,1.0,1.0,2.0,1.0,1.0,2.0,0.0,11
104539,4.0,3,6,,0.0,,0.0,3.0,0.0,3.0,0.0,0.0,0.0,3.0,0.0,6
104540,4.0,3,5,,2.0,1.0,0.0,0.0,0.0,,2.0,2.0,0.0,1.0,0.0,5
104541,2.0,9,9,2.0,0.0,0.0,1.0,4.0,2.0,2.0,0.0,0.0,1.0,4.0,2.0,9
104542,3.0,8,7,,2.0,4.0,1.0,1.0,0.0,,3.0,4.0,0.0,0.0,0.0,8
104543,2.0,9,7,2.0,1.0,,1.0,3.0,2.0,2.0,1.0,0.0,1.0,0.0,3.0,9
104544,3.0,2,3,,0.0,,1.0,0.0,1.0,,0.0,,1.0,0.0,2.0,3
104545,2.0,9,2,2.0,2.0,,1.0,4.0,0.0,,1.0,,1.0,0.0,0.0,9
104546,4.0,1,2,,0.0,,1.0,0.0,0.0,,0.0,,1.0,1.0,0.0,2
104547,3.0,4,4,,1.0,,0.0,3.0,0.0,,1.0,,1.0,2.0,0.0,4
104548,4.0,8,4,3.0,0.0,0.0,1.0,4.0,0.0,2.0,0.0,0.0,0.0,2.0,0.0,8
104549,3.0,5,6,,0.0,,1.0,4.0,0.0,,0.0,0.0,1.0,4.0,1.0,6
104550,4.0,12,9,4.0,1.0,2.0,1.0,4.0,0.0,3.0,1.0,0.0,1.0,4.0,0.0,12
104551,3.0,5,4,1.0,0.0,0.0,1.0,3.0,0.0,,0.0,0.0,1.0,3.0,0.0,5
104552,1.0,2,4,,0.0,0.0,0.0,2.0,0.0,,0.0,1.0,1.0,2.0,0.0,4
104553,1.0,1,1,,0.0,0.0,0.0,0.0,1.0,,0.0,0.0,1.0,0.0,0.0,1
104554,2.0,7,0,2.0,0.0,,1.0,4.0,0.0,,0.0,,0.0,0.0,0.0,7
104555,3.0,4,2,,0.0,,1.0,3.0,0.0,,0.0,,1.0,1.0,0.0,4
104556,3.0,10,7,3.0,2.0,1.0,1.0,3.0,0.0,,2.0,1.0,1.0,3.0,0.0,10
104557,3.0,8,5,3.0,0.0,0.0,1.0,2.0,2.0,1.0,0.0,0.0,1.0,2.0,1.0,8
104558,3.0,7,4,3.0,0.0,0.0,0.0,3.0,1.0,0.0,0.0,0.0,1.0,3.0,0.0,7
104559,1.0,7,2,3.0,0.0,0.0,1.0,2.0,1.0,,0.0,0.0,1.0,0.0,1.0,7
104560,2.0,11,10,4.0,1.0,,1.0,4.0,1.0,3.0,2.0,,1.0,3.0,1.0,11
104561,1.0,3,3,,0.0,,1.0,0.0,2.0,,0.0,,1.0,0.0,2.0,3
104562,3.0,10,8,,2.0,2.0,1.0,1.0,4.0,,2.0,1.0,1.0,1.0,3.0,10
104563,4.0,10,5,2.0,1.0,0.0,1.0,2.0,4.0,,1.0,0.0,1.0,0.0,3.0,10
104564,3.0,3,1,,0.0,,1.0,0.0,2.0,,0.0,,0.0,0.0,1.0,3
104565,3.0,8,4,2.0,0.0,2.0,1.0,3.0,0.0,,1.0,2.0,0.0,1.0,0.0,8
104566,3.0,8,2,3.0,0.0,,1.0,3.0,1.0,,0.0,,0.0,1.0,1.0,8
104567,1.0,3,4,,,2.0,1.0,0.0,0.0,,1.0,2.0,1.0,0.0,0.0,4
104568,3.0,9,6,4.0,,,1.0,4.0,,3.0,,,0.0,3.0,0.0,9
104569,4.0,8,9,3.0,0.0,0.0,1.0,2.0,2.0,4.0,0.0,0.0,1.0,2.0,2.0,9
104570,1.0,8,11,4.0,0.0,,1.0,2.0,1.0,3.0,0.0,0.0,1.0,4.0,3.0,11
104571,4.0,8,7,3.0,0.0,,1.0,4.0,0.0,2.0,0.0,,1.0,4.0,0.0,8
104572,1.0,3,10,2.0,0.0,0.0,0.0,0.0,1.0,4.0,0.0,0.0,1.0,4.0,1.0,10
104573,2.0,9,3,2.0,2.0,,1.0,4.0,0.0,,2.0,,1.0,0.0,0.0,9
104574,4.0,6,5,2.0,1.0,0.0,0.0,3.0,0.0,2.0,0.0,0.0,0.0,3.0,0.0,6
104575,4.0,3,3,2.0,0.0,,1.0,0.0,0.0,2.0,0.0,,1.0,0.0,0.0,3
104576,3.0,2,9,,0.0,,0.0,1.0,1.0,3.0,0.0,0.0,1.0,4.0,1.0,9
104577,1.0,5,6,1.0,0.0,1.0,1.0,2.0,0.0,1.0,0.0,1.0,1.0,3.0,0.0,6
104578,2.0,2,2,,1.0,,0.0,0.0,1.0,,,,1.0,0.0,1.0,2
104579,4.0,2,1,,0.0,,1.0,1.0,0.0,,0.0,,1.0,0.0,0.0,2
104580,4.0,7,7,2.0,0.0,0.0,1.0,4.0,0.0,2.0,0.0,0.0,1.0,4.0,0.0,7
104581,2.0,8,9,2.0,1.0,,1.0,4.0,0.0,3.0,1.0,,1.0,4.0,0.0,9
104582,3.0,3,4,,0.0,,1.0,0.0,2.0,2.0,0.0,,1.0,0.0,1.0,4
104583,3.0,3,3,,0.0,0.0,1.0,2.0,0.0,,0.0,0.0,1.0,2.0,0.0,3
104584,4.0,3,4,2.0,0.0,0.0,1.0,0.0,0.0,,0.0,0.0,1.0,0.0,3.0,4
104585,4.0,1,2,,0.0,0.0,0.0,1.0,0.0,,0.0,0.0,1.0,1.0,0.0,2
104586,4.0,1,2,,0.0,,1.0,0.0,0.0,,1.0,,1.0,0.0,0.0,2
104587,2.0,9,2,3.0,1.0,,1.0,4.0,0.0,,1.0,,1.0,0.0,0.0,9
104588,4.0,6,5,1.0,0.0,1.0,0.0,4.0,0.0,1.0,0.0,1.0,0.0,3.0,0.0,6
104589,1.0,3,1,0.0,1.0,0.0,0.0,2.0,0.0,,0.0,0.0,1.0,0.0,0.0,3
104590,1.0,3,2,,0.0,,1.0,1.0,1.0,,0.0,,1.0,0.0,1.0,3
104591,4.0,12,12,3.0,1.0,0.0,1.0,4.0,3.0,3.0,1.0,1.0,1.0,4.0,2.0,12
104592,3.0,11,10,3.0,3.0,1.0,0.0,3.0,1.0,3.0,2.0,1.0,0.0,3.0,1.0,11
104593,4.0,9,9,4.0,0.0,,1.0,4.0,0.0,4.0,0.0,,1.0,4.0,0.0,9
104594,4.0,1,1,,0.0,0.0,0.0,1.0,0.0,,0.0,0.0,0.0,1.0,0.0,1
104595,4.0,14,14,3.0,0.0,2.0,1.0,4.0,4.0,3.0,0.0,2.0,1.0,4.0,4.0,14
104596,3.0,6,8,3.0,0.0,,1.0,1.0,1.0,3.0,0.0,,1.0,3.0,1.0,8
104597,3.0,2,4,,0.0,,1.0,1.0,0.0,,0.0,,1.0,3.0,0.0,4
104598,3.0,5,3,0.0,0.0,,1.0,4.0,0.0,,0.0,,0.0,3.0,0.0,5
104599,1.0,3,9,1.0,1.0,0.0,1.0,0.0,0.0,3.0,2.0,0.0,1.0,3.0,0.0,9
104600,3.0,6,5,2.0,0.0,0.0,1.0,3.0,0.0,1.0,0.0,0.0,1.0,3.0,0.0,6
104601,2.0,6,4,3.0,1.0,,1.0,0.0,1.0,,2.0,,1.0,0.0,1.0,6
104602,3.0,7,6,3.0,0.0,,1.0,3.0,0.0,2.0,0.0,,1.0,3.0,0.0,7
104603,3.0,8,11,,1.0,2.0,1.0,2.0,2.0,,2.0,2.0,1.0,3.0,3.0,11
104604,3.0,5,7,4.0,0.0,,1.0,0.0,0.0,3.0,0.0,,1.0,3.0,0.0,7
104605,4.0,7,6,3.0,0.0,,0.0,4.0,0.0,2.0,0.0,,0.0,4.0,0.0,7
104606,3.0,4,4,2.0,0.0,0.0,1.0,1.0,0.0,2.0,0.0,0.0,1.0,1.0,0.0,4
104607,3.0,3,11,,1.0,1.0,1.0,0.0,0.0,3.0,2.0,1.0,1.0,4.0,0.0,11
104608,4.0,1,2,,0.0,,1.0,0.0,0.0,,0.0,,1.0,1.0,0.0,2
104609,3.0,3,4,,0.0,0.0,1.0,0.0,2.0,,0.0,0.0,1.0,1.0,2.0,4
104610,4.0,1,1,,0.0,,1.0,0.0,0.0,,0.0,,1.0,0.0,0.0,1
104611,4.0,1,1,,0.0,,0.0,1.0,0.0,,0.0,,0.0,1.0,0.0,1
104612,2.0,8,8,1.0,1.0,,1.0,4.0,1.0,2.0,1.0,,1.0,4.0,0.0,8
104613,2.0,7,7,4.0,0.0,0.0,1.0,2.0,0.0,4.0,0.0,0.0,0.0,3.0,0.0,7
104614,4.0,1,1,,0.0,,1.0,0.0,0.0,,0.0,,1.0,0.0,0.0,1
104615,3.0,8,5,,1.0,2.0,1.0,1.0,3.0,,1.0,2.0,0.0,0.0,2.0,8
104616,3.0,5,3,1.0,0.0,,1.0,3.0,0.0,,0.0,,1.0,2.0,0.0,5
104617,4.0,9,9,4.0,1.0,,1.0,3.0,0.0,4.0,1.0,0.0,1.0,3.0,0.0,9
104618,2.0,10,5,3.0,2.0,,1.0,4.0,0.0,2.0,,,1.0,2.0,0.0,10
104619,1.0,10,9,4.0,0.0,1.0,1.0,3.0,1.0,3.0,0.0,1.0,1.0,3.0,1.0,10
104620,3.0,1,2,,0.0,,0.0,0.0,1.0,,0.0,,1.0,1.0,0.0,2
104621,3.0,6,6,,4.0,,1.0,0.0,1.0,,4.0,,1.0,0.0,1.0,6
104622,2.0,8,2,3.0,0.0,,1.0,4.0,0.0,,1.0,,1.0,0.0,0.0,8
104623,2.0,7,1,2.0,0.0,,1.0,4.0,0.0,,0.0,,1.0,0.0,0.0,7
104624,2.0,7,0,,2.0,,1.0,4.0,0.0,,0.0,,0.0,0.0,0.0,7
104625,3.0,1,0,,0.0,,1.0,0.0,0.0,,0.0,,0.0,0.0,0.0,1
104626,2.0,9,1,3.0,0.0,,1.0,4.0,1.0,,0.0,,1.0,0.0,0.0,9
104627,3.0,1,1,,0.0,0.0,0.0,1.0,0.0,,0.0,0.0,1.0,0.0,0.0,1
104628,3.0,3,6,,0.0,,1.0,1.0,1.0,1.0,1.0,,1.0,3.0,0.0,6
104629,2.0,9,2,2.0,2.0,,1.0,4.0,0.0,,1.0,,1.0,0.0,0.0,9
104630,3.0,4,4,,3.0,,0.0,1.0,0.0,,2.0,1.0,0.0,1.0,0.0,4
104631,4.0,1,5,,0.0,,1.0,0.0,0.0,2.0,0.0,,1.0,1.0,1.0,5
104632,4.0,8,5,3.0,0.0,,1.0,4.0,0.0,2.0,0.0,,1.0,2.0,0.0,8
104633,2.0,8,4,3.0,0.0,,1.0,4.0,0.0,,2.0,,1.0,0.0,1.0,8
104634,4.0,10,10,3.0,2.0,,1.0,4.0,0.0,3.0,2.0,,1.0,4.0,0.0,10
104635,4.0,4,3,,0.0,2.0,1.0,0.0,1.0,,0.0,1.0,1.0,0.0,1.0,4
104636,4.0,7,4,,3.0,2.0,1.0,0.0,1.0,,3.0,1.0,0.0,0.0,0.0,7
104637,3.0,4,5,,0.0,,1.0,1.0,2.0,,0.0,0.0,0.0,3.0,2.0,5
104638,1.0,10,8,4.0,0.0,0.0,1.0,4.0,1.0,3.0,1.0,0.0,1.0,2.0,1.0,10
104639,2.0,8,2,3.0,0.0,,1.0,4.0,0.0,,1.0,,1.0,0.0,0.0,8
104640,1.0,1,2,,1.0,,0.0,0.0,0.0,,1.0,,1.0,0.0,0.0,2
104641,2.0,5,14,2.0,0.0,1.0,1.0,0.0,1.0,4.0,0.0,3.0,1.0,4.0,2.0,14
104642,1.0,2,6,,1.0,0.0,1.0,0.0,0.0,1.0,1.0,0.0,1.0,3.0,0.0,6
104643,2.0,6,5,,0.0,,1.0,1.0,4.0,,,,1.0,0.0,4.0,6
104644,2.0,8,8,2.0,1.0,,1.0,4.0,0.0,1.0,2.0,1.0,1.0,2.0,1.0,8
104645,4.0,4,1,,,,1.0,3.0,,,,,1.0,0.0,,4
104646,4.0,5,2,1.0,0.0,,1.0,3.0,0.0,,0.0,,1.0,1.0,0.0,5
104647,2.0,1,1,,0.0,,1.0,0.0,0.0,,0.0,,1.0,0.0,0.0,1
104648,3.0,7,8,,2.0,3.0,1.0,0.0,1.0,,2.0,3.0,0.0,1.0,2.0,8
104649,4.0,3,6,,0.0,,0.0,3.0,0.0,1.0,0.0,,1.0,4.0,0.0,6
104650,4.0,8,4,2.0,0.0,,1.0,4.0,1.0,,,,1.0,3.0,0.0,8
104651,2.0,6,2,2.0,1.0,,1.0,2.0,0.0,,1.0,,1.0,0.0,0.0,6
104652,1.0,1,1,,0.0,0.0,1.0,0.0,0.0,,0.0,0.0,0.0,1.0,0.0,1
104653,4.0,4,5,2.0,,,1.0,1.0,,,,,0.0,1.0,4.0,5
104654,3.0,7,5,3.0,0.0,,1.0,3.0,0.0,3.0,,,0.0,2.0,0.0,7
104655,2.0,9,5,3.0,1.0,,1.0,4.0,0.0,2.0,0.0,,1.0,2.0,0.0,9
104656,2.0,7,8,2.0,0.0,0.0,1.0,4.0,0.0,2.0,1.0,0.0,1.0,4.0,0.0,8
104657,4.0,2,2,,0.0,,1.0,0.0,1.0,,0.0,,1.0,0.0,1.0,2
104658,2.0,3,1,,0.0,,1.0,1.0,1.0,,0.0,,1.0,0.0,0.0,3
104659,1.0,1,0,,0.0,0.0,1.0,0.0,0.0,,0.0,0.0,0.0,0.0,0.0,1
104660,3.0,6,8,,0.0,0.0,1.0,1.0,4.0,,1.0,1.0,1.0,1.0,4.0,8
104661,4.0,2,2,,0.0,2.0,0.0,0.0,0.0,,0.0,2.0,0.0,0.0,0.0,2
104662,4.0,6,4,2.0,0.0,,1.0,3.0,0.0,0.0,0.0,,1.0,3.0,0.0,6
104663,2.0,8,1,3.0,0.0,0.0,1.0,4.0,0.0,,0.0,0.0,1.0,0.0,0.0,8
104664,2.0,8,2,2.0,0.0,,1.0,4.0,1.0,,1.0,,1.0,0.0,0.0,8
104665,2.0,6,4,,1.0,,1.0,4.0,0.0,,1.0,,1.0,2.0,0.0,6
104666,4.0,1,2,,0.0,,1.0,0.0,0.0,,0.0,,0.0,2.0,0.0,2
104667,3.0,3,3,,1.0,,,,2.0,,1.0,,,,2.0,3
104668,2.0,9,1,4.0,0.0,,1.0,4.0,0.0,,0.0,,1.0,0.0,0.0,9
104669,2.0,9,7,3.0,1.0,,1.0,4.0,0.0,2.0,1.0,,1.0,3.0,0.0,9
104670,3.0,7,7,3.0,0.0,0.0,1.0,3.0,0.0,3.0,0.0,0.0,1.0,3.0,0.0,7
104671,3.0,6,5,0.0,1.0,1.0,1.0,3.0,0.0,1.0,1.0,0.0,0.0,3.0,0.0,6
104672,3.0,6,3,2.0,0.0,,1.0,3.0,0.0,2.0,0.0,,1.0,0.0,0.0,6
104673,2.0,9,9,2.0,1.0,0.0,1.0,4.0,1.0,3.0,2.0,0.0,1.0,3.0,0.0,9
104674,4.0,6,6,1.0,1.0,0.0,1.0,3.0,0.0,1.0,1.0,0.0,0.0,4.0,0.0,6
104675,2.0,8,8,,2.0,,1.0,4.0,1.0,,2.0,,1.0,4.0,1.0,8
104676,2.0,7,3,1.0,2.0,,1.0,2.0,1.0,,2.0,,1.0,0.0,0.0,7
104677,2.0,7,5,2.0,0.0,,1.0,4.0,0.0,,2.0,,1.0,2.0,0.0,7
104678,3.0,7,6,2.0,0.0,0.0,1.0,4.0,0.0,2.0,0.0,0.0,1.0,3.0,0.0,7
104679,3.0,7,3,2.0,0.0,,1.0,1.0,3.0,,0.0,,0.0,1.0,2.0,7
104680,1.0,10,6,3.0,0.0,0.0,1.0,4.0,2.0,1.0,0.0,0.0,1.0,3.0,1.0,10
104681,3.0,0,0,,0.0,0.0,,,0.0,,0.0,0.0,,,0.0,0
104682,4.0,7,7,3.0,1.0,,1.0,2.0,0.0,3.0,1.0,0.0,0.0,3.0,0.0,7
104683,2.0,9,8,2.0,1.0,,1.0,4.0,1.0,4.0,1.0,,1.0,0.0,2.0,9
104684,4.0,5,6,1.0,0.0,,1.0,3.0,0.0,1.0,,,1.0,4.0,0.0,6
104685,3.0,7,5,2.0,0.0,,1.0,4.0,0.0,1.0,0.0,,1.0,3.0,0.0,7
104686,1.0,3,1,,0.0,,0.0,2.0,1.0,,0.0,0.0,1.0,0.0,0.0,3
104687,2.0,11,5,4.0,2.0,,1.0,4.0,0.0,2.0,1.0,,1.0,0.0,1.0,11
104688,4.0,1,0,,0.0,,0.0,1.0,0.0,,0.0,,0.0,0.0,0.0,1
104689,2.0,10,8,3.0,2.0,,1.0,4.0,0.0,2.0,2.0,,1.0,3.0,0.0,10
104690,4.0,4,2,,1.0,,1.0,2.0,0.0,,1.0,,1.0,0.0,0.0,4
104691,4.0,3,4,,2.0,,1.0,0.0,0.0,,2.0,,1.0,1.0,0.0,4
104692,3.0,3,3,,3.0,0.0,,,0.0,,3.0,0.0,,,0.0,3
104693,3.0,7,6,2.0,0.0,0.0,1.0,3.0,1.0,2.0,0.0,0.0,1.0,3.0,0.0,7
104694,1.0,6,4,2.0,0.0,0.0,1.0,3.0,0.0,1.0,0.0,0.0,1.0,2.0,0.0,6
104695,2.0,9,0,3.0,0.0,,1.0,4.0,1.0,,0.0,,0.0,0.0,0.0,9
104696,1.0,5,6,,1.0,1.0,1.0,1.0,1.0,2.0,0.0,1.0,1.0,1.0,1.0,6
104697,3.0,9,8,4.0,0.0,,1.0,4.0,0.0,4.0,0.0,,0.0,4.0,0.0,9
104698,3.0,2,3,0.0,0.0,,0.0,2.0,0.0,,0.0,,1.0,2.0,0.0,3
104699,3.0,5,4,2.0,0.0,0.0,1.0,2.0,0.0,1.0,0.0,0.0,1.0,2.0,0.0,5
104700,3.0,6,6,,3.0,2.0,1.0,0.0,0.0,,3.0,2.0,1.0,0.0,0.0,6
104701,4.0,2,0,2.0,0.0,0.0,0.0,0.0,0.0,,0.0,0.0,0.0,0.0,0.0,2
104702,3.0,4,4,,0.0,,1.0,2.0,1.0,,0.0,,1.0,2.0,1.0,4
104703,3.0,1,0,,0.0,0.0,1.0,0.0,0.0,,0.0,0.0,0.0,0.0,0.0,1
104704,1.0,3,1,,0.0,,1.0,2.0,0.0,,0.0,,0.0,1.0,0.0,3
104705,1.0,1,1,,0.0,,1.0,0.0,0.0,,0.0,,1.0,0.0,0.0,1
104706,1.0,6,6,1.0,2.0,,1.0,2.0,0.0,2.0,1.0,,1.0,2.0,0.0,6
104707,3.0,7,5,3.0,0.0,0.0,1.0,3.0,0.0,2.0,0.0,0.0,0.0,3.0,0.0,7
104708,4.0,13,15,4.0,1.0,1.0,1.0,4.0,2.0,4.0,1.0,2.0,1.0,4.0,3.0,15
104709,3.0,9,9,4.0,0.0,,1.0,4.0,0.0,4.0,0.0,0.0,1.0,4.0,0.0,9
104710,4.0,5,3,1.0,0.0,,0.0,4.0,0.0,0.0,0.0,,0.0,3.0,0.0,5
104711,2.0,6,2,1.0,0.0,0.0,1.0,4.0,0.0,,1.0,0.0,1.0,0.0,0.0,6
104712,3.0,8,7,,2.0,2.0,1.0,2.0,1.0,,2.0,2.0,1.0,2.0,0.0,8
104713,3.0,8,7,,3.0,2.0,0.0,3.0,0.0,,3.0,2.0,1.0,1.0,0.0,8
104714,4.0,1,1,,0.0,0.0,1.0,0.0,0.0,,0.0,0.0,1.0,0.0,0.0,1
104715,2.0,9,3,3.0,1.0,,1.0,4.0,0.0,,1.0,,1.0,0.0,1.0,9
104716,4.0,2,2,,0.0,,0.0,1.0,1.0,,0.0,0.0,0.0,1.0,1.0,2
104717,2.0,11,4,3.0,2.0,,1.0,4.0,1.0,,1.0,,1.0,0.0,2.0,11
104718,1.0,2,1,2.0,0.0,,0.0,0.0,0.0,,0.0,,1.0,0.0,0.0,2
104719,1.0,5,6,1.0,0.0,0.0,1.0,3.0,0.0,2.0,0.0,0.0,1.0,3.0,0.0,6
104720,3.0,2,2,,0.0,0.0,1.0,0.0,1.0,,0.0,0.0,1.0,0.0,1.0,2
104721,1.0,5,7,,0.0,,1.0,2.0,2.0,,,,1.0,2.0,4.0,7
104722,2.0,6,1,0.0,1.0,,1.0,4.0,0.0,,1.0,,0.0,0.0,0.0,6
104723,2.0,8,6,2.0,0.0,,1.0,4.0,1.0,2.0,1.0,,1.0,0.0,2.0,8
104724,1.0,10,4,4.0,0.0,0.0,1.0,4.0,1.0,2.0,1.0,0.0,0.0,0.0,1.0,10
104725,2.0,5,1,,0.0,,1.0,4.0,0.0,,1.0,,0.0,0.0,0.0,5
104726,2.0,14,18,4.0,2.0,2.0,1.0,4.0,1.0,4.0,3.0,2.0,1.0,4.0,4.0,18
104727,3.0,2,0,,,,1.0,1.0,0.0,,0.0,,0.0,0.0,0.0,2
104728,3.0,1,2,,0.0,0.0,,,1.0,,1.0,0.0,,,1.0,2
104729,2.0,0,8,,,,0.0,0.0,,2.0,1.0,,1.0,4.0,0.0,8
104730,1.0,0,0,,0.0,0.0,0.0,0.0,0.0,,0.0,0.0,0.0,0.0,0.0,0
104731,3.0,5,5,,2.0,,1.0,1.0,1.0,2.0,1.0,,0.0,1.0,1.0,5
104732,1.0,1,1,,0.0,,1.0,0.0,0.0,,0.0,,1.0,0.0,0.0,1
104733,2.0,7,1,2.0,0.0,,1.0,4.0,0.0,,0.0,,1.0,0.0,0.0,7
104734,3.0,7,7,3.0,0.0,,1.0,3.0,0.0,3.0,0.0,,1.0,3.0,0.0,7
104735,2.0,8,2,2.0,1.0,,1.0,4.0,0.0,,1.0,,1.0,0.0,0.0,8
104736,2.0,8,2,2.0,1.0,,1.0,4.0,0.0,,1.0,,1.0,0.0,0.0,8
104737,3.0,13,13,4.0,4.0,0.0,1.0,4.0,0.0,4.0,4.0,0.0,1.0,4.0,0.0,13
104738,1.0,11,7,4.0,1.0,,1.0,4.0,1.0,3.0,1.0,,0.0,3.0,0.0,11
104739,4.0,2,3,,1.0,,1.0,0.0,0.0,,2.0,,1.0,0.0,0.0,3
104740,1.0,3,2,,0.0,,0.0,1.0,2.0,,0.0,,0.0,0.0,2.0,3
104741,3.0,10,8,4.0,0.0,0.0,1.0,3.0,2.0,3.0,0.0,0.0,1.0,3.0,1.0,10
104742,4.0,6,4,2.0,0.0,,0.0,4.0,0.0,,,,,4.0,,6
104743,4.0,8,7,2.0,2.0,0.0,0.0,4.0,0.0,2.0,1.0,0.0,1.0,3.0,0.0,8
104744,3.0,3,4,,0.0,,1.0,0.0,2.0,,,,1.0,0.0,3.0,4
104745,3.0,9,8,3.0,0.0,,1.0,4.0,1.0,3.0,0.0,,1.0,3.0,1.0,9
104746,4.0,3,5,,2.0,,0.0,1.0,0.0,,2.0,,0.0,3.0,0.0,5
104747,4.0,7,6,2.0,0.0,,1.0,3.0,1.0,2.0,0.0,,1.0,3.0,0.0,7
104748,4.0,3,3,,0.0,,1.0,2.0,0.0,,0.0,,1.0,2.0,0.0,3
104749,3.0,6,4,,0.0,,1.0,2.0,3.0,,0.0,,1.0,1.0,2.0,6
104750,2.0,6,1,1.0,0.0,,1.0,4.0,0.0,,0.0,,1.0,0.0,0.0,6
104751,3.0,9,9,2.0,1.0,0.0,0.0,3.0,3.0,2.0,1.0,0.0,0.0,3.0,3.0,9
104752,4.0,5,2,2.0,0.0,,0.0,3.0,0.0,,0.0,,0.0,2.0,0.0,5
104753,1.0,1,1,,0.0,0.0,1.0,0.0,0.0,,0.0,0.0,1.0,0.0,0.0,1
104754,3.0,7,8,,3.0,2.0,0.0,0.0,2.0,,3.0,2.0,0.0,0.0,3.0,8
104755,3.0,12,7,4.0,2.0,1.0,1.0,4.0,0.0,2.0,2.0,0.0,1.0,2.0,0.0,12
104756,3.0,1,5,,0.0,,1.0,0.0,0.0,,4.0,,1.0,0.0,0.0,5
104757,3.0,5,4,0.0,0.0,,1.0,4.0,0.0,,,,0.0,4.0,0.0,5
104758,3.0,1,0,,0.0,0.0,1.0,0.0,0.0,,0.0,0.0,0.0,0.0,0.0,1
104759,4.0,5,3,0.0,0.0,,1.0,4.0,0.0,1.0,0.0,,0.0,2.0,0.0,5
104760,4.0,13,14,3.0,2.0,4.0,0.0,4.0,0.0,3.0,2.0,4.0,1.0,4.0,0.0,14
104761,4.0,4,5,,0.0,0.0,0.0,3.0,1.0,0.0,0.0,0.0,0.0,4.0,1.0,5
104762,3.0,2,2,,1.0,,1.0,0.0,0.0,,1.0,,1.0,0.0,0.0,2
104763,3.0,7,5,0.0,1.0,,1.0,3.0,2.0,,0.0,,0.0,3.0,2.0,7
104764,2.0,7,3,3.0,0.0,0.0,0.0,4.0,0.0,,0.0,0.0,0.0,3.0,0.0,7
104765,2.0,9,9,3.0,1.0,,1.0,4.0,0.0,3.0,0.0,,1.0,4.0,1.0,9
104766,3.0,1,1,,0.0,,1.0,0.0,0.0,,0.0,,1.0,0.0,0.0,1
104767,4.0,1,2,,0.0,,0.0,1.0,0.0,,0.0,,1.0,1.0,0.0,2
104768,1.0,1,1,,0.0,,1.0,0.0,,,,,1.0,0.0,0.0,1
104769,3.0,0,0,,,,,,,,,,,,,0
104770,4.0,2,0,,0.0,,0.0,1.0,1.0,,0.0,,0.0,0.0,0.0,2
104771,2.0,7,2,1.0,1.0,,1.0,4.0,0.0,,1.0,,1.0,0.0,0.0,7
104772,4.0,7,6,3.0,0.0,,1.0,3.0,0.0,3.0,0.0,,0.0,3.0,0.0,7
104773,2.0,7,1,2.0,0.0,,1.0,4.0,0.0,,0.0,,1.0,0.0,0.0,7
104774,4.0,20,19,4.0,3.0,4.0,1.0,4.0,4.0,3.0,3.0,4.0,1.0,4.0,4.0,20
104775,4.0,6,5,1.0,1.0,,1.0,3.0,0.0,1.0,1.0,,0.0,3.0,0.0,6
104776,2.0,11,5,3.0,1.0,2.0,1.0,4.0,0.0,,1.0,2.0,1.0,1.0,0.0,11
104777,3.0,7,5,2.0,0.0,0.0,1.0,3.0,1.0,,0.0,0.0,1.0,3.0,1.0,7
104778,3.0,7,1,2.0,0.0,1.0,1.0,3.0,0.0,,0.0,1.0,0.0,0.0,0.0,7
104779,3.0,1,1,,0.0,,1.0,0.0,0.0,,0.0,,1.0,0.0,0.0,1
104780,3.0,4,2,,0.0,0.0,0.0,4.0,0.0,,0.0,0.0,0.0,2.0,0.0,4
104781,4.0,2,3,,0.0,,0.0,2.0,0.0,,0.0,,1.0,2.0,0.0,3
104782,4.0,8,7,2.0,0.0,,1.0,4.0,1.0,1.0,0.0,,1.0,3.0,2.0,8
104783,3.0,14,9,4.0,3.0,2.0,1.0,4.0,0.0,1.0,3.0,2.0,0.0,3.0,0.0,14
104784,2.0,8,0,3.0,0.0,,1.0,4.0,0.0,,0.0,,0.0,0.0,0.0,8
104785,3.0,1,1,,0.0,1.0,,,0.0,,0.0,1.0,,,0.0,1
104786,2.0,9,5,3.0,1.0,,1.0,4.0,0.0,,2.0,,1.0,2.0,0.0,9
104787,3.0,9,7,2.0,0.0,,1.0,3.0,3.0,3.0,0.0,,0.0,0.0,4.0,9
104788,3.0,10,10,2.0,2.0,3.0,0.0,3.0,0.0,2.0,2.0,3.0,0.0,3.0,0.0,10
104789,3.0,7,5,2.0,0.0,1.0,0.0,4.0,0.0,,,1.0,1.0,3.0,0.0,7
104790,3.0,5,4,,2.0,1.0,1.0,1.0,0.0,,3.0,0.0,0.0,1.0,0.0,5
104791,3.0,7,3,,3.0,0.0,0.0,3.0,1.0,,3.0,0.0,0.0,0.0,0.0,7
104792,3.0,11,14,4.0,3.0,0.0,1.0,3.0,0.0,3.0,4.0,0.0,1.0,3.0,3.0,14
104793,2.0,3,3,,0.0,,1.0,2.0,0.0,,1.0,,1.0,1.0,0.0,3
104794,3.0,14,14,2.0,2.0,1.0,1.0,4.0,4.0,1.0,2.0,2.0,1.0,4.0,4.0,14
104795,3.0,2,2,,0.0,,1.0,0.0,1.0,,1.0,,1.0,0.0,0.0,2
104796,2.0,8,6,3.0,0.0,,1.0,4.0,0.0,2.0,1.0,,1.0,2.0,0.0,8
104797,3.0,2,1,,0.0,,1.0,0.0,1.0,,1.0,,0.0,0.0,0.0,2
104798,4.0,1,1,,0.0,,1.0,0.0,0.0,,0.0,,1.0,0.0,0.0,1
104799,1.0,3,3,,2.0,0.0,0.0,0.0,1.0,,2.0,0.0,0.0,0.0,1.0,3
104800,1.0,3,1,2.0,0.0,,1.0,0.0,0.0,,0.0,,1.0,0.0,0.0,3
104801,2.0,2,1,,0.0,,1.0,1.0,0.0,,0.0,,1.0,0.0,0.0,2
104802,1.0,8,6,3.0,1.0,0.0,1.0,3.0,0.0,2.0,1.0,0.0,1.0,2.0,0.0,8
104803,4.0,0,1,,0.0,,0.0,0.0,0.0,,0.0,,1.0,0.0,0.0,1
104804,1.0,5,4,,1.0,2.0,1.0,0.0,1.0,,1.0,1.0,1.0,0.0,1.0,5
104805,2.0,6,1,3.0,0.0,,1.0,2.0,0.0,,0.0,,1.0,0.0,0.0,6
104806,3.0,9,7,3.0,1.0,,1.0,4.0,0.0,,2.0,,1.0,3.0,1.0,9
104807,2.0,10,5,3.0,1.0,,1.0,4.0,1.0,,1.0,,1.0,2.0,1.0,10
104808,3.0,1,1,,,,1.0,0.0,0.0,,0.0,,0.0,0.0,1.0,1
104809,3.0,1,1,,0.0,,0.0,0.0,1.0,,0.0,,0.0,0.0,1.0,1
104810,1.0,2,1,,0.0,0.0,1.0,0.0,1.0,,0.0,0.0,1.0,0.0,0.0,2
104811,3.0,3,5,,1.0,0.0,1.0,1.0,0.0,2.0,1.0,0.0,0.0,2.0,0.0,5
104812,4.0,0,0,,0.0,,0.0,0.0,0.0,,0.0,,0.0,0.0,0.0,0
104813,2.0,8,5,3.0,0.0,,1.0,4.0,0.0,2.0,1.0,,1.0,1.0,0.0,8
104814,3.0,1,1,,0.0,0.0,1.0,0.0,0.0,,0.0,0.0,1.0,0.0,0.0,1
104815,3.0,6,3,3.0,0.0,0.0,1.0,2.0,0.0,1.0,0.0,0.0,0.0,2.0,0.0,6
104816,3.0,5,4,1.0,0.0,0.0,1.0,3.0,0.0,1.0,0.0,0.0,1.0,2.0,0.0,5
104817,2.0,2,1,,0.0,,1.0,0.0,1.0,,0.0,,1.0,0.0,0.0,2
104818,3.0,2,2,,0.0,,1.0,0.0,1.0,,,,1.0,0.0,1.0,2
104819,2.0,1,7,,0.0,0.0,1.0,0.0,0.0,2.0,0.0,0.0,1.0,4.0,0.0,7
104820,4.0,5,6,0.0,1.0,,0.0,4.0,0.0,1.0,2.0,,1.0,2.0,0.0,6
104821,2.0,8,8,3.0,1.0,,1.0,2.0,1.0,2.0,1.0,,1.0,2.0,2.0,8
104822,4.0,6,8,2.0,0.0,,0.0,4.0,0.0,3.0,1.0,,0.0,4.0,0.0,8
104823,4.0,3,1,,1.0,,1.0,0.0,1.0,,0.0,,1.0,0.0,0.0,3
104824,1.0,1,1,,0.0,,1.0,0.0,0.0,,0.0,,1.0,0.0,0.0,1
104825,3.0,4,4,2.0,0.0,0.0,1.0,1.0,0.0,2.0,0.0,0.0,1.0,1.0,0.0,4
104826,2.0,10,7,4.0,1.0,,1.0,4.0,0.0,4.0,0.0,,1.0,2.0,0.0,10
104827,4.0,12,11,2.0,2.0,0.0,1.0,4.0,3.0,2.0,1.0,0.0,1.0,4.0,3.0,12
104828,3.0,5,5,,0.0,4.0,1.0,0.0,0.0,,0.0,4.0,0.0,1.0,0.0,5
104829,3.0,3,7,,,,1.0,1.0,1.0,,2.0,3.0,1.0,0.0,1.0,7
104830,4.0,1,9,,0.0,0.0,0.0,1.0,0.0,3.0,0.0,0.0,1.0,4.0,1.0,9
104831,2.0,8,7,3.0,0.0,,1.0,4.0,0.0,3.0,1.0,,1.0,2.0,0.0,8
104832,1.0,0,1,,0.0,,0.0,0.0,0.0,,0.0,,0.0,1.0,0.0,1
104833,2.0,8,5,2.0,2.0,,1.0,2.0,1.0,,2.0,,1.0,1.0,1.0,8
104834,3.0,11,6,4.0,0.0,0.0,1.0,4.0,2.0,2.0,,0.0,0.0,3.0,1.0,11
104835,3.0,14,11,3.0,3.0,2.0,1.0,4.0,1.0,1.0,3.0,2.0,0.0,4.0,1.0,14
104836,3.0,5,3,1.0,0.0,,1.0,3.0,0.0,,0.0,,1.0,2.0,0.0,5
104837,2.0,9,7,3.0,1.0,,1.0,4.0,0.0,3.0,2.0,,1.0,0.0,1.0,9
104838,1.0,2,1,2.0,0.0,0.0,0.0,0.0,0.0,,1.0,0.0,0.0,0.0,0.0,2
104839,3.0,7,9,3.0,0.0,0.0,0.0,2.0,2.0,3.0,0.0,0.0,1.0,3.0,2.0,9
104840,4.0,7,9,3.0,0.0,,1.0,3.0,0.0,4.0,1.0,,1.0,3.0,0.0,9
104841,2.0,7,1,1.0,0.0,,1.0,4.0,1.0,,0.0,,1.0,0.0,0.0,7
104842,2.0,11,14,3.0,1.0,2.0,1.0,4.0,0.0,4.0,3.0,2.0,1.0,4.0,0.0,14
104843,2.0,9,2,2.0,2.0,,1.0,4.0,0.0,,1.0,,1.0,0.0,0.0,9
104844,2.0,4,7,3.0,0.0,,1.0,0.0,0.0,3.0,1.0,,1.0,2.0,0.0,7
104845,4.0,10,10,4.0,1.0,,1.0,4.0,0.0,4.0,1.0,,1.0,4.0,0.0,10
104846,3.0,4,1,0.0,0.0,,0.0,4.0,0.0,,0.0,,0.0,1.0,0.0,4
104847,3.0,8,6,4.0,0.0,,1.0,3.0,0.0,3.0,0.0,,1.0,2.0,0.0,8
104848,3.0,9,6,,4.0,3.0,1.0,1.0,0.0,,3.0,2.0,1.0,0.0,0.0,9
104849,3.0,3,1,,0.0,,1.0,2.0,0.0,,0.0,,1.0,0.0,0.0,3
104850,3.0,7,0,4.0,0.0,,1.0,2.0,0.0,,0.0,,0.0,0.0,0.0,7
104851,3.0,9,3,3.0,0.0,,0.0,3.0,3.0,,0.0,,0.0,0.0,3.0,9
104852,4.0,1,2,,0.0,,1.0,0.0,0.0,,0.0,,1.0,1.0,0.0,2
104853,2.0,5,1,2.0,0.0,,1.0,2.0,0.0,,0.0,,1.0,0.0,0.0,5
104854,3.0,6,5,,1.0,,1.0,1.0,3.0,,0.0,,1.0,1.0,3.0,6
104855,4.0,8,7,,0.0,,0.0,4.0,4.0,,0.0,0.0,0.0,3.0,4.0,8
104856,3.0,1,1,,0.0,0.0,1.0,0.0,0.0,,0.0,0.0,1.0,0.0,0.0,1
104857,4.0,3,4,,0.0,0.0,1.0,1.0,1.0,,0.0,0.0,1.0,2.0,1.0,4
104858,3.0,6,6,1.0,0.0,1.0,1.0,3.0,0.0,1.0,0.0,1.0,1.0,3.0,0.0,6
104859,3.0,7,4,3.0,0.0,,0.0,3.0,1.0,,0.0,,1.0,3.0,0.0,7
104860,1.0,2,0,,0.0,0.0,1.0,0.0,1.0,,0.0,0.0,0.0,0.0,0.0,2
104861,2.0,9,4,3.0,2.0,,0.0,4.0,0.0,,2.0,,1.0,1.0,0.0,9
104862,2.0,5,0,2.0,0.0,,0.0,3.0,0.0,,0.0,,0.0,0.0,0.0,5
104863,4.0,0,2,,0.0,,0.0,0.0,0.0,,0.0,,1.0,1.0,0.0,2
104864,2.0,8,1,2.0,1.0,,1.0,4.0,0.0,,0.0,,1.0,0.0,0.0,8
104865,1.0,1,7,,1.0,0.0,0.0,0.0,0.0,,1.0,0.0,1.0,4.0,1.0,7
104866,1.0,8,2,4.0,0.0,,1.0,3.0,0.0,,1.0,,0.0,0.0,1.0,8
104867,3.0,6,2,,1.0,,1.0,4.0,0.0,,1.0,,1.0,0.0,0.0,6
104868,2.0,11,2,3.0,2.0,0.0,1.0,4.0,1.0,,1.0,0.0,1.0,0.0,0.0,11
104869,4.0,6,4,2.0,1.0,,1.0,2.0,0.0,,1.0,,1.0,2.0,0.0,6
104870,4.0,7,6,2.0,1.0,0.0,1.0,3.0,0.0,3.0,1.0,0.0,0.0,2.0,0.0,7
104871,4.0,10,8,1.0,1.0,1.0,1.0,4.0,2.0,0.0,1.0,1.0,1.0,3.0,2.0,10
104872,3.0,12,10,3.0,2.0,0.0,0.0,3.0,4.0,1.0,2.0,0.0,0.0,3.0,4.0,12
104873,3.0,1,2,,0.0,,1.0,0.0,0.0,,1.0,0.0,1.0,0.0,0.0,2
104874,2.0,10,1,4.0,1.0,,1.0,4.0,0.0,,0.0,,1.0,0.0,0.0,10
104875,3.0,1,1,,0.0,,1.0,0.0,0.0,,0.0,,1.0,0.0,0.0,1
104876,3.0,9,8,3.0,0.0,0.0,1.0,3.0,2.0,3.0,0.0,0.0,1.0,3.0,1.0,9
104877,3.0,7,5,,1.0,,1.0,1.0,4.0,,1.0,,0.0,0.0,4.0,7
104878,3.0,2,1,2.0,0.0,,0.0,0.0,0.0,1.0,0.0,,0.0,0.0,0.0,2
104879,4.0,2,1,2.0,0.0,0.0,0.0,0.0,0.0,,0.0,0.0,1.0,0.0,0.0,2
104880,3.0,13,13,3.0,2.0,3.0,1.0,4.0,0.0,3.0,2.0,3.0,1.0,4.0,0.0,13
104881,3.0,8,4,2.0,1.0,,1.0,2.0,2.0,,1.0,,0.0,2.0,1.0,8
104882,3.0,6,7,0.0,0.0,0.0,0.0,3.0,3.0,1.0,0.0,0.0,0.0,2.0,4.0,7
104883,3.0,3,3,,0.0,,1.0,2.0,0.0,,0.0,,1.0,2.0,0.0,3
104884,3.0,8,10,3.0,1.0,0.0,1.0,3.0,0.0,4.0,1.0,0.0,1.0,4.0,0.0,10
104885,4.0,0,0,,0.0,,0.0,0.0,0.0,,0.0,,0.0,0.0,0.0,0
104886,1.0,10,6,4.0,0.0,,1.0,4.0,1.0,2.0,0.0,0.0,1.0,2.0,1.0,10
104887,4.0,4,3,,1.0,,1.0,1.0,1.0,,1.0,,1.0,1.0,0.0,4
104888,3.0,9,3,4.0,0.0,0.0,1.0,3.0,1.0,,0.0,0.0,0.0,3.0,0.0,9
104889,4.0,0,0,,0.0,,0.0,0.0,0.0,,0.0,,0.0,0.0,0.0,0
104890,3.0,5,3,,0.0,0.0,1.0,1.0,3.0,,0.0,0.0,0.0,0.0,3.0,5
104891,2.0,9,8,4.0,0.0,,1.0,4.0,0.0,3.0,0.0,,1.0,4.0,0.0,9
104892,2.0,9,2,2.0,2.0,,1.0,4.0,0.0,,1.0,,1.0,0.0,0.0,9
104893,2.0,8,1,3.0,0.0,,1.0,4.0,0.0,,0.0,,1.0,0.0,0.0,8
104894,3.0,2,3,,0.0,0.0,1.0,0.0,1.0,,0.0,0.0,1.0,1.0,1.0,3
104895,1.0,9,8,4.0,0.0,0.0,1.0,4.0,0.0,2.0,2.0,0.0,1.0,3.0,0.0,9
104896,4.0,6,7,1.0,0.0,,1.0,3.0,1.0,2.0,0.0,,1.0,3.0,1.0,7
104897,4.0,0,1,,0.0,,0.0,0.0,0.0,,0.0,,1.0,0.0,0.0,1
104898,3.0,5,6,1.0,,,1.0,3.0,0.0,2.0,,,1.0,3.0,0.0,6
104899,4.0,5,4,,1.0,,1.0,0.0,3.0,,1.0,,1.0,0.0,2.0,5
104900,2.0,2,0,,0.0,,0.0,1.0,1.0,,0.0,,0.0,0.0,0.0,2
104901,4.0,10,2,4.0,1.0,,1.0,4.0,0.0,,1.0,,1.0,0.0,0.0,10
104902,2.0,9,9,3.0,1.0,,1.0,4.0,0.0,3.0,1.0,,1.0,3.0,1.0,9
104903,2.0,7,2,2.0,0.0,,1.0,4.0,0.0,,1.0,,1.0,0.0,0.0,7
104904,4.0,13,11,3.0,1.0,,1.0,4.0,4.0,2.0,1.0,,1.0,3.0,4.0,13
104905,4.0,5,4,0.0,0.0,,1.0,4.0,0.0,0.0,0.0,,0.0,4.0,0.0,5
104906,4.0,10,9,4.0,2.0,,0.0,4.0,0.0,3.0,3.0,,1.0,2.0,0.0,10
104907,2.0,8,1,3.0,0.0,,1.0,4.0,0.0,,0.0,,1.0,0.0,0.0,8
104908,1.0,0,1,,0.0,,0.0,0.0,0.0,,0.0,,1.0,0.0,0.0,1
104909,1.0,1,1,,0.0,0.0,1.0,0.0,0.0,,0.0,0.0,1.0,0.0,0.0,1
104910,2.0,7,1,4.0,0.0,,1.0,2.0,0.0,,0.0,,1.0,0.0,0.0,7
104911,4.0,5,1,1.0,0.0,0.0,1.0,3.0,0.0,,0.0,0.0,1.0,0.0,0.0,5
104912,3.0,3,2,,0.0,2.0,1.0,0.0,0.0,,0.0,1.0,1.0,0.0,0.0,3
104913,3.0,6,7,,0.0,0.0,0.0,2.0,4.0,,1.0,1.0,0.0,1.0,4.0,7
104914,4.0,2,1,,0.0,,1.0,1.0,0.0,,0.0,,1.0,0.0,0.0,2
104915,3.0,4,4,,1.0,2.0,1.0,0.0,0.0,,1.0,2.0,1.0,0.0,0.0,4
104916,2.0,5,6,0.0,0.0,,1.0,4.0,0.0,1.0,0.0,,1.0,4.0,0.0,6
104917,3.0,7,6,2.0,0.0,,1.0,4.0,0.0,1.0,0.0,,1.0,4.0,0.0,7
104918,3.0,4,4,,0.0,0.0,1.0,0.0,3.0,,0.0,0.0,1.0,0.0,3.0,4
104919,4.0,6,5,2.0,0.0,0.0,1.0,3.0,0.0,2.0,0.0,0.0,0.0,3.0,0.0,6
104920,1.0,1,0,,0.0,,1.0,0.0,0.0,,0.0,,0.0,0.0,0.0,1
104921,1.0,5,7,,0.0,0.0,1.0,4.0,0.0,,3.0,1.0,1.0,2.0,0.0,7
104922,1.0,0,1,,0.0,,0.0,0.0,0.0,,0.0,,1.0,0.0,0.0,1
104923,3.0,7,3,3.0,0.0,0.0,0.0,4.0,0.0,0.0,0.0,0.0,0.0,3.0,0.0,7
104924,3.0,5,5,1.0,0.0,,1.0,3.0,0.0,2.0,0.0,,0.0,3.0,0.0,5
104925,2.0,7,1,2.0,0.0,,1.0,4.0,0.0,,0.0,,1.0,0.0,0.0,7
104926,2.0,7,2,2.0,0.0,,1.0,4.0,0.0,,0.0,,1.0,1.0,0.0,7
104927,4.0,4,6,0.0,0.0,,0.0,4.0,0.0,2.0,0.0,,1.0,3.0,0.0,6
104928,1.0,3,3,,2.0,,,,1.0,,2.0,,,,1.0,3
104929,1.0,1,1,,0.0,,0.0,0.0,1.0,,0.0,,1.0,0.0,0.0,1
104930,2.0,8,3,1.0,1.0,,1.0,4.0,1.0,,1.0,,1.0,0.0,1.0,8
104931,2.0,7,1,3.0,1.0,,1.0,2.0,0.0,,1.0,,0.0,0.0,0.0,7
104932,1.0,1,2,,0.0,0.0,0.0,1.0,0.0,,0.0,0.0,1.0,1.0,0.0,2
104933,2.0,7,1,2.0,0.0,,1.0,4.0,0.0,,0.0,,1.0,0.0,0.0,7
104934,2.0,11,9,4.0,0.0,,1.0,4.0,2.0,4.0,0.0,,1.0,2.0,2.0,11
104935,3.0,8,10,2.0,2.0,0.0,0.0,4.0,0.0,4.0,1.0,0.0,1.0,4.0,0.0,10
104936,2.0,8,6,3.0,0.0,,1.0,4.0,0.0,3.0,0.0,,1.0,2.0,0.0,8
104937,1.0,8,3,3.0,,1.0,1.0,3.0,0.0,,1.0,1.0,1.0,0.0,0.0,8
104938,3.0,8,8,2.0,1.0,0.0,1.0,4.0,0.0,1.0,2.0,0.0,1.0,4.0,0.0,8
104939,2.0,9,3,2.0,1.0,,1.0,4.0,1.0,,0.0,,1.0,0.0,2.0,9
104940,3.0,4,6,,0.0,,1.0,1.0,2.0,,0.0,2.0,1.0,1.0,2.0,6
104941,3.0,4,4,,0.0,0.0,0.0,1.0,3.0,,0.0,0.0,1.0,0.0,3.0,4
104942,1.0,4,4,,1.0,1.0,1.0,0.0,1.0,,1.0,1.0,1.0,0.0,1.0,4
104943,3.0,0,0,,0.0,,,,0.0,,0.0,,,,0.0,0
104944,1.0,1,4,,0.0,,1.0,0.0,0.0,,1.0,,1.0,2.0,0.0,4
104945,4.0,3,4,,0.0,,0.0,3.0,0.0,,0.0,,0.0,4.0,0.0,4
104946,1.0,1,2,,0.0,0.0,0.0,1.0,0.0,,0.0,0.0,1.0,0.0,1.0,2
104947,3.0,9,7,3.0,2.0,0.0,1.0,3.0,0.0,1.0,2.0,0.0,1.0,3.0,0.0,9
104948,1.0,15,14,4.0,2.0,2.0,1.0,4.0,2.0,3.0,2.0,2.0,1.0,4.0,2.0,15
104949,2.0,7,1,2.0,0.0,,1.0,4.0,0.0,,0.0,,0.0,1.0,0.0,7
104950,3.0,0,0,,0.0,,0.0,0.0,0.0,,0.0,,0.0,0.0,0.0,0
104951,3.0,6,5,1.0,0.0,0.0,1.0,4.0,0.0,2.0,0.0,0.0,1.0,2.0,0.0,6
104952,1.0,0,2,,0.0,,0.0,0.0,0.0,,0.0,,1.0,0.0,1.0,2
104953,4.0,1,1,,0.0,,1.0,0.0,0.0,,0.0,,1.0,0.0,0.0,1
104954,3.0,4,4,3.0,0.0,,1.0,0.0,0.0,2.0,0.0,,1.0,1.0,0.0,4
104955,2.0,7,4,3.0,0.0,,1.0,3.0,0.0,,1.0,,1.0,1.0,1.0,7
104956,4.0,6,8,3.0,,,1.0,1.0,1.0,3.0,0.0,,1.0,3.0,1.0,8
104957,3.0,3,1,,2.0,0.0,1.0,0.0,0.0,,0.0,0.0,1.0,0.0,0.0,3
104958,2.0,8,2,2.0,1.0,,1.0,4.0,0.0,2.0,0.0,,0.0,0.0,0.0,8
104959,2.0,8,2,2.0,1.0,,1.0,4.0,0.0,,1.0,,1.0,0.0,0.0,8
104960,1.0,1,0,,0.0,0.0,0.0,0.0,1.0,,0.0,0.0,0.0,0.0,0.0,1
104961,4.0,4,1,2.0,0.0,1.0,1.0,0.0,0.0,,0.0,1.0,0.0,0.0,0.0,4
104962,2.0,8,7,2.0,0.0,0.0,1.0,4.0,1.0,2.0,1.0,0.0,1.0,2.0,1.0,8
104963,4.0,3,3,,0.0,,1.0,2.0,0.0,,0.0,,1.0,2.0,0.0,3
104964,4.0,4,6,,0.0,,1.0,3.0,0.0,2.0,0.0,,1.0,3.0,0.0,6
104965,4.0,6,5,1.0,0.0,,1.0,4.0,0.0,2.0,0.0,,0.0,3.0,0.0,6
104966,4.0,6,5,1.0,0.0,,1.0,4.0,0.0,1.0,0.0,,0.0,4.0,0.0,6
104967,1.0,6,5,2.0,0.0,2.0,1.0,0.0,1.0,2.0,0.0,0.0,1.0,1.0,1.0,6
104968,2.0,10,2,3.0,2.0,,1.0,4.0,0.0,,1.0,,1.0,0.0,0.0,10
104969,4.0,12,15,4.0,0.0,0.0,1.0,4.0,3.0,4.0,0.0,2.0,1.0,4.0,4.0,15
104970,1.0,2,1,0.0,,,1.0,1.0,0.0,,,,1.0,0.0,0.0,2
104971,1.0,1,0,,0.0,0.0,1.0,0.0,0.0,,0.0,0.0,0.0,0.0,0.0,1
104972,3.0,11,2,3.0,0.0,0.0,1.0,3.0,4.0,,0.0,0.0,1.0,0.0,1.0,11
104973,2.0,8,2,2.0,1.0,,1.0,4.0,0.0,,1.0,,1.0,0.0,0.0,8
104974,4.0,1,1,,0.0,,0.0,0.0,1.0,,0.0,,0.0,0.0,1.0,1
104975,3.0,0,0,,0.0,,,,0.0,,0.0,,,,0.0,0
104976,1.0,11,13,2.0,0.0,2.0,0.0,4.0,3.0,3.0,0.0,1.0,1.0,4.0,4.0,13
104977,3.0,2,8,,1.0,0.0,0.0,1.0,0.0,2.0,1.0,3.0,0.0,1.0,1.0,8
104978,3.0,7,7,,1.0,,1.0,1.0,4.0,,1.0,,1.0,1.0,4.0,7
104979,2.0,9,2,2.0,1.0,,1.0,4.0,1.0,,0.0,0.0,1.0,0.0,1.0,9
104980,2.0,9,5,3.0,1.0,,1.0,4.0,0.0,,2.0,,1.0,2.0,0.0,9
104981,4.0,4,3,,0.0,,1.0,0.0,3.0,,0.0,,1.0,1.0,1.0,4
104982,4.0,1,1,,,,1.0,0.0,0.0,,0.0,,1.0,0.0,0.0,1
104983,4.0,5,4,1.0,0.0,0.0,1.0,3.0,0.0,,0.0,0.0,1.0,3.0,0.0,5
104984,4.0,4,0,2.0,0.0,,0.0,2.0,0.0,,0.0,,0.0,0.0,0.0,4
104985,3.0,10,8,2.0,0.0,0.0,1.0,3.0,4.0,2.0,0.0,0.0,0.0,2.0,4.0,10
104986,2.0,9,2,3.0,1.0,,1.0,4.0,0.0,,1.0,,1.0,0.0,0.0,9
104987,3.0,7,5,3.0,0.0,,1.0,3.0,0.0,1.0,0.0,,0.0,4.0,0.0,7
104988,2.0,5,3,,1.0,,1.0,2.0,1.0,,0.0,,1.0,0.0,2.0,5
104989,4.0,7,7,1.0,0.0,,1.0,4.0,1.0,1.0,1.0,,0.0,4.0,1.0,7
104990,3.0,8,10,1.0,2.0,0.0,0.0,4.0,1.0,1.0,3.0,1.0,0.0,4.0,1.0,10
104991,4.0,5,5,2.0,1.0,,0.0,2.0,0.0,3.0,,,0.0,2.0,0.0,5
104992,4.0,2,1,,0.0,,1.0,1.0,0.0,,0.0,,1.0,0.0,0.0,2
104993,1.0,0,9,,0.0,0.0,0.0,0.0,0.0,4.0,0.0,0.0,1.0,4.0,0.0,9
104994,1.0,1,2,,0.0,0.0,0.0,0.0,1.0,,0.0,0.0,1.0,0.0,1.0,2
104995,4.0,9,9,3.0,0.0,2.0,1.0,3.0,0.0,3.0,0.0,2.0,1.0,3.0,0.0,9
104996,4.0,5,8,,1.0,,1.0,3.0,0.0,3.0,1.0,,1.0,3.0,0.0,8
104997,3.0,6,5,2.0,0.0,0.0,1.0,3.0,0.0,2.0,0.0,0.0,1.0,2.0,0.0,6
104998,3.0,10,7,3.0,0.0,1.0,1.0,4.0,1.0,1.0,0.0,1.0,1.0,3.0,1.0,10
104999,3.0,2,3,,1.0,0.0,1.0,0.0,0.0,,1.0,0.0,1.0,1.0,0.0,3
105000,2.0,9,5,3.0,0.0,1.0,1.0,4.0,0.0,2.0,0.0,1.0,0.0,2.0,0.0,9
105001,4.0,3,0,2.0,0.0,,1.0,0.0,0.0,,0.0,,0.0,0.0,0.0,3
105002,4.0,15,16,4.0,1.0,4.0,1.0,4.0,1.0,4.0,2.0,4.0,1.0,4.0,1.0,16
105003,3.0,7,7,2.0,1.0,,1.0,2.0,1.0,2.0,1.0,,1.0,2.0,1.0,7
105004,1.0,10,10,2.0,1.0,,1.0,3.0,3.0,2.0,2.0,,1.0,2.0,3.0,10
105005,2.0,8,8,2.0,0.0,0.0,1.0,4.0,1.0,2.0,0.0,0.0,1.0,3.0,2.0,8
105006,4.0,3,2,,2.0,,0.0,1.0,0.0,,2.0,,0.0,0.0,0.0,3
105007,2.0,10,8,4.0,1.0,,1.0,4.0,0.0,4.0,1.0,,1.0,2.0,0.0,10
105008,4.0,9,7,3.0,1.0,1.0,1.0,3.0,0.0,3.0,0.0,0.0,1.0,3.0,0.0,9
105009,1.0,5,5,,0.0,,1.0,3.0,1.0,2.0,0.0,0.0,0.0,1.0,2.0,5
105010,3.0,7,7,,1.0,,1.0,1.0,4.0,,1.0,,1.0,1.0,4.0,7
105011,2.0,8,7,3.0,0.0,,1.0,4.0,0.0,2.0,1.0,,1.0,3.0,0.0,8
105012,1.0,10,8,3.0,2.0,0.0,1.0,4.0,0.0,3.0,2.0,0.0,0.0,3.0,0.0,10
105013,4.0,4,5,,2.0,,0.0,0.0,2.0,,3.0,,0.0,0.0,2.0,5
105014,1.0,4,3,,0.0,1.0,1.0,0.0,2.0,,0.0,1.0,1.0,0.0,1.0,4
105015,4.0,10,6,4.0,0.0,,1.0,3.0,2.0,2.0,0.0,,0.0,2.0,2.0,10
105016,4.0,1,0,,0.0,,0.0,1.0,0.0,,0.0,,0.0,0.0,0.0,1
105017,4.0,2,3,,0.0,,1.0,1.0,0.0,,0.0,,0.0,2.0,1.0,3
105018,4.0,6,6,1.0,0.0,,1.0,4.0,0.0,0.0,0.0,,1.0,4.0,1.0,6
105019,3.0,3,6,,0.0,0.0,1.0,0.0,2.0,2.0,0.0,0.0,1.0,1.0,2.0,6
105020,3.0,3,6,,0.0,,0.0,3.0,0.0,3.0,0.0,0.0,0.0,3.0,0.0,6
105021,3.0,2,1,,0.0,,1.0,0.0,1.0,,0.0,,0.0,0.0,1.0,2
105022,4.0,1,1,,0.0,1.0,0.0,0.0,0.0,,0.0,1.0,0.0,0.0,0.0,1
105023,1.0,8,2,3.0,0.0,,1.0,4.0,0.0,,1.0,,1.0,0.0,0.0,8
105024,3.0,14,13,4.0,2.0,0.0,1.0,3.0,4.0,2.0,3.0,0.0,1.0,3.0,4.0,14
105025,2.0,4,5,1.0,0.0,,0.0,3.0,0.0,2.0,0.0,,0.0,3.0,0.0,5
105026,3.0,7,6,,1.0,2.0,,,4.0,,1.0,1.0,,,4.0,7
105027,4.0,1,1,,,,1.0,0.0,0.0,,,,1.0,0.0,0.0,1
105028,2.0,10,5,4.0,0.0,,1.0,4.0,1.0,2.0,0.0,,1.0,1.0,1.0,10
105029,3.0,19,17,4.0,4.0,3.0,1.0,4.0,3.0,4.0,3.0,3.0,1.0,4.0,2.0,19
105030,3.0,1,1,,0.0,,1.0,0.0,0.0,,,,1.0,0.0,0.0,1
105031,2.0,7,1,2.0,0.0,,1.0,4.0,0.0,,0.0,,1.0,0.0,0.0,7
105032,2.0,8,3,3.0,0.0,,1.0,4.0,0.0,2.0,0.0,,0.0,1.0,0.0,8
105033,3.0,0,0,,0.0,0.0,,,0.0,,0.0,0.0,,,0.0,0
105034,2.0,8,11,,2.0,,1.0,4.0,1.0,3.0,2.0,,1.0,4.0,1.0,11
105035,4.0,2,2,,0.0,1.0,0.0,0.0,1.0,,0.0,1.0,0.0,0.0,1.0,2
105036,3.0,3,4,,2.0,,1.0,0.0,0.0,,2.0,,1.0,1.0,0.0,4
105037,1.0,3,3,,2.0,,1.0,0.0,0.0,,2.0,1.0,0.0,0.0,0.0,3
105038,3.0,7,8,0.0,0.0,0.0,1.0,3.0,3.0,,0.0,0.0,1.0,3.0,4.0,8
105039,4.0,11,5,4.0,1.0,0.0,1.0,4.0,1.0,2.0,2.0,0.0,0.0,0.0,1.0,11
105040,4.0,3,4,,0.0,,0.0,3.0,0.0,,0.0,,1.0,3.0,0.0,4
105041,3.0,16,12,2.0,3.0,2.0,1.0,4.0,4.0,1.0,3.0,2.0,1.0,4.0,1.0,16
105042,1.0,7,1,2.0,1.0,0.0,1.0,3.0,0.0,,1.0,0.0,0.0,0.0,0.0,7
105043,2.0,7,2,1.0,1.0,,1.0,4.0,0.0,,1.0,,1.0,0.0,0.0,7
105044,3.0,11,11,2.0,1.0,0.0,1.0,3.0,4.0,2.0,1.0,0.0,1.0,3.0,4.0,11
105045,1.0,9,7,4.0,0.0,,1.0,3.0,1.0,2.0,0.0,0.0,1.0,3.0,1.0,9
105046,4.0,5,3,0.0,0.0,,0.0,4.0,1.0,0.0,0.0,,0.0,3.0,0.0,5
105047,3.0,7,8,2.0,0.0,,1.0,3.0,1.0,3.0,0.0,0.0,1.0,3.0,1.0,8
105048,1.0,7,7,,0.0,0.0,1.0,3.0,3.0,2.0,0.0,0.0,1.0,1.0,3.0,7
105049,2.0,7,2,2.0,0.0,,1.0,4.0,0.0,,0.0,,1.0,1.0,0.0,7
105050,4.0,4,6,,1.0,2.0,1.0,0.0,0.0,2.0,1.0,1.0,1.0,1.0,0.0,6
105051,2.0,11,6,4.0,2.0,,1.0,4.0,0.0,2.0,1.0,,1.0,2.0,0.0,11
105052,3.0,0,3,,0.0,0.0,0.0,0.0,0.0,3.0,0.0,0.0,0.0,0.0,0.0,3
105053,3.0,10,6,4.0,1.0,,1.0,4.0,0.0,2.0,1.0,,0.0,3.0,0.0,10
105054,4.0,7,6,3.0,0.0,0.0,1.0,3.0,0.0,2.0,0.0,0.0,1.0,3.0,0.0,7
105055,1.0,11,8,3.0,0.0,0.0,1.0,4.0,3.0,3.0,0.0,0.0,1.0,2.0,2.0,11
105056,1.0,1,0,,0.0,,1.0,0.0,0.0,,0.0,,0.0,0.0,0.0,1
105057,3.0,5,6,0.0,0.0,0.0,1.0,3.0,1.0,0.0,1.0,0.0,1.0,3.0,1.0,6
105058,1.0,8,5,2.0,1.0,,1.0,4.0,0.0,2.0,0.0,,1.0,2.0,0.0,8
105059,4.0,6,7,2.0,0.0,,1.0,3.0,0.0,3.0,0.0,0.0,1.0,3.0,0.0,7
105060,4.0,2,2,,0.0,,1.0,1.0,0.0,,0.0,,1.0,1.0,0.0,2
105061,1.0,4,1,1.0,0.0,0.0,0.0,3.0,0.0,,0.0,0.0,1.0,0.0,0.0,4
105062,4.0,7,0,2.0,0.0,,1.0,4.0,0.0,,0.0,,0.0,0.0,0.0,7
105063,4.0,1,2,,0.0,,1.0,0.0,0.0,,0.0,,1.0,1.0,0.0,2
105064,4.0,8,6,2.0,1.0,,1.0,4.0,0.0,2.0,1.0,,1.0,2.0,0.0,8
105065,3.0,7,8,1.0,1.0,0.0,1.0,3.0,1.0,2.0,0.0,0.0,1.0,4.0,1.0,8
105066,4.0,1,0,,0.0,,1.0,0.0,0.0,,,,0.0,0.0,0.0,1
105067,3.0,1,5,,0.0,,1.0,0.0,0.0,,0.0,,1.0,1.0,3.0,5
105068,2.0,8,4,1.0,1.0,1.0,1.0,4.0,0.0,,1.0,1.0,1.0,1.0,0.0,8
105069,1.0,3,2,,1.0,,1.0,0.0,1.0,,0.0,0.0,1.0,0.0,1.0,3
105070,2.0,1,1,,0.0,0.0,0.0,1.0,0.0,,0.0,0.0,0.0,1.0,0.0,1
105071,3.0,1,0,,0.0,,1.0,0.0,0.0,,0.0,,0.0,0.0,0.0,1
105072,4.0,2,1,,1.0,,1.0,0.0,0.0,,1.0,,0.0,0.0,0.0,2
105073,3.0,7,7,,3.0,1.0,1.0,0.0,2.0,,4.0,1.0,1.0,0.0,1.0,7
105074,3.0,12,8,3.0,0.0,0.0,1.0,4.0,4.0,2.0,0.0,0.0,0.0,2.0,4.0,12
105075,2.0,8,7,3.0,0.0,,1.0,4.0,0.0,3.0,0.0,,1.0,3.0,0.0,8
105076,3.0,4,3,,0.0,,1.0,0.0,3.0,,0.0,0.0,0.0,0.0,3.0,4
105077,3.0,7,6,2.0,0.0,0.0,1.0,3.0,1.0,2.0,0.0,0.0,1.0,2.0,1.0,7
105078,3.0,2,0,,0.0,,1.0,1.0,0.0,,,,0.0,0.0,0.0,2
105079,3.0,0,0,,0.0,0.0,,,0.0,,0.0,0.0,,,0.0,0
105080,4.0,3,1,,0.0,,1.0,2.0,0.0,,0.0,,0.0,1.0,0.0,3
105081,3.0,2,2,,1.0,0.0,0.0,0.0,1.0,,1.0,0.0,0.0,0.0,1.0,2
105082,1.0,5,4,1.0,0.0,,0.0,4.0,0.0,1.0,0.0,,0.0,3.0,0.0,5
105083,3.0,9,10,,0.0,4.0,1.0,0.0,4.0,,0.0,4.0,1.0,1.0,4.0,10
105084,4.0,0,1,,0.0,0.0,0.0,0.0,0.0,,0.0,0.0,0.0,1.0,0.0,1
105085,4.0,10,7,2.0,2.0,0.0,1.0,4.0,1.0,,2.0,0.0,1.0,3.0,1.0,10
105086,1.0,2,1,,0.0,,1.0,0.0,1.0,,0.0,,0.0,0.0,1.0,2
105087,4.0,8,6,2.0,1.0,,1.0,4.0,0.0,0.0,2.0,,1.0,3.0,0.0,8
105088,2.0,8,5,3.0,1.0,,1.0,3.0,0.0,2.0,2.0,,1.0,0.0,0.0,8
105089,3.0,0,1,,0.0,0.0,0.0,0.0,0.0,,0.0,0.0,1.0,0.0,0.0,1
105090,3.0,5,2,,2.0,0.0,1.0,2.0,0.0,,,0.0,1.0,1.0,0.0,5
105091,2.0,9,2,3.0,0.0,,1.0,4.0,1.0,,0.0,,1.0,0.0,1.0,9
105092,4.0,12,9,4.0,3.0,,1.0,4.0,0.0,3.0,2.0,0.0,1.0,2.0,1.0,12
105093,2.0,9,4,3.0,1.0,,1.0,4.0,0.0,2.0,1.0,,1.0,0.0,0.0,9
105094,1.0,6,4,2.0,0.0,,1.0,3.0,0.0,,,,1.0,3.0,0.0,6
105095,3.0,3,5,,,,1.0,2.0,0.0,,3.0,,1.0,1.0,0.0,5
105096,3.0,6,4,,0.0,2.0,1.0,1.0,2.0,,0.0,2.0,1.0,0.0,1.0,6
105097,2.0,8,5,2.0,1.0,,1.0,4.0,0.0,3.0,1.0,,1.0,0.0,0.0,8
105098,4.0,5,1,2.0,0.0,,0.0,3.0,0.0,,0.0,,1.0,0.0,0.0,5
105099,1.0,7,6,,1.0,4.0,1.0,0.0,1.0,,1.0,4.0,1.0,0.0,0.0,7
105100,4.0,1,0,,0.0,,1.0,0.0,0.0,,0.0,,0.0,0.0,0.0,1
105101,4.0,6,1,1.0,0.0,,1.0,4.0,0.0,,0.0,,0.0,1.0,0.0,6
105102,2.0,8,2,2.0,0.0,0.0,1.0,4.0,1.0,,0.0,0.0,1.0,0.0,1.0,8
105103,2.0,7,2,3.0,0.0,1.0,1.0,2.0,0.0,,0.0,1.0,1.0,0.0,0.0,7
105104,4.0,0,0,,0.0,0.0,0.0,0.0,0.0,,0.0,0.0,0.0,0.0,0.0,0
105105,3.0,7,3,2.0,0.0,0.0,1.0,3.0,1.0,,0.0,0.0,0.0,3.0,0.0,7
105106,4.0,2,6,,0.0,0.0,0.0,2.0,0.0,3.0,0.0,0.0,1.0,2.0,0.0,6
105107,2.0,11,12,2.0,1.0,3.0,1.0,4.0,0.0,3.0,1.0,3.0,1.0,4.0,0.0,12
105108,1.0,7,1,3.0,,,1.0,3.0,,,,,1.0,0.0,0.0,7
105109,3.0,7,5,1.0,0.0,1.0,1.0,3.0,1.0,,0.0,1.0,1.0,3.0,0.0,7
105110,3.0,0,0,,0.0,,0.0,0.0,0.0,,0.0,,0.0,0.0,0.0,0
105111,4.0,6,1,2.0,,,1.0,3.0,0.0,,,,0.0,1.0,0.0,6
105112,4.0,5,1,1.0,0.0,,1.0,3.0,0.0,,0.0,,0.0,1.0,0.0,5
105113,4.0,9,9,0.0,1.0,,1.0,4.0,3.0,1.0,1.0,0.0,1.0,2.0,4.0,9
105114,2.0,8,3,,1.0,,1.0,4.0,2.0,,1.0,,0.0,0.0,2.0,8
105115,1.0,2,2,,0.0,,1.0,0.0,1.0,,0.0,,1.0,0.0,1.0,2
105116,4.0,4,5,,0.0,,0.0,4.0,0.0,,,,1.0,4.0,0.0,5
105117,4.0,6,7,,0.0,,1.0,4.0,1.0,2.0,0.0,,1.0,4.0,0.0,7
105118,2.0,10,2,3.0,2.0,,1.0,4.0,0.0,,1.0,,1.0,0.0,0.0,10
105119,3.0,3,3,,0.0,0.0,1.0,0.0,2.0,,0.0,0.0,1.0,0.0,2.0,3
105120,2.0,9,7,3.0,1.0,,1.0,4.0,0.0,3.0,1.0,,1.0,2.0,0.0,9
105121,3.0,3,2,,1.0,0.0,1.0,0.0,1.0,,1.0,0.0,1.0,0.0,0.0,3
105122,2.0,7,7,2.0,1.0,,1.0,3.0,0.0,3.0,2.0,0.0,1.0,0.0,1.0,7
105123,3.0,11,10,4.0,2.0,,1.0,3.0,1.0,3.0,2.0,,1.0,3.0,1.0,11
105124,4.0,12,11,3.0,2.0,2.0,1.0,4.0,0.0,3.0,2.0,2.0,1.0,3.0,0.0,12
105125,3.0,8,13,,2.0,,0.0,3.0,3.0,,2.0,4.0,0.0,3.0,4.0,13
105126,4.0,2,3,,1.0,,0.0,1.0,0.0,,1.0,,1.0,1.0,0.0,3
105127,1.0,1,1,,0.0,0.0,1.0,0.0,0.0,,0.0,0.0,1.0,0.0,0.0,1
105128,4.0,9,1,2.0,1.0,1.0,1.0,3.0,1.0,,1.0,0.0,0.0,0.0,0.0,9
105129,4.0,8,3,2.0,1.0,,1.0,3.0,1.0,,1.0,,1.0,0.0,1.0,8
105130,4.0,0,1,,0.0,0.0,0.0,0.0,0.0,,0.0,0.0,1.0,0.0,0.0,1
105131,2.0,7,4,2.0,0.0,,1.0,4.0,0.0,3.0,0.0,,1.0,0.0,0.0,7
105132,2.0,4,6,,0.0,,1.0,2.0,1.0,2.0,0.0,,1.0,2.0,1.0,6
105133,3.0,4,3,,1.0,,1.0,1.0,1.0,,1.0,,1.0,0.0,1.0,4
105134,4.0,5,4,1.0,0.0,0.0,0.0,4.0,0.0,1.0,0.0,0.0,0.0,3.0,0.0,5
105135,4.0,0,0,,0.0,,,,0.0,,0.0,,,,0.0,0
105136,2.0,3,4,0.0,0.0,,0.0,3.0,0.0,1.0,0.0,,0.0,3.0,0.0,4
105137,3.0,7,6,,3.0,,1.0,0.0,3.0,,2.0,,1.0,0.0,3.0,7
105138,1.0,1,2,,0.0,,0.0,0.0,1.0,,0.0,,1.0,1.0,0.0,2
105139,4.0,1,0,,,,1.0,0.0,0.0,,,,0.0,0.0,0.0,1
105140,2.0,8,1,2.0,1.0,,1.0,4.0,0.0,,0.0,,1.0,0.0,0.0,8
105141,3.0,7,7,2.0,0.0,0.0,1.0,3.0,1.0,2.0,0.0,0.0,1.0,3.0,1.0,7
105142,4.0,8,5,3.0,2.0,,1.0,2.0,0.0,,2.0,,1.0,2.0,0.0,8
105143,3.0,4,4,,2.0,0.0,1.0,1.0,0.0,,2.0,0.0,1.0,1.0,0.0,4
105144,3.0,6,4,3.0,0.0,,0.0,3.0,0.0,,0.0,,1.0,3.0,0.0,6
105145,4.0,0,0,,0.0,,0.0,0.0,0.0,,0.0,,0.0,0.0,0.0,0
105146,1.0,11,6,4.0,2.0,0.0,1.0,4.0,0.0,2.0,0.0,0.0,1.0,3.0,0.0,11
105147,3.0,9,5,4.0,0.0,0.0,1.0,3.0,1.0,2.0,1.0,0.0,0.0,2.0,0.0,9
105148,3.0,8,3,3.0,,,1.0,4.0,0.0,1.0,,,0.0,2.0,0.0,8
105149,1.0,5,1,1.0,0.0,,0.0,3.0,1.0,,0.0,,0.0,1.0,0.0,5
105150,4.0,10,9,4.0,0.0,0.0,1.0,4.0,1.0,3.0,0.0,0.0,1.0,3.0,2.0,10
105151,1.0,10,8,4.0,0.0,,1.0,4.0,1.0,2.0,2.0,,1.0,3.0,0.0,10
105152,2.0,9,4,2.0,0.0,,1.0,4.0,2.0,,0.0,,1.0,0.0,3.0,9
105153,4.0,12,12,4.0,1.0,1.0,1.0,4.0,1.0,4.0,1.0,1.0,1.0,4.0,1.0,12
105154,4.0,4,4,0.0,0.0,,1.0,3.0,0.0,,1.0,,1.0,2.0,0.0,4
105155,1.0,9,9,3.0,2.0,0.0,1.0,3.0,0.0,3.0,2.0,0.0,1.0,3.0,0.0,9
105156,4.0,5,5,1.0,0.0,,1.0,3.0,0.0,1.0,,,1.0,3.0,0.0,5
105157,3.0,11,6,4.0,0.0,2.0,1.0,3.0,1.0,2.0,0.0,2.0,0.0,2.0,0.0,11
105158,3.0,4,3,,0.0,,1.0,3.0,0.0,,0.0,,1.0,2.0,0.0,4
105159,4.0,1,5,,0.0,,0.0,1.0,0.0,2.0,0.0,,0.0,3.0,0.0,5
105160,3.0,2,5,,,,0.0,2.0,,2.0,,,1.0,2.0,0.0,5
105161,1.0,1,2,,0.0,,0.0,0.0,1.0,,0.0,,1.0,0.0,1.0,2
105162,3.0,1,3,,1.0,0.0,0.0,0.0,0.0,,2.0,0.0,1.0,0.0,0.0,3
105163,4.0,0,0,,0.0,,0.0,0.0,0.0,,0.0,,0.0,0.0,0.0,0
105164,3.0,9,7,4.0,0.0,0.0,1.0,3.0,1.0,3.0,0.0,0.0,0.0,3.0,1.0,9
105165,2.0,7,2,1.0,1.0,,1.0,4.0,0.0,,1.0,,1.0,0.0,0.0,7
105166,4.0,5,7,1.0,0.0,1.0,1.0,2.0,0.0,1.0,1.0,2.0,1.0,2.0,0.0,7
105167,3.0,9,10,4.0,0.0,,1.0,3.0,1.0,4.0,1.0,,1.0,3.0,1.0,10
105168,4.0,3,3,0.0,0.0,0.0,0.0,3.0,0.0,,0.0,0.0,0.0,3.0,0.0,3
105169,3.0,7,4,3.0,0.0,,1.0,3.0,0.0,2.0,0.0,,0.0,2.0,0.0,7
105170,3.0,5,2,3.0,0.0,0.0,0.0,2.0,0.0,2.0,0.0,0.0,0.0,0.0,0.0,5
105171,3.0,2,2,,0.0,,1.0,0.0,1.0,,0.0,0.0,1.0,0.0,1.0,2
105172,3.0,4,3,,1.0,,1.0,1.0,1.0,,1.0,,1.0,0.0,1.0,4
105173,4.0,4,2,0.0,0.0,,1.0,3.0,0.0,,0.0,,0.0,2.0,0.0,4
105174,1.0,0,6,,0.0,0.0,0.0,0.0,0.0,1.0,0.0,0.0,1.0,3.0,1.0,6
105175,2.0,10,1,3.0,2.0,,1.0,4.0,0.0,,0.0,,1.0,0.0,0.0,10
105176,1.0,9,7,3.0,0.0,,1.0,4.0,1.0,2.0,0.0,,1.0,3.0,1.0,9
105177,1.0,5,5,,0.0,0.0,1.0,0.0,4.0,,0.0,0.0,1.0,0.0,4.0,5
105178,3.0,6,7,1.0,0.0,,1.0,4.0,0.0,3.0,0.0,,0.0,3.0,1.0,7
105179,3.0,8,7,4.0,0.0,,1.0,3.0,0.0,3.0,0.0,,1.0,3.0,0.0,8
105180,3.0,3,3,,0.0,0.0,1.0,2.0,0.0,,0.0,0.0,1.0,2.0,0.0,3
105181,1.0,1,2,,0.0,,0.0,0.0,1.0,,0.0,0.0,1.0,0.0,1.0,2
105182,4.0,1,1,,0.0,,0.0,1.0,0.0,,0.0,,0.0,1.0,0.0,1
105183,2.0,8,3,3.0,0.0,,1.0,4.0,0.0,,1.0,,1.0,1.0,0.0,8
105184,1.0,7,1,2.0,0.0,,1.0,3.0,1.0,,0.0,,1.0,0.0,0.0,7
105185,2.0,9,5,2.0,0.0,,1.0,4.0,2.0,,1.0,,1.0,1.0,2.0,9
105186,4.0,11,9,2.0,1.0,,1.0,4.0,3.0,2.0,1.0,,1.0,3.0,2.0,11
105187,4.0,6,7,0.0,2.0,,1.0,3.0,0.0,1.0,2.0,,1.0,3.0,0.0,7
105188,1.0,0,7,,0.0,,0.0,0.0,0.0,2.0,0.0,,1.0,4.0,0.0,7
105189,2.0,8,1,2.0,1.0,,1.0,4.0,0.0,,0.0,,1.0,0.0,0.0,8
105190,4.0,6,7,2.0,0.0,,1.0,2.0,1.0,2.0,1.0,,1.0,2.0,1.0,7
105191,2.0,3,3,,0.0,0.0,1.0,0.0,2.0,,0.0,0.0,1.0,0.0,2.0,3
105192,1.0,7,2,2.0,0.0,0.0,1.0,4.0,0.0,,1.0,0.0,1.0,0.0,0.0,7
105193,3.0,8,6,1.0,0.0,,1.0,3.0,3.0,,0.0,,1.0,3.0,2.0,8
105194,1.0,1,1,,0.0,0.0,1.0,0.0,0.0,,0.0,0.0,1.0,0.0,0.0,1
105195,4.0,12,9,3.0,2.0,2.0,0.0,4.0,1.0,3.0,2.0,1.0,0.0,2.0,1.0,12
105196,3.0,8,6,3.0,0.0,,1.0,4.0,0.0,2.0,0.0,,0.0,4.0,0.0,8
105197,2.0,5,1,,0.0,,1.0,4.0,0.0,,0.0,,1.0,0.0,0.0,5
105198,1.0,9,7,3.0,0.0,,1.0,3.0,2.0,1.0,1.0,,1.0,3.0,1.0,9
105199,2.0,10,5,4.0,1.0,,1.0,4.0,0.0,2.0,2.0,,1.0,0.0,0.0,10
105200,4.0,6,3,1.0,0.0,,1.0,4.0,0.0,0.0,0.0,,1.0,2.0,0.0,6
105201,3.0,2,1,,,,1.0,1.0,0.0,,,,1.0,0.0,0.0,2
105202,2.0,8,8,2.0,1.0,,1.0,3.0,1.0,2.0,2.0,,1.0,2.0,1.0,8
105203,4.0,5,5,,0.0,,1.0,0.0,4.0,,0.0,,1.0,0.0,4.0,5
105204,4.0,7,6,2.0,0.0,,1.0,4.0,0.0,1.0,0.0,,1.0,4.0,0.0,7
105205,2.0,13,11,3.0,3.0,2.0,1.0,4.0,0.0,3.0,2.0,3.0,0.0,3.0,0.0,13
105206,3.0,6,6,3.0,0.0,,0.0,3.0,0.0,3.0,0.0,,0.0,3.0,0.0,6
105207,3.0,9,9,4.0,0.0,0.0,1.0,4.0,0.0,4.0,0.0,0.0,1.0,4.0,0.0,9
105208,2.0,7,2,2.0,0.0,,1.0,4.0,0.0,,1.0,,1.0,0.0,0.0,7
105209,3.0,2,2,,1.0,0.0,1.0,0.0,0.0,,1.0,0.0,1.0,0.0,0.0,2
105210,3.0,2,3,,0.0,0.0,1.0,1.0,0.0,2.0,0.0,0.0,1.0,0.0,0.0,3
105211,3.0,6,5,2.0,0.0,0.0,0.0,4.0,0.0,0.0,0.0,0.0,0.0,4.0,1.0,6
105212,3.0,3,1,,1.0,,1.0,0.0,1.0,,0.0,,0.0,1.0,0.0,3
105213,2.0,6,10,,1.0,,1.0,4.0,0.0,4.0,1.0,,1.0,4.0,0.0,10
105214,3.0,1,1,,0.0,,1.0,0.0,0.0,,0.0,,1.0,0.0,0.0,1
105215,4.0,4,4,0.0,0.0,,1.0,3.0,0.0,1.0,0.0,,0.0,3.0,0.0,4
105216,1.0,6,1,2.0,0.0,0.0,1.0,2.0,1.0,,0.0,0.0,0.0,0.0,1.0,6
105217,3.0,3,9,2.0,0.0,,1.0,0.0,0.0,4.0,0.0,,1.0,4.0,0.0,9
105218,4.0,6,1,1.0,0.0,,1.0,4.0,0.0,,0.0,,1.0,0.0,0.0,6
105219,4.0,7,1,3.0,1.0,0.0,0.0,3.0,0.0,,1.0,0.0,0.0,0.0,0.0,7
105220,4.0,1,1,,0.0,,1.0,0.0,0.0,,0.0,,1.0,0.0,0.0,1
105221,4.0,1,0,,0.0,,1.0,0.0,0.0,,0.0,,0.0,0.0,0.0,1
105222,2.0,10,2,3.0,2.0,,1.0,4.0,0.0,,1.0,0.0,1.0,0.0,0.0,10
105223,3.0,7,6,2.0,0.0,,1.0,3.0,1.0,,0.0,,1.0,2.0,3.0,7
105224,2.0,10,5,4.0,0.0,,1.0,4.0,1.0,2.0,0.0,,1.0,0.0,2.0,10
105225,2.0,7,3,1.0,1.0,,1.0,4.0,0.0,,2.0,,1.0,0.0,0.0,7
105226,1.0,1,2,,0.0,,1.0,0.0,0.0,,0.0,,1.0,1.0,0.0,2
105227,4.0,6,4,,1.0,,1.0,4.0,0.0,,1.0,,1.0,2.0,0.0,6
105228,2.0,2,1,1.0,0.0,,1.0,0.0,0.0,,0.0,,1.0,0.0,0.0,2
105229,4.0,8,0,3.0,0.0,,1.0,4.0,0.0,,0.0,,0.0,0.0,0.0,8
105230,2.0,13,6,4.0,2.0,,1.0,2.0,4.0,,1.0,0.0,0.0,1.0,4.0,13
105231,1.0,7,6,1.0,0.0,0.0,1.0,3.0,2.0,1.0,0.0,0.0,1.0,2.0,2.0,7
105232,2.0,7,6,,2.0,,1.0,4.0,0.0,3.0,1.0,,1.0,0.0,1.0,7
105233,4.0,7,7,3.0,0.0,,1.0,3.0,0.0,4.0,0.0,,1.0,2.0,0.0,7
105234,3.0,8,5,2.0,0.0,,1.0,4.0,1.0,1.0,0.0,0.0,1.0,3.0,0.0,8
105235,3.0,2,3,,0.0,,1.0,0.0,1.0,,0.0,,1.0,0.0,2.0,3
105236,1.0,5,4,1.0,0.0,0.0,1.0,3.0,0.0,1.0,0.0,0.0,0.0,3.0,0.0,5
105237,1.0,1,2,,1.0,0.0,0.0,0.0,0.0,,1.0,0.0,1.0,0.0,0.0,2
105238,4.0,3,2,,0.0,,1.0,1.0,1.0,,0.0,,1.0,0.0,1.0,3
105239,3.0,12,14,2.0,0.0,2.0,1.0,3.0,4.0,4.0,0.0,2.0,1.0,3.0,4.0,14
105240,2.0,10,3,2.0,1.0,,1.0,4.0,2.0,,0.0,,1.0,0.0,2.0,10
105241,2.0,4,2,,1.0,,1.0,2.0,0.0,,1.0,,1.0,0.0,0.0,4
105242,3.0,4,2,2.0,0.0,,1.0,1.0,0.0,,1.0,,1.0,0.0,0.0,4
105243,2.0,5,2,,0.0,,1.0,4.0,0.0,,0.0,,1.0,0.0,1.0,5
105244,2.0,3,2,,1.0,,1.0,0.0,1.0,,0.0,,1.0,0.0,1.0,3
105245,4.0,8,5,2.0,2.0,0.0,1.0,3.0,0.0,,1.0,0.0,1.0,3.0,0.0,8
105246,3.0,1,1,,0.0,,1.0,0.0,0.0,,0.0,,1.0,0.0,0.0,1
105247,3.0,3,4,,0.0,0.0,0.0,3.0,0.0,0.0,0.0,0.0,1.0,3.0,0.0,4
105248,3.0,1,1,,0.0,0.0,1.0,0.0,0.0,,0.0,0.0,1.0,0.0,0.0,1
105249,2.0,12,12,3.0,2.0,0.0,1.0,4.0,2.0,3.0,2.0,0.0,1.0,3.0,3.0,12
105250,1.0,7,3,2.0,0.0,0.0,1.0,4.0,0.0,0.0,0.0,0.0,1.0,2.0,0.0,7
105251,4.0,1,2,,0.0,1.0,0.0,0.0,0.0,,0.0,1.0,0.0,1.0,0.0,2
105252,4.0,8,7,3.0,0.0,,1.0,4.0,0.0,3.0,0.0,,1.0,3.0,0.0,8
105253,4.0,2,3,,,,1.0,1.0,0.0,,0.0,,1.0,1.0,1.0,3
105254,2.0,2,1,,0.0,0.0,1.0,1.0,0.0,,0.0,0.0,0.0,1.0,0.0,2
105255,1.0,4,2,,0.0,,1.0,2.0,1.0,,0.0,,1.0,0.0,1.0,4
105256,1.0,2,2,,0.0,,1.0,0.0,1.0,,0.0,,0.0,1.0,1.0,2
105257,2.0,6,2,1.0,0.0,0.0,1.0,3.0,1.0,,0.0,0.0,0.0,1.0,1.0,6
105258,2.0,1,1,0.0,0.0,,1.0,0.0,0.0,,0.0,,1.0,0.0,0.0,1
105259,4.0,1,1,,0.0,,1.0,0.0,0.0,,0.0,,1.0,0.0,0.0,1
105260,3.0,4,2,0.0,0.0,0.0,1.0,3.0,0.0,,0.0,0.0,1.0,1.0,0.0,4
105261,2.0,8,5,3.0,0.0,,1.0,4.0,0.0,3.0,1.0,,1.0,0.0,0.0,8
105262,3.0,15,15,4.0,2.0,2.0,1.0,3.0,3.0,3.0,2.0,2.0,1.0,3.0,4.0,15
105263,2.0,8,1,2.0,1.0,,1.0,4.0,0.0,,0.0,,1.0,0.0,0.0,8
105264,3.0,6,5,1.0,2.0,,0.0,3.0,0.0,1.0,2.0,,0.0,2.0,0.0,6
105265,3.0,6,6,,0.0,,1.0,1.0,4.0,,0.0,,1.0,1.0,4.0,6
105266,4.0,14,15,3.0,3.0,1.0,1.0,4.0,2.0,4.0,3.0,1.0,1.0,4.0,2.0,15
105267,3.0,12,11,3.0,1.0,3.0,1.0,4.0,0.0,3.0,1.0,2.0,1.0,4.0,0.0,12
105268,3.0,9,7,3.0,1.0,0.0,1.0,0.0,4.0,,1.0,0.0,1.0,1.0,4.0,9
105269,3.0,2,2,,0.0,0.0,1.0,1.0,0.0,,0.0,0.0,1.0,1.0,0.0,2
105270,4.0,6,7,1.0,0.0,,0.0,4.0,1.0,1.0,1.0,,0.0,4.0,1.0,7
105271,2.0,6,4,0.0,2.0,,0.0,4.0,0.0,1.0,1.0,,0.0,2.0,0.0,6
105272,3.0,11,9,2.0,3.0,2.0,1.0,3.0,0.0,2.0,2.0,1.0,0.0,3.0,1.0,11
105273,4.0,4,1,1.0,0.0,,1.0,2.0,0.0,,0.0,,0.0,1.0,0.0,4
105274,4.0,3,3,,0.0,0.0,1.0,0.0,2.0,,0.0,0.0,1.0,0.0,2.0,3
105275,3.0,8,5,2.0,1.0,,0.0,4.0,1.0,1.0,0.0,,1.0,3.0,0.0,8
105276,2.0,9,5,4.0,0.0,0.0,1.0,4.0,0.0,2.0,0.0,0.0,1.0,2.0,0.0,9
105277,3.0,6,2,3.0,0.0,,1.0,2.0,0.0,,0.0,,0.0,2.0,0.0,6
105278,4.0,1,4,,0.0,1.0,0.0,0.0,0.0,,0.0,1.0,1.0,2.0,0.0,4
105279,4.0,4,8,,0.0,,1.0,2.0,1.0,2.0,0.0,,1.0,3.0,2.0,8
105280,3.0,18,17,4.0,2.0,4.0,1.0,4.0,3.0,3.0,2.0,4.0,1.0,4.0,3.0,18
105281,1.0,8,7,2.0,0.0,,1.0,4.0,1.0,2.0,0.0,,1.0,3.0,1.0,8
105282,1.0,2,6,,1.0,,1.0,0.0,0.0,1.0,2.0,,1.0,2.0,0.0,6
105283,3.0,11,9,3.0,1.0,0.0,0.0,3.0,4.0,1.0,1.0,0.0,0.0,3.0,4.0,11
105284,3.0,3,2,,0.0,,0.0,3.0,0.0,,0.0,,0.0,2.0,0.0,3
105285,4.0,8,9,4.0,0.0,,1.0,3.0,0.0,3.0,1.0,,1.0,4.0,0.0,9
105286,2.0,6,2,2.0,0.0,,1.0,3.0,0.0,,1.0,,1.0,0.0,0.0,6
105287,2.0,10,2,3.0,1.0,,1.0,4.0,1.0,,1.0,,1.0,0.0,0.0,10
105288,2.0,9,3,3.0,1.0,,1.0,4.0,0.0,,1.0,,1.0,1.0,0.0,9
105289,1.0,3,6,,1.0,,1.0,0.0,1.0,1.0,2.0,,1.0,2.0,0.0,6
105290,3.0,8,7,4.0,0.0,0.0,1.0,3.0,0.0,3.0,0.0,0.0,1.0,3.0,0.0,8
105291,2.0,7,4,,2.0,,1.0,4.0,0.0,,2.0,,1.0,1.0,0.0,7
105292,2.0,9,6,3.0,1.0,,1.0,4.0,0.0,3.0,1.0,,1.0,1.0,0.0,9
105293,4.0,8,9,3.0,0.0,0.0,1.0,4.0,0.0,3.0,0.0,1.0,1.0,4.0,0.0,9
105294,4.0,5,1,0.0,0.0,,1.0,4.0,0.0,,0.0,,1.0,0.0,0.0,5
105295,4.0,2,1,0.0,0.0,0.0,0.0,2.0,0.0,,,0.0,0.0,1.0,0.0,2
105296,2.0,8,2,2.0,2.0,,0.0,4.0,0.0,,2.0,,0.0,0.0,0.0,8
105297,3.0,6,6,2.0,0.0,0.0,0.0,4.0,0.0,3.0,0.0,0.0,0.0,3.0,0.0,6
105298,2.0,8,2,2.0,1.0,,1.0,4.0,0.0,,1.0,,1.0,0.0,0.0,8
105299,3.0,9,1,3.0,0.0,,1.0,3.0,2.0,,,,0.0,1.0,0.0,9
105300,4.0,6,3,2.0,1.0,,1.0,2.0,0.0,,1.0,,1.0,1.0,0.0,6
105301,4.0,4,5,,,0.0,1.0,3.0,0.0,,1.0,0.0,1.0,3.0,0.0,5
105302,1.0,0,1,,0.0,0.0,0.0,0.0,0.0,,,0.0,1.0,0.0,0.0,1
105303,4.0,8,4,3.0,0.0,0.0,1.0,4.0,0.0,,,0.0,1.0,3.0,0.0,8
105304,1.0,2,4,,1.0,0.0,1.0,0.0,0.0,,1.0,0.0,1.0,2.0,0.0,4
105305,3.0,6,9,,3.0,2.0,1.0,0.0,0.0,0.0,3.0,2.0,1.0,3.0,0.0,9
105306,3.0,5,4,,1.0,0.0,0.0,1.0,3.0,,1.0,0.0,0.0,1.0,2.0,5
105307,3.0,1,1,,0.0,,1.0,0.0,0.0,,0.0,,1.0,0.0,0.0,1
105308,4.0,17,18,3.0,2.0,4.0,1.0,4.0,3.0,3.0,3.0,4.0,1.0,4.0,3.0,18
105309,4.0,3,1,,0.0,0.0,0.0,1.0,2.0,,0.0,0.0,0.0,1.0,0.0,3
105310,3.0,5,11,,2.0,2.0,0.0,0.0,1.0,2.0,2.0,2.0,1.0,3.0,1.0,11
105311,3.0,3,2,,2.0,,0.0,1.0,0.0,,2.0,,0.0,0.0,0.0,3
105312,3.0,9,3,3.0,0.0,0.0,1.0,3.0,2.0,,0.0,0.0,1.0,0.0,2.0,9
105313,4.0,6,0,2.0,0.0,,1.0,3.0,0.0,,0.0,,0.0,0.0,0.0,6
105314,3.0,2,1,,,,1.0,1.0,,,,,1.0,0.0,0.0,2
105315,3.0,2,0,,0.0,,1.0,0.0,1.0,,,,0.0,0.0,0.0,2
105316,3.0,16,16,4.0,3.0,2.0,1.0,3.0,3.0,3.0,3.0,2.0,1.0,4.0,3.0,16
105317,4.0,2,1,,0.0,,0.0,2.0,0.0,,0.0,,0.0,1.0,0.0,2
105318,3.0,13,9,4.0,3.0,,1.0,4.0,1.0,1.0,3.0,,1.0,3.0,1.0,13
105319,4.0,0,1,,0.0,,,,0.0,,1.0,,,,0.0,1
105320,1.0,6,4,2.0,0.0,,1.0,0.0,3.0,,0.0,,1.0,0.0,3.0,6
105321,4.0,5,4,0.0,1.0,,1.0,3.0,0.0,,1.0,,0.0,3.0,0.0,5
105322,3.0,3,7,,0.0,,1.0,0.0,2.0,3.0,0.0,,1.0,1.0,2.0,7
105323,3.0,5,6,,0.0,,1.0,1.0,3.0,,0.0,,1.0,1.0,4.0,6
105324,1.0,1,0,,0.0,,1.0,0.0,0.0,,0.0,,0.0,0.0,0.0,1
105325,3.0,1,1,,0.0,,0.0,1.0,0.0,,0.0,,0.0,1.0,0.0,1
105326,2.0,10,7,4.0,0.0,,1.0,4.0,1.0,4.0,1.0,,1.0,0.0,1.0,10
105327,2.0,7,3,2.0,0.0,,1.0,4.0,0.0,2.0,0.0,,1.0,0.0,0.0,7
105328,4.0,9,7,3.0,1.0,0.0,1.0,4.0,0.0,2.0,0.0,0.0,1.0,4.0,0.0,9
105329,3.0,1,1,,0.0,,1.0,0.0,0.0,,0.0,,1.0,0.0,0.0,1
105330,2.0,8,1,3.0,0.0,,1.0,4.0,0.0,,0.0,,1.0,0.0,0.0,8
105331,2.0,8,5,3.0,0.0,,1.0,4.0,0.0,3.0,1.0,,1.0,0.0,0.0,8
105332,4.0,12,11,4.0,2.0,0.0,1.0,4.0,1.0,3.0,2.0,0.0,1.0,4.0,1.0,12
105333,3.0,3,3,,0.0,,0.0,0.0,3.0,,0.0,,0.0,0.0,3.0,3
105334,3.0,7,6,,1.0,4.0,0.0,1.0,1.0,,1.0,4.0,0.0,0.0,1.0,7
105335,3.0,6,6,3.0,0.0,0.0,0.0,3.0,0.0,2.0,0.0,0.0,1.0,3.0,0.0,6
105336,2.0,9,11,3.0,1.0,,1.0,4.0,0.0,4.0,0.0,2.0,1.0,4.0,0.0,11
105337,3.0,1,1,,0.0,,0.0,0.0,1.0,,0.0,,0.0,0.0,1.0,1
105338,3.0,4,3,,1.0,,1.0,0.0,2.0,,0.0,,1.0,0.0,2.0,4
105339,2.0,11,9,2.0,0.0,0.0,1.0,4.0,4.0,1.0,0.0,0.0,1.0,3.0,4.0,11
105340,3.0,7,7,,2.0,,1.0,0.0,4.0,,2.0,,1.0,0.0,4.0,7
105341,2.0,1,2,,0.0,,1.0,0.0,0.0,1.0,0.0,,1.0,0.0,0.0,2
105342,4.0,4,2,1.0,0.0,,1.0,2.0,0.0,0.0,0.0,,0.0,2.0,0.0,4
105343,3.0,14,12,4.0,2.0,0.0,1.0,4.0,3.0,2.0,1.0,0.0,1.0,4.0,4.0,14
105344,3.0,9,7,2.0,3.0,0.0,0.0,4.0,0.0,2.0,1.0,0.0,1.0,3.0,0.0,9
105345,3.0,6,8,0.0,0.0,0.0,0.0,3.0,3.0,1.0,0.0,0.0,0.0,3.0,4.0,8
105346,4.0,6,5,1.0,0.0,,1.0,4.0,0.0,1.0,0.0,,0.0,4.0,0.0,6
105347,4.0,6,7,2.0,0.0,,1.0,3.0,0.0,3.0,0.0,,1.0,3.0,0.0,7
105348,4.0,2,7,,0.0,,0.0,2.0,0.0,3.0,0.0,0.0,0.0,3.0,1.0,7
105349,4.0,7,4,,1.0,1.0,1.0,4.0,0.0,,1.0,1.0,1.0,1.0,0.0,7
105350,4.0,6,4,3.0,0.0,,0.0,3.0,0.0,0.0,0.0,,1.0,3.0,0.0,6
105351,2.0,9,3,2.0,1.0,,1.0,4.0,1.0,,1.0,,1.0,0.0,1.0,9
105352,1.0,0,1,,0.0,,0.0,0.0,0.0,,1.0,,0.0,0.0,0.0,1
105353,3.0,8,9,3.0,0.0,,1.0,2.0,2.0,2.0,1.0,,1.0,3.0,2.0,9
105354,3.0,4,6,0.0,0.0,0.0,0.0,3.0,1.0,1.0,1.0,0.0,1.0,3.0,0.0,6
105355,4.0,0,0,,0.0,,0.0,0.0,0.0,,0.0,,0.0,0.0,0.0,0
105356,3.0,6,5,3.0,0.0,0.0,0.0,3.0,0.0,2.0,0.0,0.0,0.0,3.0,0.0,6
105357,3.0,1,1,,1.0,,0.0,0.0,0.0,,0.0,,0.0,0.0,1.0,1
105358,3.0,5,4,,1.0,,1.0,1.0,2.0,,0.0,,1.0,1.0,2.0,5
105359,4.0,3,5,0.0,0.0,,0.0,3.0,0.0,1.0,0.0,,1.0,3.0,0.0,5
105360,4.0,3,0,,0.0,,0.0,3.0,0.0,,0.0,,0.0,0.0,0.0,3
105361,2.0,6,1,2.0,0.0,,1.0,3.0,0.0,,0.0,,1.0,0.0,0.0,6
105362,4.0,0,2,,0.0,,0.0,0.0,0.0,,0.0,,1.0,1.0,0.0,2
105363,4.0,0,0,,0.0,0.0,0.0,0.0,0.0,,0.0,0.0,0.0,0.0,0.0,0
105364,1.0,1,0,,0.0,,,,1.0,,0.0,,,,,1
105365,1.0,2,3,,0.0,,1.0,0.0,1.0,,1.0,0.0,1.0,0.0,1.0,3
105366,2.0,10,14,1.0,1.0,2.0,1.0,4.0,1.0,3.0,2.0,2.0,1.0,4.0,2.0,14
105367,3.0,1,1,,0.0,,1.0,0.0,0.0,,0.0,,1.0,0.0,0.0,1
105368,3.0,8,2,3.0,1.0,0.0,1.0,3.0,0.0,,1.0,0.0,0.0,1.0,0.0,8
105369,2.0,9,3,3.0,0.0,,1.0,4.0,1.0,,1.0,,1.0,0.0,1.0,9
105370,2.0,9,12,3.0,1.0,,1.0,3.0,1.0,3.0,0.0,2.0,1.0,4.0,2.0,12
105371,4.0,6,7,2.0,0.0,,0.0,4.0,0.0,2.0,0.0,,1.0,4.0,0.0,7
105372,3.0,4,4,,4.0,,0.0,0.0,0.0,,3.0,,1.0,0.0,0.0,4
105373,2.0,11,12,3.0,1.0,,1.0,4.0,2.0,4.0,1.0,,1.0,4.0,2.0,12
105374,2.0,6,2,,1.0,,1.0,4.0,0.0,,1.0,,1.0,0.0,0.0,6
105375,2.0,8,1,3.0,0.0,,1.0,4.0,0.0,,0.0,,1.0,0.0,0.0,8
105376,3.0,0,1,,0.0,0.0,,,0.0,,1.0,0.0,,,0.0,1
105377,3.0,5,5,,2.0,,1.0,0.0,2.0,,2.0,1.0,1.0,0.0,1.0,5
105378,2.0,6,2,,1.0,,1.0,4.0,0.0,,1.0,,1.0,0.0,0.0,6
105379,4.0,8,5,3.0,0.0,0.0,1.0,4.0,0.0,2.0,0.0,0.0,0.0,3.0,0.0,8
105380,3.0,0,0,,,,0.0,0.0,0.0,,0.0,0.0,0.0,0.0,0.0,0
105381,1.0,0,1,,0.0,,0.0,0.0,0.0,,0.0,,1.0,0.0,0.0,1
105382,3.0,1,1,,0.0,,1.0,0.0,0.0,,0.0,,1.0,0.0,0.0,1
105383,3.0,2,1,,,,1.0,1.0,,,0.0,,1.0,0.0,0.0,2
105384,3.0,6,7,3.0,0.0,0.0,0.0,3.0,0.0,4.0,0.0,0.0,0.0,3.0,0.0,7
105385,4.0,2,2,,1.0,0.0,1.0,0.0,0.0,,1.0,0.0,1.0,0.0,0.0,2
105386,3.0,2,2,1.0,0.0,,0.0,0.0,1.0,,0.0,,1.0,1.0,0.0,2
105387,3.0,1,1,,0.0,,1.0,0.0,0.0,,0.0,,1.0,0.0,0.0,1
105388,1.0,2,3,,0.0,,0.0,0.0,2.0,,0.0,,1.0,0.0,2.0,3
105389,4.0,7,5,2.0,,,1.0,4.0,0.0,1.0,,,1.0,3.0,0.0,7
105390,2.0,7,3,1.0,1.0,,1.0,4.0,0.0,,2.0,,1.0,0.0,0.0,7
105391,4.0,5,1,2.0,0.0,,1.0,2.0,0.0,,0.0,,1.0,0.0,0.0,5
105392,4.0,3,4,,0.0,,1.0,0.0,2.0,,0.0,0.0,1.0,0.0,3.0,4
105393,1.0,5,5,0.0,1.0,,1.0,2.0,1.0,1.0,0.0,,1.0,2.0,1.0,5
105394,3.0,2,3,,0.0,,1.0,0.0,1.0,,0.0,,1.0,1.0,1.0,3
105395,3.0,2,1,,0.0,,1.0,1.0,0.0,,0.0,,1.0,0.0,0.0,2
105396,3.0,6,6,3.0,0.0,,0.0,3.0,0.0,3.0,0.0,,0.0,3.0,0.0,6
105397,3.0,1,1,,0.0,,1.0,0.0,0.0,,0.0,,1.0,0.0,0.0,1
105398,2.0,3,1,2.0,0.0,,1.0,0.0,0.0,,0.0,,1.0,0.0,0.0,3
105399,4.0,12,10,4.0,3.0,0.0,1.0,4.0,0.0,3.0,2.0,0.0,1.0,4.0,0.0,12
105400,3.0,17,17,3.0,1.0,4.0,1.0,4.0,4.0,3.0,2.0,4.0,1.0,3.0,4.0,17
105401,4.0,6,6,3.0,0.0,,1.0,2.0,0.0,3.0,0.0,,1.0,2.0,0.0,6
105402,3.0,1,0,,0.0,0.0,1.0,0.0,0.0,,,0.0,0.0,0.0,0.0,1
105403,4.0,0,0,,0.0,,0.0,0.0,0.0,,0.0,,0.0,0.0,0.0,0
105404,3.0,7,10,,4.0,1.0,1.0,0.0,1.0,,4.0,2.0,1.0,0.0,3.0,10
105405,2.0,5,2,,0.0,,1.0,4.0,0.0,,1.0,,1.0,0.0,0.0,5
105406,4.0,1,1,,0.0,,1.0,0.0,0.0,,0.0,,1.0,0.0,0.0,1
105407,3.0,8,13,,2.0,3.0,0.0,3.0,0.0,4.0,2.0,3.0,1.0,3.0,0.0,13
105408,4.0,4,4,,2.0,0.0,1.0,0.0,1.0,,2.0,0.0,0.0,1.0,1.0,4
105409,2.0,8,6,2.0,1.0,,1.0,4.0,0.0,2.0,2.0,,0.0,2.0,0.0,8
105410,1.0,7,5,2.0,1.0,0.0,1.0,3.0,0.0,0.0,1.0,0.0,0.0,4.0,0.0,7
105411,3.0,8,7,4.0,1.0,,1.0,2.0,0.0,3.0,0.0,,1.0,3.0,0.0,8
105412,3.0,6,7,2.0,0.0,0.0,1.0,3.0,0.0,3.0,0.0,0.0,1.0,3.0,0.0,7
105413,3.0,4,1,,0.0,0.0,0.0,4.0,0.0,,0.0,0.0,0.0,1.0,0.0,4
105414,4.0,7,5,2.0,0.0,,1.0,3.0,1.0,4.0,0.0,,0.0,1.0,0.0,7
105415,2.0,10,5,3.0,2.0,0.0,1.0,4.0,0.0,2.0,2.0,0.0,1.0,0.0,0.0,10
105416,4.0,2,2,,0.0,0.0,1.0,0.0,1.0,,0.0,0.0,1.0,1.0,0.0,2
105417,3.0,5,5,,0.0,,0.0,3.0,2.0,,1.0,,0.0,2.0,2.0,5
105418,2.0,9,3,4.0,0.0,0.0,1.0,4.0,0.0,2.0,0.0,0.0,1.0,0.0,0.0,9
105419,1.0,1,1,,0.0,,1.0,0.0,0.0,,0.0,,1.0,0.0,0.0,1
105420,3.0,11,13,,2.0,4.0,1.0,0.0,4.0,,3.0,4.0,1.0,1.0,4.0,13
105421,3.0,6,6,,1.0,,1.0,0.0,4.0,,2.0,,1.0,0.0,3.0,6
105422,3.0,4,4,,1.0,,1.0,2.0,0.0,,2.0,,1.0,1.0,0.0,4
105423,4.0,1,0,,0.0,,1.0,0.0,0.0,,,,0.0,0.0,,1
105424,4.0,5,5,1.0,0.0,,1.0,3.0,0.0,1.0,0.0,,1.0,3.0,0.0,5
105425,2.0,2,3,,0.0,0.0,1.0,1.0,0.0,,2.0,0.0,0.0,1.0,0.0,3
105426,3.0,10,7,3.0,0.0,0.0,1.0,3.0,3.0,2.0,0.0,0.0,1.0,3.0,1.0,10
105427,4.0,8,4,2.0,1.0,,1.0,4.0,0.0,2.0,0.0,,0.0,2.0,0.0,8
105428,4.0,9,7,3.0,2.0,,0.0,4.0,0.0,3.0,2.0,,0.0,2.0,0.0,9
105429,3.0,2,3,,1.0,,1.0,0.0,0.0,,2.0,,1.0,0.0,0.0,3
105430,3.0,8,5,3.0,0.0,0.0,1.0,4.0,0.0,2.0,1.0,0.0,0.0,2.0,0.0,8
105431,2.0,7,3,2.0,0.0,,1.0,4.0,0.0,,2.0,,1.0,0.0,0.0,7
105432,3.0,9,7,4.0,1.0,,1.0,0.0,3.0,,1.0,,1.0,4.0,1.0,9
105433,3.0,1,1,,0.0,0.0,0.0,1.0,0.0,,0.0,0.0,1.0,0.0,0.0,1
105434,4.0,6,5,1.0,1.0,,1.0,3.0,0.0,1.0,0.0,,1.0,3.0,0.0,6
105435,4.0,15,15,4.0,2.0,3.0,1.0,3.0,2.0,3.0,3.0,3.0,1.0,3.0,2.0,15
105436,3.0,2,2,,1.0,,1.0,0.0,0.0,,1.0,,1.0,0.0,0.0,2
105437,3.0,1,1,,0.0,,1.0,0.0,0.0,,,,1.0,0.0,0.0,1
105438,3.0,10,5,3.0,2.0,0.0,0.0,4.0,1.0,1.0,0.0,0.0,0.0,4.0,0.0,10
105439,4.0,6,3,3.0,0.0,0.0,1.0,2.0,0.0,0.0,0.0,0.0,1.0,2.0,0.0,6
105440,3.0,4,4,,0.0,0.0,,,4.0,,0.0,0.0,,,4.0,4
105441,4.0,10,8,4.0,1.0,,1.0,4.0,0.0,3.0,0.0,,1.0,4.0,0.0,10
105442,3.0,9,7,3.0,0.0,,1.0,4.0,1.0,2.0,0.0,,1.0,4.0,0.0,9
105443,4.0,9,6,4.0,0.0,,1.0,4.0,0.0,2.0,0.0,,1.0,3.0,0.0,9
105444,1.0,7,5,3.0,0.0,0.0,1.0,3.0,0.0,1.0,0.0,0.0,1.0,3.0,0.0,7
105445,3.0,2,7,,0.0,,0.0,0.0,2.0,2.0,0.0,0.0,1.0,3.0,1.0,7
105446,3.0,3,2,,,,1.0,1.0,1.0,,0.0,,1.0,0.0,1.0,3
105447,2.0,7,4,2.0,1.0,,1.0,3.0,0.0,,1.0,,1.0,2.0,0.0,7
105448,2.0,5,3,,,0.0,1.0,3.0,1.0,,0.0,0.0,0.0,3.0,0.0,5
105449,2.0,7,0,2.0,0.0,,1.0,4.0,0.0,,0.0,,0.0,0.0,0.0,7
105450,1.0,11,10,3.0,1.0,0.0,1.0,4.0,2.0,3.0,1.0,0.0,1.0,4.0,1.0,11
105451,3.0,5,7,0.0,0.0,0.0,1.0,3.0,1.0,2.0,0.0,0.0,0.0,4.0,1.0,7
105452,1.0,1,2,,0.0,0.0,1.0,0.0,0.0,,1.0,0.0,1.0,0.0,0.0,2
105453,2.0,10,2,4.0,1.0,,1.0,4.0,0.0,,1.0,,1.0,0.0,0.0,10
105454,3.0,3,2,,,,1.0,0.0,2.0,,0.0,,0.0,0.0,2.0,3
105455,3.0,1,1,,0.0,,1.0,0.0,0.0,,0.0,,1.0,0.0,0.0,1
105456,3.0,2,2,,0.0,1.0,1.0,0.0,0.0,,0.0,1.0,1.0,0.0,0.0,2
105457,2.0,6,6,,1.0,,1.0,4.0,0.0,,2.0,,1.0,2.0,1.0,6
105458,2.0,8,8,3.0,0.0,,1.0,4.0,0.0,3.0,0.0,0.0,1.0,4.0,0.0,8
105459,1.0,7,6,,3.0,0.0,1.0,0.0,3.0,,2.0,0.0,1.0,0.0,3.0,7
105460,4.0,1,1,,0.0,,0.0,0.0,1.0,,0.0,,1.0,0.0,0.0,1
105461,4.0,8,4,2.0,0.0,,1.0,4.0,1.0,3.0,0.0,,1.0,0.0,0.0,8
105462,3.0,4,4,0.0,0.0,,1.0,2.0,1.0,,0.0,0.0,1.0,2.0,1.0,4
105463,3.0,2,1,,0.0,0.0,1.0,1.0,0.0,,0.0,0.0,1.0,0.0,0.0,2
105464,4.0,7,6,2.0,1.0,,1.0,3.0,0.0,1.0,2.0,,1.0,2.0,0.0,7
105465,2.0,12,10,3.0,1.0,2.0,1.0,4.0,1.0,3.0,1.0,2.0,1.0,2.0,1.0,12
105466,3.0,1,1,,0.0,0.0,1.0,0.0,0.0,,0.0,0.0,1.0,0.0,0.0,1
105467,4.0,8,6,3.0,0.0,,1.0,4.0,0.0,2.0,0.0,,1.0,3.0,0.0,8
105468,4.0,5,3,0.0,2.0,,1.0,2.0,0.0,0.0,,,1.0,2.0,0.0,5
105469,3.0,7,6,,0.0,0.0,1.0,2.0,4.0,,0.0,0.0,1.0,1.0,4.0,7
105470,4.0,7,5,2.0,0.0,,0.0,3.0,2.0,,0.0,,0.0,3.0,2.0,7
105471,3.0,5,11,4.0,0.0,,1.0,0.0,0.0,4.0,0.0,,1.0,3.0,3.0,11
105472,2.0,9,2,3.0,1.0,,1.0,4.0,0.0,,1.0,,1.0,0.0,0.0,9
105473,3.0,4,3,,0.0,,1.0,1.0,2.0,,0.0,,1.0,1.0,1.0,4
105474,3.0,5,1,3.0,0.0,,1.0,1.0,0.0,,0.0,,1.0,0.0,0.0,5
105475,4.0,5,6,1.0,0.0,,0.0,4.0,0.0,2.0,1.0,,1.0,2.0,0.0,6
105476,4.0,2,2,,0.0,0.0,1.0,1.0,0.0,,0.0,0.0,1.0,1.0,0.0,2
105477,3.0,4,4,3.0,0.0,,0.0,1.0,0.0,4.0,0.0,,0.0,0.0,0.0,4
105478,4.0,9,11,2.0,0.0,,1.0,4.0,2.0,3.0,0.0,,1.0,4.0,3.0,11
105479,2.0,9,2,3.0,1.0,,1.0,4.0,0.0,,1.0,0.0,1.0,0.0,0.0,9
105480,2.0,8,1,3.0,0.0,,1.0,3.0,1.0,,0.0,,0.0,0.0,1.0,8
105481,3.0,1,0,,0.0,,0.0,1.0,0.0,,0.0,,0.0,0.0,0.0,1
105482,3.0,1,1,,0.0,,1.0,0.0,0.0,,0.0,,1.0,0.0,0.0,1
105483,2.0,7,3,1.0,0.0,,1.0,4.0,1.0,,0.0,,1.0,1.0,1.0,7
105484,2.0,7,2,2.0,0.0,,1.0,4.0,0.0,,0.0,,1.0,0.0,1.0,7
105485,3.0,3,9,,,,1.0,1.0,1.0,,2.0,4.0,1.0,1.0,1.0,9
105486,3.0,5,5,,0.0,,1.0,0.0,4.0,,0.0,,1.0,0.0,4.0,5
105487,2.0,8,1,2.0,0.0,,1.0,4.0,1.0,,0.0,,1.0,0.0,0.0,8
105488,3.0,4,2,,0.0,,1.0,2.0,1.0,,0.0,,1.0,0.0,1.0,4
105489,2.0,9,2,3.0,1.0,,1.0,4.0,0.0,,0.0,,1.0,0.0,1.0,9
105490,3.0,9,7,4.0,0.0,0.0,1.0,3.0,1.0,3.0,0.0,0.0,0.0,3.0,1.0,9
105491,4.0,8,8,3.0,0.0,,1.0,3.0,1.0,2.0,1.0,,1.0,3.0,1.0,8
105492,3.0,9,7,2.0,0.0,,1.0,4.0,2.0,1.0,0.0,,1.0,3.0,2.0,9
105493,3.0,5,6,,0.0,1.0,1.0,1.0,2.0,,0.0,1.0,1.0,2.0,2.0,6
105494,3.0,1,2,,1.0,,0.0,0.0,0.0,,1.0,,0.0,1.0,0.0,2
105495,3.0,10,9,3.0,0.0,0.0,1.0,4.0,2.0,2.0,1.0,0.0,1.0,4.0,1.0,10
105496,4.0,5,3,1.0,0.0,,0.0,4.0,0.0,0.0,0.0,,0.0,3.0,0.0,5
105497,4.0,6,8,2.0,,,1.0,3.0,0.0,2.0,2.0,,1.0,3.0,0.0,8
105498,3.0,15,9,4.0,2.0,2.0,1.0,4.0,2.0,2.0,2.0,1.0,0.0,3.0,1.0,15
105499,4.0,5,5,,3.0,2.0,0.0,0.0,0.0,,3.0,2.0,0.0,0.0,0.0,5
105500,2.0,5,2,,0.0,,1.0,4.0,0.0,,0.0,,1.0,1.0,0.0,5
105501,2.0,12,10,4.0,2.0,1.0,1.0,4.0,0.0,3.0,1.0,1.0,1.0,4.0,0.0,12
105502,2.0,6,2,2.0,1.0,,1.0,2.0,0.0,,1.0,,1.0,0.0,0.0,6
105503,3.0,7,6,2.0,0.0,0.0,1.0,4.0,0.0,2.0,0.0,0.0,0.0,4.0,0.0,7
105504,1.0,2,3,,0.0,,1.0,1.0,0.0,,1.0,,1.0,0.0,1.0,3
105505,1.0,6,8,2.0,0.0,0.0,0.0,1.0,3.0,2.0,0.0,0.0,1.0,1.0,4.0,8
105506,1.0,2,2,,0.0,,1.0,0.0,1.0,,0.0,,1.0,0.0,1.0,2
105507,1.0,0,1,,0.0,,0.0,0.0,0.0,,0.0,,1.0,0.0,0.0,1
105508,4.0,4,1,,0.0,0.0,1.0,3.0,0.0,,0.0,0.0,0.0,1.0,0.0,4
105509,3.0,2,1,,0.0,0.0,1.0,1.0,0.0,,0.0,0.0,0.0,1.0,0.0,2
105510,3.0,2,2,,0.0,,1.0,1.0,0.0,,,,1.0,1.0,0.0,2
105511,1.0,0,0,,,,0.0,0.0,0.0,,0.0,0.0,0.0,0.0,0.0,0
105512,1.0,8,8,2.0,0.0,0.0,1.0,3.0,2.0,2.0,0.0,0.0,1.0,3.0,2.0,8
105513,4.0,11,10,3.0,0.0,1.0,1.0,2.0,4.0,3.0,0.0,1.0,1.0,2.0,3.0,11
105514,4.0,7,9,0.0,1.0,,0.0,3.0,3.0,0.0,2.0,,1.0,3.0,3.0,9
105515,4.0,9,9,1.0,0.0,2.0,1.0,4.0,1.0,1.0,1.0,2.0,1.0,3.0,1.0,9
105516,1.0,8,7,2.0,0.0,0.0,1.0,4.0,1.0,2.0,1.0,0.0,1.0,3.0,0.0,8
105517,1.0,3,4,,1.0,,0.0,0.0,2.0,,1.0,,1.0,0.0,2.0,4
105518,4.0,2,1,,0.0,,1.0,1.0,0.0,,0.0,,0.0,1.0,0.0,2
105519,1.0,6,7,2.0,0.0,0.0,0.0,3.0,1.0,2.0,1.0,0.0,1.0,3.0,0.0,7
105520,4.0,9,4,2.0,0.0,2.0,1.0,4.0,0.0,2.0,0.0,0.0,0.0,2.0,0.0,9
105521,3.0,9,7,3.0,0.0,,1.0,4.0,1.0,3.0,0.0,0.0,1.0,3.0,0.0,9
105522,3.0,4,4,,3.0,,1.0,0.0,0.0,,3.0,,1.0,0.0,0.0,4
105523,3.0,12,14,3.0,2.0,1.0,1.0,4.0,1.0,4.0,2.0,2.0,1.0,4.0,1.0,14
105524,4.0,8,5,3.0,0.0,0.0,1.0,3.0,1.0,,0.0,0.0,1.0,3.0,1.0,8
105525,1.0,1,1,,0.0,,1.0,0.0,0.0,,0.0,0.0,1.0,0.0,0.0,1
105526,1.0,2,3,,1.0,,0.0,0.0,1.0,,1.0,,1.0,0.0,1.0,3
105527,2.0,6,6,,2.0,,1.0,3.0,0.0,,1.0,,1.0,4.0,0.0,6
105528,1.0,6,3,2.0,0.0,,1.0,3.0,0.0,,0.0,,1.0,1.0,1.0,6
105529,2.0,9,2,4.0,0.0,,1.0,4.0,0.0,,1.0,,1.0,0.0,0.0,9
105530,3.0,4,3,,,0.0,0.0,2.0,2.0,,0.0,0.0,0.0,1.0,2.0,4
105531,4.0,4,6,1.0,0.0,,1.0,2.0,0.0,1.0,0.0,,1.0,4.0,0.0,6
105532,4.0,7,7,,1.0,1.0,1.0,3.0,1.0,,1.0,1.0,1.0,3.0,1.0,7
105533,4.0,9,9,3.0,2.0,,1.0,3.0,0.0,3.0,2.0,0.0,0.0,4.0,0.0,9
105534,4.0,11,11,,2.0,3.0,1.0,4.0,1.0,,2.0,3.0,1.0,4.0,1.0,11
105535,4.0,0,0,,0.0,,0.0,0.0,0.0,,0.0,,0.0,0.0,0.0,0
105536,1.0,3,3,,0.0,,1.0,1.0,1.0,,0.0,,1.0,1.0,1.0,3
105537,3.0,4,6,,0.0,,0.0,0.0,4.0,,0.0,,1.0,1.0,4.0,6
105538,3.0,8,4,4.0,0.0,,1.0,3.0,0.0,0.0,0.0,,1.0,3.0,0.0,8
105539,2.0,8,2,1.0,2.0,,1.0,4.0,0.0,,2.0,,0.0,0.0,0.0,8
105540,3.0,9,10,,3.0,2.0,1.0,2.0,1.0,2.0,3.0,1.0,1.0,3.0,0.0,10
105541,3.0,8,0,3.0,0.0,,1.0,4.0,0.0,,0.0,0.0,0.0,0.0,0.0,8
105542,3.0,10,10,,1.0,4.0,0.0,3.0,2.0,,1.0,4.0,0.0,2.0,3.0,10
105543,3.0,2,4,,1.0,,1.0,0.0,0.0,,2.0,,1.0,1.0,,4
105544,3.0,1,2,,0.0,,,,1.0,,1.0,,,,1.0,2
105545,3.0,7,7,2.0,0.0,0.0,1.0,4.0,0.0,2.0,0.0,0.0,1.0,3.0,1.0,7
105546,4.0,7,3,1.0,0.0,4.0,0.0,2.0,0.0,,0.0,3.0,0.0,0.0,0.0,7
105547,4.0,3,5,,0.0,,1.0,0.0,2.0,,0.0,,1.0,1.0,3.0,5
105548,3.0,1,1,,0.0,,0.0,1.0,0.0,,0.0,,0.0,1.0,0.0,1
105549,3.0,2,1,,0.0,,1.0,1.0,0.0,,0.0,,0.0,1.0,0.0,2
105550,4.0,6,5,3.0,0.0,0.0,1.0,2.0,0.0,3.0,0.0,0.0,0.0,2.0,0.0,6
105551,3.0,1,1,,0.0,0.0,1.0,0.0,0.0,,0.0,0.0,1.0,0.0,0.0,1
105552,2.0,8,2,2.0,1.0,,1.0,4.0,0.0,,0.0,,1.0,1.0,0.0,8
105553,4.0,2,2,,0.0,,0.0,1.0,1.0,,0.0,,0.0,1.0,1.0,2
105554,3.0,9,7,4.0,1.0,0.0,1.0,3.0,0.0,3.0,0.0,0.0,1.0,3.0,0.0,9
105555,3.0,1,0,,,,1.0,0.0,,,0.0,,0.0,0.0,0.0,1
105556,1.0,9,4,3.0,0.0,0.0,1.0,4.0,1.0,2.0,0.0,0.0,1.0,0.0,1.0,9
105557,3.0,5,7,,2.0,0.0,0.0,0.0,3.0,,3.0,0.0,0.0,0.0,4.0,7
105558,4.0,4,1,,0.0,,1.0,3.0,0.0,,0.0,,0.0,1.0,0.0,4
105559,2.0,8,2,2.0,1.0,,1.0,4.0,0.0,,1.0,,1.0,0.0,0.0,8
105560,3.0,4,3,3.0,0.0,,0.0,1.0,0.0,,0.0,,1.0,1.0,1.0,4
105561,4.0,0,2,,0.0,,0.0,0.0,0.0,,0.0,,1.0,1.0,0.0,2
105562,3.0,4,3,,0.0,,1.0,3.0,0.0,,0.0,0.0,1.0,2.0,0.0,4
105563,3.0,4,4,,2.0,0.0,1.0,0.0,1.0,,2.0,0.0,1.0,1.0,0.0,4
105564,1.0,5,5,,0.0,0.0,1.0,1.0,3.0,,0.0,0.0,1.0,0.0,4.0,5
105565,1.0,1,1,,0.0,0.0,1.0,0.0,0.0,,0.0,0.0,1.0,0.0,0.0,1
105566,2.0,6,7,1.0,0.0,,1.0,4.0,0.0,3.0,0.0,,1.0,3.0,0.0,7
105567,1.0,3,3,,0.0,,1.0,0.0,2.0,,1.0,,1.0,0.0,1.0,3
105568,2.0,8,8,3.0,0.0,0.0,1.0,4.0,0.0,3.0,0.0,0.0,1.0,4.0,0.0,8
105569,4.0,4,4,,0.0,3.0,1.0,0.0,0.0,,0.0,3.0,1.0,0.0,0.0,4
105570,3.0,3,6,,1.0,2.0,0.0,0.0,0.0,,2.0,2.0,0.0,0.0,2.0,6
105571,2.0,7,4,1.0,0.0,,1.0,4.0,1.0,2.0,0.0,,1.0,0.0,1.0,7
105572,1.0,8,5,2.0,0.0,0.0,1.0,4.0,1.0,3.0,0.0,0.0,0.0,2.0,0.0,8
105573,3.0,5,5,,3.0,2.0,0.0,0.0,0.0,,3.0,2.0,0.0,0.0,0.0,5
105574,2.0,8,2,3.0,0.0,,1.0,4.0,0.0,,1.0,,0.0,1.0,0.0,8
105575,2.0,10,7,2.0,1.0,,1.0,4.0,2.0,2.0,,,0.0,2.0,3.0,10
105576,2.0,10,11,3.0,2.0,,1.0,4.0,0.0,4.0,1.0,,1.0,4.0,1.0,11
105577,2.0,1,1,,0.0,,1.0,0.0,0.0,,0.0,,1.0,0.0,0.0,1
105578,4.0,8,9,0.0,3.0,,0.0,3.0,2.0,1.0,3.0,1.0,0.0,2.0,2.0,9
105579,3.0,4,6,2.0,0.0,0.0,0.0,2.0,0.0,2.0,1.0,0.0,1.0,2.0,0.0,6
105580,2.0,7,2,2.0,0.0,,1.0,4.0,0.0,,1.0,,1.0,0.0,0.0,7
105581,2.0,10,5,2.0,2.0,,1.0,4.0,1.0,,3.0,,0.0,0.0,2.0,10
105582,1.0,1,0,,0.0,,1.0,0.0,0.0,,0.0,,0.0,0.0,0.0,1
105583,4.0,6,4,0.0,1.0,,1.0,4.0,0.0,2.0,1.0,,0.0,1.0,0.0,6
105584,3.0,8,6,3.0,0.0,2.0,0.0,3.0,0.0,,0.0,2.0,1.0,3.0,0.0,8
105585,3.0,6,4,3.0,0.0,0.0,0.0,3.0,0.0,2.0,0.0,0.0,0.0,2.0,0.0,6
105586,4.0,9,3,3.0,0.0,,1.0,2.0,3.0,0.0,0.0,,1.0,2.0,0.0,9
105587,1.0,0,0,,0.0,,,,0.0,,,,,,,0
105588,4.0,12,10,4.0,2.0,1.0,1.0,4.0,0.0,2.0,2.0,1.0,1.0,4.0,0.0,12
105589,3.0,9,6,3.0,2.0,,0.0,4.0,0.0,2.0,2.0,,0.0,2.0,0.0,9
105590,2.0,5,1,,0.0,,1.0,4.0,0.0,,0.0,,1.0,0.0,0.0,5
105591,1.0,2,9,,0.0,,1.0,0.0,1.0,3.0,1.0,,1.0,4.0,0.0,9
105592,3.0,6,5,,0.0,,1.0,2.0,3.0,,1.0,,1.0,0.0,3.0,6
105593,3.0,3,2,,0.0,0.0,0.0,0.0,3.0,,0.0,0.0,0.0,0.0,2.0,3
105594,3.0,6,6,,1.0,0.0,1.0,1.0,3.0,,1.0,0.0,1.0,1.0,3.0,6
105595,1.0,7,9,1.0,1.0,1.0,1.0,3.0,0.0,1.0,2.0,1.0,1.0,3.0,1.0,9
105596,1.0,3,3,,0.0,0.0,1.0,0.0,2.0,,0.0,0.0,1.0,0.0,2.0,3
105597,4.0,12,13,4.0,1.0,0.0,1.0,4.0,2.0,4.0,2.0,0.0,1.0,3.0,3.0,13
105598,4.0,4,6,,1.0,,1.0,0.0,2.0,,1.0,,1.0,1.0,3.0,6
105599,2.0,8,8,3.0,0.0,,1.0,4.0,0.0,3.0,1.0,,1.0,3.0,0.0,8
105600,4.0,3,4,,0.0,2.0,1.0,0.0,0.0,,0.0,2.0,1.0,1.0,0.0,4
105601,4.0,5,4,1.0,0.0,,1.0,3.0,0.0,0.0,0.0,,1.0,3.0,0.0,5
105602,2.0,10,2,3.0,1.0,,1.0,4.0,1.0,,1.0,,0.0,0.0,1.0,10
105603,3.0,7,7,,0.0,,1.0,2.0,4.0,,0.0,,1.0,2.0,4.0,7
105604,2.0,7,2,2.0,0.0,,1.0,4.0,0.0,,1.0,,1.0,0.0,0.0,7
105605,3.0,1,1,,0.0,,1.0,0.0,0.0,,0.0,,1.0,0.0,0.0,1
105606,4.0,6,2,2.0,0.0,,0.0,4.0,0.0,2.0,0.0,,0.0,0.0,0.0,6
105607,3.0,5,2,,1.0,,1.0,3.0,0.0,,1.0,,1.0,0.0,0.0,5
105608,3.0,8,6,4.0,0.0,0.0,1.0,3.0,0.0,2.0,1.0,0.0,1.0,2.0,0.0,8
105609,2.0,9,2,3.0,1.0,,1.0,4.0,0.0,,1.0,,1.0,,0.0,9
105610,2.0,9,0,4.0,0.0,,1.0,4.0,0.0,,0.0,,0.0,0.0,0.0,9
105611,4.0,1,1,,0.0,,0.0,0.0,1.0,,0.0,,1.0,0.0,0.0,1
105612,2.0,10,3,3.0,2.0,,1.0,4.0,0.0,,2.0,,1.0,0.0,0.0,10
105613,2.0,8,0,3.0,0.0,,1.0,4.0,0.0,,0.0,,0.0,0.0,0.0,8
105614,3.0,7,4,3.0,0.0,,1.0,3.0,0.0,,0.0,,1.0,2.0,1.0,7
105615,1.0,5,2,,0.0,0.0,1.0,2.0,2.0,,0.0,0.0,1.0,0.0,1.0,5
105616,2.0,8,8,3.0,0.0,0.0,1.0,4.0,0.0,2.0,1.0,0.0,1.0,3.0,1.0,8
105617,3.0,8,6,2.0,2.0,,1.0,3.0,0.0,,1.0,2.0,1.0,1.0,1.0,8
105618,3.0,5,4,2.0,0.0,0.0,1.0,2.0,0.0,3.0,0.0,0.0,0.0,1.0,0.0,5
105619,4.0,9,6,4.0,0.0,,1.0,4.0,0.0,2.0,0.0,,1.0,3.0,0.0,9
105620,1.0,6,6,1.0,0.0,,1.0,4.0,0.0,1.0,0.0,,1.0,4.0,0.0,6
105621,4.0,9,8,2.0,1.0,2.0,1.0,3.0,0.0,2.0,1.0,1.0,0.0,3.0,1.0,9
105622,4.0,4,4,,1.0,,1.0,1.0,1.0,,1.0,,1.0,1.0,1.0,4
105623,3.0,0,0,,0.0,0.0,,,0.0,,0.0,0.0,,,0.0,0
105624,2.0,7,3,2.0,0.0,0.0,1.0,4.0,0.0,1.0,0.0,0.0,0.0,2.0,0.0,7
105625,4.0,4,4,,0.0,,1.0,3.0,0.0,,0.0,,1.0,3.0,0.0,4
105626,1.0,6,5,,0.0,,1.0,3.0,2.0,,0.0,0.0,1.0,1.0,3.0,6
105627,3.0,4,3,,0.0,,1.0,3.0,0.0,1.0,0.0,,0.0,2.0,0.0,4
105628,1.0,1,1,,0.0,,1.0,0.0,0.0,,0.0,,1.0,0.0,0.0,1
105629,3.0,11,9,3.0,1.0,2.0,1.0,4.0,0.0,2.0,1.0,2.0,1.0,3.0,0.0,11
105630,3.0,7,9,1.0,0.0,0.0,1.0,3.0,2.0,1.0,1.0,0.0,1.0,3.0,3.0,9
105631,2.0,7,6,1.0,0.0,0.0,1.0,4.0,1.0,1.0,0.0,0.0,1.0,4.0,0.0,7
105632,4.0,6,7,2.0,0.0,1.0,0.0,3.0,0.0,4.0,0.0,1.0,0.0,2.0,0.0,7
105633,3.0,8,7,3.0,1.0,0.0,1.0,3.0,0.0,2.0,1.0,0.0,1.0,3.0,0.0,8
105634,2.0,1,0,,0.0,,1.0,0.0,0.0,,0.0,,0.0,0.0,0.0,1
105635,4.0,6,6,1.0,0.0,0.0,1.0,4.0,0.0,1.0,0.0,0.0,1.0,4.0,0.0,6
105636,3.0,4,2,0.0,1.0,0.0,1.0,2.0,0.0,,1.0,0.0,1.0,0.0,0.0,4
105637,4.0,7,7,3.0,1.0,,0.0,3.0,0.0,3.0,1.0,,0.0,3.0,0.0,7
105638,2.0,7,4,1.0,0.0,,1.0,4.0,1.0,,0.0,,1.0,1.0,2.0,7
105639,3.0,6,1,3.0,0.0,,1.0,2.0,0.0,,0.0,,1.0,0.0,0.0,6
105640,4.0,6,6,1.0,1.0,,1.0,3.0,0.0,0.0,1.0,,0.0,4.0,1.0,6
105641,3.0,8,8,,0.0,,1.0,3.0,4.0,,0.0,,1.0,3.0,4.0,8
105642,3.0,6,8,,4.0,0.0,1.0,0.0,1.0,1.0,3.0,0.0,0.0,3.0,1.0,8
105643,1.0,2,1,,0.0,,1.0,1.0,0.0,,0.0,,0.0,1.0,0.0,2
105644,4.0,7,4,2.0,0.0,,1.0,4.0,0.0,2.0,0.0,,0.0,2.0,0.0,7
105645,4.0,6,1,1.0,1.0,,0.0,4.0,0.0,,0.0,,0.0,1.0,0.0,6
105646,2.0,5,2,,0.0,,1.0,4.0,0.0,,0.0,,1.0,0.0,1.0,5
105647,3.0,9,6,1.0,2.0,2.0,1.0,3.0,0.0,,2.0,2.0,1.0,1.0,0.0,9
105648,4.0,10,7,3.0,2.0,0.0,1.0,4.0,0.0,2.0,1.0,0.0,1.0,3.0,0.0,10
105649,4.0,6,2,2.0,0.0,,1.0,3.0,0.0,,0.0,,1.0,1.0,0.0,6
105650,4.0,1,1,,,,1.0,0.0,,,,,1.0,0.0,,1
105651,3.0,6,6,1.0,1.0,,0.0,3.0,1.0,2.0,1.0,,0.0,3.0,,6
105652,2.0,9,2,3.0,1.0,,1.0,4.0,0.0,,1.0,,1.0,0.0,0.0,9
105653,2.0,8,5,3.0,0.0,,1.0,4.0,0.0,2.0,1.0,,1.0,0.0,1.0,8
105654,3.0,2,3,,0.0,,1.0,1.0,0.0,,0.0,1.0,1.0,1.0,0.0,3
105655,1.0,9,5,4.0,0.0,,1.0,1.0,3.0,,0.0,,1.0,0.0,4.0,9
105656,4.0,2,8,,1.0,,0.0,0.0,1.0,4.0,0.0,,1.0,2.0,1.0,8
105657,4.0,9,8,4.0,0.0,0.0,1.0,2.0,2.0,3.0,0.0,0.0,1.0,2.0,2.0,9
105658,2.0,6,4,1.0,0.0,,1.0,4.0,0.0,1.0,0.0,,1.0,2.0,0.0,6
105659,2.0,7,4,2.0,0.0,,1.0,4.0,0.0,3.0,0.0,,1.0,0.0,0.0,7
105660,3.0,4,3,,,,1.0,3.0,0.0,,,,0.0,3.0,,4
105661,3.0,3,1,,0.0,1.0,1.0,0.0,1.0,,0.0,0.0,0.0,1.0,0.0,3
105662,2.0,8,3,2.0,1.0,,1.0,3.0,1.0,,1.0,,1.0,0.0,1.0,8
105663,2.0,8,2,2.0,1.0,,1.0,4.0,0.0,,0.0,0.0,1.0,0.0,1.0,8
105664,3.0,6,2,2.0,0.0,0.0,1.0,3.0,0.0,,0.0,0.0,1.0,1.0,0.0,6
105665,2.0,9,5,2.0,1.0,,1.0,4.0,1.0,2.0,2.0,,1.0,0.0,0.0,9
105666,3.0,2,1,,0.0,0.0,1.0,0.0,1.0,,0.0,0.0,1.0,0.0,0.0,2
105667,4.0,4,2,,0.0,,1.0,2.0,1.0,,0.0,,1.0,1.0,0.0,4
105668,4.0,7,4,3.0,0.0,,0.0,4.0,0.0,,0.0,,1.0,3.0,0.0,7
105669,4.0,8,8,1.0,1.0,4.0,0.0,2.0,0.0,,2.0,3.0,0.0,0.0,3.0,8
105670,4.0,5,5,,0.0,,1.0,0.0,4.0,,0.0,,1.0,0.0,4.0,5
105671,2.0,0,1,,0.0,,0.0,0.0,0.0,,0.0,,1.0,0.0,0.0,1
105672,4.0,3,5,0.0,0.0,,0.0,3.0,0.0,1.0,0.0,,1.0,3.0,0.0,5
105673,2.0,6,2,1.0,1.0,,1.0,3.0,0.0,,1.0,,1.0,0.0,0.0,6
105674,2.0,7,2,,1.0,,1.0,4.0,1.0,,0.0,,1.0,0.0,1.0,7
105675,4.0,5,4,,0.0,2.0,1.0,1.0,1.0,,0.0,1.0,1.0,1.0,1.0,5
105676,1.0,2,4,,0.0,,0.0,0.0,2.0,,0.0,,1.0,0.0,3.0,4
105677,4.0,9,5,4.0,0.0,0.0,1.0,4.0,0.0,3.0,1.0,0.0,1.0,,0.0,9
105678,4.0,5,5,2.0,0.0,,1.0,2.0,0.0,2.0,0.0,,1.0,2.0,0.0,5
105679,1.0,6,5,1.0,0.0,0.0,1.0,4.0,0.0,1.0,0.0,0.0,0.0,4.0,0.0,6
105680,3.0,8,8,4.0,0.0,0.0,1.0,3.0,0.0,4.0,0.0,0.0,1.0,3.0,0.0,8
105681,2.0,6,3,0.0,1.0,,1.0,4.0,0.0,,1.0,,1.0,1.0,0.0,6
105682,2.0,8,2,3.0,0.0,,1.0,4.0,0.0,,1.0,,1.0,0.0,0.0,8
105683,1.0,8,5,4.0,0.0,0.0,1.0,1.0,2.0,2.0,0.0,0.0,1.0,0.0,2.0,8
105684,2.0,10,12,2.0,2.0,1.0,1.0,4.0,0.0,4.0,2.0,1.0,1.0,4.0,0.0,12
105685,4.0,5,6,0.0,1.0,,1.0,3.0,0.0,0.0,1.0,0.0,1.0,4.0,0.0,6
105686,3.0,4,4,,0.0,,1.0,3.0,0.0,,0.0,,1.0,3.0,0.0,4
105687,3.0,6,8,1.0,0.0,0.0,1.0,3.0,1.0,3.0,0.0,0.0,1.0,3.0,1.0,8
105688,1.0,1,1,,0.0,,1.0,0.0,0.0,,0.0,,1.0,0.0,0.0,1
105689,3.0,9,7,2.0,0.0,1.0,0.0,4.0,2.0,2.0,0.0,0.0,0.0,3.0,2.0,9
105690,3.0,4,4,1.0,0.0,,0.0,3.0,0.0,1.0,0.0,,0.0,3.0,0.0,4
105691,2.0,8,2,3.0,,,1.0,4.0,0.0,,,,1.0,1.0,0.0,8
105692,4.0,1,0,,,,1.0,0.0,,,,,0.0,0.0,0.0,1
105693,4.0,5,4,0.0,0.0,0.0,1.0,3.0,1.0,0.0,0.0,0.0,1.0,3.0,0.0,5
105694,4.0,0,0,,0.0,,0.0,0.0,0.0,,0.0,,0.0,0.0,0.0,0
105695,3.0,10,9,3.0,0.0,1.0,1.0,3.0,2.0,3.0,0.0,2.0,0.0,3.0,1.0,10
105696,3.0,15,14,3.0,2.0,3.0,1.0,4.0,2.0,3.0,2.0,3.0,0.0,3.0,3.0,15
105697,3.0,3,2,,0.0,0.0,0.0,3.0,0.0,,0.0,0.0,1.0,1.0,0.0,3
105698,3.0,4,4,,0.0,0.0,1.0,3.0,0.0,,0.0,0.0,1.0,3.0,0.0,4
105699,4.0,4,3,0.0,0.0,,0.0,4.0,0.0,0.0,0.0,0.0,1.0,2.0,0.0,4
105700,4.0,11,9,3.0,0.0,2.0,1.0,3.0,2.0,2.0,0.0,2.0,1.0,3.0,1.0,11
105701,4.0,7,8,0.0,2.0,,1.0,3.0,1.0,1.0,2.0,,1.0,3.0,1.0,8
105702,1.0,6,0,2.0,,,1.0,3.0,0.0,,,,0.0,0.0,0.0,6
105703,1.0,3,3,,1.0,1.0,1.0,0.0,0.0,,1.0,1.0,1.0,0.0,0.0,3
105704,2.0,8,1,3.0,1.0,0.0,0.0,4.0,0.0,,0.0,0.0,1.0,0.0,0.0,8
105705,4.0,11,9,4.0,2.0,,1.0,4.0,0.0,3.0,2.0,,0.0,4.0,0.0,11
105706,2.0,5,1,,0.0,,1.0,4.0,0.0,,1.0,,0.0,0.0,0.0,5
105707,2.0,8,3,2.0,1.0,,1.0,4.0,0.0,,1.0,,1.0,0.0,1.0,8
105708,2.0,11,10,3.0,2.0,0.0,1.0,4.0,1.0,3.0,1.0,0.0,1.0,4.0,1.0,11
105709,1.0,2,2,2.0,0.0,0.0,0.0,0.0,0.0,2.0,0.0,0.0,0.0,0.0,0.0,2
105710,4.0,7,5,3.0,0.0,,1.0,3.0,0.0,1.0,0.0,,1.0,3.0,0.0,7
105711,4.0,6,6,2.0,0.0,,1.0,3.0,0.0,2.0,0.0,0.0,1.0,3.0,0.0,6
105712,2.0,14,16,4.0,2.0,,1.0,4.0,3.0,4.0,3.0,,1.0,4.0,4.0,16
105713,2.0,9,3,3.0,0.0,,1.0,4.0,1.0,,1.0,,1.0,0.0,1.0,9
105714,1.0,6,6,3.0,0.0,0.0,0.0,3.0,0.0,3.0,0.0,0.0,0.0,3.0,0.0,6
105715,4.0,5,3,1.0,0.0,,0.0,4.0,0.0,1.0,0.0,,0.0,2.0,0.0,5
105716,1.0,4,2,,0.0,,1.0,1.0,2.0,,0.0,,0.0,0.0,2.0,4
105717,1.0,4,3,,0.0,,1.0,1.0,2.0,,,,1.0,0.0,2.0,4
105718,4.0,10,8,2.0,2.0,2.0,0.0,4.0,0.0,2.0,2.0,2.0,0.0,2.0,0.0,10
105719,4.0,4,1,,0.0,,1.0,3.0,0.0,,0.0,,1.0,0.0,0.0,4
105720,4.0,1,5,,0.0,,0.0,1.0,0.0,,1.0,,1.0,2.0,1.0,5
105721,3.0,8,8,3.0,0.0,,1.0,4.0,0.0,3.0,1.0,0.0,1.0,3.0,0.0,8
105722,2.0,9,5,3.0,1.0,,1.0,4.0,0.0,2.0,1.0,,1.0,1.0,0.0,9
105723,4.0,2,1,,0.0,,1.0,1.0,0.0,,0.0,,0.0,1.0,0.0,2
105724,2.0,6,2,1.0,2.0,,1.0,2.0,0.0,,1.0,,1.0,0.0,0.0,6
105725,2.0,8,3,3.0,0.0,,1.0,4.0,0.0,,1.0,,1.0,1.0,0.0,8
105726,1.0,11,9,2.0,0.0,,1.0,4.0,4.0,2.0,0.0,,1.0,2.0,4.0,11
105727,2.0,5,1,0.0,0.0,,1.0,4.0,0.0,,0.0,,1.0,0.0,0.0,5
105728,4.0,1,1,,0.0,,1.0,0.0,0.0,,0.0,,0.0,1.0,0.0,1
105729,4.0,5,3,2.0,0.0,,0.0,3.0,0.0,1.0,0.0,,0.0,2.0,0.0,5
105730,3.0,7,7,1.0,1.0,1.0,0.0,3.0,1.0,1.0,1.0,1.0,0.0,3.0,1.0,7
105731,3.0,4,1,,2.0,,1.0,1.0,0.0,,1.0,,0.0,0.0,0.0,4
105732,3.0,2,2,,0.0,,1.0,0.0,1.0,,0.0,,1.0,0.0,1.0,2
105733,4.0,10,3,4.0,1.0,0.0,1.0,3.0,1.0,,1.0,0.0,0.0,2.0,0.0,10
105734,2.0,1,2,,0.0,,1.0,0.0,0.0,,0.0,,1.0,1.0,0.0,2
105735,4.0,2,1,,0.0,,1.0,1.0,0.0,,0.0,,1.0,0.0,0.0,2
105736,3.0,9,7,4.0,0.0,0.0,1.0,4.0,0.0,3.0,0.0,0.0,1.0,3.0,0.0,9
105737,1.0,0,8,,0.0,0.0,0.0,0.0,0.0,3.0,0.0,0.0,1.0,4.0,0.0,8
105738,1.0,5,4,1.0,0.0,,1.0,3.0,0.0,1.0,0.0,,0.0,3.0,0.0,5
105739,3.0,6,6,,1.0,3.0,1.0,1.0,0.0,2.0,0.0,3.0,0.0,1.0,0.0,6
105740,2.0,6,1,3.0,0.0,,1.0,2.0,0.0,,0.0,,1.0,0.0,0.0,6
105741,3.0,3,2,,0.0,,1.0,1.0,1.0,,0.0,,0.0,1.0,1.0,3
105742,3.0,10,13,3.0,0.0,,1.0,4.0,2.0,3.0,0.0,3.0,1.0,4.0,2.0,13
105743,3.0,7,1,,2.0,,1.0,2.0,2.0,,,,1.0,0.0,0.0,7
105744,4.0,5,1,2.0,0.0,,1.0,2.0,0.0,,0.0,,1.0,0.0,0.0,5
105745,4.0,1,1,,0.0,,1.0,0.0,0.0,,0.0,,1.0,0.0,0.0,1
105746,2.0,5,2,2.0,0.0,,1.0,2.0,0.0,0.0,0.0,,0.0,2.0,0.0,5
105747,3.0,2,2,,,,1.0,1.0,0.0,,0.0,,1.0,1.0,0.0,2
105748,3.0,2,4,,0.0,,1.0,1.0,0.0,2.0,0.0,,1.0,1.0,0.0,4
105749,3.0,10,5,4.0,0.0,0.0,1.0,4.0,1.0,,0.0,0.0,1.0,3.0,1.0,10
105750,4.0,16,15,3.0,2.0,3.0,1.0,4.0,3.0,2.0,2.0,3.0,1.0,4.0,3.0,16
105751,1.0,0,2,,0.0,0.0,0.0,0.0,0.0,,0.0,0.0,1.0,1.0,0.0,2
105752,3.0,6,1,,1.0,0.0,1.0,3.0,1.0,,1.0,0.0,,,0.0,6
105753,3.0,7,1,2.0,0.0,1.0,0.0,4.0,0.0,,0.0,1.0,0.0,0.0,0.0,7
105754,3.0,5,2,,1.0,1.0,1.0,0.0,2.0,,1.0,0.0,0.0,0.0,1.0,5
105755,2.0,6,1,3.0,0.0,,1.0,2.0,0.0,,0.0,,1.0,0.0,0.0,6
105756,4.0,2,2,,1.0,0.0,1.0,0.0,0.0,,1.0,0.0,1.0,0.0,0.0,2
105757,4.0,7,6,,0.0,2.0,1.0,1.0,3.0,,0.0,2.0,0.0,0.0,4.0,7
105758,3.0,1,1,,1.0,,,,0.0,,1.0,,,,0.0,1
105759,3.0,7,5,3.0,0.0,0.0,1.0,3.0,0.0,2.0,0.0,0.0,0.0,3.0,0.0,7
105760,4.0,10,5,3.0,0.0,0.0,1.0,4.0,2.0,2.0,0.0,0.0,1.0,1.0,1.0,10
105761,4.0,4,4,,1.0,,1.0,2.0,0.0,,,,1.0,3.0,0.0,4
105762,1.0,7,6,0.0,1.0,0.0,1.0,4.0,1.0,0.0,1.0,0.0,1.0,3.0,1.0,7
105763,3.0,10,10,3.0,0.0,0.0,1.0,4.0,2.0,3.0,0.0,0.0,1.0,4.0,2.0,10
105764,2.0,10,6,3.0,2.0,,1.0,4.0,0.0,2.0,2.0,,1.0,0.0,1.0,10
105765,2.0,10,8,3.0,2.0,,1.0,4.0,0.0,3.0,1.0,,1.0,3.0,0.0,10
105766,3.0,7,6,,1.0,4.0,1.0,1.0,0.0,,1.0,4.0,0.0,1.0,0.0,7
105767,2.0,6,2,,1.0,,1.0,4.0,0.0,,1.0,,1.0,0.0,0.0,6
105768,3.0,2,3,,,,1.0,0.0,1.0,,2.0,,1.0,0.0,0.0,3
105769,2.0,6,5,2.0,0.0,,1.0,3.0,0.0,2.0,1.0,,1.0,1.0,0.0,6
105770,2.0,10,13,1.0,2.0,2.0,1.0,4.0,0.0,3.0,2.0,3.0,1.0,4.0,0.0,13
105771,2.0,4,1,0.0,0.0,,1.0,3.0,0.0,,0.0,,0.0,1.0,0.0,4
105772,4.0,4,7,0.0,0.0,,0.0,4.0,0.0,3.0,0.0,,0.0,4.0,0.0,7
105773,2.0,1,8,,1.0,,,,0.0,3.0,1.0,,1.0,3.0,0.0,8
105774,4.0,3,8,,0.0,2.0,1.0,0.0,0.0,2.0,0.0,1.0,1.0,4.0,0.0,8
105775,4.0,5,0,2.0,0.0,,1.0,2.0,0.0,,0.0,,0.0,0.0,0.0,5
105776,3.0,5,4,,0.0,,1.0,0.0,4.0,,0.0,,1.0,0.0,3.0,5
105777,2.0,10,12,1.0,2.0,2.0,1.0,4.0,0.0,2.0,2.0,2.0,1.0,2.0,3.0,12
105778,3.0,11,10,2.0,3.0,0.0,1.0,4.0,1.0,2.0,0.0,0.0,1.0,4.0,3.0,11
105779,1.0,2,3,,0.0,0.0,1.0,0.0,1.0,,1.0,0.0,1.0,0.0,1.0,3
105780,3.0,1,1,,0.0,,1.0,0.0,0.0,,0.0,,1.0,0.0,0.0,1
105781,4.0,6,7,,2.0,2.0,0.0,0.0,2.0,,3.0,2.0,0.0,0.0,2.0,7
105782,2.0,8,1,3.0,0.0,,1.0,4.0,0.0,,0.0,,1.0,0.0,0.0,8
105783,2.0,10,6,3.0,2.0,0.0,1.0,4.0,0.0,2.0,2.0,0.0,1.0,0.0,1.0,10
105784,3.0,1,0,,1.0,,0.0,0.0,0.0,,0.0,,0.0,0.0,0.0,1
105785,1.0,8,6,3.0,0.0,1.0,1.0,3.0,0.0,2.0,0.0,1.0,1.0,2.0,0.0,8
105786,2.0,9,1,4.0,0.0,,1.0,4.0,0.0,,0.0,,1.0,0.0,0.0,9
105787,4.0,5,4,,1.0,,0.0,4.0,0.0,2.0,1.0,,0.0,1.0,0.0,5
105788,3.0,2,2,,0.0,,1.0,0.0,1.0,,0.0,,1.0,0.0,1.0,2
105789,4.0,12,7,4.0,3.0,0.0,1.0,4.0,0.0,1.0,2.0,0.0,1.0,3.0,0.0,12
105790,3.0,8,5,0.0,1.0,0.0,1.0,3.0,3.0,,1.0,0.0,0.0,0.0,4.0,8
105791,2.0,11,6,4.0,2.0,,1.0,4.0,0.0,1.0,1.0,,0.0,4.0,0.0,11
105792,3.0,7,7,3.0,0.0,0.0,1.0,3.0,0.0,2.0,0.0,1.0,1.0,3.0,0.0,7
105793,4.0,1,1,,1.0,0.0,0.0,0.0,0.0,,1.0,0.0,0.0,0.0,0.0,1
105794,4.0,3,4,0.0,0.0,,1.0,2.0,0.0,0.0,1.0,,1.0,2.0,0.0,4
105795,3.0,6,2,3.0,0.0,0.0,1.0,2.0,0.0,,0.0,0.0,1.0,1.0,0.0,6
105796,3.0,5,6,,0.0,0.0,1.0,0.0,4.0,,,0.0,1.0,1.0,4.0,6
105797,4.0,8,5,2.0,0.0,0.0,1.0,4.0,1.0,1.0,0.0,0.0,1.0,2.0,1.0,8
105798,3.0,6,7,,0.0,0.0,1.0,1.0,4.0,2.0,0.0,0.0,1.0,0.0,4.0,7
105799,1.0,1,1,,,,1.0,0.0,,,0.0,,1.0,0.0,0.0,1
105800,2.0,10,10,3.0,1.0,1.0,1.0,4.0,0.0,3.0,2.0,0.0,1.0,4.0,0.0,10
105801,2.0,5,2,0.0,1.0,,1.0,3.0,0.0,,1.0,,1.0,0.0,0.0,5
105802,3.0,8,6,3.0,0.0,0.0,1.0,4.0,0.0,2.0,0.0,0.0,1.0,3.0,0.0,8
105803,2.0,9,8,4.0,,,1.0,4.0,,3.0,,,1.0,4.0,0.0,9
105804,4.0,8,7,1.0,2.0,,1.0,4.0,0.0,2.0,2.0,,1.0,2.0,0.0,8
105805,3.0,8,2,1.0,0.0,1.0,1.0,4.0,1.0,0.0,0.0,0.0,1.0,0.0,1.0,8
105806,4.0,5,4,1.0,0.0,,1.0,3.0,0.0,1.0,0.0,0.0,0.0,3.0,0.0,5
105807,3.0,9,6,4.0,0.0,,1.0,3.0,1.0,1.0,1.0,,1.0,2.0,1.0,9
105808,3.0,4,4,,2.0,,1.0,1.0,0.0,,2.0,,1.0,0.0,1.0,4
105809,3.0,3,1,,0.0,1.0,1.0,1.0,0.0,,0.0,0.0,1.0,0.0,0.0,3
105810,4.0,5,5,1.0,1.0,,1.0,2.0,0.0,1.0,1.0,,1.0,2.0,0.0,5
105811,3.0,2,5,,0.0,,1.0,1.0,0.0,,1.0,,1.0,3.0,0.0,5
105812,2.0,7,0,2.0,0.0,,1.0,4.0,0.0,,0.0,,0.0,0.0,0.0,7
105813,1.0,0,1,,0.0,,0.0,0.0,0.0,,0.0,,1.0,0.0,0.0,1
105814,3.0,9,8,2.0,2.0,0.0,0.0,4.0,1.0,2.0,2.0,0.0,0.0,4.0,0.0,9
105815,3.0,3,4,,0.0,,0.0,0.0,3.0,,0.0,,0.0,0.0,4.0,4
105816,3.0,7,8,3.0,0.0,,1.0,3.0,0.0,2.0,1.0,0.0,1.0,4.0,0.0,8
105817,4.0,2,1,,0.0,,0.0,1.0,1.0,,0.0,,0.0,0.0,1.0,2
105818,1.0,4,3,,0.0,,1.0,2.0,1.0,,0.0,,0.0,1.0,2.0,4
105819,2.0,10,1,3.0,2.0,,1.0,4.0,0.0,,,,1.0,0.0,0.0,10
105820,1.0,2,1,,0.0,0.0,1.0,0.0,1.0,,0.0,0.0,1.0,0.0,0.0,2
105821,4.0,0,0,,0.0,0.0,0.0,0.0,0.0,,0.0,0.0,0.0,0.0,0.0,0
105822,3.0,2,3,,1.0,,0.0,0.0,1.0,,1.0,,1.0,0.0,1.0,3
105823,1.0,1,2,,0.0,,1.0,0.0,0.0,,0.0,,1.0,1.0,0.0,2
105824,1.0,6,1,3.0,0.0,,1.0,2.0,0.0,,0.0,,1.0,0.0,0.0,6
105825,2.0,8,9,3.0,0.0,,1.0,4.0,0.0,3.0,1.0,,1.0,4.0,0.0,9
105826,2.0,1,8,,0.0,0.0,1.0,0.0,0.0,3.0,0.0,0.0,1.0,4.0,0.0,8
105827,4.0,4,1,0.0,0.0,,1.0,3.0,0.0,,0.0,,0.0,1.0,0.0,4
105828,4.0,7,4,2.0,1.0,,1.0,3.0,0.0,,1.0,,0.0,3.0,0.0,7
105829,3.0,13,7,2.0,0.0,4.0,1.0,3.0,3.0,,0.0,3.0,1.0,0.0,3.0,13
105830,3.0,6,3,2.0,1.0,0.0,0.0,3.0,0.0,,0.0,0.0,0.0,3.0,0.0,6
105831,1.0,6,8,1.0,0.0,,1.0,4.0,0.0,1.0,2.0,,1.0,4.0,0.0,8
105832,2.0,9,4,3.0,1.0,,1.0,4.0,0.0,2.0,1.0,,1.0,0.0,0.0,9
105833,3.0,5,5,,4.0,0.0,1.0,0.0,0.0,,4.0,0.0,1.0,0.0,0.0,5
105834,3.0,4,3,,2.0,,1.0,0.0,1.0,,1.0,,1.0,0.0,1.0,4
105835,2.0,8,1,2.0,1.0,,1.0,4.0,0.0,,,,1.0,0.0,0.0,8
105836,3.0,3,3,,0.0,,0.0,0.0,3.0,,0.0,,1.0,0.0,2.0,3
105837,3.0,7,3,2.0,0.0,,1.0,2.0,2.0,,0.0,,0.0,1.0,2.0,7
105838,3.0,13,13,4.0,0.0,0.0,1.0,4.0,4.0,4.0,2.0,2.0,0.0,4.0,1.0,13
105839,3.0,0,0,,0.0,,,,0.0,,0.0,,,,0.0,0
105840,4.0,7,6,1.0,0.0,1.0,1.0,4.0,0.0,2.0,0.0,1.0,0.0,3.0,0.0,7
105841,2.0,11,9,3.0,2.0,,1.0,4.0,1.0,3.0,2.0,0.0,1.0,2.0,1.0,11
105842,2.0,5,2,1.0,1.0,,1.0,2.0,0.0,,0.0,,1.0,0.0,1.0,5
105843,1.0,10,11,4.0,0.0,,1.0,3.0,2.0,3.0,0.0,2.0,1.0,3.0,2.0,11
105844,1.0,9,9,2.0,1.0,0.0,1.0,4.0,1.0,3.0,0.0,0.0,1.0,4.0,1.0,9
105845,3.0,9,10,2.0,2.0,,1.0,3.0,1.0,2.0,2.0,1.0,1.0,3.0,1.0,10
105846,3.0,8,1,3.0,0.0,,1.0,4.0,0.0,,0.0,,1.0,0.0,0.0,8
105847,3.0,10,2,4.0,0.0,,1.0,4.0,1.0,,0.0,0.0,0.0,1.0,1.0,10
105848,2.0,13,11,3.0,2.0,,1.0,3.0,4.0,2.0,2.0,3.0,1.0,,3.0,13
105849,4.0,9,9,1.0,3.0,2.0,0.0,3.0,0.0,1.0,2.0,2.0,1.0,3.0,0.0,9
105850,3.0,9,6,1.0,4.0,1.0,0.0,3.0,0.0,1.0,2.0,0.0,0.0,3.0,0.0,9
105851,4.0,6,4,2.0,0.0,,1.0,3.0,0.0,2.0,0.0,,0.0,2.0,0.0,6
105852,2.0,11,10,4.0,1.0,,1.0,4.0,1.0,3.0,1.0,,1.0,4.0,1.0,11
105853,4.0,5,5,0.0,0.0,1.0,0.0,4.0,0.0,1.0,0.0,0.0,0.0,4.0,0.0,5
105854,1.0,0,1,,0.0,0.0,0.0,0.0,0.0,,0.0,0.0,1.0,0.0,0.0,1
105855,4.0,7,7,1.0,1.0,1.0,1.0,3.0,0.0,2.0,1.0,1.0,1.0,2.0,0.0,7
105856,2.0,10,2,3.0,2.0,,1.0,4.0,0.0,,1.0,,1.0,0.0,0.0,10
105857,2.0,8,3,2.0,1.0,,1.0,4.0,0.0,,1.0,,1.0,1.0,0.0,8
105858,1.0,2,9,,0.0,,1.0,0.0,1.0,3.0,0.0,0.0,1.0,4.0,1.0,9
105859,2.0,10,10,4.0,1.0,0.0,1.0,4.0,0.0,4.0,1.0,0.0,1.0,4.0,0.0,10
105860,2.0,11,5,4.0,1.0,,1.0,4.0,1.0,3.0,0.0,,1.0,0.0,1.0,11
105861,2.0,9,2,2.0,2.0,,1.0,4.0,0.0,,1.0,,1.0,0.0,0.0,9
105862,2.0,8,5,1.0,1.0,,1.0,4.0,1.0,2.0,1.0,,1.0,0.0,1.0,8
105863,2.0,5,5,1.0,0.0,,1.0,3.0,0.0,2.0,0.0,,1.0,2.0,0.0,5
105864,3.0,8,7,1.0,0.0,2.0,1.0,3.0,1.0,0.0,0.0,2.0,1.0,3.0,1.0,8
105865,4.0,2,2,,0.0,,1.0,1.0,0.0,,0.0,,0.0,2.0,0.0,2
105866,1.0,7,8,,1.0,4.0,1.0,0.0,1.0,,2.0,4.0,1.0,0.0,1.0,8
105867,3.0,7,6,3.0,0.0,,1.0,3.0,0.0,2.0,0.0,,1.0,3.0,0.0,7
105868,3.0,14,14,2.0,2.0,3.0,1.0,3.0,3.0,2.0,,3.0,1.0,4.0,4.0,14
105869,2.0,10,4,2.0,2.0,,1.0,4.0,1.0,,2.0,,1.0,0.0,1.0,10
105870,4.0,1,8,,0.0,,0.0,1.0,0.0,4.0,1.0,,0.0,3.0,0.0,8
105871,4.0,8,7,4.0,0.0,0.0,1.0,3.0,0.0,2.0,0.0,0.0,1.0,4.0,0.0,8
105872,3.0,2,4,,0.0,1.0,0.0,1.0,0.0,,1.0,1.0,0.0,0.0,2.0,4
105873,1.0,2,4,,0.0,,1.0,1.0,0.0,,0.0,,1.0,3.0,0.0,4
105874,4.0,8,8,3.0,1.0,,1.0,3.0,0.0,2.0,1.0,,1.0,4.0,0.0,8
105875,2.0,11,5,4.0,2.0,,1.0,4.0,0.0,2.0,2.0,,1.0,0.0,0.0,11
105876,3.0,7,11,1.0,1.0,0.0,0.0,3.0,2.0,2.0,2.0,1.0,1.0,3.0,2.0,11
105877,3.0,9,6,2.0,0.0,1.0,1.0,3.0,2.0,,0.0,0.0,1.0,1.0,4.0,9
105878,1.0,4,3,2.0,1.0,0.0,0.0,0.0,1.0,,1.0,0.0,1.0,0.0,1.0,4
105879,2.0,8,2,2.0,1.0,,1.0,4.0,0.0,,1.0,,1.0,0.0,0.0,8
105880,3.0,7,7,,0.0,2.0,1.0,1.0,3.0,,0.0,3.0,1.0,0.0,3.0,7
105881,2.0,5,4,2.0,1.0,,1.0,0.0,1.0,,2.0,,1.0,0.0,1.0,5
105882,4.0,7,7,2.0,2.0,,0.0,3.0,0.0,2.0,1.0,0.0,1.0,3.0,0.0,7
105883,3.0,1,0,,0.0,0.0,1.0,0.0,0.0,,0.0,0.0,0.0,0.0,0.0,1
105884,3.0,6,4,,0.0,,1.0,3.0,2.0,,0.0,,1.0,1.0,2.0,6
105885,4.0,10,10,1.0,2.0,2.0,1.0,4.0,0.0,3.0,2.0,2.0,0.0,3.0,0.0,10
105886,1.0,8,9,1.0,1.0,0.0,1.0,3.0,2.0,2.0,1.0,0.0,1.0,3.0,2.0,9
105887,1.0,9,9,4.0,0.0,,1.0,4.0,0.0,4.0,0.0,0.0,0.0,4.0,1.0,9
105888,3.0,3,7,,0.0,2.0,1.0,0.0,0.0,3.0,0.0,2.0,0.0,2.0,0.0,7
105889,4.0,11,7,3.0,0.0,,1.0,3.0,4.0,0.0,0.0,,1.0,2.0,4.0,11
105890,3.0,9,7,3.0,1.0,,1.0,3.0,1.0,3.0,,,1.0,3.0,0.0,9
105891,1.0,8,3,4.0,0.0,0.0,1.0,3.0,0.0,,0.0,0.0,0.0,3.0,0.0,8
105892,2.0,12,11,3.0,0.0,0.0,1.0,4.0,4.0,2.0,0.0,0.0,1.0,4.0,4.0,12
105893,1.0,2,1,,1.0,0.0,1.0,0.0,0.0,,1.0,0.0,0.0,0.0,0.0,2
105894,4.0,1,1,,0.0,,0.0,1.0,0.0,,0.0,,0.0,1.0,0.0,1
105895,3.0,7,1,3.0,0.0,0.0,1.0,2.0,1.0,,0.0,0.0,0.0,0.0,1.0,7
105896,3.0,10,7,3.0,3.0,,0.0,3.0,1.0,,3.0,0.0,0.0,3.0,1.0,10
105897,4.0,2,2,,0.0,,1.0,1.0,0.0,,2.0,,0.0,0.0,0.0,2
105898,2.0,7,8,2.0,0.0,,0.0,4.0,1.0,3.0,1.0,,0.0,3.0,1.0,8
105899,4.0,3,1,,1.0,,1.0,1.0,0.0,,0.0,,1.0,0.0,0.0,3
105900,3.0,8,4,2.0,1.0,,1.0,4.0,0.0,,1.0,,1.0,2.0,0.0,8
105901,3.0,7,5,3.0,0.0,,1.0,3.0,0.0,2.0,0.0,,0.0,3.0,0.0,7
105902,3.0,7,8,3.0,0.0,0.0,1.0,3.0,0.0,3.0,0.0,0.0,1.0,3.0,1.0,8
105903,3.0,0,0,,0.0,,,,0.0,,0.0,,,,0.0,0
105904,4.0,4,3,0.0,0.0,0.0,0.0,4.0,0.0,0.0,0.0,0.0,0.0,3.0,0.0,4
105905,4.0,9,7,3.0,0.0,2.0,1.0,3.0,0.0,1.0,0.0,2.0,1.0,3.0,0.0,9
105906,2.0,9,11,2.0,1.0,0.0,1.0,4.0,1.0,3.0,2.0,0.0,1.0,4.0,1.0,11
105907,3.0,8,6,1.0,1.0,0.0,1.0,4.0,1.0,,1.0,0.0,0.0,4.0,1.0,8
105908,3.0,7,14,,3.0,2.0,0.0,0.0,2.0,4.0,3.0,2.0,1.0,3.0,1.0,14
105909,4.0,15,14,3.0,1.0,2.0,1.0,4.0,4.0,2.0,1.0,2.0,1.0,4.0,4.0,15
105910,4.0,4,6,1.0,0.0,,0.0,3.0,0.0,3.0,0.0,,0.0,3.0,0.0,6
105911,1.0,9,3,3.0,1.0,0.0,1.0,3.0,1.0,,1.0,0.0,1.0,0.0,1.0,9
105912,3.0,2,3,,0.0,,0.0,2.0,0.0,,0.0,,1.0,2.0,0.0,3
105913,4.0,9,6,4.0,,,1.0,4.0,0.0,3.0,,,1.0,2.0,0.0,9
105914,2.0,5,5,,1.0,4.0,,,0.0,,1.0,4.0,,,0.0,5
105915,2.0,9,6,4.0,0.0,,1.0,4.0,0.0,2.0,1.0,,1.0,2.0,0.0,9
105916,3.0,6,1,3.0,0.0,,1.0,2.0,0.0,,0.0,,0.0,1.0,0.0,6
105917,2.0,1,10,,,,1.0,0.0,,2.0,2.0,,1.0,4.0,1.0,10
105918,3.0,2,1,1.0,0.0,,1.0,0.0,0.0,,0.0,,1.0,0.0,0.0,2
105919,1.0,3,2,,0.0,,1.0,1.0,1.0,,0.0,,1.0,0.0,1.0,3
105920,1.0,7,1,3.0,0.0,,1.0,3.0,0.0,,0.0,,1.0,0.0,0.0,7
105921,1.0,3,2,,0.0,2.0,1.0,0.0,0.0,,0.0,1.0,1.0,0.0,0.0,3
105922,2.0,8,1,1.0,2.0,,1.0,4.0,0.0,,1.0,,0.0,0.0,0.0,8
105923,1.0,5,4,,1.0,0.0,1.0,0.0,3.0,,1.0,0.0,1.0,0.0,2.0,5
105924,3.0,7,7,,,0.0,1.0,3.0,3.0,,0.0,0.0,1.0,3.0,3.0,7
105925,1.0,2,2,,2.0,,0.0,0.0,0.0,,2.0,,0.0,0.0,0.0,2
105926,2.0,10,5,3.0,1.0,,1.0,4.0,1.0,2.0,1.0,,1.0,0.0,1.0,10
105927,2.0,7,2,,2.0,,1.0,4.0,0.0,,1.0,0.0,1.0,0.0,0.0,7
105928,2.0,10,3,3.0,2.0,,1.0,4.0,0.0,,1.0,,1.0,1.0,0.0,10
105929,2.0,6,4,3.0,0.0,,1.0,2.0,0.0,2.0,0.0,,1.0,1.0,0.0,6
105930,4.0,3,3,,2.0,0.0,0.0,1.0,0.0,,1.0,0.0,1.0,1.0,0.0,3
105931,3.0,7,4,3.0,0.0,0.0,1.0,3.0,0.0,2.0,0.0,0.0,1.0,1.0,0.0,7
105932,3.0,5,6,1.0,0.0,,1.0,3.0,0.0,2.0,0.0,,1.0,3.0,0.0,6
105933,3.0,7,5,2.0,0.0,0.0,1.0,3.0,1.0,1.0,0.0,0.0,1.0,3.0,0.0,7
105934,3.0,4,0,,,,1.0,3.0,0.0,,,,0.0,0.0,0.0,4
105935,3.0,6,7,3.0,0.0,0.0,0.0,3.0,0.0,3.0,0.0,0.0,0.0,4.0,0.0,7
105936,2.0,6,5,0.0,1.0,,1.0,4.0,0.0,1.0,1.0,,1.0,2.0,0.0,6
105937,3.0,2,1,,0.0,,1.0,0.0,1.0,,0.0,,1.0,0.0,0.0,2
105938,3.0,3,3,,1.0,0.0,,,2.0,,1.0,0.0,,,2.0,3
105939,4.0,6,5,2.0,0.0,,1.0,3.0,0.0,1.0,0.0,,1.0,3.0,0.0,6
105940,4.0,5,4,,0.0,0.0,1.0,4.0,0.0,,0.0,0.0,1.0,3.0,0.0,5
105941,3.0,1,1,,,,1.0,0.0,,,,,1.0,0.0,,1
105942,4.0,0,1,,0.0,,0.0,0.0,0.0,,0.0,,1.0,0.0,0.0,1
105943,3.0,12,6,3.0,1.0,0.0,1.0,3.0,4.0,,,0.0,1.0,1.0,4.0,12
105944,4.0,7,7,2.0,0.0,,1.0,4.0,0.0,2.0,1.0,,0.0,4.0,0.0,7
105945,4.0,2,1,,0.0,,1.0,1.0,0.0,,0.0,,0.0,1.0,0.0,2
105946,1.0,4,4,,1.0,,1.0,0.0,2.0,,1.0,,1.0,0.0,2.0,4
105947,4.0,8,8,1.0,1.0,,1.0,3.0,2.0,2.0,1.0,,1.0,3.0,1.0,8
105948,2.0,11,10,4.0,0.0,2.0,1.0,4.0,0.0,3.0,1.0,0.0,1.0,4.0,1.0,11
105949,1.0,1,1,,,,1.0,0.0,0.0,,,,1.0,0.0,0.0,1
105950,4.0,2,3,,0.0,,1.0,1.0,0.0,,1.0,,1.0,1.0,0.0,3
105951,3.0,4,3,,0.0,0.0,1.0,1.0,2.0,,0.0,0.0,1.0,0.0,2.0,4
105952,2.0,6,13,,1.0,1.0,1.0,0.0,3.0,4.0,2.0,1.0,1.0,3.0,2.0,13
105953,1.0,4,3,,0.0,1.0,1.0,2.0,0.0,,0.0,1.0,1.0,1.0,0.0,4
105954,1.0,8,5,,2.0,2.0,1.0,1.0,2.0,,2.0,2.0,0.0,0.0,1.0,8
105955,1.0,12,9,3.0,1.0,,1.0,4.0,3.0,1.0,1.0,,1.0,4.0,2.0,12
105956,3.0,11,9,2.0,0.0,0.0,1.0,4.0,4.0,2.0,0.0,0.0,1.0,3.0,3.0,11
105957,3.0,4,4,,0.0,,1.0,2.0,1.0,,0.0,,1.0,2.0,1.0,4
105958,3.0,1,1,,0.0,,1.0,0.0,0.0,,0.0,,1.0,0.0,0.0,1
105959,2.0,12,8,4.0,2.0,1.0,1.0,4.0,0.0,3.0,1.0,1.0,1.0,2.0,0.0,12
105960,4.0,8,6,2.0,2.0,0.0,1.0,3.0,0.0,1.0,2.0,0.0,0.0,3.0,0.0,8
105961,1.0,2,5,,0.0,,1.0,1.0,0.0,,0.0,,1.0,1.0,3.0,5
105962,4.0,6,8,,2.0,0.0,1.0,3.0,0.0,2.0,2.0,0.0,1.0,3.0,0.0,8
105963,3.0,1,0,,0.0,0.0,1.0,0.0,0.0,,0.0,0.0,0.0,0.0,0.0,1
105964,3.0,1,4,,0.0,,1.0,0.0,0.0,,0.0,,1.0,0.0,3.0,4
105965,3.0,8,6,,1.0,0.0,1.0,2.0,4.0,,1.0,0.0,1.0,2.0,2.0,8
105966,2.0,6,1,1.0,0.0,,1.0,4.0,0.0,,0.0,,1.0,0.0,0.0,6
105967,2.0,8,4,,2.0,,1.0,4.0,1.0,,2.0,,1.0,0.0,1.0,8
105968,3.0,9,8,3.0,1.0,,1.0,3.0,1.0,3.0,1.0,,1.0,3.0,0.0,9
105969,1.0,1,1,,0.0,,1.0,0.0,0.0,,0.0,,1.0,0.0,0.0,1
105970,4.0,6,1,2.0,1.0,,0.0,3.0,0.0,0.0,0.0,,1.0,0.0,0.0,6
105971,3.0,4,3,,0.0,,1.0,3.0,0.0,,0.0,,1.0,1.0,1.0,4
105972,2.0,7,1,2.0,0.0,,1.0,4.0,0.0,,1.0,,0.0,0.0,0.0,7
105973,2.0,7,4,2.0,0.0,,1.0,4.0,0.0,2.0,1.0,,1.0,0.0,0.0,7
105974,3.0,4,3,,3.0,0.0,1.0,0.0,0.0,,2.0,0.0,1.0,0.0,0.0,4
105975,3.0,4,4,1.0,0.0,,0.0,3.0,0.0,1.0,0.0,,0.0,3.0,0.0,4
105976,3.0,3,1,1.0,1.0,,1.0,0.0,0.0,,0.0,,1.0,0.0,0.0,3
105977,4.0,2,3,,2.0,,0.0,0.0,0.0,,2.0,0.0,1.0,0.0,0.0,3
105978,4.0,0,0,,0.0,,0.0,0.0,0.0,,0.0,,0.0,0.0,0.0,0
105979,1.0,0,2,,0.0,,0.0,0.0,0.0,,0.0,0.0,1.0,1.0,0.0,2
105980,2.0,8,3,1.0,2.0,,1.0,4.0,0.0,,2.0,,1.0,0.0,0.0,8
105981,1.0,10,9,4.0,1.0,0.0,1.0,3.0,1.0,3.0,1.0,0.0,1.0,3.0,1.0,10
105982,4.0,0,1,,0.0,0.0,0.0,0.0,0.0,,0.0,0.0,1.0,0.0,0.0,1
105983,4.0,11,7,3.0,1.0,2.0,1.0,4.0,0.0,3.0,0.0,0.0,0.0,4.0,0.0,11
105984,1.0,12,8,4.0,0.0,1.0,1.0,4.0,2.0,1.0,1.0,1.0,1.0,3.0,1.0,12
105985,2.0,1,1,,0.0,0.0,0.0,1.0,0.0,,0.0,0.0,0.0,1.0,0.0,1
105986,3.0,17,15,2.0,2.0,4.0,1.0,4.0,4.0,2.0,1.0,3.0,1.0,4.0,4.0,17
105987,4.0,1,0,,0.0,,1.0,0.0,0.0,,0.0,,0.0,0.0,0.0,1
105988,3.0,7,4,2.0,1.0,,1.0,3.0,0.0,0.0,,,1.0,3.0,0.0,7
105989,3.0,4,3,0.0,1.0,,0.0,3.0,0.0,0.0,0.0,,0.0,3.0,0.0,4
105990,2.0,9,7,2.0,1.0,0.0,1.0,4.0,1.0,3.0,1.0,0.0,1.0,2.0,0.0,9
105991,3.0,4,0,,0.0,,0.0,3.0,1.0,,0.0,,0.0,0.0,0.0,4
105992,4.0,6,2,1.0,0.0,0.0,1.0,4.0,0.0,,1.0,0.0,0.0,1.0,0.0,6
105993,3.0,7,4,3.0,0.0,0.0,1.0,3.0,0.0,,0.0,0.0,1.0,3.0,0.0,7
105994,2.0,9,6,2.0,2.0,0.0,1.0,4.0,0.0,3.0,1.0,0.0,1.0,0.0,1.0,9
105995,3.0,3,3,,2.0,,1.0,0.0,0.0,,2.0,0.0,1.0,0.0,0.0,3
105996,2.0,10,2,4.0,1.0,0.0,1.0,4.0,0.0,,0.0,0.0,1.0,0.0,1.0,10
105997,2.0,11,4,4.0,1.0,,1.0,4.0,1.0,,2.0,,1.0,0.0,1.0,11
105998,3.0,1,1,,0.0,,1.0,0.0,0.0,,,,0.0,1.0,0.0,1
105999,2.0,6,2,3.0,0.0,,1.0,2.0,0.0,,1.0,,1.0,0.0,0.0,6
106000,1.0,2,2,,0.0,,0.0,0.0,2.0,,0.0,,0.0,0.0,2.0,2
106001,2.0,8,3,3.0,0.0,,1.0,4.0,0.0,,1.0,,1.0,1.0,0.0,8
106002,1.0,1,9,,0.0,0.0,1.0,0.0,0.0,2.0,2.0,0.0,1.0,4.0,0.0,9
106003,1.0,1,5,,0.0,,1.0,0.0,0.0,2.0,1.0,1.0,1.0,0.0,0.0,5
106004,3.0,5,11,,3.0,1.0,0.0,1.0,0.0,4.0,3.0,0.0,1.0,3.0,0.0,11
106005,3.0,7,6,3.0,0.0,0.0,0.0,4.0,0.0,3.0,0.0,0.0,0.0,3.0,0.0,7
106006,2.0,8,1,2.0,1.0,,1.0,4.0,0.0,,1.0,,0.0,0.0,0.0,8
106007,3.0,8,5,2.0,2.0,1.0,1.0,1.0,1.0,,2.0,1.0,0.0,1.0,1.0,8
106008,1.0,0,2,,0.0,,0.0,0.0,0.0,,0.0,,1.0,1.0,0.0,2
106009,1.0,6,6,,0.0,0.0,1.0,1.0,4.0,,0.0,0.0,1.0,1.0,4.0,6
106010,3.0,5,4,,0.0,0.0,1.0,2.0,2.0,,0.0,0.0,1.0,1.0,2.0,5
106011,3.0,6,8,,2.0,,1.0,1.0,2.0,,2.0,1.0,1.0,1.0,3.0,8
106012,4.0,5,3,1.0,0.0,0.0,1.0,3.0,0.0,,1.0,0.0,0.0,2.0,0.0,5
106013,4.0,8,5,1.0,1.0,,1.0,4.0,1.0,,1.0,,0.0,3.0,1.0,8
106014,3.0,0,1,,,,,,,,1.0,,,,0.0,1
106015,3.0,5,5,,1.0,2.0,0.0,2.0,0.0,,2.0,2.0,1.0,0.0,0.0,5
106016,1.0,4,4,,0.0,,1.0,1.0,2.0,,0.0,0.0,1.0,1.0,2.0,4
106017,2.0,5,1,,0.0,,1.0,4.0,0.0,,0.0,,1.0,0.0,0.0,5
106018,2.0,6,5,,1.0,,1.0,4.0,0.0,2.0,1.0,,1.0,1.0,0.0,6
106019,4.0,6,1,2.0,0.0,0.0,1.0,3.0,0.0,,0.0,0.0,1.0,0.0,0.0,6
106020,2.0,2,5,,0.0,,0.0,2.0,0.0,,1.0,,0.0,4.0,0.0,5
106021,2.0,10,2,4.0,1.0,,1.0,4.0,0.0,,2.0,,0.0,0.0,0.0,10
106022,3.0,3,4,,2.0,,1.0,0.0,0.0,,1.0,,1.0,2.0,0.0,4
106023,3.0,5,5,,3.0,0.0,1.0,1.0,0.0,,3.0,0.0,1.0,1.0,0.0,5
106024,1.0,11,12,3.0,0.0,,1.0,3.0,4.0,2.0,1.0,0.0,1.0,4.0,4.0,12
106025,4.0,4,4,,0.0,0.0,1.0,3.0,0.0,,0.0,0.0,1.0,3.0,0.0,4
106026,1.0,4,4,,2.0,0.0,1.0,0.0,1.0,,2.0,0.0,1.0,0.0,1.0,4
106027,3.0,15,14,4.0,3.0,0.0,1.0,4.0,3.0,4.0,3.0,0.0,0.0,4.0,3.0,15
106028,3.0,6,7,0.0,0.0,0.0,1.0,3.0,2.0,0.0,0.0,0.0,1.0,3.0,3.0,7
106029,2.0,9,7,3.0,1.0,,1.0,4.0,0.0,3.0,1.0,,1.0,2.0,0.0,9
106030,3.0,8,8,4.0,0.0,0.0,0.0,3.0,1.0,3.0,0.0,0.0,1.0,3.0,1.0,8
106031,4.0,3,2,,1.0,,0.0,2.0,0.0,,1.0,,0.0,1.0,0.0,3
106032,2.0,7,1,2.0,0.0,,1.0,4.0,0.0,,0.0,,1.0,0.0,0.0,7
106033,3.0,3,2,,1.0,,1.0,1.0,0.0,,1.0,,1.0,0.0,0.0,3
106034,4.0,9,9,4.0,0.0,,1.0,4.0,0.0,3.0,1.0,,1.0,4.0,0.0,9
106035,3.0,3,5,,,,1.0,2.0,0.0,,1.0,,1.0,1.0,2.0,5
106036,3.0,3,6,,2.0,,1.0,0.0,0.0,0.0,2.0,,1.0,3.0,0.0,6
106037,3.0,7,7,3.0,0.0,,0.0,3.0,1.0,3.0,0.0,0.0,0.0,3.0,1.0,7
106038,1.0,7,9,1.0,1.0,,1.0,3.0,1.0,0.0,2.0,,1.0,3.0,3.0,9
106039,4.0,1,1,,0.0,,1.0,0.0,0.0,,0.0,,1.0,0.0,0.0,1
106040,1.0,0,0,,0.0,0.0,0.0,0.0,0.0,,0.0,0.0,0.0,0.0,0.0,0
106041,3.0,6,3,2.0,2.0,,1.0,0.0,1.0,,2.0,,0.0,1.0,0.0,6
106042,3.0,5,4,1.0,0.0,,1.0,3.0,0.0,0.0,0.0,,1.0,3.0,0.0,5
106043,2.0,1,6,,0.0,0.0,1.0,0.0,0.0,2.0,0.0,0.0,1.0,3.0,0.0,6
106044,4.0,2,3,,1.0,,1.0,0.0,0.0,,2.0,,0.0,1.0,0.0,3
106045,1.0,8,9,0.0,0.0,0.0,1.0,4.0,3.0,,0.0,0.0,1.0,4.0,4.0,9
106046,3.0,0,0,,0.0,0.0,,,0.0,,0.0,0.0,,,0.0,0
106047,3.0,5,1,,0.0,,1.0,1.0,3.0,,0.0,,0.0,1.0,0.0,5
106048,4.0,6,2,0.0,2.0,,1.0,3.0,0.0,,2.0,,0.0,0.0,0.0,6
106049,3.0,2,2,,0.0,,1.0,1.0,0.0,,0.0,,1.0,1.0,0.0,2
106050,3.0,6,4,2.0,0.0,0.0,1.0,3.0,0.0,0.0,0.0,0.0,1.0,3.0,0.0,6
106051,3.0,2,1,,0.0,0.0,1.0,1.0,0.0,,0.0,0.0,1.0,0.0,0.0,2
106052,1.0,5,6,1.0,0.0,,1.0,3.0,0.0,2.0,0.0,,1.0,3.0,0.0,6
106053,1.0,5,2,2.0,1.0,0.0,0.0,2.0,0.0,,1.0,0.0,1.0,0.0,0.0,5
106054,2.0,9,11,3.0,0.0,,1.0,4.0,1.0,3.0,1.0,,1.0,4.0,2.0,11
106055,2.0,11,8,4.0,1.0,,1.0,4.0,1.0,3.0,1.0,,1.0,2.0,1.0,11
106056,1.0,1,1,,0.0,0.0,1.0,0.0,0.0,,0.0,0.0,1.0,0.0,0.0,1
106057,4.0,11,10,3.0,0.0,,1.0,3.0,4.0,3.0,0.0,,1.0,2.0,4.0,11
106058,3.0,7,5,2.0,0.0,,1.0,4.0,0.0,,0.0,,1.0,4.0,0.0,7
106059,1.0,8,3,3.0,0.0,,1.0,3.0,1.0,2.0,0.0,,1.0,0.0,0.0,8
106060,3.0,3,2,,0.0,1.0,1.0,0.0,1.0,,0.0,1.0,0.0,0.0,1.0,3
106061,2.0,13,15,4.0,2.0,0.0,1.0,4.0,2.0,3.0,3.0,0.0,1.0,4.0,4.0,15
106062,1.0,0,0,,,,,,,,,,,,,0
106063,4.0,1,2,,1.0,0.0,0.0,0.0,0.0,,1.0,0.0,1.0,0.0,0.0,2
106064,4.0,2,1,,0.0,,0.0,2.0,0.0,,0.0,,0.0,1.0,0.0,2
106065,3.0,16,16,4.0,0.0,3.0,1.0,4.0,4.0,3.0,2.0,3.0,1.0,3.0,4.0,16
106066,4.0,4,4,1.0,0.0,0.0,0.0,3.0,0.0,1.0,0.0,0.0,0.0,3.0,0.0,4
106067,1.0,8,6,2.0,0.0,0.0,1.0,4.0,1.0,2.0,0.0,0.0,1.0,3.0,0.0,8
106068,3.0,8,5,3.0,0.0,,1.0,4.0,0.0,,0.0,,1.0,4.0,0.0,8
106069,4.0,9,7,4.0,0.0,,1.0,3.0,1.0,3.0,0.0,,1.0,2.0,1.0,9
106070,3.0,5,3,2.0,0.0,0.0,1.0,2.0,0.0,,0.0,0.0,1.0,2.0,0.0,5
106071,4.0,6,2,,0.0,,1.0,4.0,1.0,,0.0,,0.0,2.0,0.0,6
106072,1.0,7,2,2.0,0.0,1.0,0.0,4.0,0.0,,0.0,1.0,0.0,1.0,0.0,7
106073,4.0,6,5,1.0,0.0,,0.0,4.0,1.0,1.0,0.0,,1.0,3.0,0.0,6
106074,4.0,9,8,3.0,0.0,0.0,1.0,3.0,2.0,3.0,0.0,0.0,1.0,3.0,1.0,9
106075,1.0,4,11,,1.0,0.0,1.0,1.0,1.0,3.0,2.0,0.0,1.0,4.0,1.0,11
106076,3.0,4,2,,2.0,1.0,1.0,0.0,0.0,,,1.0,1.0,0.0,0.0,4
106077,4.0,7,5,2.0,0.0,,0.0,4.0,1.0,,1.0,,0.0,3.0,1.0,7
106078,3.0,2,2,,1.0,0.0,0.0,0.0,1.0,,1.0,0.0,0.0,0.0,1.0,2
106079,3.0,1,0,,0.0,1.0,0.0,0.0,0.0,,0.0,0.0,0.0,0.0,0.0,1
106080,4.0,11,6,2.0,3.0,0.0,1.0,4.0,1.0,,3.0,0.0,1.0,0.0,2.0,11
106081,2.0,11,5,4.0,2.0,,1.0,4.0,0.0,2.0,1.0,,1.0,1.0,0.0,11
106082,4.0,6,4,2.0,0.0,2.0,0.0,1.0,1.0,,0.0,2.0,0.0,1.0,1.0,6
106083,3.0,1,1,,1.0,0.0,0.0,0.0,0.0,,0.0,0.0,1.0,0.0,0.0,1
106084,3.0,0,1,,0.0,,,,0.0,,1.0,,,,0.0,1
106085,3.0,8,6,3.0,0.0,0.0,1.0,3.0,1.0,2.0,0.0,0.0,1.0,3.0,0.0,8
106086,4.0,8,9,2.0,0.0,,1.0,4.0,1.0,4.0,0.0,,1.0,3.0,1.0,9
106087,2.0,6,1,2.0,0.0,,1.0,3.0,0.0,,0.0,,1.0,0.0,0.0,6
106088,2.0,8,4,3.0,1.0,,1.0,2.0,1.0,2.0,0.0,,1.0,0.0,1.0,8
106089,1.0,1,1,,0.0,,1.0,0.0,0.0,,,,1.0,0.0,0.0,1
106090,4.0,8,3,2.0,1.0,,1.0,4.0,0.0,1.0,0.0,,0.0,2.0,0.0,8
106091,3.0,2,5,,0.0,,1.0,0.0,1.0,0.0,0.0,,1.0,3.0,1.0,5
106092,3.0,8,5,3.0,0.0,,1.0,4.0,0.0,1.0,0.0,0.0,0.0,3.0,1.0,8
106093,3.0,6,5,,0.0,,1.0,1.0,4.0,,0.0,,0.0,1.0,4.0,6
106094,3.0,0,0,,0.0,0.0,0.0,0.0,0.0,,0.0,0.0,0.0,0.0,0.0,0
106095,4.0,15,14,3.0,1.0,4.0,0.0,3.0,4.0,2.0,1.0,4.0,0.0,3.0,4.0,15
106096,2.0,8,2,2.0,1.0,,1.0,4.0,0.0,,2.0,,0.0,0.0,0.0,8
106097,4.0,6,2,3.0,1.0,,0.0,2.0,0.0,,1.0,,0.0,1.0,0.0,6
106098,3.0,10,9,4.0,0.0,2.0,0.0,4.0,0.0,3.0,0.0,2.0,0.0,4.0,0.0,10
106099,3.0,6,7,2.0,,,1.0,3.0,0.0,3.0,,,1.0,3.0,0.0,7
106100,1.0,4,2,,0.0,,0.0,4.0,0.0,,0.0,,1.0,1.0,0.0,4
106101,4.0,8,8,3.0,0.0,,1.0,4.0,0.0,3.0,0.0,,1.0,4.0,0.0,8
106102,3.0,11,11,2.0,3.0,,1.0,4.0,1.0,2.0,3.0,,1.0,4.0,1.0,11
106103,3.0,4,4,3.0,0.0,0.0,1.0,0.0,0.0,4.0,0.0,0.0,0.0,0.0,0.0,4
106104,3.0,1,0,,0.0,0.0,1.0,0.0,0.0,,0.0,0.0,0.0,0.0,0.0,1
106105,4.0,8,9,3.0,0.0,0.0,1.0,3.0,1.0,4.0,1.0,0.0,1.0,2.0,1.0,9
106106,4.0,10,3,2.0,0.0,3.0,1.0,4.0,0.0,,0.0,2.0,0.0,1.0,0.0,10
106107,4.0,5,2,2.0,0.0,,0.0,3.0,0.0,,1.0,,0.0,1.0,0.0,5
106108,2.0,11,7,4.0,2.0,,1.0,4.0,0.0,4.0,2.0,,1.0,0.0,0.0,11
106109,3.0,8,4,4.0,0.0,0.0,1.0,1.0,2.0,2.0,0.0,0.0,0.0,0.0,2.0,8
106110,1.0,3,3,,0.0,2.0,1.0,0.0,0.0,,0.0,2.0,1.0,0.0,0.0,3
106111,4.0,6,5,1.0,0.0,0.0,1.0,4.0,0.0,1.0,0.0,0.0,1.0,3.0,0.0,6
106112,3.0,12,12,4.0,1.0,,1.0,4.0,2.0,3.0,1.0,,1.0,4.0,3.0,12
106113,1.0,3,1,,0.0,0.0,1.0,2.0,0.0,,0.0,0.0,1.0,0.0,0.0,3
106114,1.0,5,4,,0.0,1.0,1.0,2.0,1.0,,0.0,1.0,1.0,1.0,1.0,5
106115,2.0,9,3,3.0,1.0,,1.0,4.0,0.0,,1.0,1.0,1.0,0.0,0.0,9
106116,3.0,1,1,,0.0,,1.0,0.0,0.0,,0.0,,1.0,0.0,0.0,1
106117,4.0,1,1,,0.0,,1.0,0.0,0.0,,0.0,,1.0,0.0,0.0,1
106118,3.0,10,9,3.0,1.0,0.0,1.0,4.0,1.0,3.0,1.0,0.0,1.0,3.0,1.0,10
106119,4.0,3,3,,0.0,,1.0,1.0,1.0,,0.0,,1.0,1.0,1.0,3
106120,4.0,8,8,,2.0,3.0,0.0,3.0,0.0,,2.0,3.0,0.0,3.0,0.0,8
106121,2.0,6,2,1.0,0.0,,1.0,4.0,0.0,,1.0,,1.0,0.0,0.0,6
106122,3.0,3,2,,2.0,1.0,,,0.0,,2.0,0.0,,,0.0,3
106123,3.0,10,7,2.0,0.0,0.0,1.0,4.0,3.0,2.0,1.0,0.0,1.0,2.0,1.0,10
106124,1.0,0,1,,0.0,,0.0,0.0,0.0,,0.0,,1.0,0.0,0.0,1
106125,3.0,1,0,,0.0,,1.0,0.0,0.0,,0.0,,0.0,0.0,0.0,1
106126,4.0,5,4,,0.0,0.0,0.0,3.0,2.0,,0.0,0.0,0.0,3.0,1.0,5
106127,3.0,10,7,4.0,0.0,1.0,1.0,4.0,0.0,2.0,0.0,0.0,1.0,4.0,0.0,10
106128,3.0,6,6,3.0,0.0,,0.0,3.0,0.0,3.0,0.0,,0.0,3.0,0.0,6
106129,3.0,3,2,,1.0,,1.0,1.0,0.0,,2.0,,0.0,0.0,0.0,3
106130,3.0,4,3,,1.0,1.0,1.0,0.0,1.0,,1.0,1.0,0.0,0.0,1.0,4
106131,1.0,4,3,,1.0,0.0,1.0,1.0,1.0,,0.0,0.0,1.0,1.0,1.0,4
106132,3.0,0,1,,0.0,,0.0,0.0,0.0,,0.0,,1.0,0.0,0.0,1
106133,2.0,8,3,1.0,0.0,,1.0,4.0,2.0,,0.0,,,,3.0,8
106134,4.0,6,1,2.0,0.0,,0.0,4.0,0.0,,0.0,,0.0,1.0,0.0,6
106135,3.0,2,1,1.0,0.0,0.0,1.0,0.0,0.0,,0.0,0.0,1.0,0.0,0.0,2
106136,4.0,5,6,,1.0,,1.0,3.0,0.0,,2.0,0.0,1.0,3.0,0.0,6
106137,1.0,3,4,,0.0,,1.0,1.0,1.0,,1.0,,1.0,1.0,1.0,4
106138,1.0,12,11,4.0,0.0,0.0,1.0,4.0,3.0,4.0,0.0,0.0,0.0,4.0,3.0,12
106139,4.0,7,7,3.0,0.0,,1.0,3.0,0.0,3.0,0.0,,1.0,3.0,0.0,7
106140,3.0,3,3,,0.0,1.0,1.0,0.0,1.0,,0.0,1.0,1.0,1.0,0.0,3
106141,1.0,0,9,,0.0,0.0,0.0,0.0,0.0,3.0,1.0,0.0,1.0,4.0,0.0,9
106142,4.0,6,3,2.0,0.0,,1.0,3.0,0.0,,0.0,,0.0,3.0,0.0,6
106143,3.0,2,3,,1.0,,1.0,0.0,0.0,,2.0,,1.0,0.0,0.0,3
106144,1.0,1,2,,0.0,,1.0,0.0,0.0,,1.0,,1.0,0.0,0.0,2
106145,3.0,2,1,,0.0,0.0,1.0,0.0,1.0,,0.0,0.0,1.0,0.0,0.0,2
106146,3.0,7,7,3.0,0.0,,1.0,2.0,1.0,2.0,0.0,,1.0,3.0,1.0,7
106147,3.0,6,3,2.0,0.0,,1.0,3.0,0.0,0.0,0.0,,0.0,3.0,0.0,6
106148,2.0,8,4,2.0,1.0,,1.0,4.0,0.0,3.0,0.0,,0.0,1.0,0.0,8
106149,2.0,10,9,3.0,1.0,0.0,1.0,4.0,1.0,3.0,1.0,0.0,1.0,3.0,1.0,10
106150,1.0,2,9,,1.0,,1.0,0.0,0.0,3.0,1.0,,1.0,4.0,0.0,9
106151,4.0,7,6,3.0,1.0,0.0,0.0,3.0,0.0,2.0,0.0,0.0,0.0,4.0,0.0,7
106152,3.0,4,3,,0.0,,1.0,1.0,2.0,,0.0,,0.0,1.0,2.0,4
106153,3.0,5,5,0.0,0.0,,1.0,3.0,1.0,0.0,0.0,,0.0,4.0,1.0,5
106154,4.0,0,1,,0.0,0.0,0.0,0.0,0.0,,0.0,0.0,0.0,1.0,0.0,1
106155,2.0,9,4,2.0,1.0,,1.0,4.0,1.0,,1.0,,1.0,0.0,2.0,9
106156,4.0,1,2,,0.0,,0.0,0.0,1.0,,0.0,,1.0,0.0,1.0,2
106157,2.0,8,1,3.0,0.0,0.0,1.0,4.0,0.0,,0.0,0.0,1.0,0.0,0.0,8
106158,3.0,1,2,,0.0,0.0,0.0,1.0,0.0,,0.0,0.0,1.0,1.0,0.0,2
106159,2.0,9,1,4.0,0.0,,1.0,4.0,0.0,,0.0,,1.0,0.0,0.0,9
106160,4.0,9,3,2.0,2.0,,1.0,4.0,0.0,2.0,1.0,,0.0,0.0,0.0,9
106161,3.0,2,2,,0.0,,1.0,0.0,1.0,,0.0,0.0,1.0,0.0,1.0,2
106162,2.0,11,8,3.0,2.0,1.0,1.0,4.0,0.0,2.0,2.0,0.0,1.0,2.0,1.0,11
106163,2.0,9,4,3.0,0.0,,1.0,4.0,1.0,2.0,0.0,,1.0,0.0,1.0,9
106164,2.0,8,5,2.0,1.0,,1.0,4.0,0.0,2.0,1.0,,0.0,2.0,0.0,8
106165,4.0,3,2,,1.0,,1.0,1.0,0.0,,1.0,,1.0,0.0,0.0,3
106166,3.0,5,2,0.0,0.0,0.0,1.0,3.0,1.0,,1.0,0.0,1.0,0.0,0.0,5
106167,3.0,1,2,,0.0,,1.0,0.0,0.0,,0.0,,1.0,1.0,0.0,2
106168,2.0,9,14,2.0,0.0,,1.0,2.0,4.0,2.0,1.0,3.0,1.0,3.0,4.0,14
106169,2.0,7,2,2.0,0.0,,1.0,4.0,0.0,,0.0,,1.0,0.0,1.0,7
106170,3.0,9,4,,3.0,2.0,1.0,3.0,0.0,,2.0,1.0,1.0,0.0,0.0,9
106171,2.0,8,6,3.0,0.0,,1.0,4.0,0.0,2.0,0.0,,1.0,3.0,0.0,8
106172,4.0,8,10,3.0,0.0,0.0,1.0,3.0,1.0,3.0,3.0,0.0,1.0,2.0,1.0,10
106173,3.0,1,2,,1.0,,0.0,0.0,0.0,,1.0,,1.0,0.0,0.0,2
106174,3.0,10,4,4.0,0.0,,1.0,1.0,4.0,,0.0,,0.0,0.0,4.0,10
106175,1.0,1,1,,0.0,,1.0,0.0,0.0,,0.0,,1.0,0.0,0.0,1
106176,4.0,8,8,3.0,0.0,,1.0,4.0,0.0,3.0,0.0,,1.0,4.0,0.0,8
106177,3.0,20,18,4.0,3.0,4.0,1.0,4.0,4.0,3.0,3.0,4.0,1.0,4.0,3.0,20
106178,4.0,6,2,2.0,0.0,0.0,1.0,3.0,0.0,,0.0,0.0,1.0,1.0,0.0,6
106179,1.0,0,0,,0.0,,0.0,0.0,0.0,,0.0,,0.0,0.0,0.0,0
106180,3.0,11,9,3.0,0.0,0.0,0.0,4.0,4.0,2.0,0.0,0.0,0.0,4.0,3.0,11
106181,3.0,3,2,,1.0,,1.0,1.0,0.0,,2.0,,0.0,0.0,0.0,3
106182,4.0,8,8,,0.0,1.0,1.0,4.0,2.0,,1.0,2.0,1.0,2.0,2.0,8
106183,3.0,9,7,4.0,0.0,0.0,1.0,3.0,1.0,3.0,0.0,0.0,1.0,3.0,0.0,9
106184,2.0,11,3,4.0,2.0,,1.0,4.0,0.0,2.0,1.0,,0.0,0.0,0.0,11
106185,3.0,15,12,4.0,3.0,1.0,1.0,3.0,3.0,1.0,3.0,1.0,1.0,3.0,3.0,15
106186,2.0,8,2,2.0,1.0,,1.0,4.0,0.0,,1.0,,0.0,1.0,0.0,8
106187,3.0,6,3,2.0,0.0,0.0,1.0,2.0,1.0,,0.0,0.0,1.0,2.0,0.0,6
106188,3.0,8,8,2.0,1.0,,1.0,3.0,1.0,2.0,1.0,,0.0,4.0,1.0,8
106189,3.0,6,4,2.0,0.0,,1.0,3.0,0.0,2.0,0.0,,0.0,2.0,0.0,6
106190,4.0,6,6,0.0,1.0,,1.0,4.0,0.0,4.0,0.0,,0.0,2.0,0.0,6
106191,4.0,6,6,,0.0,,1.0,2.0,3.0,,0.0,0.0,1.0,2.0,3.0,6
106192,4.0,6,5,2.0,0.0,,1.0,3.0,0.0,2.0,0.0,,1.0,2.0,0.0,6
106193,1.0,5,4,,0.0,0.0,1.0,0.0,4.0,,0.0,0.0,1.0,0.0,3.0,5
106194,3.0,8,8,3.0,1.0,,0.0,3.0,1.0,3.0,1.0,,1.0,3.0,0.0,8
106195,2.0,14,13,4.0,1.0,2.0,1.0,4.0,2.0,2.0,1.0,3.0,0.0,4.0,3.0,14
106196,4.0,3,9,,0.0,,0.0,3.0,0.0,3.0,1.0,,1.0,4.0,0.0,9
106197,4.0,6,1,2.0,0.0,1.0,0.0,2.0,1.0,,0.0,0.0,0.0,0.0,1.0,6
106198,2.0,7,2,1.0,1.0,,1.0,4.0,0.0,,1.0,,1.0,0.0,0.0,7
106199,3.0,6,8,3.0,0.0,,1.0,1.0,1.0,3.0,0.0,,1.0,3.0,1.0,8
106200,3.0,1,1,,0.0,,1.0,0.0,0.0,,0.0,,1.0,0.0,0.0,1
106201,2.0,10,5,3.0,2.0,,1.0,4.0,0.0,,3.0,,1.0,1.0,0.0,10
106202,4.0,13,12,3.0,0.0,4.0,0.0,4.0,2.0,3.0,0.0,4.0,0.0,2.0,3.0,13
106203,2.0,3,1,,1.0,,0.0,2.0,0.0,,1.0,,0.0,0.0,0.0,3
106204,4.0,4,4,0.0,0.0,,0.0,4.0,0.0,0.0,0.0,,0.0,4.0,0.0,4
106205,3.0,8,7,4.0,0.0,,1.0,3.0,0.0,3.0,1.0,,1.0,2.0,0.0,8
106206,1.0,2,0,2.0,0.0,,0.0,0.0,0.0,,0.0,,0.0,0.0,0.0,2
106207,4.0,10,10,1.0,2.0,2.0,0.0,4.0,1.0,3.0,1.0,3.0,0.0,2.0,1.0,10
106208,1.0,4,4,,0.0,,1.0,1.0,2.0,,1.0,,1.0,0.0,2.0,4
106209,4.0,18,19,3.0,2.0,4.0,1.0,4.0,4.0,4.0,2.0,4.0,1.0,4.0,4.0,19
106210,3.0,7,5,2.0,0.0,0.0,1.0,4.0,0.0,1.0,0.0,0.0,1.0,3.0,0.0,7
106211,4.0,3,2,,0.0,,1.0,2.0,0.0,,0.0,,1.0,1.0,0.0,3
106212,4.0,13,4,3.0,2.0,3.0,0.0,4.0,1.0,,2.0,1.0,0.0,0.0,1.0,13
106213,3.0,2,9,,0.0,,1.0,0.0,1.0,4.0,0.0,,1.0,4.0,0.0,9
106214,4.0,8,10,3.0,2.0,,1.0,2.0,0.0,4.0,2.0,,1.0,3.0,0.0,10
106215,2.0,9,1,3.0,1.0,,1.0,4.0,0.0,,0.0,,1.0,0.0,0.0,9
106216,4.0,6,1,2.0,0.0,,1.0,3.0,0.0,,0.0,0.0,1.0,0.0,0.0,6
106217,3.0,5,6,,0.0,1.0,1.0,1.0,2.0,,1.0,1.0,1.0,1.0,2.0,6
106218,3.0,7,3,3.0,1.0,0.0,0.0,3.0,0.0,2.0,1.0,0.0,0.0,0.0,0.0,7
106219,3.0,5,4,,0.0,,1.0,1.0,3.0,,0.0,,1.0,0.0,3.0,5
106220,4.0,2,1,,,,1.0,1.0,0.0,,,,0.0,1.0,0.0,2
106221,1.0,3,2,,0.0,,1.0,0.0,2.0,,0.0,,1.0,0.0,1.0,3
106222,4.0,0,0,,0.0,0.0,0.0,0.0,0.0,,0.0,0.0,0.0,0.0,0.0,0
106223,3.0,8,7,4.0,0.0,0.0,1.0,3.0,0.0,3.0,1.0,0.0,0.0,3.0,0.0,8
106224,3.0,9,10,1.0,0.0,1.0,0.0,3.0,4.0,1.0,1.0,1.0,1.0,3.0,3.0,10
106225,3.0,4,4,,1.0,0.0,0.0,0.0,3.0,,1.0,0.0,1.0,0.0,2.0,4
106226,3.0,3,10,,0.0,1.0,0.0,1.0,1.0,4.0,0.0,1.0,1.0,3.0,1.0,10
106227,3.0,6,4,,1.0,0.0,1.0,4.0,0.0,,1.0,0.0,0.0,3.0,0.0,6
106228,1.0,4,4,,1.0,0.0,1.0,0.0,2.0,,2.0,0.0,0.0,0.0,2.0,4
106229,3.0,0,3,,0.0,0.0,0.0,0.0,0.0,,0.0,0.0,1.0,2.0,0.0,3
106230,3.0,6,7,1.0,0.0,0.0,1.0,4.0,0.0,2.0,1.0,0.0,1.0,3.0,0.0,7
106231,4.0,16,9,3.0,2.0,4.0,1.0,4.0,2.0,2.0,2.0,3.0,0.0,0.0,2.0,16
106232,1.0,4,5,,0.0,,1.0,1.0,2.0,,0.0,,1.0,2.0,2.0,5
106233,3.0,8,8,4.0,0.0,,0.0,4.0,0.0,3.0,0.0,0.0,1.0,4.0,0.0,8
106234,4.0,12,14,3.0,2.0,,1.0,4.0,2.0,4.0,2.0,0.0,1.0,4.0,3.0,14
106235,4.0,11,9,4.0,0.0,0.0,0.0,4.0,3.0,3.0,0.0,0.0,0.0,3.0,3.0,11
106236,3.0,7,6,2.0,1.0,0.0,1.0,3.0,0.0,2.0,1.0,0.0,0.0,3.0,0.0,7
106237,3.0,3,3,,1.0,,1.0,1.0,0.0,,1.0,,1.0,1.0,0.0,3
106238,3.0,9,4,3.0,3.0,0.0,0.0,3.0,0.0,,4.0,0.0,0.0,0.0,0.0,9
106239,3.0,6,5,2.0,0.0,0.0,1.0,3.0,0.0,3.0,0.0,0.0,0.0,2.0,0.0,6
106240,3.0,8,8,0.0,0.0,0.0,1.0,3.0,4.0,0.0,0.0,0.0,1.0,3.0,4.0,8
106241,3.0,2,2,,,,1.0,1.0,0.0,,,,1.0,1.0,0.0,2
106242,3.0,3,0,1.0,0.0,,0.0,2.0,0.0,,0.0,,0.0,0.0,0.0,3
106243,2.0,4,4,2.0,0.0,0.0,1.0,0.0,1.0,2.0,0.0,0.0,1.0,0.0,1.0,4
106244,4.0,1,0,,0.0,,1.0,0.0,0.0,,0.0,,0.0,0.0,0.0,1
106245,4.0,3,3,,0.0,,0.0,1.0,2.0,,0.0,,1.0,1.0,1.0,3
106246,2.0,10,4,2.0,2.0,,1.0,4.0,1.0,,2.0,,1.0,0.0,1.0,10
106247,3.0,3,1,2.0,0.0,,1.0,0.0,0.0,,0.0,,1.0,0.0,0.0,3
106248,3.0,5,3,,4.0,0.0,1.0,0.0,0.0,,3.0,0.0,0.0,0.0,0.0,5
106249,2.0,7,8,3.0,1.0,,1.0,2.0,0.0,4.0,0.0,0.0,1.0,2.0,1.0,8
106250,1.0,1,2,,0.0,,1.0,0.0,0.0,,0.0,0.0,1.0,0.0,1.0,2
106251,4.0,4,0,1.0,,,1.0,2.0,0.0,,0.0,,0.0,0.0,0.0,4
106252,2.0,5,5,0.0,0.0,,1.0,4.0,0.0,1.0,1.0,0.0,1.0,2.0,0.0,5
106253,3.0,1,1,,1.0,0.0,0.0,0.0,0.0,,1.0,0.0,0.0,0.0,0.0,1
106254,2.0,8,7,3.0,0.0,,1.0,4.0,0.0,2.0,1.0,0.0,1.0,2.0,1.0,8
106255,1.0,1,1,,0.0,,1.0,0.0,0.0,,0.0,,1.0,0.0,0.0,1
106256,2.0,8,5,2.0,1.0,,1.0,4.0,0.0,2.0,2.0,,1.0,0.0,0.0,8
106257,4.0,5,2,2.0,0.0,,1.0,2.0,0.0,1.0,0.0,,0.0,1.0,0.0,5
106258,4.0,12,13,2.0,2.0,3.0,0.0,3.0,2.0,2.0,2.0,3.0,0.0,3.0,3.0,13
106259,2.0,10,12,3.0,2.0,0.0,0.0,4.0,1.0,3.0,2.0,0.0,1.0,4.0,2.0,12
106260,3.0,8,5,3.0,0.0,,1.0,3.0,1.0,2.0,0.0,,1.0,2.0,0.0,8
106261,3.0,7,3,3.0,0.0,,1.0,1.0,2.0,,0.0,,1.0,0.0,2.0,7
106262,2.0,10,3,2.0,2.0,,1.0,4.0,1.0,,1.0,,1.0,0.0,1.0,10
106263,4.0,1,2,,0.0,,1.0,0.0,0.0,,0.0,,1.0,1.0,0.0,2
106264,3.0,9,9,2.0,2.0,0.0,1.0,4.0,0.0,4.0,2.0,0.0,1.0,2.0,0.0,9
106265,3.0,0,5,,0.0,,0.0,0.0,0.0,3.0,0.0,,1.0,1.0,0.0,5
106266,4.0,5,0,2.0,0.0,0.0,0.0,3.0,0.0,,0.0,0.0,0.0,0.0,0.0,5
106267,2.0,8,5,3.0,0.0,,1.0,4.0,0.0,3.0,1.0,,1.0,0.0,0.0,8
106268,3.0,12,15,,1.0,4.0,1.0,3.0,3.0,4.0,2.0,4.0,1.0,3.0,1.0,15
106269,4.0,3,2,,0.0,,1.0,2.0,0.0,,0.0,,0.0,2.0,0.0,3
106270,1.0,3,3,,0.0,,1.0,1.0,1.0,,0.0,,1.0,1.0,1.0,3
106271,3.0,7,8,,1.0,2.0,1.0,0.0,3.0,,2.0,2.0,1.0,0.0,3.0,8
106272,3.0,7,7,3.0,1.0,,1.0,2.0,0.0,4.0,0.0,,1.0,2.0,0.0,7
106273,2.0,11,9,4.0,2.0,,1.0,4.0,0.0,4.0,1.0,0.0,1.0,2.0,1.0,11
106274,4.0,2,2,,0.0,,1.0,1.0,0.0,,0.0,,1.0,1.0,0.0,2
106275,3.0,7,4,2.0,0.0,0.0,1.0,1.0,3.0,,0.0,0.0,1.0,0.0,3.0,7
106276,3.0,8,8,0.0,3.0,2.0,0.0,3.0,0.0,0.0,2.0,2.0,1.0,3.0,0.0,8
106277,4.0,4,1,2.0,1.0,,0.0,0.0,1.0,,,,0.0,0.0,1.0,4
106278,4.0,1,2,,,,1.0,0.0,0.0,,,,1.0,1.0,0.0,2
106279,1.0,2,3,,0.0,2.0,0.0,0.0,0.0,,0.0,2.0,1.0,0.0,0.0,3
106280,3.0,3,3,,2.0,1.0,0.0,0.0,0.0,,2.0,1.0,0.0,0.0,0.0,3
106281,4.0,3,4,0.0,0.0,0.0,0.0,3.0,0.0,1.0,0.0,0.0,0.0,3.0,0.0,4
106282,1.0,1,1,,1.0,,0.0,0.0,0.0,,1.0,,0.0,0.0,0.0,1
106283,1.0,8,6,3.0,0.0,0.0,1.0,4.0,0.0,2.0,0.0,0.0,0.0,3.0,1.0,8
106284,3.0,9,10,2.0,0.0,,1.0,3.0,3.0,2.0,0.0,0.0,1.0,3.0,4.0,10
106285,4.0,8,6,3.0,0.0,,1.0,3.0,1.0,2.0,0.0,,1.0,3.0,0.0,8
106286,3.0,11,11,3.0,3.0,2.0,0.0,3.0,0.0,3.0,2.0,2.0,1.0,3.0,0.0,11
106287,3.0,10,8,3.0,2.0,1.0,0.0,4.0,0.0,2.0,2.0,0.0,1.0,3.0,0.0,10
106288,1.0,1,0,,0.0,0.0,1.0,0.0,0.0,,0.0,0.0,0.0,0.0,0.0,1
106289,2.0,9,2,3.0,1.0,0.0,1.0,4.0,0.0,,0.0,1.0,1.0,0.0,0.0,9
106290,2.0,7,3,2.0,2.0,,1.0,2.0,0.0,,1.0,,1.0,0.0,1.0,7
106291,4.0,4,3,,0.0,0.0,1.0,3.0,0.0,,0.0,0.0,1.0,2.0,0.0,4
106292,1.0,0,0,,0.0,,0.0,0.0,0.0,,0.0,,0.0,0.0,0.0,0
106293,4.0,1,1,,0.0,,1.0,0.0,0.0,,0.0,,1.0,0.0,0.0,1
106294,3.0,2,1,,0.0,1.0,0.0,1.0,0.0,,0.0,0.0,0.0,1.0,0.0,2
106295,4.0,9,10,2.0,0.0,2.0,1.0,4.0,0.0,4.0,0.0,2.0,1.0,2.0,1.0,10
106296,4.0,10,6,3.0,2.0,,1.0,4.0,0.0,3.0,2.0,,0.0,1.0,0.0,10
106297,4.0,4,2,1.0,0.0,,1.0,2.0,0.0,,1.0,,1.0,0.0,0.0,4
106298,2.0,11,3,3.0,2.0,,1.0,4.0,1.0,,1.0,,1.0,0.0,1.0,11
106299,3.0,19,20,4.0,3.0,3.0,1.0,4.0,4.0,4.0,3.0,4.0,1.0,4.0,4.0,20
106300,2.0,9,2,3.0,1.0,,1.0,4.0,0.0,,0.0,,1.0,1.0,0.0,9
106301,4.0,0,0,,,,0.0,0.0,0.0,,,,0.0,0.0,0.0,0
106302,3.0,3,3,,1.0,0.0,1.0,1.0,0.0,,2.0,0.0,1.0,0.0,0.0,3
106303,2.0,10,7,4.0,1.0,0.0,1.0,4.0,0.0,3.0,1.0,0.0,1.0,2.0,0.0,10
106304,3.0,3,5,,0.0,,1.0,2.0,0.0,,0.0,2.0,1.0,2.0,0.0,5
106305,3.0,8,5,2.0,0.0,,1.0,3.0,2.0,,0.0,,1.0,3.0,1.0,8
106306,4.0,2,0,,0.0,,0.0,2.0,0.0,,0.0,,0.0,0.0,0.0,2
106307,1.0,8,7,2.0,2.0,0.0,1.0,3.0,0.0,2.0,1.0,0.0,1.0,3.0,0.0,8
106308,2.0,10,5,4.0,1.0,,1.0,4.0,0.0,2.0,2.0,,1.0,0.0,0.0,10
106309,4.0,8,7,3.0,0.0,,1.0,4.0,0.0,3.0,0.0,,1.0,3.0,0.0,8
106310,2.0,6,3,1.0,0.0,,1.0,4.0,0.0,,0.0,0.0,1.0,1.0,1.0,6
106311,1.0,5,7,1.0,0.0,0.0,1.0,3.0,0.0,1.0,2.0,0.0,1.0,3.0,0.0,7
106312,4.0,6,4,,1.0,0.0,1.0,4.0,0.0,,1.0,0.0,0.0,3.0,0.0,6
106313,4.0,3,2,0.0,0.0,,0.0,3.0,0.0,,0.0,,0.0,2.0,0.0,3
106314,3.0,2,5,,0.0,,0.0,0.0,2.0,,1.0,,1.0,1.0,2.0,5
106315,1.0,4,7,3.0,0.0,0.0,1.0,0.0,0.0,2.0,0.0,0.0,1.0,4.0,0.0,7
106316,1.0,3,5,0.0,0.0,,1.0,2.0,0.0,2.0,0.0,,1.0,2.0,0.0,5
106317,4.0,1,1,,0.0,,1.0,0.0,0.0,,0.0,,1.0,0.0,0.0,1
106318,3.0,2,6,0.0,1.0,,1.0,0.0,0.0,,2.0,0.0,1.0,0.0,3.0,6
106319,3.0,2,0,,1.0,,0.0,0.0,1.0,,0.0,,0.0,0.0,0.0,2
106320,1.0,4,1,2.0,0.0,,1.0,0.0,1.0,,0.0,,0.0,0.0,1.0,4
106321,4.0,11,10,2.0,0.0,,1.0,4.0,4.0,2.0,0.0,,1.0,3.0,4.0,11
106322,1.0,8,2,2.0,1.0,0.0,1.0,4.0,0.0,,0.0,0.0,1.0,1.0,0.0,8
106323,2.0,8,2,2.0,1.0,,1.0,4.0,0.0,,1.0,,1.0,0.0,0.0,8
106324,2.0,1,7,,0.0,0.0,1.0,0.0,0.0,2.0,1.0,0.0,1.0,3.0,0.0,7
106325,1.0,3,3,,0.0,,1.0,0.0,2.0,,0.0,,1.0,0.0,2.0,3
106326,3.0,2,3,,0.0,0.0,1.0,0.0,1.0,,1.0,0.0,1.0,0.0,1.0,3
106327,2.0,7,3,1.0,1.0,,1.0,4.0,0.0,,2.0,,1.0,0.0,0.0,7
106328,3.0,5,8,,0.0,,1.0,0.0,4.0,,2.0,0.0,1.0,1.0,4.0,8
106329,2.0,7,6,2.0,0.0,,1.0,4.0,0.0,3.0,0.0,,1.0,2.0,0.0,7
106330,3.0,7,6,2.0,0.0,,1.0,1.0,3.0,4.0,0.0,,1.0,0.0,1.0,7
106331,4.0,7,5,2.0,1.0,,1.0,3.0,0.0,2.0,1.0,,0.0,2.0,0.0,7
106332,2.0,8,3,2.0,1.0,,1.0,4.0,0.0,,1.0,,1.0,1.0,0.0,8
106333,3.0,7,6,2.0,0.0,0.0,0.0,3.0,2.0,3.0,0.0,0.0,0.0,2.0,1.0,7
106334,2.0,6,6,1.0,0.0,,1.0,3.0,1.0,1.0,0.0,,1.0,3.0,1.0,6
106335,1.0,0,1,,0.0,0.0,0.0,0.0,0.0,,0.0,0.0,1.0,0.0,0.0,1
106336,1.0,7,5,2.0,0.0,0.0,1.0,4.0,0.0,2.0,0.0,0.0,1.0,2.0,0.0,7
106337,2.0,9,2,2.0,1.0,,1.0,4.0,1.0,,1.0,,1.0,0.0,0.0,9
106338,3.0,6,5,4.0,0.0,,0.0,2.0,0.0,2.0,0.0,,1.0,2.0,0.0,6
106339,3.0,11,10,4.0,2.0,0.0,1.0,4.0,0.0,2.0,3.0,0.0,1.0,4.0,0.0,11
106340,3.0,7,7,3.0,0.0,0.0,1.0,3.0,0.0,3.0,0.0,0.0,1.0,3.0,0.0,7
106341,4.0,10,9,1.0,0.0,,1.0,4.0,4.0,2.0,0.0,,0.0,3.0,4.0,10
106342,2.0,10,7,1.0,0.0,,1.0,4.0,4.0,1.0,0.0,,1.0,3.0,2.0,10
106343,3.0,1,0,,0.0,,0.0,1.0,0.0,,0.0,,0.0,0.0,0.0,1
106344,2.0,7,2,2.0,0.0,,1.0,4.0,0.0,,1.0,,1.0,0.0,0.0,7
106345,4.0,9,3,2.0,2.0,,1.0,4.0,0.0,,2.0,,1.0,0.0,0.0,9
106346,1.0,2,2,,0.0,,1.0,0.0,1.0,,0.0,,1.0,0.0,1.0,2
106347,4.0,1,0,,0.0,0.0,1.0,0.0,0.0,,0.0,0.0,0.0,0.0,0.0,1
106348,4.0,5,6,2.0,0.0,,0.0,3.0,0.0,2.0,0.0,0.0,1.0,3.0,0.0,6
106349,3.0,2,1,,0.0,0.0,1.0,0.0,1.0,,0.0,0.0,0.0,1.0,0.0,2
106350,3.0,8,4,4.0,1.0,,1.0,0.0,2.0,,1.0,,1.0,0.0,2.0,8
106351,4.0,4,2,0.0,1.0,,1.0,2.0,0.0,,2.0,,0.0,0.0,0.0,4
106352,4.0,3,1,,2.0,,0.0,1.0,0.0,,1.0,,0.0,0.0,0.0,3
106353,3.0,4,2,1.0,0.0,,1.0,2.0,0.0,,0.0,,0.0,2.0,0.0,4
106354,3.0,7,1,3.0,0.0,,1.0,3.0,0.0,,0.0,,1.0,0.0,0.0,7
106355,2.0,1,1,,0.0,,1.0,0.0,0.0,,0.0,,1.0,0.0,0.0,1
106356,3.0,4,4,,3.0,0.0,1.0,0.0,0.0,,3.0,0.0,1.0,0.0,0.0,4
106357,2.0,11,7,3.0,3.0,,1.0,4.0,0.0,2.0,2.0,,1.0,2.0,0.0,11
106358,4.0,1,2,,0.0,,1.0,0.0,0.0,,1.0,,1.0,0.0,0.0,2
106359,3.0,0,0,,0.0,,,,0.0,,0.0,,,,0.0,0
106360,2.0,7,1,2.0,0.0,,1.0,4.0,0.0,,0.0,,1.0,0.0,0.0,7
106361,3.0,4,4,,0.0,0.0,0.0,0.0,4.0,,0.0,0.0,0.0,0.0,4.0,4
106362,1.0,8,2,3.0,0.0,0.0,1.0,3.0,1.0,,0.0,0.0,1.0,0.0,1.0,8
106363,3.0,4,7,,1.0,,0.0,3.0,0.0,,1.0,,1.0,2.0,3.0,7
106364,3.0,4,4,0.0,0.0,,0.0,4.0,0.0,,,,0.0,4.0,0.0,4
106365,3.0,2,3,2.0,0.0,,0.0,0.0,0.0,2.0,0.0,,1.0,0.0,0.0,3
106366,3.0,10,4,2.0,2.0,0.0,1.0,4.0,1.0,,1.0,0.0,0.0,3.0,0.0,10
106367,1.0,2,2,,0.0,,1.0,1.0,0.0,,2.0,,0.0,0.0,0.0,2
106368,2.0,5,2,,0.0,,1.0,4.0,0.0,,0.0,,1.0,0.0,1.0,5
106369,3.0,6,2,3.0,0.0,,0.0,2.0,1.0,,0.0,,1.0,0.0,1.0,6
106370,3.0,10,11,3.0,0.0,,0.0,3.0,4.0,3.0,0.0,,1.0,3.0,4.0,11
106371,2.0,8,7,3.0,0.0,0.0,1.0,4.0,0.0,3.0,0.0,0.0,1.0,3.0,0.0,8
106372,2.0,8,1,3.0,0.0,,1.0,4.0,0.0,,0.0,,1.0,0.0,0.0,8
106373,2.0,3,12,,1.0,0.0,1.0,0.0,1.0,3.0,2.0,2.0,1.0,4.0,0.0,12
106374,2.0,7,2,2.0,1.0,,1.0,3.0,0.0,,1.0,,1.0,0.0,0.0,7
106375,3.0,4,3,,0.0,,1.0,3.0,0.0,,0.0,0.0,1.0,1.0,1.0,4
106376,2.0,5,1,,0.0,,1.0,4.0,0.0,,0.0,,1.0,0.0,0.0,5
106377,2.0,0,7,,0.0,,0.0,0.0,0.0,,2.0,,1.0,4.0,0.0,7
106378,1.0,2,3,,0.0,,1.0,0.0,1.0,,0.0,,1.0,1.0,1.0,3
106379,4.0,0,1,,0.0,,0.0,0.0,0.0,,0.0,,0.0,1.0,0.0,1
106380,2.0,10,1,4.0,0.0,,1.0,4.0,1.0,,0.0,,0.0,0.0,1.0,10
106381,1.0,8,6,3.0,0.0,,1.0,4.0,0.0,2.0,0.0,,1.0,3.0,0.0,8
106382,1.0,9,6,4.0,0.0,0.0,1.0,3.0,1.0,2.0,0.0,0.0,1.0,3.0,0.0,9
106383,2.0,7,0,2.0,0.0,,1.0,4.0,0.0,,0.0,,0.0,0.0,0.0,7
106384,1.0,1,1,,0.0,,1.0,0.0,0.0,,,,0.0,1.0,,1
106385,3.0,7,5,2.0,0.0,0.0,1.0,4.0,0.0,1.0,0.0,0.0,0.0,4.0,0.0,7
106386,4.0,11,11,3.0,2.0,0.0,1.0,4.0,1.0,3.0,2.0,0.0,1.0,2.0,3.0,11
106387,1.0,0,1,,0.0,,0.0,0.0,0.0,,0.0,,1.0,0.0,0.0,1
106388,2.0,9,2,3.0,1.0,,1.0,4.0,0.0,,1.0,,0.0,0.0,1.0,9
106389,2.0,10,3,2.0,3.0,,1.0,4.0,0.0,,2.0,,1.0,0.0,0.0,10
106390,3.0,1,1,,0.0,,1.0,0.0,0.0,,0.0,,1.0,0.0,0.0,1
106391,2.0,6,5,,0.0,0.0,1.0,4.0,1.0,2.0,0.0,0.0,1.0,2.0,0.0,6
106392,3.0,14,16,2.0,2.0,3.0,0.0,4.0,3.0,2.0,2.0,3.0,1.0,4.0,4.0,16
106393,3.0,8,5,4.0,0.0,,1.0,0.0,3.0,2.0,0.0,,1.0,0.0,2.0,8
106394,4.0,6,4,2.0,0.0,0.0,0.0,4.0,0.0,2.0,0.0,0.0,0.0,2.0,0.0,6
106395,4.0,3,2,,0.0,,1.0,2.0,0.0,,0.0,,1.0,1.0,0.0,3
106396,2.0,4,1,0.0,1.0,,1.0,2.0,0.0,,0.0,,1.0,0.0,0.0,4
106397,1.0,4,3,,0.0,1.0,1.0,1.0,1.0,,0.0,1.0,1.0,0.0,1.0,4
106398,3.0,6,6,3.0,0.0,,1.0,2.0,0.0,3.0,0.0,0.0,1.0,2.0,0.0,6
106399,3.0,18,18,4.0,2.0,4.0,1.0,3.0,4.0,3.0,3.0,4.0,1.0,3.0,4.0,18
106400,4.0,5,3,1.0,0.0,,0.0,4.0,0.0,,1.0,,1.0,1.0,0.0,5
106401,3.0,5,5,,4.0,0.0,,,1.0,,4.0,0.0,,,1.0,5
106402,3.0,5,0,1.0,0.0,0.0,1.0,3.0,0.0,,0.0,0.0,0.0,0.0,0.0,5
106403,3.0,11,11,2.0,1.0,2.0,1.0,3.0,2.0,1.0,1.0,2.0,1.0,3.0,3.0,11
106404,3.0,1,1,,0.0,0.0,1.0,0.0,0.0,,0.0,0.0,1.0,0.0,0.0,1
106405,2.0,9,5,2.0,0.0,,1.0,4.0,2.0,3.0,0.0,,0.0,0.0,2.0,9
106406,3.0,2,1,,0.0,,,,2.0,,0.0,,,,1.0,2
106407,2.0,7,1,2.0,0.0,,1.0,4.0,0.0,,0.0,,1.0,0.0,0.0,7
106408,1.0,2,4,,0.0,,1.0,1.0,0.0,,2.0,0.0,1.0,1.0,0.0,4
106409,4.0,3,3,,0.0,,1.0,2.0,0.0,,0.0,,1.0,2.0,0.0,3
106410,1.0,2,1,,0.0,0.0,1.0,0.0,1.0,,0.0,0.0,1.0,0.0,0.0,2
106411,3.0,2,2,,0.0,,1.0,1.0,0.0,,0.0,,1.0,1.0,0.0,2
106412,2.0,13,3,4.0,3.0,,1.0,4.0,1.0,,1.0,,1.0,0.0,1.0,13
106413,3.0,7,8,3.0,0.0,0.0,1.0,3.0,0.0,4.0,0.0,0.0,1.0,3.0,0.0,8
106414,2.0,8,5,3.0,1.0,,1.0,3.0,0.0,4.0,0.0,,1.0,0.0,0.0,8
106415,2.0,8,2,3.0,0.0,,1.0,4.0,0.0,,1.0,,1.0,0.0,0.0,8
106416,3.0,8,7,3.0,0.0,0.0,1.0,4.0,0.0,3.0,0.0,0.0,1.0,3.0,0.0,8
106417,3.0,8,11,3.0,0.0,0.0,1.0,3.0,1.0,2.0,1.0,1.0,1.0,3.0,3.0,11
106418,2.0,10,4,3.0,1.0,,1.0,4.0,1.0,,1.0,,1.0,1.0,1.0,10
106419,1.0,8,4,2.0,0.0,0.0,0.0,4.0,2.0,,1.0,0.0,1.0,0.0,2.0,8
106420,3.0,2,1,,1.0,0.0,1.0,0.0,0.0,,1.0,0.0,0.0,0.0,0.0,2
106421,4.0,3,3,,1.0,,1.0,1.0,0.0,,1.0,,1.0,1.0,0.0,3
106422,2.0,9,2,3.0,0.0,,1.0,4.0,1.0,,0.0,,1.0,0.0,1.0,9
106423,4.0,3,1,,0.0,,0.0,3.0,0.0,,0.0,,0.0,1.0,0.0,3
106424,3.0,5,3,0.0,1.0,0.0,1.0,3.0,0.0,,,0.0,0.0,3.0,0.0,5
106425,2.0,9,6,4.0,0.0,,1.0,4.0,0.0,3.0,0.0,,1.0,2.0,0.0,9
106426,3.0,9,12,,3.0,1.0,0.0,3.0,2.0,3.0,2.0,1.0,1.0,3.0,2.0,12
106427,2.0,5,8,,0.0,,1.0,4.0,0.0,3.0,1.0,,1.0,3.0,0.0,8
106428,1.0,0,7,,0.0,0.0,0.0,0.0,0.0,3.0,0.0,0.0,0.0,4.0,0.0,7
106429,1.0,6,9,,1.0,,1.0,3.0,1.0,,1.0,,1.0,4.0,3.0,9
106430,3.0,10,9,3.0,0.0,0.0,1.0,4.0,2.0,4.0,1.0,0.0,0.0,3.0,1.0,10
106431,4.0,3,2,,0.0,,1.0,2.0,0.0,,0.0,,1.0,1.0,0.0,3
106432,3.0,2,1,,0.0,,1.0,1.0,0.0,,0.0,,1.0,0.0,0.0,2
106433,3.0,6,9,3.0,0.0,0.0,0.0,3.0,0.0,3.0,1.0,1.0,0.0,4.0,0.0,9
106434,3.0,1,0,,0.0,,1.0,0.0,0.0,,0.0,,0.0,0.0,0.0,1
106435,3.0,2,2,,0.0,0.0,1.0,1.0,0.0,,1.0,0.0,1.0,0.0,0.0,2
106436,4.0,15,15,3.0,3.0,1.0,1.0,4.0,3.0,3.0,3.0,1.0,1.0,4.0,3.0,15
106437,1.0,2,2,,0.0,,1.0,0.0,1.0,,0.0,,1.0,0.0,1.0,2
106438,2.0,8,4,,2.0,,1.0,4.0,1.0,,2.0,,1.0,0.0,1.0,8
106439,3.0,0,0,,,,,,,,,,,,,0
106440,3.0,7,7,3.0,0.0,,1.0,3.0,0.0,3.0,0.0,,1.0,3.0,0.0,7
106441,2.0,5,4,0.0,0.0,,1.0,4.0,0.0,1.0,0.0,,1.0,1.0,1.0,5
106442,3.0,1,2,,0.0,,1.0,0.0,0.0,,0.0,,1.0,1.0,0.0,2
106443,3.0,8,10,4.0,,,0.0,4.0,,4.0,0.0,0.0,1.0,4.0,1.0,10
106444,4.0,5,5,,0.0,,1.0,3.0,1.0,,0.0,,1.0,3.0,1.0,5
106445,3.0,2,0,,0.0,0.0,1.0,0.0,1.0,,0.0,0.0,0.0,0.0,0.0,2
106446,4.0,4,4,0.0,0.0,0.0,1.0,3.0,0.0,,0.0,0.0,1.0,3.0,0.0,4
106447,3.0,14,11,3.0,1.0,4.0,0.0,3.0,3.0,,1.0,4.0,0.0,3.0,3.0,14
106448,1.0,1,3,,0.0,,1.0,0.0,0.0,2.0,0.0,,1.0,0.0,0.0,3
106449,3.0,5,5,,1.0,,1.0,2.0,1.0,,2.0,,1.0,2.0,0.0,5
106450,4.0,4,5,,0.0,0.0,0.0,4.0,0.0,2.0,0.0,0.0,0.0,3.0,0.0,5
106451,3.0,7,5,2.0,0.0,,1.0,3.0,1.0,,0.0,,1.0,3.0,1.0,7
106452,4.0,15,15,3.0,2.0,1.0,1.0,4.0,4.0,3.0,3.0,2.0,1.0,2.0,4.0,15
106453,3.0,8,12,2.0,3.0,1.0,1.0,1.0,0.0,2.0,3.0,2.0,1.0,1.0,3.0,12
106454,3.0,4,4,,0.0,,1.0,2.0,1.0,,0.0,0.0,1.0,2.0,1.0,4
106455,3.0,17,12,4.0,1.0,4.0,1.0,4.0,3.0,3.0,,4.0,1.0,4.0,,17
106456,2.0,8,1,3.0,0.0,,1.0,4.0,0.0,,0.0,,1.0,0.0,0.0,8
106457,3.0,6,10,4.0,0.0,,1.0,0.0,1.0,4.0,0.0,,1.0,4.0,1.0,10
106458,3.0,3,3,,0.0,,1.0,1.0,1.0,,0.0,,1.0,1.0,1.0,3
106459,3.0,4,12,,2.0,,1.0,0.0,1.0,3.0,2.0,,1.0,4.0,2.0,12
106460,3.0,3,2,,0.0,2.0,1.0,0.0,0.0,,0.0,1.0,1.0,0.0,0.0,3
106461,3.0,8,8,4.0,0.0,1.0,0.0,3.0,0.0,3.0,0.0,1.0,0.0,4.0,0.0,8
106462,3.0,11,10,3.0,2.0,2.0,0.0,4.0,0.0,3.0,1.0,2.0,0.0,4.0,0.0,11
106463,3.0,0,2,,0.0,,0.0,0.0,0.0,,0.0,,1.0,0.0,1.0,2
106464,2.0,11,4,3.0,2.0,0.0,1.0,4.0,1.0,,2.0,0.0,1.0,0.0,1.0,11
106465,2.0,2,0,,1.0,,0.0,1.0,0.0,,0.0,,0.0,0.0,0.0,2
106466,1.0,4,2,0.0,0.0,0.0,0.0,4.0,0.0,,0.0,0.0,1.0,1.0,0.0,4
106467,4.0,12,10,3.0,3.0,1.0,1.0,4.0,0.0,2.0,2.0,1.0,1.0,4.0,0.0,12
106468,1.0,9,7,3.0,1.0,0.0,1.0,4.0,0.0,3.0,1.0,0.0,1.0,2.0,0.0,9
106469,4.0,0,0,,0.0,,0.0,0.0,0.0,,0.0,,0.0,0.0,0.0,0
106470,4.0,5,9,,1.0,,1.0,2.0,1.0,2.0,2.0,,1.0,2.0,2.0,9
106471,4.0,10,4,3.0,1.0,1.0,1.0,4.0,0.0,2.0,1.0,1.0,0.0,0.0,0.0,10
106472,3.0,8,5,2.0,1.0,,1.0,4.0,0.0,2.0,0.0,,0.0,3.0,0.0,8
106473,2.0,5,3,,4.0,1.0,,,0.0,,3.0,0.0,,,0.0,5
106474,4.0,10,7,4.0,1.0,,1.0,4.0,0.0,3.0,1.0,,0.0,3.0,0.0,10
106475,4.0,5,7,1.0,0.0,1.0,1.0,2.0,0.0,3.0,0.0,1.0,1.0,2.0,0.0,7
106476,1.0,10,10,3.0,0.0,,1.0,4.0,2.0,3.0,0.0,,1.0,4.0,2.0,10
106477,1.0,1,1,,0.0,,1.0,0.0,0.0,,0.0,,1.0,0.0,0.0,1
106478,1.0,0,0,,0.0,,,,0.0,,,,,,,0
106479,2.0,9,2,3.0,1.0,,1.0,4.0,0.0,,1.0,,1.0,0.0,0.0,9
106480,4.0,8,6,4.0,0.0,,1.0,3.0,0.0,2.0,0.0,,1.0,3.0,0.0,8
106481,4.0,8,1,2.0,1.0,,1.0,4.0,0.0,,,,1.0,0.0,0.0,8
106482,3.0,8,2,2.0,0.0,1.0,1.0,3.0,1.0,,0.0,0.0,0.0,2.0,0.0,8
106483,3.0,3,3,,0.0,,1.0,1.0,1.0,,0.0,,1.0,2.0,0.0,3
106484,3.0,2,3,,0.0,,1.0,0.0,1.0,,0.0,,1.0,1.0,1.0,3
106485,3.0,10,7,4.0,1.0,0.0,1.0,3.0,1.0,3.0,0.0,0.0,1.0,3.0,0.0,10
106486,3.0,7,5,,2.0,3.0,1.0,1.0,0.0,,2.0,2.0,1.0,0.0,0.0,7
106487,4.0,3,2,,1.0,,1.0,1.0,0.0,,1.0,,1.0,0.0,0.0,3
106488,3.0,7,5,2.0,0.0,0.0,0.0,4.0,1.0,0.0,0.0,0.0,1.0,4.0,0.0,7
106489,4.0,4,2,,0.0,,1.0,3.0,0.0,,0.0,,0.0,2.0,0.0,4
106490,3.0,6,7,3.0,0.0,,0.0,3.0,0.0,3.0,0.0,,1.0,3.0,0.0,7
106491,3.0,3,4,,1.0,0.0,1.0,0.0,1.0,,2.0,0.0,1.0,0.0,1.0,4
106492,2.0,9,2,3.0,1.0,,1.0,4.0,0.0,,1.0,,1.0,0.0,0.0,9
106493,1.0,4,12,,0.0,,1.0,0.0,3.0,4.0,0.0,,1.0,4.0,3.0,12
106494,1.0,4,4,,0.0,,0.0,0.0,4.0,,0.0,,0.0,0.0,4.0,4
106495,1.0,8,7,2.0,1.0,,1.0,4.0,0.0,2.0,1.0,0.0,1.0,3.0,0.0,8
106496,1.0,0,9,,0.0,0.0,0.0,0.0,0.0,3.0,1.0,0.0,1.0,4.0,0.0,9
106497,2.0,9,4,2.0,2.0,,1.0,4.0,0.0,,2.0,,1.0,0.0,1.0,9
106498,2.0,9,5,1.0,1.0,0.0,0.0,3.0,4.0,,1.0,0.0,0.0,0.0,4.0,9
106499,1.0,1,2,,0.0,1.0,0.0,0.0,0.0,,0.0,1.0,1.0,0.0,0.0,2
106500,2.0,13,12,2.0,3.0,2.0,1.0,4.0,1.0,2.0,3.0,3.0,1.0,2.0,1.0,13
106501,3.0,5,4,,1.0,2.0,1.0,1.0,0.0,,1.0,1.0,1.0,1.0,0.0,5
106502,4.0,6,5,,0.0,0.0,1.0,4.0,1.0,,0.0,0.0,1.0,3.0,1.0,6
106503,4.0,2,1,,0.0,,1.0,0.0,1.0,,0.0,,1.0,0.0,0.0,2
106504,3.0,10,9,3.0,0.0,0.0,1.0,3.0,3.0,3.0,0.0,0.0,1.0,3.0,2.0,10
106505,4.0,6,8,2.0,2.0,0.0,1.0,1.0,0.0,3.0,1.0,0.0,1.0,3.0,0.0,8
106506,1.0,9,7,3.0,1.0,,1.0,4.0,0.0,1.0,1.0,,1.0,4.0,0.0,9
106507,4.0,1,1,,0.0,,0.0,1.0,0.0,,0.0,,0.0,1.0,0.0,1
106508,1.0,4,2,2.0,0.0,,1.0,0.0,1.0,,0.0,,1.0,0.0,1.0,4
106509,4.0,7,3,2.0,0.0,,1.0,4.0,0.0,,,,1.0,2.0,0.0,7
106510,3.0,6,12,,1.0,,1.0,1.0,3.0,,2.0,4.0,1.0,2.0,3.0,12
106511,4.0,6,8,,0.0,,1.0,1.0,4.0,2.0,0.0,,1.0,1.0,4.0,8
106512,3.0,4,1,,1.0,,1.0,0.0,2.0,,0.0,,0.0,0.0,1.0,4
106513,3.0,2,6,,1.0,,1.0,0.0,0.0,3.0,1.0,,1.0,1.0,0.0,6
106514,4.0,3,2,,0.0,,1.0,2.0,0.0,,0.0,,0.0,2.0,0.0,3
106515,3.0,4,5,,4.0,,0.0,0.0,0.0,,4.0,,1.0,0.0,0.0,5
106516,3.0,3,2,,0.0,0.0,1.0,2.0,0.0,,0.0,0.0,1.0,1.0,0.0,3
106517,2.0,7,4,,1.0,,1.0,4.0,1.0,,1.0,,1.0,0.0,2.0,7
106518,2.0,9,10,3.0,1.0,,1.0,4.0,0.0,3.0,1.0,,1.0,4.0,1.0,10
106519,1.0,1,6,,0.0,1.0,0.0,0.0,0.0,,0.0,1.0,1.0,4.0,0.0,6
106520,1.0,3,3,,0.0,,1.0,0.0,2.0,,0.0,,1.0,0.0,2.0,3
106521,3.0,6,4,1.0,0.0,,1.0,4.0,0.0,0.0,0.0,,1.0,3.0,0.0,6
106522,3.0,10,6,1.0,0.0,4.0,1.0,2.0,2.0,,0.0,3.0,1.0,1.0,1.0,10
106523,2.0,1,2,,0.0,,1.0,0.0,0.0,,0.0,,1.0,0.0,1.0,2
106524,3.0,2,0,,0.0,,1.0,1.0,0.0,,,,0.0,0.0,0.0,2
106525,1.0,7,5,2.0,0.0,0.0,1.0,4.0,0.0,,0.0,0.0,1.0,4.0,0.0,7
106526,2.0,10,2,3.0,2.0,,1.0,4.0,0.0,,1.0,,1.0,0.0,0.0,10
106527,2.0,7,2,2.0,0.0,,1.0,4.0,0.0,,1.0,,1.0,0.0,0.0,7
106528,3.0,6,5,2.0,0.0,0.0,1.0,3.0,0.0,2.0,0.0,0.0,1.0,2.0,0.0,6
106529,4.0,9,6,3.0,1.0,,1.0,4.0,0.0,2.0,0.0,,1.0,3.0,0.0,9
106530,4.0,1,4,,1.0,,0.0,0.0,0.0,,2.0,,1.0,1.0,0.0,4
106531,2.0,7,5,,2.0,,1.0,4.0,0.0,,2.0,,0.0,3.0,0.0,7
106532,2.0,9,9,3.0,1.0,,1.0,4.0,0.0,3.0,1.0,,1.0,4.0,0.0,9
106533,3.0,8,2,3.0,0.0,,1.0,4.0,0.0,2.0,0.0,,0.0,0.0,0.0,8
106534,3.0,8,6,1.0,2.0,,1.0,3.0,1.0,2.0,1.0,,1.0,2.0,0.0,8
106535,2.0,5,6,,0.0,0.0,1.0,4.0,0.0,,1.0,0.0,1.0,4.0,0.0,6
106536,4.0,8,7,1.0,2.0,1.0,1.0,3.0,0.0,2.0,1.0,0.0,1.0,3.0,0.0,8
106537,3.0,0,1,,0.0,,0.0,0.0,0.0,,0.0,,1.0,0.0,0.0,1
106538,4.0,5,4,1.0,0.0,,1.0,3.0,0.0,1.0,0.0,,0.0,3.0,0.0,5
106539,2.0,1,1,,0.0,,1.0,0.0,0.0,,0.0,,1.0,0.0,0.0,1
106540,4.0,2,3,,0.0,0.0,1.0,1.0,0.0,2.0,0.0,0.0,1.0,0.0,0.0,3
106541,2.0,8,5,,1.0,0.0,1.0,4.0,2.0,,2.0,0.0,1.0,0.0,2.0,8
106542,2.0,10,6,4.0,2.0,0.0,1.0,3.0,0.0,2.0,0.0,0.0,1.0,2.0,1.0,10
106543,2.0,7,2,3.0,0.0,,1.0,3.0,0.0,,0.0,0.0,1.0,1.0,0.0,7
106544,3.0,9,9,,1.0,3.0,1.0,0.0,4.0,,2.0,3.0,1.0,0.0,3.0,9
106545,3.0,4,2,,0.0,,1.0,2.0,1.0,,0.0,,1.0,0.0,1.0,4
106546,3.0,10,9,,3.0,4.0,1.0,1.0,1.0,,3.0,4.0,1.0,0.0,1.0,10
106547,2.0,8,9,3.0,0.0,0.0,1.0,4.0,0.0,4.0,0.0,0.0,1.0,4.0,0.0,9
106548,2.0,7,2,2.0,0.0,,1.0,4.0,0.0,,0.0,,1.0,1.0,0.0,7
106549,2.0,8,7,3.0,0.0,,1.0,4.0,0.0,2.0,1.0,,1.0,2.0,1.0,8
106550,3.0,11,11,3.0,0.0,0.0,1.0,3.0,4.0,3.0,0.0,0.0,1.0,3.0,4.0,11
106551,4.0,5,6,1.0,1.0,,1.0,2.0,0.0,2.0,1.0,,1.0,2.0,0.0,6
106552,3.0,4,3,,0.0,,1.0,3.0,0.0,,0.0,0.0,0.0,3.0,0.0,4
106553,3.0,9,10,4.0,,,1.0,4.0,0.0,3.0,0.0,,1.0,3.0,3.0,10
106554,3.0,13,17,4.0,2.0,0.0,1.0,4.0,2.0,4.0,3.0,1.0,1.0,4.0,4.0,17
106555,4.0,0,0,,0.0,,0.0,0.0,0.0,,0.0,,0.0,0.0,0.0,0
106556,1.0,4,5,,0.0,,1.0,0.0,3.0,,0.0,,1.0,0.0,4.0,5
106557,4.0,2,1,,0.0,,1.0,1.0,0.0,,0.0,,1.0,0.0,0.0,2
106558,2.0,2,1,,0.0,,1.0,1.0,0.0,,0.0,,0.0,1.0,0.0,2
106559,3.0,3,1,,2.0,0.0,1.0,0.0,0.0,,,0.0,1.0,0.0,0.0,3
106560,2.0,8,2,2.0,1.0,,1.0,4.0,0.0,,1.0,,1.0,0.0,0.0,8
106561,1.0,4,1,0.0,0.0,,1.0,3.0,0.0,,0.0,,1.0,0.0,0.0,4
106562,1.0,4,3,,0.0,0.0,1.0,0.0,3.0,2.0,0.0,0.0,0.0,0.0,1.0,4
106563,2.0,9,7,3.0,1.0,,1.0,4.0,0.0,2.0,1.0,,1.0,3.0,0.0,9
106564,3.0,10,10,3.0,0.0,,1.0,3.0,3.0,2.0,0.0,,1.0,3.0,4.0,10
106565,2.0,8,3,3.0,0.0,,1.0,4.0,0.0,,1.0,,1.0,1.0,0.0,8
106566,4.0,1,3,,,,0.0,1.0,0.0,,,,0.0,3.0,0.0,3
106567,4.0,5,1,1.0,0.0,,1.0,3.0,0.0,,0.0,,0.0,1.0,0.0,5
106568,3.0,2,3,,0.0,,0.0,1.0,1.0,,0.0,0.0,1.0,1.0,1.0,3
106569,4.0,7,8,2.0,0.0,,1.0,3.0,1.0,2.0,0.0,,1.0,4.0,1.0,8
106570,3.0,5,4,,4.0,,1.0,0.0,0.0,,4.0,,0.0,0.0,0.0,5
106571,1.0,1,2,,0.0,0.0,0.0,0.0,1.0,,0.0,0.0,1.0,1.0,0.0,2
106572,1.0,8,5,3.0,0.0,0.0,1.0,4.0,0.0,2.0,0.0,0.0,1.0,2.0,0.0,8
106573,3.0,0,0,,0.0,,,,0.0,,0.0,,,,0.0,0
106574,4.0,6,8,,2.0,0.0,1.0,3.0,0.0,2.0,2.0,0.0,1.0,3.0,0.0,8
106575,3.0,7,6,2.0,1.0,0.0,1.0,3.0,0.0,,2.0,0.0,1.0,3.0,0.0,7
106576,3.0,2,1,,0.0,,1.0,0.0,1.0,,0.0,0.0,0.0,0.0,1.0,2
106577,2.0,5,2,2.0,0.0,,1.0,2.0,0.0,,1.0,,1.0,0.0,0.0,5
106578,3.0,5,4,,0.0,,1.0,4.0,0.0,,,,0.0,4.0,0.0,5
106579,3.0,11,8,1.0,3.0,,1.0,4.0,2.0,2.0,2.0,,0.0,2.0,2.0,11
106580,1.0,2,4,,0.0,0.0,1.0,0.0,1.0,,1.0,0.0,1.0,0.0,2.0,4
106581,3.0,2,1,,0.0,0.0,0.0,2.0,0.0,,0.0,0.0,0.0,1.0,0.0,2
106582,2.0,8,4,2.0,2.0,,1.0,3.0,0.0,,2.0,,1.0,1.0,0.0,8
106583,1.0,9,8,3.0,0.0,1.0,1.0,3.0,1.0,3.0,0.0,0.0,1.0,3.0,1.0,9
106584,1.0,9,8,3.0,0.0,,1.0,3.0,2.0,2.0,0.0,,1.0,3.0,2.0,9
106585,2.0,9,4,2.0,0.0,,1.0,4.0,2.0,,0.0,,1.0,0.0,3.0,9
106586,4.0,6,4,3.0,0.0,,0.0,3.0,0.0,2.0,0.0,,0.0,2.0,0.0,6
106587,3.0,2,2,,1.0,,,,1.0,,1.0,,,,1.0,2
106588,1.0,2,2,,0.0,,1.0,1.0,0.0,,1.0,,0.0,1.0,0.0,2
106589,1.0,11,9,3.0,0.0,0.0,1.0,3.0,4.0,2.0,0.0,0.0,1.0,2.0,4.0,11
106590,3.0,2,2,,0.0,0.0,1.0,0.0,1.0,,,0.0,1.0,1.0,0.0,2
106591,3.0,9,9,3.0,0.0,0.0,1.0,3.0,2.0,3.0,0.0,0.0,1.0,3.0,2.0,9
106592,4.0,2,1,,0.0,,1.0,0.0,1.0,,0.0,0.0,0.0,0.0,1.0,2
106593,1.0,1,1,,0.0,,1.0,0.0,0.0,,0.0,,1.0,0.0,0.0,1
106594,3.0,3,2,,0.0,,1.0,1.0,1.0,,1.0,,1.0,0.0,0.0,3
106595,1.0,7,3,2.0,1.0,0.0,1.0,0.0,3.0,,1.0,0.0,0.0,0.0,2.0,7
106596,2.0,5,3,,0.0,,1.0,4.0,0.0,,1.0,,1.0,0.0,1.0,5
106597,2.0,7,3,,2.0,,1.0,4.0,0.0,,2.0,,1.0,0.0,0.0,7
106598,2.0,10,11,0.0,1.0,,1.0,4.0,4.0,1.0,1.0,,1.0,4.0,4.0,11
106599,2.0,11,11,3.0,2.0,,1.0,4.0,1.0,3.0,2.0,,1.0,4.0,1.0,11
106600,1.0,1,1,,0.0,,1.0,0.0,0.0,,0.0,,1.0,0.0,0.0,1
106601,3.0,8,6,,1.0,2.0,1.0,3.0,1.0,,1.0,2.0,1.0,1.0,1.0,8
106602,3.0,6,6,,3.0,2.0,0.0,1.0,0.0,,3.0,2.0,0.0,1.0,0.0,6
106603,2.0,8,10,3.0,0.0,,1.0,4.0,0.0,3.0,2.0,,1.0,4.0,0.0,10
106604,2.0,7,1,3.0,0.0,,1.0,3.0,0.0,,0.0,,1.0,0.0,0.0,7
106605,3.0,0,0,,0.0,,,,0.0,,0.0,,,,0.0,0
106606,3.0,7,5,,2.0,2.0,1.0,1.0,1.0,,2.0,3.0,0.0,0.0,0.0,7
106607,4.0,12,14,0.0,3.0,0.0,1.0,4.0,4.0,3.0,3.0,0.0,1.0,3.0,4.0,14
106608,4.0,5,2,1.0,0.0,,0.0,4.0,0.0,,1.0,,1.0,0.0,0.0,5
106609,4.0,12,12,3.0,2.0,0.0,1.0,4.0,2.0,3.0,2.0,0.0,1.0,4.0,2.0,12
106610,4.0,7,3,3.0,0.0,,1.0,2.0,1.0,,0.0,,1.0,1.0,1.0,7
106611,3.0,8,7,3.0,0.0,0.0,1.0,3.0,1.0,1.0,1.0,0.0,1.0,3.0,1.0,8
106612,3.0,2,2,,0.0,,1.0,0.0,1.0,,0.0,,1.0,0.0,1.0,2
106613,1.0,7,5,2.0,0.0,0.0,1.0,4.0,0.0,1.0,0.0,0.0,1.0,3.0,0.0,7
106614,2.0,12,9,2.0,3.0,1.0,1.0,4.0,1.0,3.0,2.0,0.0,0.0,3.0,1.0,12
106615,3.0,11,10,3.0,0.0,,1.0,4.0,3.0,2.0,0.0,,1.0,4.0,3.0,11
106616,1.0,2,2,,1.0,,0.0,0.0,1.0,,1.0,,1.0,0.0,0.0,2
106617,1.0,5,6,,1.0,,1.0,1.0,2.0,,1.0,,1.0,2.0,2.0,6
106618,4.0,5,5,2.0,0.0,,1.0,2.0,0.0,2.0,0.0,,1.0,2.0,0.0,5
106619,4.0,8,9,3.0,1.0,0.0,0.0,4.0,0.0,2.0,2.0,0.0,1.0,4.0,0.0,9
106620,4.0,0,1,,0.0,,0.0,0.0,0.0,,0.0,,1.0,0.0,0.0,1
106621,3.0,6,6,,1.0,0.0,1.0,0.0,4.0,,1.0,0.0,1.0,0.0,4.0,6
106622,3.0,1,1,,0.0,,1.0,0.0,0.0,,0.0,,1.0,0.0,0.0,1
106623,3.0,1,2,,0.0,,,,1.0,,0.0,1.0,,,1.0,2
106624,4.0,1,0,,,,0.0,1.0,,,,,0.0,0.0,,1
106625,1.0,9,8,4.0,0.0,0.0,1.0,4.0,0.0,3.0,0.0,0.0,1.0,4.0,0.0,9
106626,3.0,2,2,,0.0,,1.0,1.0,0.0,,0.0,,1.0,1.0,0.0,2
106627,1.0,1,1,,0.0,,1.0,0.0,0.0,,0.0,,1.0,0.0,0.0,1
106628,3.0,5,5,,1.0,0.0,1.0,1.0,2.0,,2.0,0.0,1.0,0.0,2.0,5
106629,3.0,5,5,,1.0,2.0,1.0,1.0,0.0,,1.0,2.0,1.0,1.0,0.0,5
106630,2.0,5,2,1.0,0.0,,1.0,3.0,0.0,,1.0,,1.0,0.0,0.0,5
106631,1.0,8,9,2.0,2.0,,1.0,3.0,0.0,3.0,2.0,0.0,1.0,3.0,0.0,9
106632,4.0,8,5,2.0,0.0,,0.0,2.0,4.0,1.0,0.0,,0.0,0.0,4.0,8
106633,4.0,12,14,3.0,2.0,1.0,1.0,4.0,1.0,4.0,1.0,2.0,1.0,4.0,2.0,14
106634,3.0,1,2,,0.0,0.0,1.0,0.0,0.0,,0.0,0.0,1.0,1.0,0.0,2
106635,2.0,7,2,2.0,0.0,,1.0,4.0,0.0,,0.0,,0.0,2.0,0.0,7
106636,3.0,1,1,,0.0,,1.0,0.0,0.0,,0.0,,1.0,0.0,0.0,1
106637,1.0,1,2,,0.0,,0.0,0.0,1.0,,0.0,,1.0,0.0,1.0,2
106638,3.0,4,7,,0.0,,1.0,2.0,1.0,,0.0,,0.0,3.0,4.0,7
106639,4.0,1,1,,0.0,,1.0,0.0,0.0,,0.0,,1.0,0.0,0.0,1
106640,3.0,10,9,2.0,0.0,,1.0,3.0,4.0,2.0,0.0,,1.0,2.0,4.0,10
106641,3.0,8,13,1.0,2.0,0.0,1.0,4.0,0.0,3.0,2.0,2.0,1.0,4.0,1.0,13
106642,2.0,1,0,,0.0,,0.0,1.0,0.0,,0.0,,0.0,0.0,0.0,1
106643,3.0,0,3,,0.0,,0.0,0.0,0.0,,0.0,,0.0,3.0,0.0,3
106644,1.0,8,11,3.0,0.0,0.0,1.0,3.0,1.0,3.0,2.0,0.0,1.0,4.0,1.0,11
106645,2.0,9,5,2.0,1.0,,1.0,4.0,1.0,2.0,1.0,,1.0,0.0,1.0,9
106646,3.0,3,1,,0.0,,1.0,2.0,0.0,,0.0,,1.0,0.0,0.0,3
106647,3.0,2,0,,0.0,0.0,0.0,2.0,0.0,,0.0,0.0,0.0,0.0,0.0,2
106648,4.0,6,4,1.0,0.0,0.0,1.0,4.0,0.0,,0.0,0.0,1.0,3.0,0.0,6
106649,2.0,9,1,3.0,1.0,,1.0,4.0,0.0,,0.0,,1.0,0.0,0.0,9
106650,3.0,2,4,,1.0,0.0,1.0,0.0,0.0,,2.0,0.0,1.0,1.0,0.0,4
106651,4.0,6,6,2.0,1.0,0.0,1.0,1.0,1.0,,2.0,0.0,1.0,3.0,0.0,6
106652,4.0,9,5,4.0,0.0,,1.0,4.0,0.0,1.0,0.0,,0.0,3.0,1.0,9
106653,3.0,4,1,1.0,0.0,,1.0,2.0,0.0,,0.0,,1.0,0.0,0.0,4
106654,3.0,11,10,,3.0,3.0,1.0,4.0,0.0,,3.0,3.0,1.0,3.0,0.0,11
106655,4.0,9,5,4.0,0.0,,1.0,4.0,0.0,0.0,0.0,,1.0,4.0,0.0,9
106656,2.0,9,8,2.0,1.0,0.0,1.0,4.0,1.0,2.0,1.0,0.0,1.0,3.0,1.0,9
106657,2.0,13,7,4.0,3.0,,1.0,4.0,1.0,2.0,1.0,,1.0,2.0,1.0,13
106658,4.0,8,6,4.0,0.0,0.0,1.0,3.0,0.0,3.0,0.0,0.0,0.0,3.0,0.0,8
106659,4.0,8,7,4.0,0.0,,1.0,2.0,1.0,3.0,0.0,,1.0,2.0,1.0,8
106660,3.0,8,7,,0.0,0.0,1.0,3.0,4.0,,0.0,0.0,1.0,2.0,4.0,8
106661,4.0,2,0,,0.0,,1.0,0.0,1.0,,0.0,,0.0,0.0,0.0,2
106662,4.0,5,5,0.0,0.0,0.0,1.0,3.0,1.0,1.0,0.0,0.0,1.0,3.0,0.0,5
106663,2.0,2,4,,0.0,,1.0,0.0,1.0,,0.0,,1.0,2.0,1.0,4
106664,4.0,3,3,,0.0,,0.0,3.0,0.0,,0.0,,1.0,2.0,0.0,3
106665,2.0,1,10,,1.0,0.0,,,0.0,3.0,2.0,0.0,1.0,4.0,0.0,10
106666,3.0,1,1,,0.0,,1.0,0.0,0.0,,0.0,,1.0,0.0,0.0,1
106667,1.0,3,3,,0.0,1.0,0.0,0.0,2.0,,0.0,1.0,0.0,0.0,2.0,3
106668,4.0,1,6,,0.0,,1.0,0.0,0.0,1.0,0.0,,1.0,4.0,0.0,6
106669,2.0,5,1,,,,1.0,4.0,0.0,,0.0,,1.0,0.0,0.0,5
106670,3.0,2,1,,0.0,,1.0,1.0,0.0,,0.0,0.0,1.0,0.0,0.0,2
106671,1.0,3,3,2.0,0.0,,0.0,0.0,1.0,,1.0,,0.0,1.0,1.0,3
106672,4.0,12,12,2.0,2.0,2.0,1.0,4.0,1.0,2.0,3.0,3.0,1.0,2.0,1.0,12
106673,4.0,9,11,3.0,0.0,0.0,1.0,4.0,1.0,4.0,0.0,0.0,1.0,4.0,2.0,11
106674,3.0,5,1,0.0,0.0,0.0,1.0,4.0,0.0,,0.0,0.0,1.0,0.0,0.0,5
106675,3.0,4,3,,0.0,,1.0,3.0,0.0,,0.0,,1.0,2.0,0.0,4
106676,3.0,0,1,,0.0,,0.0,0.0,0.0,,0.0,,0.0,1.0,0.0,1
106677,3.0,5,1,2.0,0.0,0.0,1.0,2.0,0.0,,0.0,0.0,1.0,0.0,0.0,5
106678,3.0,5,1,1.0,,,1.0,3.0,0.0,,1.0,,0.0,0.0,0.0,5
106679,4.0,9,7,3.0,0.0,,1.0,4.0,1.0,3.0,0.0,,1.0,3.0,0.0,9
106680,3.0,9,14,2.0,0.0,3.0,0.0,3.0,1.0,4.0,1.0,4.0,1.0,3.0,1.0,14
106681,3.0,9,7,4.0,0.0,,1.0,4.0,0.0,3.0,0.0,0.0,1.0,3.0,0.0,9
106682,3.0,11,8,3.0,0.0,0.0,1.0,4.0,3.0,3.0,0.0,0.0,1.0,3.0,1.0,11
106683,1.0,12,9,3.0,1.0,1.0,1.0,4.0,2.0,2.0,1.0,0.0,1.0,3.0,2.0,12
106684,2.0,2,3,,0.0,,1.0,0.0,1.0,,1.0,,0.0,1.0,1.0,3
106685,3.0,5,4,,1.0,2.0,1.0,1.0,0.0,,1.0,1.0,1.0,1.0,0.0,5
106686,1.0,7,4,,2.0,0.0,1.0,4.0,0.0,,1.0,0.0,1.0,2.0,0.0,7
106687,3.0,10,10,4.0,0.0,0.0,1.0,2.0,3.0,4.0,0.0,0.0,1.0,2.0,3.0,10
106688,4.0,3,1,0.0,0.0,,0.0,3.0,0.0,,0.0,,0.0,1.0,0.0,3
106689,2.0,7,2,2.0,0.0,,1.0,4.0,0.0,,0.0,,1.0,1.0,0.0,7
106690,1.0,10,10,2.0,0.0,2.0,1.0,3.0,2.0,2.0,0.0,2.0,1.0,3.0,2.0,10
106691,3.0,2,1,,0.0,0.0,0.0,2.0,0.0,,0.0,0.0,0.0,1.0,0.0,2
106692,2.0,9,2,3.0,1.0,,1.0,4.0,0.0,,1.0,,1.0,0.0,0.0,9
106693,2.0,7,2,2.0,0.0,,1.0,4.0,0.0,,1.0,,1.0,0.0,0.0,7
106694,3.0,7,11,2.0,0.0,,1.0,3.0,1.0,3.0,0.0,,1.0,4.0,3.0,11
106695,4.0,4,5,,0.0,,0.0,4.0,0.0,,0.0,,1.0,4.0,0.0,5
106696,1.0,2,1,,0.0,,0.0,1.0,1.0,,0.0,,0.0,0.0,1.0,2
106697,3.0,7,6,,0.0,0.0,1.0,3.0,3.0,,0.0,0.0,1.0,3.0,2.0,7
106698,1.0,5,5,2.0,0.0,,0.0,3.0,0.0,2.0,0.0,,0.0,3.0,0.0,5
106699,4.0,9,7,1.0,2.0,,1.0,3.0,2.0,1.0,1.0,,0.0,3.0,2.0,9
106700,3.0,2,2,,0.0,0.0,0.0,1.0,1.0,,0.0,0.0,0.0,1.0,1.0,2
106701,4.0,2,1,,0.0,,1.0,1.0,0.0,,0.0,,0.0,1.0,0.0,2
106702,3.0,6,3,2.0,0.0,0.0,0.0,4.0,0.0,1.0,0.0,0.0,0.0,2.0,0.0,6
106703,4.0,5,1,2.0,1.0,,0.0,1.0,1.0,,1.0,,0.0,0.0,0.0,5
106704,2.0,8,5,2.0,0.0,,1.0,4.0,1.0,2.0,0.0,,1.0,1.0,1.0,8
106705,2.0,10,7,3.0,2.0,0.0,1.0,4.0,0.0,3.0,2.0,0.0,0.0,2.0,0.0,10
106706,2.0,7,2,1.0,1.0,,1.0,4.0,0.0,,1.0,,1.0,0.0,0.0,7
106707,3.0,4,6,0.0,0.0,,1.0,2.0,1.0,2.0,0.0,0.0,1.0,3.0,0.0,6
106708,3.0,9,9,3.0,0.0,0.0,1.0,3.0,2.0,3.0,0.0,0.0,1.0,3.0,2.0,9
106709,1.0,1,0,,0.0,0.0,1.0,0.0,0.0,,0.0,0.0,0.0,0.0,0.0,1
106710,2.0,13,13,4.0,0.0,1.0,1.0,4.0,3.0,4.0,0.0,0.0,1.0,4.0,4.0,13
106711,3.0,0,0,,0.0,0.0,,,0.0,,0.0,0.0,,,0.0,0
106712,3.0,8,5,2.0,3.0,2.0,1.0,0.0,0.0,,2.0,2.0,1.0,0.0,0.0,8
106713,4.0,0,1,,,,0.0,0.0,0.0,,0.0,,0.0,1.0,0.0,1
106714,4.0,11,10,4.0,2.0,,1.0,4.0,0.0,4.0,2.0,0.0,0.0,4.0,0.0,11
106715,4.0,8,0,3.0,0.0,,1.0,4.0,0.0,,0.0,,0.0,0.0,0.0,8
106716,4.0,13,14,4.0,2.0,,1.0,3.0,3.0,4.0,3.0,,1.0,3.0,3.0,14
106717,1.0,3,3,,0.0,0.0,1.0,0.0,2.0,,0.0,0.0,1.0,0.0,2.0,3
106718,4.0,7,2,2.0,1.0,,0.0,4.0,0.0,1.0,1.0,,0.0,0.0,0.0,7
106719,4.0,5,5,,0.0,3.0,1.0,0.0,1.0,,0.0,3.0,1.0,0.0,1.0,5
106720,2.0,9,3,3.0,1.0,,1.0,4.0,0.0,,1.0,,1.0,0.0,1.0,9
106721,3.0,13,12,1.0,2.0,4.0,1.0,3.0,2.0,1.0,1.0,3.0,1.0,4.0,2.0,13
106722,3.0,8,5,,2.0,,1.0,4.0,1.0,,2.0,,1.0,1.0,1.0,8
106723,4.0,8,6,3.0,1.0,,1.0,3.0,0.0,4.0,1.0,,1.0,0.0,0.0,8
106724,2.0,9,8,3.0,3.0,,1.0,2.0,0.0,2.0,2.0,0.0,1.0,3.0,0.0,9
106725,4.0,8,6,3.0,0.0,0.0,1.0,4.0,0.0,2.0,0.0,0.0,1.0,3.0,0.0,8
106726,2.0,10,4,,1.0,0.0,1.0,4.0,4.0,,0.0,0.0,0.0,0.0,4.0,10
106727,3.0,8,7,3.0,1.0,0.0,1.0,3.0,0.0,2.0,1.0,0.0,1.0,3.0,0.0,8
106728,4.0,6,5,2.0,0.0,,0.0,4.0,0.0,2.0,0.0,,0.0,3.0,0.0,6
106729,3.0,3,4,,0.0,,0.0,0.0,3.0,,0.0,,1.0,1.0,2.0,4
106730,4.0,7,8,,2.0,4.0,1.0,0.0,0.0,,3.0,4.0,1.0,0.0,0.0,8
106731,2.0,3,4,2.0,0.0,,1.0,0.0,0.0,2.0,1.0,,1.0,0.0,0.0,4
106732,2.0,8,5,3.0,1.0,,1.0,3.0,0.0,2.0,0.0,,1.0,2.0,0.0,8
106733,2.0,9,4,3.0,1.0,,1.0,4.0,0.0,,1.0,,1.0,2.0,0.0,9
106734,3.0,3,0,,0.0,,0.0,2.0,1.0,,0.0,,0.0,0.0,0.0,3
106735,1.0,13,12,2.0,3.0,3.0,1.0,2.0,2.0,2.0,3.0,2.0,1.0,2.0,2.0,13
106736,1.0,2,1,,0.0,0.0,1.0,0.0,1.0,,0.0,0.0,1.0,0.0,0.0,2
106737,2.0,10,6,4.0,1.0,,1.0,4.0,0.0,4.0,1.0,,1.0,0.0,0.0,10
106738,3.0,4,4,,0.0,4.0,,,0.0,,0.0,4.0,,,0.0,4
106739,4.0,6,3,1.0,0.0,0.0,1.0,3.0,1.0,2.0,0.0,0.0,0.0,0.0,1.0,6
106740,3.0,6,0,4.0,0.0,,0.0,2.0,0.0,,0.0,,0.0,0.0,0.0,6
106741,3.0,4,4,,1.0,2.0,0.0,1.0,0.0,,1.0,2.0,0.0,1.0,0.0,4
106742,1.0,0,0,,0.0,0.0,0.0,0.0,0.0,,0.0,0.0,0.0,0.0,0.0,0
106743,2.0,8,3,2.0,1.0,,1.0,4.0,0.0,,2.0,,1.0,0.0,0.0,8
106744,1.0,8,1,3.0,0.0,,1.0,4.0,0.0,,0.0,,1.0,0.0,0.0,8
106745,2.0,1,1,,0.0,0.0,1.0,0.0,0.0,,0.0,0.0,1.0,0.0,0.0,1
106746,4.0,5,7,,1.0,,1.0,1.0,2.0,,1.0,,1.0,1.0,4.0,7
106747,4.0,4,5,,0.0,0.0,1.0,1.0,2.0,2.0,0.0,0.0,0.0,1.0,2.0,5
106748,4.0,0,7,,0.0,0.0,0.0,0.0,0.0,3.0,0.0,0.0,1.0,3.0,0.0,7
106749,4.0,7,6,3.0,0.0,,1.0,3.0,0.0,3.0,0.0,,1.0,2.0,0.0,7
106750,2.0,9,5,2.0,0.0,,1.0,4.0,2.0,2.0,0.0,,1.0,0.0,2.0,9
106751,2.0,9,9,3.0,2.0,,0.0,4.0,0.0,2.0,2.0,,1.0,4.0,0.0,9
106752,2.0,9,3,2.0,2.0,,1.0,4.0,0.0,,1.0,,1.0,0.0,1.0,9
106753,2.0,8,3,2.0,1.0,,1.0,4.0,0.0,,2.0,,1.0,0.0,0.0,8
106754,4.0,9,7,4.0,1.0,,1.0,3.0,0.0,2.0,2.0,,0.0,3.0,0.0,9
106755,3.0,3,1,2.0,0.0,,0.0,1.0,0.0,,0.0,,0.0,1.0,0.0,3
106756,2.0,9,3,3.0,1.0,,1.0,4.0,0.0,,2.0,,1.0,0.0,0.0,9
106757,4.0,2,0,,0.0,,1.0,1.0,0.0,,0.0,,0.0,0.0,0.0,2
106758,1.0,2,1,,1.0,,1.0,0.0,0.0,,,,1.0,0.0,0.0,2
106759,4.0,4,5,,0.0,,0.0,0.0,4.0,,0.0,,1.0,0.0,4.0,5
106760,1.0,8,5,3.0,0.0,0.0,0.0,4.0,1.0,2.0,0.0,0.0,0.0,3.0,0.0,8
106761,3.0,2,2,,1.0,,1.0,0.0,0.0,,1.0,,1.0,0.0,0.0,2
106762,2.0,11,8,3.0,1.0,,1.0,4.0,2.0,3.0,1.0,,1.0,2.0,1.0,11
106763,1.0,6,6,2.0,0.0,,1.0,3.0,0.0,3.0,0.0,,1.0,2.0,0.0,6
106764,4.0,1,1,,1.0,,0.0,0.0,0.0,,1.0,,0.0,0.0,0.0,1
106765,4.0,8,6,4.0,0.0,,1.0,3.0,0.0,3.0,0.0,,0.0,3.0,0.0,8
106766,3.0,7,14,,1.0,4.0,1.0,0.0,1.0,3.0,2.0,4.0,0.0,4.0,1.0,14
106767,4.0,1,0,,0.0,,1.0,0.0,0.0,,0.0,,0.0,0.0,0.0,1
106768,3.0,7,7,3.0,0.0,,1.0,3.0,0.0,3.0,0.0,,1.0,3.0,0.0,7
106769,2.0,7,2,2.0,0.0,,1.0,4.0,0.0,,1.0,,1.0,0.0,0.0,7
106770,2.0,4,2,2.0,0.0,,1.0,1.0,0.0,,0.0,,1.0,1.0,0.0,4
106771,2.0,9,4,3.0,1.0,,1.0,4.0,0.0,,2.0,,1.0,0.0,1.0,9
106772,1.0,2,1,,1.0,0.0,1.0,0.0,0.0,,1.0,0.0,0.0,0.0,0.0,2
106773,2.0,1,1,,0.0,,1.0,0.0,0.0,,0.0,,1.0,0.0,0.0,1
106774,3.0,8,5,3.0,0.0,,1.0,4.0,0.0,2.0,0.0,,0.0,3.0,0.0,8
106775,4.0,7,0,2.0,0.0,,1.0,3.0,1.0,,0.0,,0.0,0.0,0.0,7
106776,2.0,9,3,2.0,2.0,,1.0,4.0,0.0,,1.0,,1.0,1.0,0.0,9
106777,2.0,5,5,,0.0,,1.0,4.0,0.0,,0.0,,1.0,4.0,0.0,5
106778,4.0,1,1,,,,1.0,0.0,0.0,,,,1.0,0.0,0.0,1
106779,2.0,9,1,3.0,2.0,0.0,1.0,3.0,0.0,,0.0,0.0,0.0,1.0,0.0,9
106780,2.0,8,7,,2.0,,1.0,4.0,1.0,,1.0,,1.0,4.0,1.0,8
106781,4.0,7,3,1.0,2.0,,1.0,3.0,0.0,,2.0,,0.0,1.0,0.0,7
106782,4.0,7,4,3.0,0.0,,0.0,4.0,0.0,0.0,0.0,,0.0,4.0,0.0,7
106783,4.0,8,2,1.0,1.0,,1.0,4.0,1.0,,1.0,,1.0,0.0,0.0,8
106784,3.0,1,2,,0.0,,0.0,1.0,0.0,,0.0,,1.0,1.0,0.0,2
106785,3.0,5,3,2.0,0.0,,1.0,0.0,2.0,,0.0,,1.0,0.0,2.0,5
106786,4.0,5,7,0.0,0.0,0.0,1.0,4.0,0.0,2.0,1.0,0.0,1.0,3.0,0.0,7
106787,4.0,6,2,2.0,0.0,,0.0,4.0,0.0,1.0,0.0,,0.0,1.0,0.0,6
106788,3.0,10,9,3.0,0.0,0.0,0.0,3.0,4.0,1.0,0.0,0.0,0.0,4.0,4.0,10
106789,3.0,4,2,,1.0,0.0,1.0,2.0,0.0,,,0.0,1.0,1.0,0.0,4
106790,4.0,7,6,2.0,0.0,0.0,1.0,4.0,0.0,2.0,0.0,0.0,1.0,3.0,0.0,7
106791,3.0,6,7,2.0,0.0,,1.0,1.0,2.0,2.0,0.0,,1.0,1.0,3.0,7
106792,4.0,0,0,,0.0,,0.0,0.0,0.0,,0.0,,0.0,0.0,0.0,0
106793,3.0,1,1,,0.0,,1.0,0.0,0.0,,0.0,,1.0,0.0,0.0,1
106794,1.0,1,1,,0.0,0.0,0.0,0.0,1.0,,0.0,0.0,0.0,0.0,1.0,1
106795,1.0,2,0,,0.0,0.0,1.0,0.0,1.0,,0.0,0.0,0.0,0.0,0.0,2
106796,3.0,6,4,3.0,0.0,,0.0,3.0,0.0,1.0,0.0,,0.0,3.0,0.0,6
106797,3.0,6,5,2.0,0.0,1.0,0.0,3.0,0.0,1.0,0.0,1.0,0.0,3.0,0.0,6
106798,4.0,5,4,0.0,2.0,0.0,0.0,3.0,0.0,0.0,1.0,0.0,0.0,3.0,0.0,5
106799,4.0,1,2,,0.0,,0.0,0.0,1.0,,0.0,,0.0,1.0,1.0,2
106800,2.0,7,1,2.0,0.0,,1.0,4.0,0.0,,0.0,,1.0,0.0,0.0,7
106801,2.0,6,4,1.0,0.0,,1.0,4.0,0.0,2.0,1.0,,1.0,0.0,0.0,6
106802,2.0,6,1,1.0,0.0,,1.0,4.0,0.0,,0.0,,1.0,0.0,0.0,6
106803,3.0,2,1,,1.0,,1.0,0.0,0.0,,0.0,,1.0,0.0,0.0,2
106804,4.0,7,6,2.0,0.0,,1.0,1.0,3.0,2.0,0.0,,1.0,1.0,2.0,7
106805,3.0,8,7,,2.0,,1.0,3.0,2.0,,1.0,,1.0,3.0,2.0,8
106806,2.0,0,1,,0.0,0.0,0.0,0.0,0.0,,0.0,0.0,1.0,0.0,0.0,1
106807,1.0,3,3,,0.0,3.0,0.0,0.0,0.0,,0.0,3.0,0.0,0.0,0.0,3
106808,3.0,4,5,0.0,0.0,0.0,0.0,4.0,0.0,0.0,0.0,0.0,1.0,4.0,0.0,5
106809,2.0,10,10,2.0,1.0,0.0,1.0,4.0,2.0,2.0,2.0,0.0,1.0,3.0,2.0,10
106810,2.0,9,9,3.0,1.0,,1.0,4.0,0.0,3.0,1.0,,1.0,4.0,0.0,9
106811,3.0,4,5,,0.0,3.0,0.0,0.0,1.0,,0.0,3.0,1.0,0.0,1.0,5
106812,1.0,0,0,,0.0,0.0,0.0,0.0,0.0,,0.0,0.0,0.0,0.0,0.0,0
106813,4.0,1,6,,0.0,,0.0,1.0,0.0,1.0,0.0,,1.0,4.0,0.0,6
106814,3.0,3,3,,0.0,1.0,1.0,0.0,1.0,,0.0,1.0,1.0,0.0,1.0,3
106815,4.0,3,3,1.0,0.0,,1.0,1.0,0.0,,1.0,,1.0,1.0,0.0,3
106816,3.0,5,4,,0.0,0.0,1.0,0.0,4.0,,0.0,0.0,1.0,0.0,3.0,5
106817,4.0,6,2,2.0,0.0,,0.0,4.0,0.0,,0.0,,1.0,0.0,1.0,6
106818,4.0,7,2,2.0,0.0,,1.0,4.0,0.0,,0.0,,1.0,0.0,1.0,7
106819,2.0,9,5,4.0,2.0,,1.0,2.0,0.0,2.0,1.0,,1.0,0.0,1.0,9
106820,4.0,4,0,1.0,0.0,,1.0,2.0,0.0,,0.0,,0.0,0.0,0.0,4
106821,3.0,1,3,,0.0,,0.0,1.0,0.0,,0.0,,0.0,3.0,0.0,3
106822,3.0,6,5,,0.0,0.0,1.0,3.0,2.0,0.0,0.0,0.0,0.0,3.0,2.0,6
106823,4.0,3,2,0.0,0.0,,0.0,3.0,0.0,,0.0,,0.0,2.0,0.0,3
106824,4.0,17,18,4.0,2.0,3.0,1.0,4.0,3.0,3.0,3.0,4.0,1.0,4.0,3.0,18
106825,4.0,6,7,0.0,0.0,1.0,1.0,3.0,1.0,1.0,0.0,1.0,1.0,3.0,1.0,7
106826,3.0,1,2,,0.0,0.0,1.0,0.0,0.0,,0.0,0.0,1.0,1.0,0.0,2
106827,4.0,4,4,1.0,0.0,,0.0,3.0,0.0,1.0,0.0,,0.0,3.0,0.0,4
106828,4.0,7,5,3.0,0.0,,0.0,4.0,0.0,2.0,0.0,,0.0,3.0,0.0,7
106829,4.0,10,7,3.0,1.0,0.0,1.0,4.0,1.0,2.0,1.0,0.0,1.0,2.0,1.0,10
106830,1.0,4,10,1.0,0.0,0.0,1.0,1.0,1.0,4.0,0.0,0.0,1.0,4.0,1.0,10
106831,2.0,3,3,,0.0,,0.0,3.0,0.0,,0.0,,0.0,3.0,0.0,3
106832,3.0,7,4,2.0,0.0,,1.0,4.0,0.0,,0.0,,1.0,3.0,0.0,7
106833,3.0,5,9,,0.0,4.0,1.0,0.0,0.0,,0.0,4.0,1.0,1.0,3.0,9
106834,1.0,1,1,,0.0,,1.0,0.0,0.0,,0.0,,1.0,0.0,0.0,1
106835,2.0,7,2,3.0,1.0,,1.0,2.0,0.0,,1.0,,1.0,0.0,0.0,7
106836,2.0,13,4,4.0,2.0,,1.0,4.0,2.0,,0.0,0.0,1.0,0.0,3.0,13
106837,4.0,7,5,1.0,1.0,,1.0,2.0,2.0,2.0,0.0,,0.0,1.0,2.0,7
106838,1.0,9,14,1.0,1.0,,1.0,2.0,4.0,3.0,2.0,,1.0,4.0,4.0,14
106839,4.0,6,4,2.0,0.0,,1.0,3.0,0.0,1.0,0.0,,0.0,3.0,0.0,6
106840,4.0,6,5,2.0,0.0,,1.0,3.0,0.0,1.0,0.0,,1.0,3.0,0.0,6
106841,3.0,4,2,2.0,0.0,,0.0,0.0,2.0,,0.0,,0.0,0.0,2.0,4
106842,3.0,3,5,,0.0,0.0,0.0,3.0,0.0,3.0,0.0,0.0,0.0,2.0,0.0,5
106843,4.0,7,3,2.0,0.0,,1.0,4.0,0.0,2.0,0.0,,0.0,1.0,0.0,7
106844,3.0,7,7,2.0,0.0,,1.0,4.0,0.0,4.0,0.0,,0.0,3.0,0.0,7
106845,3.0,11,6,1.0,1.0,0.0,1.0,4.0,4.0,,2.0,0.0,0.0,0.0,4.0,11
106846,3.0,9,9,3.0,1.0,,1.0,4.0,0.0,3.0,1.0,0.0,1.0,4.0,0.0,9
106847,3.0,4,5,,0.0,,1.0,3.0,0.0,,0.0,0.0,1.0,4.0,0.0,5
106848,3.0,7,4,2.0,1.0,0.0,1.0,3.0,0.0,,1.0,0.0,1.0,2.0,0.0,7
106849,3.0,10,7,2.0,1.0,2.0,1.0,3.0,1.0,1.0,0.0,2.0,1.0,2.0,1.0,10
106850,2.0,1,3,,1.0,,,,0.0,,3.0,0.0,,,0.0,3
106851,3.0,10,12,2.0,0.0,4.0,0.0,4.0,0.0,2.0,0.0,4.0,0.0,3.0,3.0,12
106852,4.0,5,7,2.0,0.0,,1.0,2.0,0.0,4.0,0.0,,0.0,3.0,0.0,7
106853,4.0,7,9,1.0,1.0,1.0,0.0,4.0,0.0,3.0,1.0,1.0,0.0,4.0,0.0,9
106854,3.0,4,1,3.0,0.0,,1.0,0.0,0.0,,0.0,,1.0,0.0,0.0,4
106855,3.0,9,4,2.0,0.0,0.0,1.0,4.0,2.0,0.0,,0.0,0.0,4.0,0.0,9
106856,1.0,5,6,0.0,1.0,,0.0,3.0,1.0,1.0,1.0,,1.0,3.0,0.0,6
106857,4.0,2,8,,0.0,,1.0,0.0,1.0,4.0,0.0,,1.0,3.0,0.0,8
106858,1.0,4,5,,0.0,1.0,1.0,1.0,1.0,,1.0,1.0,1.0,1.0,1.0,5
106859,4.0,7,2,3.0,0.0,0.0,0.0,4.0,0.0,,0.0,0.0,0.0,2.0,0.0,7
106860,4.0,2,0,,0.0,,1.0,1.0,0.0,,,,0.0,0.0,,2
106861,1.0,10,9,4.0,1.0,,1.0,3.0,1.0,2.0,2.0,,1.0,3.0,1.0,10
106862,2.0,8,1,3.0,0.0,,1.0,4.0,0.0,,0.0,,1.0,0.0,0.0,8
106863,4.0,1,1,,,,1.0,0.0,0.0,,,,1.0,0.0,0.0,1
106864,2.0,10,12,3.0,1.0,,1.0,4.0,1.0,4.0,2.0,,1.0,3.0,2.0,12
106865,1.0,7,3,2.0,0.0,0.0,1.0,3.0,1.0,2.0,0.0,0.0,0.0,0.0,1.0,7
106866,3.0,2,2,,0.0,,1.0,0.0,1.0,,0.0,,1.0,0.0,1.0,2
106867,4.0,7,7,3.0,1.0,,0.0,3.0,0.0,3.0,0.0,,1.0,3.0,0.0,7
106868,2.0,7,4,2.0,0.0,,1.0,4.0,0.0,1.0,2.0,,0.0,0.0,1.0,7
106869,1.0,9,7,3.0,0.0,0.0,1.0,3.0,2.0,3.0,0.0,0.0,1.0,2.0,1.0,9
106870,3.0,3,4,,0.0,,1.0,2.0,0.0,,0.0,,1.0,2.0,1.0,4
106871,2.0,10,3,3.0,2.0,,1.0,4.0,0.0,,1.0,,1.0,0.0,1.0,10
106872,3.0,4,5,,0.0,0.0,1.0,0.0,3.0,,0.0,0.0,1.0,1.0,3.0,5
106873,2.0,8,6,,2.0,,1.0,4.0,1.0,2.0,2.0,,1.0,0.0,1.0,8
106874,3.0,4,7,3.0,0.0,,1.0,,0.0,2.0,0.0,,1.0,3.0,1.0,7
106875,4.0,16,19,3.0,3.0,3.0,1.0,3.0,3.0,4.0,3.0,3.0,1.0,4.0,4.0,19
106876,2.0,8,2,3.0,1.0,,1.0,3.0,0.0,,1.0,,1.0,0.0,0.0,8
106877,1.0,6,6,1.0,0.0,,0.0,4.0,1.0,1.0,0.0,,1.0,4.0,0.0,6
106878,2.0,10,8,3.0,1.0,0.0,1.0,4.0,1.0,2.0,1.0,0.0,1.0,2.0,2.0,10
106879,1.0,7,6,2.0,0.0,,0.0,4.0,1.0,2.0,0.0,,1.0,2.0,1.0,7
106880,1.0,3,4,,0.0,0.0,1.0,1.0,1.0,,2.0,0.0,1.0,0.0,1.0,4
106881,3.0,2,3,,1.0,0.0,1.0,0.0,0.0,,1.0,0.0,1.0,1.0,0.0,3
106882,4.0,11,7,3.0,0.0,,1.0,4.0,3.0,,1.0,,1.0,1.0,4.0,11
106883,3.0,2,3,2.0,0.0,,0.0,0.0,0.0,2.0,0.0,0.0,1.0,0.0,0.0,3
106884,4.0,2,1,,0.0,,0.0,2.0,0.0,,0.0,,0.0,1.0,0.0,2
106885,3.0,13,9,4.0,0.0,,1.0,4.0,4.0,2.0,0.0,,1.0,3.0,3.0,13
106886,3.0,3,2,,2.0,1.0,0.0,0.0,0.0,,1.0,1.0,0.0,0.0,0.0,3
106887,1.0,1,2,,0.0,,0.0,0.0,1.0,,0.0,,1.0,0.0,1.0,2
106888,4.0,4,3,,0.0,0.0,1.0,3.0,0.0,,0.0,0.0,1.0,2.0,0.0,4
106889,4.0,2,0,0.0,0.0,,0.0,2.0,0.0,,0.0,,0.0,0.0,0.0,2
106890,3.0,4,9,,0.0,,1.0,2.0,1.0,2.0,0.0,0.0,1.0,3.0,3.0,9
106891,2.0,7,1,2.0,0.0,,1.0,4.0,0.0,,0.0,,1.0,0.0,0.0,7
106892,2.0,11,5,4.0,2.0,,1.0,4.0,0.0,1.0,2.0,,0.0,2.0,0.0,11
106893,2.0,9,2,3.0,0.0,,1.0,4.0,1.0,,0.0,,1.0,0.0,1.0,9
106894,4.0,6,4,2.0,0.0,,0.0,4.0,0.0,2.0,0.0,,0.0,2.0,0.0,6
106895,3.0,6,5,,0.0,2.0,1.0,3.0,0.0,,0.0,2.0,1.0,2.0,0.0,6
106896,4.0,11,9,3.0,2.0,,1.0,4.0,1.0,3.0,2.0,,0.0,2.0,2.0,11
106897,4.0,7,9,2.0,1.0,0.0,1.0,3.0,0.0,3.0,2.0,0.0,1.0,3.0,0.0,9
106898,4.0,3,3,0.0,0.0,,0.0,3.0,0.0,1.0,0.0,0.0,0.0,2.0,0.0,3
106899,4.0,4,4,0.0,0.0,,0.0,3.0,1.0,1.0,0.0,,0.0,3.0,0.0,4
106900,3.0,2,2,,0.0,,1.0,1.0,0.0,,0.0,,1.0,1.0,0.0,2
106901,1.0,7,6,3.0,0.0,0.0,1.0,3.0,0.0,2.0,0.0,0.0,1.0,3.0,0.0,7
106902,1.0,6,4,2.0,0.0,0.0,0.0,4.0,0.0,,0.0,0.0,0.0,4.0,0.0,6
106903,4.0,2,2,,0.0,,0.0,2.0,0.0,,0.0,,0.0,2.0,0.0,2
106904,4.0,7,7,2.0,0.0,,1.0,4.0,0.0,3.0,0.0,,1.0,3.0,0.0,7
106905,3.0,3,1,,1.0,,1.0,0.0,1.0,,0.0,,0.0,0.0,1.0,3
106906,2.0,8,2,2.0,1.0,,1.0,4.0,0.0,,1.0,,1.0,0.0,0.0,8
106907,4.0,12,9,4.0,2.0,1.0,1.0,4.0,0.0,2.0,2.0,1.0,0.0,4.0,0.0,12
106908,2.0,5,11,,1.0,0.0,1.0,2.0,1.0,,2.0,2.0,1.0,4.0,2.0,11
106909,4.0,7,6,0.0,0.0,,1.0,4.0,2.0,,0.0,,0.0,4.0,2.0,7
106910,1.0,1,1,,0.0,,1.0,0.0,0.0,,0.0,,1.0,0.0,0.0,1
106911,3.0,2,3,2.0,,,0.0,0.0,0.0,1.0,,,0.0,2.0,0.0,3
106912,3.0,1,1,,0.0,,1.0,0.0,0.0,,0.0,,1.0,0.0,0.0,1
106913,3.0,2,1,,1.0,,1.0,0.0,0.0,,0.0,,1.0,0.0,0.0,2
106914,2.0,0,0,,0.0,0.0,0.0,0.0,0.0,,0.0,0.0,0.0,0.0,0.0,0
106915,3.0,3,1,,1.0,0.0,1.0,1.0,0.0,,0.0,0.0,1.0,0.0,0.0,3
106916,1.0,2,3,,0.0,,0.0,0.0,2.0,,0.0,0.0,1.0,0.0,2.0,3
106917,1.0,9,9,3.0,0.0,,1.0,4.0,1.0,3.0,1.0,,1.0,3.0,1.0,9
106918,4.0,7,5,2.0,0.0,,1.0,3.0,1.0,1.0,0.0,,1.0,3.0,0.0,7
106919,3.0,7,4,2.0,0.0,,1.0,4.0,0.0,,0.0,0.0,1.0,3.0,0.0,7
106920,3.0,5,5,,0.0,0.0,1.0,0.0,4.0,,0.0,0.0,1.0,0.0,4.0,5
106921,2.0,6,4,,0.0,,1.0,4.0,1.0,,1.0,,1.0,1.0,1.0,6
106922,2.0,10,3,3.0,1.0,,1.0,4.0,1.0,,1.0,,1.0,0.0,1.0,10
106923,3.0,6,3,2.0,0.0,,1.0,3.0,0.0,,0.0,,1.0,2.0,0.0,6
106924,1.0,8,2,2.0,0.0,0.0,1.0,4.0,1.0,0.0,0.0,0.0,0.0,2.0,0.0,8
106925,1.0,8,1,3.0,0.0,,1.0,3.0,1.0,,0.0,,0.0,0.0,1.0,8
106926,3.0,5,5,,0.0,,0.0,2.0,3.0,,0.0,,0.0,2.0,3.0,5
106927,4.0,5,6,2.0,0.0,,0.0,3.0,0.0,3.0,1.0,,0.0,2.0,0.0,6
106928,4.0,8,7,3.0,0.0,0.0,1.0,3.0,1.0,3.0,,0.0,1.0,3.0,0.0,8
106929,1.0,1,0,,,,1.0,0.0,0.0,,0.0,,0.0,0.0,0.0,1
106930,3.0,6,5,2.0,0.0,0.0,1.0,1.0,2.0,2.0,0.0,0.0,1.0,0.0,2.0,6
106931,3.0,5,9,,1.0,0.0,1.0,3.0,0.0,4.0,1.0,0.0,1.0,3.0,0.0,9
106932,4.0,6,3,3.0,0.0,,1.0,2.0,0.0,2.0,0.0,,1.0,0.0,0.0,6
106933,3.0,4,4,,1.0,,1.0,1.0,1.0,,1.0,,1.0,1.0,1.0,4
106934,4.0,5,4,0.0,0.0,,1.0,4.0,0.0,0.0,0.0,,1.0,3.0,0.0,5
106935,4.0,0,1,,0.0,0.0,0.0,0.0,0.0,,0.0,0.0,1.0,0.0,0.0,1
106936,2.0,6,2,,0.0,,1.0,4.0,1.0,,0.0,,1.0,0.0,1.0,6
106937,1.0,10,6,4.0,0.0,0.0,1.0,4.0,1.0,3.0,0.0,0.0,1.0,2.0,0.0,10
106938,2.0,9,11,3.0,1.0,,1.0,4.0,0.0,4.0,2.0,,1.0,4.0,0.0,11
106939,2.0,6,1,1.0,0.0,,1.0,4.0,0.0,,0.0,,1.0,0.0,0.0,6
106940,1.0,1,1,,,0.0,0.0,0.0,1.0,,0.0,0.0,0.0,0.0,1.0,1
106941,2.0,5,0,,,,1.0,4.0,0.0,,,,0.0,0.0,0.0,5
106942,2.0,10,2,3.0,2.0,,1.0,4.0,0.0,,1.0,,1.0,0.0,0.0,10
106943,4.0,9,12,1.0,2.0,2.0,1.0,3.0,0.0,4.0,2.0,2.0,1.0,3.0,0.0,12
106944,4.0,1,0,,0.0,,1.0,0.0,0.0,,0.0,,0.0,0.0,0.0,1
106945,2.0,0,1,,0.0,,0.0,0.0,0.0,,0.0,,1.0,0.0,0.0,1
106946,4.0,12,9,4.0,0.0,0.0,1.0,4.0,3.0,2.0,0.0,0.0,1.0,4.0,2.0,12
106947,4.0,5,1,1.0,0.0,,1.0,3.0,0.0,,0.0,0.0,0.0,1.0,0.0,5
106948,2.0,7,3,1.0,1.0,,1.0,4.0,0.0,,2.0,,1.0,0.0,0.0,7
106949,3.0,3,3,,1.0,,0.0,0.0,2.0,,0.0,,1.0,0.0,2.0,3
106950,2.0,8,1,3.0,0.0,,1.0,4.0,0.0,,0.0,,1.0,0.0,0.0,8
106951,2.0,4,3,,0.0,2.0,1.0,0.0,1.0,,0.0,2.0,0.0,0.0,1.0,4
106952,3.0,1,1,,0.0,0.0,1.0,0.0,0.0,,0.0,0.0,1.0,0.0,0.0,1
106953,3.0,15,15,4.0,2.0,4.0,0.0,4.0,1.0,4.0,2.0,4.0,0.0,4.0,1.0,15
106954,2.0,10,3,3.0,1.0,,1.0,4.0,1.0,,1.0,,1.0,0.0,1.0,10
106955,4.0,7,5,2.0,0.0,0.0,1.0,4.0,0.0,1.0,0.0,0.0,1.0,3.0,0.0,7
106956,3.0,3,2,,0.0,,1.0,1.0,1.0,,0.0,,1.0,1.0,0.0,3
106957,3.0,3,0,,0.0,,0.0,3.0,0.0,,,,0.0,0.0,0.0,3
106958,4.0,2,2,,1.0,,1.0,0.0,0.0,,1.0,,1.0,0.0,0.0,2
106959,2.0,9,9,3.0,1.0,,1.0,4.0,0.0,3.0,1.0,0.0,1.0,3.0,1.0,9
106960,3.0,9,10,3.0,0.0,0.0,1.0,4.0,1.0,3.0,0.0,0.0,1.0,4.0,2.0,10
106961,1.0,12,7,3.0,0.0,0.0,1.0,4.0,4.0,0.0,0.0,0.0,0.0,3.0,4.0,12
106962,1.0,11,11,4.0,0.0,,1.0,3.0,3.0,4.0,0.0,0.0,1.0,3.0,3.0,11
106963,1.0,1,4,,0.0,,1.0,0.0,0.0,,0.0,,1.0,0.0,3.0,4
106964,2.0,8,2,3.0,0.0,,1.0,4.0,0.0,,1.0,,1.0,0.0,0.0,8
106965,2.0,7,1,2.0,0.0,,1.0,4.0,0.0,,0.0,,1.0,0.0,0.0,7
106966,3.0,10,7,3.0,0.0,0.0,1.0,4.0,2.0,2.0,0.0,0.0,1.0,4.0,0.0,10
106967,3.0,9,7,4.0,0.0,0.0,1.0,4.0,0.0,3.0,0.0,0.0,1.0,3.0,0.0,9
106968,3.0,2,2,,0.0,0.0,1.0,0.0,1.0,,,0.0,1.0,1.0,0.0,2
106969,2.0,8,4,2.0,1.0,,1.0,4.0,0.0,,2.0,,1.0,1.0,0.0,8
106970,2.0,9,5,3.0,1.0,,1.0,4.0,0.0,3.0,1.0,,1.0,0.0,0.0,9
106971,3.0,5,1,4.0,0.0,0.0,1.0,0.0,0.0,,0.0,0.0,1.0,0.0,0.0,5
106972,2.0,8,1,2.0,1.0,,1.0,4.0,0.0,,1.0,,0.0,0.0,0.0,8
106973,1.0,4,2,,2.0,0.0,1.0,0.0,1.0,,1.0,0.0,0.0,0.0,1.0,4
106974,4.0,1,0,,0.0,,0.0,1.0,0.0,,0.0,,0.0,0.0,0.0,1
106975,2.0,8,8,3.0,0.0,,1.0,4.0,0.0,3.0,0.0,,1.0,4.0,0.0,8
106976,3.0,2,1,,0.0,,1.0,1.0,0.0,,0.0,,0.0,1.0,0.0,2
106977,2.0,10,3,2.0,2.0,,1.0,3.0,2.0,,2.0,,0.0,0.0,1.0,10
106978,2.0,12,11,4.0,2.0,0.0,1.0,4.0,1.0,3.0,2.0,0.0,1.0,4.0,1.0,12
106979,4.0,2,2,,0.0,1.0,1.0,0.0,0.0,,0.0,1.0,1.0,0.0,0.0,2
106980,4.0,6,8,1.0,0.0,,1.0,4.0,0.0,3.0,0.0,,1.0,4.0,0.0,8
106981,4.0,7,8,1.0,0.0,,1.0,4.0,1.0,2.0,1.0,,1.0,3.0,1.0,8
106982,4.0,3,1,,0.0,0.0,1.0,1.0,1.0,,0.0,0.0,1.0,0.0,0.0,3
106983,4.0,5,5,0.0,0.0,,1.0,4.0,0.0,0.0,0.0,,1.0,4.0,0.0,5
106984,1.0,1,1,,,,1.0,0.0,0.0,,,,1.0,0.0,0.0,1
106985,3.0,7,3,3.0,0.0,0.0,1.0,3.0,0.0,,0.0,0.0,0.0,3.0,0.0,7
106986,3.0,2,1,,0.0,,1.0,0.0,1.0,,0.0,,1.0,0.0,0.0,2
106987,3.0,3,5,,0.0,0.0,1.0,1.0,1.0,,0.0,0.0,1.0,1.0,3.0,5
106988,3.0,10,9,3.0,0.0,2.0,1.0,3.0,1.0,2.0,0.0,2.0,1.0,3.0,1.0,10
106989,3.0,5,4,,0.0,,1.0,2.0,2.0,,0.0,,0.0,1.0,3.0,5
106990,1.0,6,6,2.0,0.0,,1.0,3.0,0.0,2.0,1.0,,1.0,2.0,0.0,6
106991,1.0,3,4,,1.0,,0.0,1.0,1.0,,1.0,,1.0,1.0,1.0,4
106992,4.0,7,1,2.0,0.0,,1.0,4.0,0.0,,0.0,,0.0,1.0,0.0,7
106993,1.0,8,9,3.0,0.0,0.0,1.0,3.0,1.0,4.0,0.0,0.0,1.0,3.0,1.0,9
106994,3.0,10,9,,3.0,2.0,1.0,1.0,3.0,,3.0,2.0,1.0,0.0,3.0,10
106995,1.0,4,2,,0.0,0.0,0.0,3.0,1.0,,0.0,0.0,1.0,0.0,1.0,4
106996,3.0,19,18,3.0,3.0,4.0,1.0,4.0,4.0,3.0,3.0,4.0,1.0,3.0,4.0,19
106997,3.0,1,2,,0.0,,1.0,0.0,0.0,,0.0,,1.0,1.0,0.0,2
106998,1.0,6,12,,1.0,,1.0,0.0,4.0,3.0,1.0,,1.0,4.0,3.0,12
106999,3.0,2,1,,0.0,0.0,1.0,0.0,1.0,,0.0,0.0,1.0,0.0,0.0,2
107000,3.0,10,10,3.0,0.0,2.0,1.0,3.0,1.0,3.0,0.0,2.0,1.0,3.0,1.0,10
107001,4.0,5,1,1.0,0.0,,1.0,3.0,0.0,,1.0,,0.0,0.0,0.0,5
107002,3.0,4,2,,1.0,,1.0,0.0,2.0,,0.0,,1.0,0.0,1.0,4
107003,1.0,1,10,,0.0,0.0,0.0,1.0,0.0,4.0,1.0,0.0,1.0,4.0,0.0,10
107004,3.0,2,6,,1.0,,1.0,,0.0,,1.0,,1.0,4.0,0.0,6
107005,3.0,7,4,,2.0,1.0,1.0,3.0,0.0,,1.0,1.0,0.0,2.0,0.0,7
107006,3.0,7,6,,3.0,,1.0,1.0,2.0,,3.0,,1.0,0.0,2.0,7
107007,2.0,8,7,1.0,2.0,,1.0,4.0,0.0,1.0,3.0,,1.0,2.0,0.0,8
107008,3.0,4,5,,0.0,0.0,1.0,3.0,0.0,0.0,0.0,0.0,1.0,4.0,0.0,5
107009,2.0,9,1,3.0,1.0,,1.0,4.0,0.0,,0.0,,1.0,0.0,0.0,9
107010,2.0,9,4,2.0,2.0,,1.0,4.0,0.0,,2.0,,1.0,1.0,0.0,9
107011,3.0,4,5,0.0,0.0,,1.0,3.0,0.0,1.0,0.0,,1.0,3.0,0.0,5
107012,3.0,3,4,,1.0,,1.0,1.0,0.0,,1.0,0.0,1.0,2.0,0.0,4
107013,4.0,1,6,,0.0,,1.0,0.0,0.0,2.0,0.0,,1.0,3.0,0.0,6
107014,2.0,9,10,2.0,1.0,,1.0,4.0,1.0,0.0,2.0,0.0,1.0,4.0,3.0,10
107015,2.0,10,3,4.0,1.0,,1.0,4.0,0.0,,1.0,,1.0,1.0,0.0,10
107016,2.0,7,4,2.0,0.0,,1.0,4.0,0.0,2.0,1.0,0.0,1.0,0.0,0.0,7
107017,3.0,8,2,2.0,1.0,,1.0,3.0,1.0,,1.0,,1.0,0.0,0.0,8
107018,4.0,4,4,1.0,0.0,,1.0,2.0,0.0,1.0,0.0,,1.0,2.0,0.0,4
107019,4.0,5,2,2.0,0.0,,1.0,2.0,0.0,,0.0,,1.0,1.0,0.0,5
107020,4.0,1,1,,0.0,,1.0,0.0,0.0,,0.0,0.0,1.0,0.0,0.0,1
107021,3.0,6,9,3.0,0.0,0.0,1.0,1.0,1.0,3.0,1.0,0.0,1.0,3.0,1.0,9
107022,2.0,10,11,2.0,3.0,,1.0,4.0,0.0,2.0,3.0,,1.0,4.0,1.0,11
107023,1.0,8,1,3.0,0.0,,1.0,4.0,0.0,,0.0,,1.0,0.0,0.0,8
107024,2.0,7,1,3.0,1.0,,1.0,2.0,0.0,,0.0,,1.0,0.0,0.0,7
107025,4.0,11,12,3.0,1.0,,1.0,2.0,4.0,3.0,2.0,,1.0,2.0,4.0,12
107026,2.0,7,5,1.0,1.0,,1.0,4.0,0.0,2.0,1.0,1.0,1.0,0.0,0.0,7
107027,2.0,10,10,3.0,0.0,,1.0,4.0,2.0,3.0,0.0,0.0,1.0,4.0,2.0,10
107028,4.0,6,7,1.0,0.0,,1.0,4.0,0.0,2.0,0.0,,1.0,4.0,0.0,7
107029,2.0,8,5,2.0,1.0,0.0,1.0,4.0,0.0,2.0,1.0,0.0,1.0,0.0,1.0,8
107030,3.0,5,1,3.0,0.0,0.0,0.0,2.0,0.0,,0.0,0.0,0.0,1.0,0.0,5
107031,1.0,4,10,2.0,1.0,0.0,1.0,0.0,0.0,3.0,1.0,0.0,1.0,4.0,1.0,10
107032,1.0,7,8,3.0,0.0,,1.0,3.0,0.0,3.0,0.0,,1.0,4.0,0.0,8
107033,4.0,6,6,0.0,1.0,,1.0,4.0,0.0,0.0,2.0,,1.0,3.0,0.0,6
107034,3.0,7,8,,0.0,2.0,1.0,2.0,2.0,,0.0,2.0,1.0,3.0,2.0,8
107035,3.0,17,17,3.0,3.0,3.0,1.0,4.0,3.0,2.0,3.0,4.0,1.0,4.0,3.0,17
107036,4.0,10,7,4.0,1.0,0.0,1.0,4.0,0.0,3.0,1.0,0.0,0.0,3.0,0.0,10
107037,4.0,2,2,,0.0,,1.0,1.0,0.0,,,,1.0,1.0,0.0,2
107038,4.0,4,1,2.0,1.0,0.0,1.0,0.0,0.0,,1.0,0.0,0.0,0.0,0.0,4
107039,1.0,7,7,1.0,1.0,0.0,1.0,4.0,0.0,3.0,0.0,0.0,1.0,3.0,0.0,7
107040,3.0,0,0,,0.0,,0.0,0.0,0.0,,0.0,,0.0,0.0,0.0,0
107041,3.0,8,5,,0.0,3.0,1.0,3.0,1.0,,1.0,3.0,0.0,1.0,0.0,8
107042,3.0,5,6,,0.0,0.0,1.0,0.0,4.0,,0.0,0.0,1.0,1.0,4.0,6
107043,4.0,5,6,,1.0,0.0,0.0,3.0,1.0,,1.0,0.0,0.0,3.0,2.0,6
107044,3.0,8,9,1.0,0.0,0.0,1.0,4.0,2.0,2.0,0.0,0.0,1.0,4.0,2.0,9
107045,3.0,6,1,2.0,0.0,0.0,1.0,0.0,3.0,,,0.0,1.0,0.0,,6
107046,2.0,10,6,3.0,2.0,,1.0,4.0,0.0,2.0,1.0,,1.0,2.0,0.0,10
107047,3.0,9,9,3.0,2.0,,0.0,4.0,0.0,3.0,1.0,,1.0,4.0,0.0,9
107048,4.0,4,3,,1.0,,0.0,3.0,0.0,,0.0,,0.0,3.0,0.0,4
107049,1.0,1,0,,0.0,,0.0,0.0,1.0,,0.0,,0.0,0.0,0.0,1
107050,4.0,1,0,,0.0,,1.0,0.0,0.0,,0.0,,0.0,0.0,0.0,1
107051,3.0,5,5,,0.0,0.0,0.0,1.0,4.0,,0.0,0.0,0.0,1.0,4.0,5
107052,4.0,1,2,,0.0,,1.0,0.0,0.0,,,,1.0,0.0,1.0,2
107053,3.0,8,8,4.0,0.0,,1.0,3.0,0.0,3.0,0.0,,1.0,4.0,0.0,8
107054,3.0,3,4,,2.0,,1.0,0.0,0.0,,2.0,1.0,1.0,0.0,0.0,4
107055,3.0,3,2,,1.0,1.0,1.0,0.0,0.0,,1.0,0.0,1.0,0.0,0.0,3
107056,3.0,4,0,0.0,0.0,0.0,1.0,3.0,0.0,,0.0,0.0,0.0,0.0,0.0,4
107057,4.0,8,6,2.0,0.0,,1.0,3.0,2.0,2.0,0.0,,0.0,2.0,2.0,8
107058,2.0,9,2,3.0,1.0,,1.0,4.0,0.0,,1.0,,1.0,0.0,0.0,9
107059,4.0,7,7,3.0,0.0,,0.0,4.0,0.0,2.0,0.0,,0.0,4.0,1.0,7
107060,4.0,9,7,4.0,0.0,0.0,1.0,4.0,0.0,2.0,0.0,0.0,1.0,4.0,0.0,9
107061,4.0,1,1,,0.0,,1.0,0.0,0.0,,0.0,,1.0,0.0,0.0,1
107062,3.0,7,7,3.0,1.0,,0.0,3.0,0.0,3.0,0.0,,1.0,3.0,0.0,7
107063,4.0,3,2,0.0,0.0,,0.0,3.0,0.0,,1.0,,1.0,0.0,0.0,3
107064,2.0,7,7,,0.0,,1.0,4.0,2.0,2.0,0.0,,1.0,2.0,2.0,7
107065,3.0,15,15,,3.0,4.0,1.0,3.0,4.0,,3.0,4.0,1.0,3.0,4.0,15
107066,3.0,6,4,3.0,0.0,0.0,1.0,0.0,2.0,,0.0,0.0,1.0,1.0,2.0,6
107067,3.0,3,2,,0.0,,,,3.0,,0.0,,,,2.0,3
107068,4.0,0,0,,0.0,0.0,0.0,0.0,0.0,,0.0,0.0,0.0,0.0,0.0,0
107069,2.0,1,0,0.0,0.0,,1.0,0.0,0.0,,0.0,,0.0,0.0,0.0,1
107070,3.0,6,3,2.0,0.0,,1.0,3.0,0.0,1.0,0.0,,0.0,2.0,0.0,6
107071,1.0,0,2,,0.0,,0.0,0.0,0.0,,1.0,,1.0,0.0,0.0,2
107072,4.0,5,0,4.0,0.0,,0.0,1.0,0.0,,0.0,,0.0,0.0,0.0,5
107073,4.0,4,4,,0.0,,1.0,3.0,0.0,,0.0,,1.0,3.0,0.0,4
107074,1.0,10,9,4.0,0.0,0.0,1.0,4.0,1.0,3.0,1.0,0.0,0.0,4.0,1.0,10
107075,3.0,6,3,,2.0,1.0,1.0,2.0,0.0,,0.0,0.0,0.0,3.0,0.0,6
107076,3.0,5,3,,2.0,2.0,1.0,0.0,0.0,,1.0,2.0,0.0,0.0,0.0,5
107077,4.0,7,6,3.0,0.0,,0.0,4.0,0.0,3.0,0.0,,1.0,2.0,0.0,7
107078,2.0,8,3,3.0,0.0,,1.0,4.0,0.0,2.0,,,1.0,0.0,0.0,8
107079,4.0,4,4,,0.0,,1.0,3.0,0.0,,0.0,,1.0,3.0,0.0,4
107080,2.0,10,11,3.0,2.0,,1.0,3.0,1.0,4.0,2.0,,1.0,3.0,1.0,11
107081,2.0,5,1,,0.0,,1.0,4.0,0.0,,0.0,0.0,1.0,0.0,0.0,5
107082,3.0,10,6,4.0,0.0,0.0,1.0,4.0,1.0,1.0,1.0,0.0,1.0,3.0,0.0,10
107083,4.0,6,4,2.0,0.0,,1.0,3.0,0.0,2.0,0.0,,1.0,1.0,0.0,6
107084,3.0,1,1,,0.0,0.0,1.0,0.0,0.0,,0.0,0.0,1.0,0.0,0.0,1
107085,2.0,6,2,2.0,1.0,,1.0,2.0,0.0,,1.0,,1.0,0.0,0.0,6
107086,3.0,4,3,0.0,0.0,0.0,0.0,4.0,0.0,,0.0,0.0,0.0,3.0,0.0,4
107087,2.0,8,5,2.0,1.0,,1.0,4.0,0.0,,1.0,,1.0,2.0,1.0,8
107088,4.0,8,5,2.0,0.0,0.0,1.0,3.0,2.0,,0.0,0.0,1.0,3.0,1.0,8
107089,4.0,3,3,,0.0,,0.0,3.0,0.0,,0.0,,0.0,3.0,0.0,3
107090,2.0,8,7,2.0,0.0,,1.0,4.0,1.0,3.0,0.0,,0.0,3.0,1.0,8
107091,2.0,8,4,2.0,0.0,,1.0,4.0,1.0,2.0,0.0,,1.0,0.0,1.0,8
107092,3.0,8,6,2.0,0.0,1.0,1.0,1.0,3.0,2.0,1.0,1.0,1.0,0.0,1.0,8
107093,2.0,6,4,,1.0,,1.0,4.0,0.0,2.0,1.0,,1.0,0.0,0.0,6
107094,4.0,8,6,1.0,0.0,,1.0,4.0,2.0,2.0,0.0,,1.0,3.0,0.0,8
107095,3.0,0,0,,0.0,,0.0,0.0,0.0,,0.0,,0.0,0.0,0.0,0
107096,3.0,1,1,,0.0,0.0,1.0,0.0,0.0,,0.0,0.0,1.0,0.0,0.0,1
107097,2.0,11,3,4.0,2.0,,1.0,4.0,0.0,,1.0,,1.0,1.0,0.0,11
107098,3.0,1,1,,0.0,,1.0,0.0,0.0,,0.0,,1.0,0.0,0.0,1
107099,3.0,2,1,,0.0,2.0,0.0,0.0,0.0,,0.0,1.0,0.0,0.0,0.0,2
107100,3.0,5,2,0.0,0.0,,0.0,4.0,1.0,,,,0.0,2.0,0.0,5
107101,3.0,2,1,,0.0,,1.0,1.0,0.0,,0.0,,0.0,1.0,0.0,2
107102,1.0,6,3,1.0,0.0,,1.0,2.0,2.0,,0.0,,1.0,0.0,2.0,6
107103,3.0,14,16,4.0,2.0,0.0,1.0,3.0,4.0,3.0,3.0,2.0,1.0,4.0,3.0,16
107104,3.0,3,3,,1.0,,1.0,1.0,0.0,,1.0,,1.0,1.0,0.0,3
107105,4.0,4,5,,0.0,0.0,0.0,0.0,4.0,,0.0,0.0,0.0,1.0,4.0,5
107106,3.0,5,5,2.0,1.0,0.0,0.0,2.0,0.0,2.0,1.0,0.0,0.0,2.0,0.0,5
107107,2.0,1,5,,0.0,,1.0,0.0,0.0,2.0,0.0,,1.0,2.0,0.0,5
107108,3.0,2,2,,0.0,0.0,1.0,1.0,0.0,,0.0,0.0,1.0,1.0,0.0,2
107109,3.0,5,2,,0.0,,1.0,1.0,3.0,,0.0,,1.0,0.0,1.0,5
107110,3.0,6,5,1.0,0.0,0.0,1.0,3.0,1.0,,0.0,0.0,1.0,3.0,1.0,6
107111,4.0,3,3,0.0,0.0,,0.0,3.0,0.0,,0.0,,0.0,3.0,0.0,3
107112,3.0,10,4,2.0,1.0,0.0,1.0,3.0,3.0,,1.0,0.0,1.0,0.0,2.0,10
107113,3.0,4,4,,0.0,0.0,1.0,3.0,0.0,,0.0,0.0,1.0,3.0,0.0,4
107114,1.0,8,2,1.0,0.0,0.0,1.0,4.0,2.0,,0.0,0.0,0.0,0.0,2.0,8
107115,2.0,7,1,2.0,0.0,,1.0,4.0,0.0,,0.0,,1.0,0.0,0.0,7
107116,4.0,2,3,,0.0,,1.0,1.0,0.0,,0.0,,1.0,2.0,0.0,3
107117,4.0,4,0,2.0,0.0,,0.0,2.0,0.0,,0.0,,0.0,0.0,0.0,4
107118,3.0,2,3,,1.0,0.0,0.0,1.0,0.0,,1.0,0.0,0.0,2.0,0.0,3
107119,2.0,9,9,3.0,1.0,,1.0,4.0,0.0,3.0,2.0,,1.0,3.0,0.0,9
107120,4.0,7,2,2.0,0.0,,1.0,3.0,1.0,,1.0,,1.0,0.0,0.0,7
107121,4.0,3,6,0.0,0.0,0.0,0.0,3.0,0.0,2.0,0.0,0.0,0.0,4.0,0.0,6
107122,3.0,5,6,0.0,0.0,,1.0,3.0,1.0,,1.0,,1.0,3.0,1.0,6
107123,3.0,2,2,,0.0,1.0,,,1.0,,0.0,1.0,,,1.0,2
107124,4.0,1,2,0.0,0.0,,0.0,1.0,0.0,,0.0,,0.0,2.0,0.0,2
107125,2.0,8,1,2.0,0.0,,1.0,4.0,1.0,,0.0,,1.0,0.0,0.0,8
107126,4.0,6,3,1.0,0.0,,1.0,4.0,0.0,1.0,0.0,,0.0,2.0,0.0,6
107127,3.0,6,4,2.0,0.0,0.0,1.0,3.0,0.0,,0.0,0.0,1.0,2.0,1.0,6
107128,3.0,2,1,,0.0,0.0,1.0,1.0,0.0,,,0.0,1.0,0.0,0.0,2
107129,1.0,0,8,,0.0,,0.0,0.0,0.0,,3.0,,1.0,4.0,0.0,8
107130,4.0,4,0,0.0,0.0,,1.0,3.0,0.0,,0.0,,0.0,0.0,0.0,4
107131,3.0,3,5,,0.0,,1.0,2.0,0.0,,1.0,,1.0,3.0,0.0,5
107132,1.0,5,5,,1.0,,1.0,1.0,2.0,,1.0,,1.0,1.0,2.0,5
107133,1.0,2,1,,1.0,,1.0,0.0,0.0,,0.0,,1.0,0.0,0.0,2
107134,3.0,0,0,,0.0,,,,0.0,,0.0,,,,0.0,0
107135,4.0,9,9,3.0,0.0,0.0,1.0,4.0,1.0,3.0,0.0,0.0,0.0,4.0,2.0,9
107136,1.0,9,2,2.0,0.0,,1.0,4.0,2.0,,0.0,0.0,0.0,1.0,1.0,9
107137,4.0,9,8,4.0,1.0,0.0,1.0,3.0,0.0,3.0,1.0,0.0,1.0,3.0,0.0,9
107138,4.0,2,2,,0.0,,1.0,1.0,0.0,,0.0,,1.0,1.0,0.0,2
107139,2.0,8,1,3.0,0.0,,1.0,4.0,0.0,,0.0,,1.0,0.0,0.0,8
107140,2.0,12,11,3.0,3.0,,1.0,4.0,1.0,3.0,1.0,,1.0,4.0,2.0,12
107141,2.0,15,15,4.0,2.0,2.0,1.0,4.0,2.0,2.0,2.0,2.0,1.0,4.0,4.0,15
107142,1.0,5,3,,1.0,,1.0,2.0,1.0,,1.0,,1.0,0.0,1.0,5
107143,1.0,7,8,3.0,1.0,,1.0,1.0,1.0,2.0,1.0,,1.0,3.0,1.0,8
107144,2.0,9,3,2.0,1.0,,1.0,4.0,1.0,2.0,0.0,,0.0,1.0,0.0,9
107145,3.0,6,6,,1.0,1.0,1.0,0.0,3.0,,1.0,1.0,1.0,0.0,3.0,6
107146,4.0,4,2,,0.0,,1.0,3.0,0.0,,0.0,,0.0,2.0,0.0,4
107147,4.0,3,5,0.0,0.0,,1.0,2.0,0.0,2.0,0.0,,1.0,2.0,0.0,5
107148,3.0,1,1,,0.0,,0.0,1.0,0.0,,,,0.0,1.0,0.0,1
107149,1.0,4,1,2.0,0.0,,1.0,0.0,1.0,,0.0,,1.0,0.0,0.0,4
107150,3.0,4,3,,,0.0,1.0,3.0,0.0,,0.0,0.0,1.0,2.0,0.0,4
107151,4.0,4,6,0.0,0.0,,1.0,3.0,0.0,1.0,1.0,,1.0,3.0,0.0,6
107152,4.0,0,0,,0.0,,0.0,0.0,0.0,,0.0,,0.0,0.0,0.0,0
107153,4.0,11,9,4.0,2.0,0.0,1.0,4.0,0.0,2.0,2.0,0.0,1.0,4.0,0.0,11
107154,1.0,9,5,4.0,0.0,,1.0,4.0,0.0,2.0,0.0,,0.0,3.0,0.0,9
107155,3.0,9,8,2.0,0.0,0.0,1.0,4.0,2.0,3.0,0.0,0.0,1.0,3.0,1.0,9
107156,4.0,3,2,1.0,0.0,,0.0,2.0,0.0,0.0,0.0,,0.0,2.0,0.0,3
107157,3.0,10,7,3.0,1.0,,1.0,3.0,2.0,2.0,1.0,,0.0,3.0,1.0,10
107158,3.0,8,3,4.0,0.0,,1.0,3.0,0.0,2.0,0.0,,0.0,1.0,0.0,8
107159,3.0,7,5,3.0,0.0,0.0,0.0,4.0,0.0,1.0,0.0,0.0,0.0,4.0,0.0,7
107160,2.0,0,0,,,,0.0,0.0,0.0,,,,0.0,0.0,0.0,0
107161,1.0,1,7,,0.0,,1.0,0.0,0.0,1.0,1.0,,1.0,4.0,0.0,7
107162,4.0,6,1,1.0,0.0,0.0,1.0,4.0,0.0,,0.0,0.0,1.0,0.0,0.0,6
107163,1.0,9,3,3.0,0.0,,1.0,4.0,1.0,,0.0,,1.0,2.0,0.0,9
107164,3.0,5,3,,1.0,,0.0,4.0,0.0,,0.0,,1.0,2.0,0.0,5
107165,3.0,9,3,3.0,0.0,,1.0,2.0,3.0,,0.0,,1.0,0.0,2.0,9
107166,4.0,2,2,,0.0,,1.0,1.0,0.0,,0.0,,0.0,2.0,0.0,2
107167,3.0,1,1,,0.0,,1.0,0.0,0.0,,0.0,0.0,1.0,0.0,0.0,1
107168,3.0,5,9,,0.0,1.0,1.0,1.0,2.0,,0.0,1.0,1.0,4.0,3.0,9
107169,4.0,14,13,4.0,3.0,1.0,1.0,4.0,1.0,4.0,3.0,1.0,0.0,4.0,1.0,14
107170,2.0,9,6,3.0,1.0,,1.0,4.0,0.0,3.0,0.0,,1.0,2.0,0.0,9
107171,3.0,1,1,,0.0,,1.0,0.0,0.0,,0.0,,1.0,0.0,0.0,1
107172,2.0,10,1,3.0,2.0,,1.0,4.0,0.0,,1.0,,0.0,0.0,0.0,10
107173,3.0,1,1,,0.0,,,,1.0,,0.0,0.0,,,1.0,1
107174,3.0,2,2,,0.0,,1.0,1.0,0.0,,0.0,,1.0,1.0,0.0,2
107175,1.0,4,4,,0.0,,1.0,1.0,2.0,,0.0,,1.0,0.0,3.0,4
107176,1.0,1,1,,0.0,0.0,1.0,0.0,0.0,,0.0,0.0,1.0,0.0,0.0,1
107177,2.0,5,0,1.0,0.0,,1.0,3.0,0.0,,0.0,,0.0,0.0,0.0,5
107178,1.0,3,2,,1.0,1.0,0.0,1.0,0.0,,0.0,1.0,0.0,1.0,0.0,3
107179,1.0,10,10,3.0,0.0,,0.0,3.0,4.0,2.0,0.0,,1.0,3.0,4.0,10
107180,2.0,11,5,3.0,1.0,,1.0,4.0,2.0,,1.0,,1.0,0.0,3.0,11
107181,2.0,9,8,3.0,1.0,0.0,1.0,4.0,0.0,3.0,1.0,0.0,1.0,3.0,0.0,9
107182,1.0,3,0,,1.0,,1.0,0.0,1.0,,0.0,,0.0,0.0,0.0,3
107183,2.0,3,3,,3.0,,0.0,0.0,0.0,,3.0,,0.0,0.0,0.0,3
107184,3.0,10,12,2.0,0.0,0.0,1.0,3.0,4.0,2.0,1.0,0.0,1.0,4.0,4.0,12
107185,2.0,8,1,2.0,1.0,,1.0,4.0,0.0,,0.0,,1.0,0.0,0.0,8
107186,3.0,6,4,3.0,0.0,,1.0,0.0,2.0,,0.0,0.0,1.0,0.0,3.0,6
107187,3.0,7,6,3.0,0.0,1.0,1.0,2.0,0.0,2.0,0.0,1.0,1.0,2.0,0.0,7
107188,1.0,2,2,,1.0,,1.0,0.0,0.0,,1.0,,1.0,0.0,0.0,2
107189,3.0,5,5,,1.0,,1.0,2.0,1.0,,2.0,,1.0,1.0,1.0,5
107190,1.0,1,1,,0.0,,1.0,0.0,0.0,,0.0,,1.0,0.0,0.0,1
107191,2.0,8,5,2.0,0.0,0.0,1.0,4.0,1.0,2.0,1.0,0.0,1.0,0.0,1.0,8
107192,4.0,7,5,2.0,1.0,,0.0,4.0,0.0,,1.0,,0.0,4.0,0.0,7
107193,1.0,1,0,,0.0,0.0,1.0,0.0,0.0,,0.0,0.0,0.0,0.0,0.0,1
107194,3.0,1,1,,0.0,,1.0,0.0,0.0,,0.0,,1.0,0.0,0.0,1
107195,4.0,6,5,2.0,,,1.0,3.0,0.0,2.0,,,0.0,3.0,0.0,6
107196,1.0,2,1,,0.0,0.0,1.0,0.0,1.0,,0.0,0.0,1.0,0.0,0.0,2
107197,2.0,8,2,2.0,1.0,,1.0,4.0,0.0,,1.0,,1.0,0.0,0.0,8
107198,2.0,10,8,3.0,1.0,,1.0,4.0,1.0,3.0,1.0,,1.0,2.0,1.0,10
107199,4.0,9,7,4.0,0.0,0.0,1.0,4.0,0.0,2.0,1.0,0.0,0.0,4.0,0.0,9
107200,3.0,6,1,3.0,0.0,,1.0,2.0,0.0,,0.0,,0.0,1.0,0.0,6
107201,1.0,4,4,,0.0,,1.0,1.0,2.0,,0.0,,1.0,1.0,2.0,4
107202,2.0,8,2,2.0,1.0,,1.0,4.0,0.0,,1.0,,1.0,0.0,0.0,8
107203,4.0,4,3,,0.0,,1.0,3.0,0.0,,0.0,,1.0,2.0,0.0,4
107204,3.0,10,9,4.0,0.0,,1.0,3.0,2.0,3.0,0.0,,1.0,2.0,3.0,10
107205,4.0,6,4,0.0,0.0,1.0,1.0,4.0,0.0,0.0,0.0,1.0,1.0,2.0,0.0,6
107206,4.0,3,1,,0.0,,0.0,3.0,0.0,,0.0,,0.0,1.0,0.0,3
107207,4.0,8,6,3.0,0.0,0.0,1.0,4.0,0.0,2.0,0.0,0.0,0.0,4.0,0.0,8
107208,4.0,3,3,,0.0,,1.0,2.0,0.0,,,,1.0,2.0,0.0,3
107209,4.0,0,0,,0.0,,0.0,0.0,0.0,,0.0,,0.0,0.0,0.0,0
107210,3.0,7,6,0.0,1.0,1.0,0.0,4.0,1.0,,1.0,1.0,0.0,3.0,1.0,7
107211,4.0,9,7,3.0,1.0,,1.0,4.0,0.0,2.0,1.0,,1.0,3.0,0.0,9
107212,4.0,2,1,,1.0,,1.0,0.0,0.0,,1.0,,0.0,0.0,0.0,2
107213,3.0,12,16,3.0,0.0,4.0,1.0,2.0,2.0,3.0,2.0,4.0,1.0,3.0,3.0,16
107214,2.0,8,1,3.0,0.0,,1.0,4.0,0.0,,0.0,,1.0,0.0,0.0,8
107215,2.0,3,3,2.0,0.0,,1.0,0.0,0.0,,0.0,,1.0,2.0,0.0,3
107216,1.0,0,1,,0.0,,0.0,0.0,0.0,,,,1.0,0.0,0.0,1
107217,2.0,9,8,3.0,0.0,,1.0,4.0,1.0,4.0,0.0,,1.0,2.0,1.0,9
107218,4.0,5,4,1.0,1.0,,1.0,2.0,0.0,1.0,1.0,,0.0,2.0,0.0,5
107219,4.0,5,3,2.0,0.0,,0.0,0.0,3.0,,0.0,0.0,0.0,0.0,3.0,5
107220,4.0,7,5,2.0,0.0,0.0,0.0,4.0,1.0,1.0,0.0,0.0,1.0,3.0,0.0,7
107221,3.0,8,7,,2.0,0.0,1.0,1.0,4.0,,2.0,0.0,1.0,0.0,4.0,8
107222,4.0,4,2,,0.0,,1.0,2.0,1.0,,0.0,,1.0,0.0,1.0,4
107223,3.0,6,12,2.0,3.0,,1.0,0.0,0.0,4.0,3.0,1.0,1.0,3.0,0.0,12
107224,4.0,1,2,,0.0,,0.0,1.0,0.0,,0.0,0.0,1.0,1.0,0.0,2
107225,3.0,0,1,,0.0,,0.0,0.0,0.0,,0.0,,1.0,0.0,0.0,1
107226,3.0,7,7,,0.0,,1.0,2.0,4.0,,0.0,,1.0,3.0,3.0,7
107227,2.0,8,2,3.0,0.0,,1.0,4.0,0.0,,1.0,,1.0,0.0,0.0,8
107228,4.0,4,2,1.0,1.0,,0.0,2.0,0.0,,1.0,,1.0,0.0,0.0,4
107229,4.0,8,8,3.0,0.0,,1.0,4.0,0.0,3.0,0.0,,1.0,4.0,0.0,8
107230,4.0,5,5,2.0,0.0,,0.0,3.0,0.0,2.0,0.0,,0.0,3.0,0.0,5
107231,3.0,7,6,3.0,0.0,0.0,1.0,3.0,0.0,2.0,0.0,0.0,1.0,3.0,0.0,7
107232,4.0,1,1,,0.0,,1.0,0.0,0.0,,0.0,,0.0,1.0,0.0,1
107233,4.0,12,10,2.0,3.0,2.0,1.0,4.0,0.0,2.0,2.0,3.0,0.0,3.0,0.0,12
107234,4.0,2,1,,0.0,,1.0,1.0,0.0,,0.0,,1.0,0.0,0.0,2
107235,3.0,5,2,,0.0,0.0,1.0,3.0,1.0,,0.0,0.0,0.0,1.0,1.0,5
107236,3.0,4,3,,3.0,0.0,0.0,1.0,0.0,,2.0,0.0,0.0,1.0,0.0,4
107237,3.0,5,4,,1.0,1.0,1.0,1.0,1.0,,0.0,1.0,1.0,1.0,1.0,5
107238,4.0,7,2,3.0,1.0,,1.0,2.0,0.0,,0.0,,0.0,2.0,0.0,7
107239,1.0,1,8,,0.0,,1.0,0.0,0.0,2.0,1.0,,1.0,4.0,,8
107240,3.0,5,5,0.0,0.0,0.0,0.0,4.0,1.0,0.0,0.0,0.0,1.0,3.0,1.0,5
107241,3.0,9,4,4.0,0.0,1.0,1.0,1.0,2.0,,0.0,1.0,1.0,0.0,2.0,9
107242,4.0,4,7,0.0,0.0,,1.0,3.0,0.0,3.0,0.0,,1.0,3.0,0.0,7
107243,3.0,8,3,3.0,0.0,0.0,1.0,3.0,1.0,,0.0,0.0,0.0,2.0,1.0,8
107244,3.0,10,7,3.0,0.0,0.0,1.0,4.0,2.0,2.0,0.0,0.0,1.0,3.0,1.0,10
107245,4.0,13,17,3.0,2.0,2.0,1.0,4.0,1.0,4.0,2.0,2.0,1.0,4.0,4.0,17
107246,2.0,3,2,,0.0,0.0,1.0,1.0,1.0,2.0,0.0,0.0,0.0,0.0,0.0,3
107247,3.0,4,5,,0.0,,1.0,3.0,0.0,0.0,0.0,,1.0,4.0,0.0,5
107248,1.0,1,1,,0.0,,1.0,0.0,0.0,,0.0,,1.0,0.0,0.0,1
107249,3.0,0,1,,0.0,,0.0,0.0,0.0,,0.0,,1.0,0.0,0.0,1
107250,3.0,8,7,3.0,1.0,,1.0,3.0,0.0,2.0,1.0,,1.0,3.0,0.0,8
107251,1.0,0,0,,0.0,,0.0,0.0,0.0,,0.0,,0.0,0.0,0.0,0
107252,3.0,5,3,,0.0,0.0,1.0,2.0,2.0,,0.0,0.0,1.0,2.0,0.0,5
107253,4.0,8,7,4.0,0.0,,1.0,3.0,0.0,3.0,0.0,,1.0,3.0,0.0,8
107254,4.0,4,4,,0.0,,0.0,3.0,1.0,,0.0,,0.0,3.0,1.0,4
107255,4.0,1,0,,0.0,,1.0,0.0,0.0,,0.0,,0.0,0.0,0.0,1
107256,2.0,6,1,2.0,0.0,,1.0,3.0,0.0,,0.0,,1.0,0.0,0.0,6
107257,2.0,7,5,2.0,0.0,,1.0,4.0,0.0,2.0,1.0,,1.0,1.0,0.0,7
107258,4.0,2,2,,0.0,,1.0,0.0,1.0,,0.0,0.0,1.0,0.0,1.0,2
107259,2.0,6,3,2.0,1.0,,1.0,2.0,0.0,,2.0,,1.0,0.0,0.0,6
107260,3.0,5,4,,0.0,0.0,1.0,3.0,1.0,,1.0,0.0,1.0,1.0,1.0,5
107261,1.0,7,5,0.0,2.0,1.0,1.0,2.0,1.0,,2.0,1.0,1.0,1.0,0.0,7
107262,2.0,6,2,2.0,1.0,,1.0,2.0,0.0,,1.0,,1.0,0.0,0.0,6
107263,3.0,11,9,3.0,3.0,1.0,0.0,4.0,0.0,2.0,3.0,0.0,0.0,4.0,0.0,11
107264,1.0,11,11,3.0,0.0,0.0,1.0,3.0,4.0,3.0,0.0,1.0,1.0,3.0,3.0,11
107265,3.0,1,1,,0.0,,1.0,0.0,0.0,,0.0,,1.0,0.0,0.0,1
107266,3.0,3,2,,1.0,0.0,1.0,0.0,1.0,,0.0,0.0,1.0,0.0,1.0,3
107267,3.0,10,10,1.0,2.0,1.0,1.0,4.0,1.0,2.0,2.0,1.0,1.0,3.0,1.0,10
107268,4.0,7,4,3.0,0.0,0.0,1.0,3.0,0.0,2.0,0.0,0.0,0.0,2.0,0.0,7
107269,1.0,1,1,,0.0,0.0,1.0,0.0,0.0,,0.0,0.0,1.0,0.0,0.0,1
107270,3.0,9,4,4.0,0.0,,1.0,4.0,0.0,2.0,0.0,,0.0,2.0,0.0,9
107271,4.0,2,0,,0.0,,1.0,1.0,0.0,,0.0,,0.0,0.0,0.0,2
107272,3.0,8,9,4.0,1.0,0.0,0.0,3.0,0.0,1.0,2.0,1.0,1.0,4.0,0.0,9
107273,3.0,11,12,3.0,2.0,,1.0,4.0,1.0,3.0,2.0,,1.0,4.0,2.0,12
107274,2.0,6,2,1.0,0.0,,1.0,4.0,0.0,,1.0,,1.0,0.0,0.0,6
107275,1.0,1,4,,0.0,,0.0,0.0,1.0,,0.0,,1.0,0.0,3.0,4
107276,4.0,8,8,2.0,1.0,1.0,1.0,3.0,0.0,2.0,0.0,2.0,1.0,3.0,0.0,8
107277,1.0,5,5,,1.0,,1.0,0.0,3.0,,1.0,,1.0,0.0,3.0,5
107278,4.0,5,4,1.0,0.0,,0.0,4.0,0.0,,1.0,1.0,0.0,2.0,0.0,5
107279,3.0,6,1,2.0,0.0,,1.0,3.0,0.0,,0.0,,1.0,0.0,0.0,6
107280,1.0,8,7,4.0,0.0,0.0,1.0,3.0,0.0,3.0,1.0,0.0,0.0,3.0,0.0,8
107281,2.0,6,2,1.0,0.0,,1.0,4.0,0.0,1.0,,,1.0,0.0,0.0,6
107282,2.0,8,4,3.0,1.0,,0.0,4.0,0.0,2.0,0.0,,0.0,2.0,0.0,8
107283,3.0,5,8,0.0,1.0,0.0,0.0,0.0,4.0,,2.0,0.0,1.0,1.0,4.0,8
107284,4.0,6,5,3.0,,,0.0,3.0,0.0,2.0,,,0.0,3.0,,6
107285,3.0,1,1,,0.0,,0.0,0.0,1.0,,0.0,,0.0,0.0,1.0,1
107286,2.0,8,3,2.0,1.0,,1.0,4.0,0.0,,1.0,,1.0,0.0,1.0,8
107287,4.0,5,5,0.0,0.0,,1.0,4.0,0.0,0.0,0.0,,1.0,4.0,0.0,5
107288,3.0,5,6,,0.0,,1.0,3.0,1.0,2.0,0.0,,1.0,3.0,0.0,6
107289,4.0,5,4,2.0,0.0,,1.0,2.0,0.0,2.0,0.0,,0.0,2.0,0.0,5
107290,1.0,1,2,,0.0,,0.0,0.0,1.0,,0.0,,1.0,0.0,1.0,2
107291,3.0,5,3,,1.0,,1.0,1.0,2.0,,1.0,,1.0,0.0,1.0,5
107292,4.0,0,0,,0.0,,0.0,0.0,0.0,,0.0,,0.0,0.0,0.0,0
107293,4.0,11,8,2.0,2.0,2.0,1.0,4.0,0.0,2.0,0.0,1.0,1.0,4.0,0.0,11
107294,4.0,2,1,,1.0,,0.0,1.0,0.0,,0.0,,0.0,1.0,0.0,2
107295,2.0,6,1,1.0,0.0,,1.0,4.0,0.0,,0.0,,1.0,0.0,0.0,6
107296,3.0,2,9,,0.0,0.0,1.0,1.0,0.0,3.0,1.0,0.0,1.0,4.0,0.0,9
107297,2.0,7,3,2.0,0.0,,1.0,4.0,0.0,2.0,0.0,,1.0,0.0,0.0,7
107298,3.0,1,2,,0.0,0.0,1.0,0.0,0.0,,0.0,0.0,1.0,1.0,0.0,2
107299,2.0,11,4,2.0,2.0,2.0,1.0,4.0,0.0,,1.0,2.0,1.0,0.0,0.0,11
107300,3.0,2,2,,0.0,1.0,,,1.0,,0.0,1.0,,,1.0,2
107301,4.0,3,1,,0.0,,0.0,3.0,0.0,,0.0,,0.0,1.0,0.0,3
107302,4.0,5,5,2.0,0.0,0.0,0.0,3.0,0.0,2.0,0.0,0.0,0.0,3.0,0.0,5
107303,4.0,6,5,3.0,0.0,,0.0,3.0,0.0,2.0,0.0,,0.0,3.0,0.0,6
107304,4.0,12,15,2.0,3.0,4.0,1.0,0.0,2.0,3.0,3.0,3.0,1.0,3.0,2.0,15
107305,3.0,6,6,,0.0,0.0,1.0,1.0,4.0,,1.0,0.0,1.0,1.0,3.0,6
107306,1.0,3,5,,2.0,,1.0,0.0,0.0,,2.0,,1.0,1.0,1.0,5
107307,4.0,2,8,,0.0,,1.0,1.0,0.0,3.0,0.0,,1.0,4.0,0.0,8
107308,3.0,7,6,2.0,0.0,0.0,1.0,3.0,1.0,1.0,0.0,0.0,1.0,4.0,0.0,7
107309,4.0,0,0,,0.0,,,,0.0,,0.0,,,,0.0,0
107310,2.0,7,2,2.0,0.0,,1.0,4.0,0.0,,1.0,,1.0,0.0,0.0,7
107311,2.0,12,9,1.0,3.0,,1.0,4.0,3.0,1.0,1.0,,1.0,2.0,4.0,12
107312,3.0,4,3,,1.0,,1.0,1.0,1.0,,1.0,,1.0,0.0,1.0,4
107313,4.0,8,7,3.0,0.0,,1.0,4.0,0.0,3.0,0.0,,1.0,3.0,0.0,8
107314,4.0,3,3,,0.0,,0.0,3.0,0.0,,0.0,,0.0,3.0,0.0,3
107315,4.0,5,6,1.0,0.0,,1.0,3.0,0.0,2.0,0.0,,1.0,3.0,0.0,6
107316,4.0,1,1,,,,1.0,0.0,0.0,,0.0,,1.0,0.0,0.0,1
107317,1.0,5,5,,0.0,0.0,1.0,0.0,4.0,,0.0,0.0,1.0,0.0,4.0,5
107318,3.0,11,13,2.0,4.0,2.0,1.0,2.0,0.0,4.0,3.0,2.0,1.0,3.0,0.0,13
107319,1.0,1,1,,0.0,,1.0,0.0,0.0,,0.0,,1.0,0.0,0.0,1
107320,3.0,7,9,0.0,0.0,0.0,1.0,3.0,3.0,0.0,1.0,0.0,1.0,3.0,4.0,9
107321,3.0,1,1,,0.0,,1.0,0.0,0.0,,0.0,,1.0,0.0,0.0,1
107322,4.0,11,9,3.0,1.0,2.0,1.0,3.0,1.0,2.0,1.0,2.0,1.0,2.0,1.0,11
107323,2.0,8,0,3.0,0.0,,1.0,4.0,0.0,,0.0,,0.0,0.0,0.0,8
107324,3.0,13,12,,2.0,4.0,1.0,2.0,4.0,,2.0,4.0,1.0,1.0,4.0,13
107325,3.0,7,3,,1.0,,1.0,4.0,1.0,,1.0,,0.0,2.0,0.0,7
107326,3.0,10,7,4.0,0.0,,1.0,3.0,2.0,2.0,0.0,,1.0,3.0,1.0,10
107327,4.0,2,6,,0.0,2.0,0.0,0.0,0.0,2.0,0.0,2.0,0.0,2.0,0.0,6
107328,3.0,6,5,,2.0,0.0,0.0,4.0,0.0,,2.0,0.0,1.0,2.0,0.0,6
107329,1.0,5,6,1.0,0.0,,1.0,2.0,1.0,2.0,0.0,,1.0,2.0,1.0,6
107330,3.0,8,6,2.0,0.0,,1.0,3.0,2.0,3.0,0.0,,1.0,1.0,1.0,8
107331,1.0,3,2,,0.0,,1.0,1.0,1.0,,0.0,,1.0,0.0,1.0,3
107332,3.0,3,3,,0.0,,1.0,0.0,2.0,,0.0,,1.0,1.0,1.0,3
107333,3.0,5,3,,1.0,2.0,1.0,0.0,1.0,,0.0,1.0,1.0,0.0,1.0,5
107334,2.0,4,1,,1.0,,1.0,2.0,0.0,,1.0,,0.0,0.0,0.0,4
107335,4.0,1,2,,0.0,,1.0,0.0,0.0,,0.0,,1.0,1.0,0.0,2
107336,2.0,12,12,3.0,0.0,0.0,1.0,4.0,4.0,3.0,1.0,0.0,1.0,3.0,4.0,12
107337,1.0,0,5,,0.0,,0.0,0.0,0.0,,0.0,,1.0,4.0,0.0,5
107338,4.0,3,4,,1.0,,1.0,1.0,0.0,,1.0,,1.0,2.0,0.0,4
107339,4.0,8,3,4.0,0.0,,0.0,4.0,0.0,0.0,0.0,,0.0,3.0,0.0,8
107340,3.0,1,1,,0.0,,,,1.0,,1.0,,,,0.0,1
107341,4.0,9,13,2.0,2.0,2.0,0.0,3.0,0.0,2.0,2.0,3.0,1.0,4.0,1.0,13
107342,2.0,6,5,,0.0,,1.0,4.0,1.0,,1.0,,1.0,2.0,1.0,6
107343,2.0,8,4,2.0,2.0,,1.0,2.0,1.0,,2.0,,0.0,0.0,2.0,8
107344,1.0,6,7,,2.0,,0.0,0.0,4.0,,1.0,,1.0,1.0,4.0,7
107345,1.0,1,2,,0.0,0.0,0.0,0.0,1.0,,0.0,0.0,1.0,0.0,1.0,2
107346,4.0,7,1,1.0,1.0,0.0,1.0,4.0,0.0,,0.0,0.0,1.0,0.0,0.0,7
107347,3.0,7,5,2.0,0.0,,0.0,3.0,2.0,2.0,0.0,,0.0,1.0,2.0,7
107348,2.0,9,4,2.0,1.0,,1.0,4.0,1.0,,2.0,,1.0,0.0,1.0,9
107349,3.0,0,0,,,,,,,,,,,,,0
107350,3.0,0,1,,0.0,0.0,0.0,0.0,0.0,,1.0,0.0,0.0,0.0,0.0,1
107351,3.0,2,2,,0.0,,0.0,2.0,0.0,,0.0,,1.0,1.0,0.0,2
107352,3.0,2,4,2.0,0.0,0.0,0.0,0.0,0.0,2.0,0.0,0.0,1.0,1.0,0.0,4
107353,4.0,0,1,,0.0,,0.0,0.0,0.0,,0.0,,0.0,0.0,1.0,1
107354,2.0,9,11,2.0,1.0,,1.0,4.0,1.0,1.0,2.0,,1.0,4.0,3.0,11
107355,3.0,8,5,3.0,0.0,0.0,1.0,3.0,1.0,1.0,0.0,0.0,1.0,3.0,0.0,8
107356,2.0,9,4,3.0,1.0,,1.0,4.0,0.0,2.0,1.0,,1.0,0.0,0.0,9
107357,3.0,5,6,2.0,0.0,0.0,0.0,2.0,1.0,2.0,0.0,0.0,1.0,2.0,1.0,6
107358,4.0,5,5,,1.0,1.0,1.0,2.0,0.0,,1.0,1.0,1.0,2.0,0.0,5
107359,3.0,8,7,2.0,0.0,0.0,1.0,4.0,1.0,2.0,0.0,0.0,1.0,4.0,0.0,8
107360,3.0,5,3,1.0,0.0,0.0,1.0,3.0,0.0,1.0,0.0,0.0,0.0,2.0,0.0,5
107361,3.0,6,5,,0.0,,1.0,1.0,4.0,,0.0,,1.0,0.0,4.0,6
107362,4.0,6,8,,0.0,,1.0,3.0,2.0,3.0,0.0,,1.0,1.0,3.0,8
107363,2.0,6,1,1.0,0.0,,1.0,4.0,0.0,,0.0,,1.0,0.0,0.0,6
107364,3.0,3,3,,0.0,0.0,1.0,2.0,0.0,,,0.0,1.0,2.0,,3
107365,4.0,6,3,1.0,0.0,,0.0,4.0,1.0,,0.0,,0.0,2.0,1.0,6
107366,4.0,10,10,3.0,2.0,,1.0,2.0,2.0,3.0,2.0,,1.0,2.0,2.0,10
107367,2.0,5,1,2.0,0.0,,1.0,2.0,0.0,,0.0,,1.0,0.0,0.0,5
107368,4.0,5,4,,1.0,,0.0,4.0,0.0,,2.0,,0.0,2.0,0.0,5
107369,4.0,3,4,0.0,0.0,0.0,1.0,2.0,0.0,2.0,0.0,0.0,0.0,2.0,0.0,4
107370,4.0,1,1,,0.0,,0.0,1.0,0.0,,0.0,,0.0,1.0,0.0,1
107371,2.0,10,9,2.0,1.0,0.0,1.0,4.0,2.0,2.0,1.0,0.0,1.0,3.0,2.0,10
107372,2.0,8,3,1.0,2.0,,1.0,3.0,1.0,,1.0,,1.0,0.0,1.0,8
107373,2.0,9,4,3.0,1.0,,1.0,4.0,0.0,2.0,0.0,,1.0,1.0,0.0,9
107374,4.0,7,7,,1.0,,1.0,1.0,4.0,,1.0,,1.0,1.0,4.0,7
107375,4.0,5,4,,0.0,0.0,1.0,3.0,1.0,,0.0,0.0,0.0,3.0,1.0,5
107376,3.0,15,15,2.0,3.0,4.0,1.0,1.0,4.0,2.0,2.0,4.0,1.0,2.0,4.0,15
107377,3.0,1,0,,0.0,0.0,1.0,0.0,0.0,,0.0,0.0,0.0,0.0,0.0,1
107378,2.0,7,3,2.0,0.0,0.0,1.0,4.0,0.0,2.0,0.0,0.0,1.0,0.0,0.0,7
107379,4.0,10,10,2.0,0.0,,1.0,3.0,4.0,1.0,0.0,2.0,1.0,2.0,4.0,10
107380,2.0,9,4,1.0,2.0,,1.0,4.0,1.0,,2.0,,1.0,0.0,1.0,9
107381,4.0,3,4,1.0,0.0,,0.0,2.0,0.0,2.0,0.0,,0.0,2.0,0.0,4
107382,3.0,3,4,,1.0,,0.0,2.0,0.0,,1.0,1.0,1.0,1.0,0.0,4
107383,1.0,1,1,,0.0,,1.0,0.0,0.0,,0.0,,1.0,0.0,0.0,1
107384,4.0,8,1,4.0,0.0,,1.0,3.0,0.0,,0.0,,0.0,1.0,0.0,8
107385,3.0,2,3,,0.0,,1.0,1.0,0.0,,1.0,,1.0,1.0,0.0,3
107386,3.0,9,9,1.0,2.0,1.0,1.0,3.0,1.0,1.0,3.0,1.0,1.0,2.0,1.0,9
107387,4.0,5,4,1.0,0.0,0.0,0.0,4.0,0.0,0.0,0.0,0.0,0.0,4.0,0.0,5
107388,3.0,10,8,2.0,0.0,0.0,1.0,3.0,4.0,1.0,0.0,0.0,1.0,3.0,3.0,10
107389,4.0,9,5,3.0,0.0,,1.0,4.0,1.0,0.0,0.0,,1.0,3.0,1.0,9
107390,3.0,6,7,2.0,0.0,,1.0,3.0,0.0,3.0,0.0,0.0,1.0,3.0,0.0,7
107391,3.0,7,7,3.0,1.0,0.0,1.0,2.0,0.0,3.0,1.0,0.0,1.0,2.0,0.0,7
107392,2.0,8,2,3.0,0.0,0.0,1.0,4.0,0.0,,1.0,0.0,1.0,0.0,0.0,8
107393,4.0,7,8,,0.0,,0.0,3.0,4.0,0.0,0.0,,1.0,3.0,4.0,8
107394,2.0,9,9,3.0,1.0,,1.0,4.0,0.0,3.0,1.0,,1.0,3.0,1.0,9
107395,3.0,9,8,3.0,1.0,0.0,1.0,4.0,0.0,3.0,1.0,0.0,0.0,4.0,0.0,9
107396,1.0,1,2,,0.0,,0.0,0.0,1.0,,0.0,,1.0,0.0,1.0,2
107397,4.0,9,5,3.0,1.0,,1.0,4.0,0.0,2.0,1.0,,0.0,2.0,0.0,9
107398,4.0,8,6,1.0,2.0,,1.0,4.0,0.0,1.0,1.0,,1.0,3.0,0.0,8
107399,3.0,1,2,,0.0,0.0,0.0,1.0,0.0,,0.0,0.0,1.0,1.0,0.0,2
107400,3.0,1,8,,,0.0,1.0,0.0,,3.0,0.0,0.0,1.0,3.0,1.0,8
107401,1.0,1,3,,,,1.0,0.0,,,,,1.0,2.0,0.0,3
107402,3.0,1,1,,0.0,0.0,1.0,0.0,0.0,,0.0,0.0,1.0,0.0,0.0,1
107403,2.0,10,10,3.0,2.0,0.0,1.0,4.0,0.0,3.0,1.0,0.0,1.0,4.0,1.0,10
107404,3.0,13,9,2.0,2.0,,1.0,4.0,4.0,,2.0,,1.0,4.0,2.0,13
107405,2.0,2,3,,0.0,,1.0,0.0,1.0,,1.0,,1.0,0.0,1.0,3
107406,3.0,6,5,2.0,0.0,,1.0,3.0,0.0,1.0,1.0,0.0,0.0,3.0,0.0,6
107407,1.0,4,3,,0.0,2.0,1.0,0.0,1.0,,0.0,1.0,1.0,0.0,1.0,4
107408,2.0,10,8,3.0,0.0,,1.0,4.0,2.0,2.0,1.0,0.0,1.0,2.0,2.0,10
107409,2.0,9,3,2.0,2.0,,1.0,4.0,0.0,,2.0,,1.0,0.0,0.0,9
107410,4.0,5,3,1.0,0.0,,1.0,3.0,0.0,,0.0,,1.0,2.0,0.0,5
107411,3.0,8,3,3.0,0.0,,0.0,4.0,1.0,2.0,0.0,,0.0,0.0,1.0,8
107412,3.0,7,5,,,0.0,1.0,3.0,3.0,,0.0,0.0,0.0,3.0,2.0,7
107413,4.0,9,8,3.0,0.0,2.0,1.0,3.0,0.0,2.0,0.0,2.0,1.0,3.0,0.0,9
107414,4.0,2,2,,0.0,0.0,1.0,1.0,0.0,,0.0,0.0,1.0,1.0,0.0,2
107415,2.0,7,7,3.0,0.0,,1.0,3.0,0.0,2.0,1.0,0.0,1.0,3.0,0.0,7
107416,1.0,4,2,2.0,0.0,0.0,1.0,0.0,1.0,,0.0,0.0,1.0,0.0,1.0,4
107417,3.0,4,5,,0.0,,0.0,4.0,0.0,,1.0,,0.0,4.0,0.0,5
107418,3.0,0,1,,0.0,0.0,0.0,0.0,0.0,,0.0,0.0,1.0,0.0,0.0,1
107419,4.0,2,8,,0.0,0.0,1.0,1.0,0.0,2.0,0.0,1.0,1.0,4.0,0.0,8
107420,1.0,7,4,2.0,0.0,0.0,1.0,3.0,1.0,2.0,0.0,0.0,1.0,0.0,1.0,7
107421,1.0,9,10,4.0,0.0,1.0,1.0,3.0,0.0,4.0,0.0,1.0,1.0,3.0,1.0,10
107422,2.0,8,2,3.0,0.0,,1.0,4.0,0.0,,1.0,,0.0,0.0,1.0,8
107423,3.0,9,12,,0.0,3.0,1.0,3.0,2.0,3.0,0.0,3.0,1.0,3.0,2.0,12
107424,3.0,2,3,,0.0,1.0,0.0,1.0,0.0,,0.0,1.0,1.0,1.0,0.0,3
107425,2.0,6,3,,,,1.0,4.0,1.0,,,,1.0,0.0,2.0,6
107426,4.0,9,5,4.0,0.0,,1.0,4.0,0.0,2.0,0.0,,1.0,2.0,0.0,9
107427,4.0,9,7,3.0,1.0,,1.0,3.0,1.0,3.0,0.0,,1.0,2.0,1.0,9
107428,3.0,9,10,3.0,0.0,0.0,1.0,4.0,1.0,3.0,0.0,0.0,1.0,3.0,3.0,10
107429,3.0,7,7,,1.0,2.0,1.0,0.0,3.0,,1.0,2.0,1.0,0.0,3.0,7
107430,3.0,5,2,1.0,1.0,,0.0,3.0,0.0,,1.0,,1.0,0.0,0.0,5
107431,3.0,2,2,,0.0,,0.0,2.0,0.0,,0.0,,0.0,2.0,0.0,2
107432,3.0,8,4,1.0,1.0,,1.0,3.0,2.0,,1.0,,1.0,0.0,2.0,8
107433,3.0,8,6,4.0,0.0,0.0,1.0,3.0,0.0,3.0,0.0,0.0,0.0,3.0,0.0,8
107434,2.0,5,1,2.0,0.0,,1.0,2.0,0.0,,,,1.0,0.0,0.0,5
107435,4.0,8,4,3.0,0.0,0.0,1.0,2.0,2.0,1.0,0.0,0.0,0.0,2.0,1.0,8
107436,1.0,9,7,3.0,0.0,0.0,1.0,4.0,1.0,2.0,0.0,0.0,1.0,3.0,1.0,9
107437,1.0,2,2,,0.0,,1.0,0.0,1.0,,0.0,,1.0,0.0,1.0,2
107438,1.0,2,1,,0.0,,1.0,0.0,1.0,,0.0,,1.0,0.0,0.0,2
107439,4.0,8,7,3.0,0.0,,1.0,4.0,0.0,2.0,1.0,,1.0,3.0,0.0,8
107440,1.0,4,3,,0.0,,1.0,1.0,2.0,,1.0,,1.0,0.0,1.0,4
107441,2.0,4,4,,0.0,,,,4.0,,0.0,0.0,,,4.0,4
107442,4.0,8,7,2.0,2.0,,1.0,3.0,0.0,2.0,2.0,,0.0,3.0,0.0,8
107443,3.0,5,5,0.0,0.0,,1.0,3.0,1.0,0.0,0.0,,1.0,3.0,1.0,5
107444,3.0,2,2,,0.0,,1.0,1.0,0.0,,0.0,,1.0,1.0,0.0,2
107445,4.0,6,6,1.0,1.0,,0.0,4.0,0.0,2.0,1.0,,0.0,3.0,0.0,6
107446,2.0,2,1,,0.0,0.0,1.0,0.0,1.0,,0.0,0.0,0.0,0.0,1.0,2
107447,3.0,3,2,0.0,0.0,,0.0,3.0,0.0,,0.0,,0.0,2.0,0.0,3
107448,2.0,4,3,,0.0,,1.0,2.0,1.0,,0.0,0.0,1.0,2.0,0.0,4
107449,3.0,8,0,3.0,0.0,,1.0,3.0,1.0,,0.0,,0.0,0.0,0.0,8
107450,3.0,6,4,,1.0,,1.0,2.0,2.0,,1.0,,1.0,0.0,2.0,6
107451,2.0,8,7,2.0,1.0,,1.0,4.0,0.0,3.0,1.0,,1.0,1.0,1.0,8
107452,3.0,7,9,0.0,1.0,,1.0,4.0,1.0,2.0,2.0,,0.0,4.0,1.0,9
107453,2.0,6,2,2.0,1.0,,1.0,2.0,0.0,,1.0,,1.0,0.0,0.0,6
107454,2.0,6,3,1.0,0.0,,1.0,4.0,0.0,,1.0,,1.0,0.0,1.0,6
107455,4.0,4,3,1.0,0.0,,0.0,3.0,0.0,0.0,0.0,,0.0,3.0,0.0,4
107456,4.0,7,7,4.0,0.0,0.0,1.0,2.0,0.0,3.0,0.0,0.0,1.0,3.0,0.0,7
107457,2.0,5,1,,0.0,,1.0,4.0,0.0,,0.0,,1.0,0.0,0.0,5
107458,3.0,2,5,,,2.0,0.0,0.0,0.0,,2.0,2.0,0.0,1.0,0.0,5
107459,4.0,6,1,4.0,1.0,,1.0,0.0,0.0,,0.0,,1.0,0.0,0.0,6
107460,4.0,9,7,4.0,1.0,,1.0,3.0,0.0,3.0,1.0,,0.0,3.0,0.0,9
107461,3.0,4,5,,0.0,,1.0,0.0,3.0,,1.0,,1.0,2.0,1.0,5
107462,3.0,6,4,2.0,0.0,,1.0,3.0,0.0,,0.0,,1.0,3.0,0.0,6
107463,3.0,11,9,4.0,1.0,,1.0,4.0,1.0,0.0,2.0,,1.0,3.0,3.0,11
107464,2.0,9,3,2.0,2.0,,1.0,4.0,0.0,,2.0,,1.0,0.0,0.0,9
107465,3.0,11,14,4.0,3.0,,1.0,3.0,0.0,4.0,3.0,3.0,1.0,3.0,0.0,14
107466,1.0,0,1,,0.0,,,,0.0,,0.0,,1.0,0.0,0.0,1
107467,2.0,7,2,1.0,1.0,,1.0,4.0,0.0,,1.0,,1.0,0.0,0.0,7
107468,3.0,4,1,2.0,,,1.0,1.0,0.0,,,,0.0,1.0,0.0,4
107469,4.0,5,2,2.0,0.0,0.0,1.0,0.0,2.0,2.0,0.0,0.0,0.0,0.0,0.0,5
107470,2.0,8,7,3.0,0.0,,1.0,4.0,0.0,2.0,1.0,0.0,1.0,3.0,0.0,8
107471,1.0,9,9,4.0,0.0,,1.0,3.0,1.0,3.0,0.0,,1.0,4.0,1.0,9
107472,2.0,10,4,3.0,2.0,,1.0,4.0,0.0,2.0,1.0,,1.0,0.0,0.0,10
107473,3.0,18,14,3.0,4.0,2.0,1.0,4.0,4.0,2.0,2.0,1.0,1.0,4.0,4.0,18
107474,2.0,1,2,,0.0,,0.0,1.0,0.0,,0.0,,1.0,1.0,0.0,2
107475,2.0,10,9,3.0,1.0,1.0,1.0,4.0,0.0,2.0,2.0,1.0,1.0,2.0,1.0,10
107476,4.0,8,1,3.0,,,1.0,4.0,0.0,,0.0,,0.0,1.0,0.0,8
107477,4.0,6,6,1.0,0.0,0.0,1.0,3.0,1.0,2.0,0.0,0.0,0.0,3.0,1.0,6
107478,2.0,10,7,3.0,1.0,,1.0,4.0,1.0,2.0,2.0,,1.0,1.0,1.0,10
107479,1.0,2,2,,1.0,0.0,0.0,0.0,1.0,,1.0,0.0,0.0,0.0,1.0,2
107480,4.0,12,8,4.0,3.0,0.0,1.0,4.0,0.0,3.0,1.0,0.0,0.0,4.0,0.0,12
107481,4.0,1,2,,0.0,,1.0,0.0,0.0,,1.0,,1.0,0.0,0.0,2
107482,2.0,10,9,3.0,2.0,,1.0,4.0,0.0,3.0,2.0,,1.0,3.0,0.0,10
107483,1.0,2,2,,1.0,,1.0,0.0,0.0,,1.0,,1.0,0.0,0.0,2
107484,4.0,3,5,0.0,0.0,,0.0,3.0,0.0,2.0,0.0,,0.0,3.0,0.0,5
107485,2.0,9,10,4.0,0.0,0.0,1.0,4.0,0.0,4.0,0.0,0.0,1.0,4.0,1.0,10
107486,2.0,9,6,2.0,2.0,,1.0,4.0,0.0,2.0,2.0,,1.0,0.0,1.0,9
107487,4.0,10,5,4.0,2.0,0.0,1.0,3.0,0.0,0.0,2.0,0.0,1.0,2.0,0.0,10
107488,1.0,7,4,1.0,1.0,,1.0,3.0,1.0,,0.0,,1.0,2.0,1.0,7
107489,3.0,10,7,3.0,0.0,0.0,1.0,3.0,3.0,,0.0,0.0,1.0,3.0,3.0,10
107490,4.0,3,2,,0.0,,0.0,3.0,0.0,,0.0,,0.0,2.0,0.0,3
107491,4.0,2,4,,1.0,,0.0,0.0,1.0,2.0,0.0,0.0,0.0,1.0,1.0,4
107492,2.0,7,2,2.0,0.0,,1.0,4.0,0.0,,0.0,0.0,1.0,0.0,1.0,7
107493,3.0,9,5,3.0,0.0,2.0,1.0,3.0,0.0,2.0,0.0,1.0,0.0,2.0,0.0,9
107494,3.0,2,0,,0.0,,1.0,0.0,1.0,,0.0,,0.0,0.0,0.0,2
107495,2.0,4,3,,1.0,,1.0,2.0,0.0,,2.0,,1.0,0.0,0.0,4
107496,4.0,3,4,,1.0,,1.0,1.0,0.0,,1.0,0.0,1.0,2.0,0.0,4
107497,4.0,1,1,,0.0,0.0,1.0,0.0,0.0,,0.0,0.0,1.0,0.0,0.0,1
107498,2.0,4,3,2.0,0.0,,1.0,0.0,1.0,,1.0,,1.0,0.0,1.0,4
107499,3.0,11,7,4.0,2.0,0.0,1.0,3.0,1.0,2.0,2.0,0.0,0.0,3.0,0.0,11
107500,3.0,7,4,0.0,0.0,,1.0,4.0,2.0,,0.0,,1.0,3.0,0.0,7
107501,2.0,4,3,,1.0,,1.0,2.0,0.0,,2.0,,1.0,0.0,0.0,4
107502,3.0,1,1,,0.0,0.0,1.0,0.0,0.0,,0.0,0.0,1.0,0.0,0.0,1
107503,4.0,5,4,1.0,,,1.0,3.0,0.0,2.0,,,0.0,2.0,0.0,5
107504,2.0,8,2,2.0,1.0,,1.0,4.0,0.0,,0.0,,0.0,1.0,1.0,8
107505,3.0,10,7,2.0,2.0,1.0,1.0,4.0,0.0,,2.0,1.0,1.0,3.0,0.0,10
107506,1.0,4,8,2.0,1.0,0.0,1.0,0.0,0.0,3.0,0.0,0.0,1.0,4.0,0.0,8
107507,4.0,10,11,1.0,3.0,1.0,0.0,3.0,2.0,2.0,3.0,1.0,0.0,3.0,2.0,11
107508,2.0,6,2,2.0,1.0,,0.0,3.0,0.0,,0.0,,1.0,0.0,1.0,6
107509,3.0,2,2,,0.0,0.0,1.0,1.0,0.0,,0.0,0.0,1.0,1.0,0.0,2
107510,3.0,9,6,4.0,0.0,0.0,1.0,4.0,0.0,2.0,0.0,0.0,0.0,4.0,0.0,9
107511,3.0,9,7,4.0,0.0,0.0,1.0,3.0,1.0,3.0,0.0,0.0,1.0,3.0,0.0,9
107512,4.0,4,7,,0.0,2.0,1.0,1.0,0.0,4.0,0.0,1.0,1.0,1.0,0.0,7
107513,4.0,9,8,2.0,0.0,,1.0,4.0,2.0,1.0,0.0,,1.0,3.0,3.0,9
107514,3.0,3,2,,0.0,,1.0,0.0,2.0,,0.0,,1.0,0.0,1.0,3
107515,2.0,11,3,4.0,1.0,0.0,1.0,4.0,1.0,,1.0,0.0,1.0,0.0,1.0,11
107516,4.0,12,9,4.0,1.0,1.0,1.0,4.0,1.0,4.0,1.0,1.0,0.0,3.0,,12
107517,3.0,4,4,,2.0,,1.0,0.0,1.0,,2.0,,1.0,0.0,1.0,4
107518,2.0,1,1,,0.0,,1.0,0.0,0.0,,0.0,1.0,0.0,0.0,0.0,1
107519,4.0,12,7,4.0,1.0,2.0,1.0,4.0,0.0,0.0,1.0,2.0,1.0,3.0,0.0,12
107520,3.0,3,6,,0.0,0.0,1.0,0.0,2.0,2.0,0.0,0.0,1.0,1.0,2.0,6
107521,2.0,0,0,,0.0,,0.0,0.0,0.0,,0.0,,0.0,0.0,0.0,0
107522,1.0,11,10,4.0,0.0,,1.0,4.0,2.0,3.0,0.0,,1.0,4.0,2.0,11
107523,4.0,5,4,,0.0,,1.0,2.0,2.0,,0.0,,1.0,1.0,2.0,5
107524,1.0,10,12,3.0,0.0,1.0,1.0,3.0,2.0,3.0,1.0,2.0,1.0,3.0,2.0,12
107525,1.0,1,0,,,,0.0,1.0,0.0,,0.0,0.0,0.0,0.0,0.0,1
107526,3.0,15,12,4.0,0.0,2.0,1.0,4.0,4.0,2.0,0.0,2.0,1.0,3.0,4.0,15
107527,2.0,8,2,2.0,1.0,,1.0,4.0,0.0,,1.0,,1.0,0.0,0.0,8
107528,3.0,4,5,1.0,0.0,,0.0,3.0,0.0,,0.0,,1.0,4.0,0.0,5
107529,4.0,2,2,,1.0,,0.0,0.0,1.0,1.0,1.0,,0.0,0.0,0.0,2
107530,1.0,5,2,,0.0,,1.0,1.0,3.0,,,0.0,1.0,1.0,,5
107531,4.0,6,5,0.0,1.0,0.0,1.0,4.0,0.0,0.0,2.0,0.0,0.0,3.0,0.0,6
107532,2.0,9,7,3.0,0.0,,1.0,4.0,1.0,3.0,0.0,,1.0,2.0,1.0,9
107533,4.0,9,8,3.0,0.0,,1.0,3.0,2.0,3.0,0.0,,1.0,2.0,2.0,9
107534,3.0,0,0,,0.0,,0.0,0.0,0.0,,0.0,,0.0,0.0,0.0,0
107535,2.0,15,18,4.0,3.0,2.0,1.0,4.0,1.0,4.0,3.0,2.0,1.0,4.0,4.0,18
107536,3.0,6,3,1.0,0.0,0.0,1.0,3.0,1.0,0.0,0.0,0.0,0.0,3.0,0.0,6
107537,1.0,8,2,3.0,1.0,,1.0,3.0,0.0,,1.0,,1.0,0.0,0.0,8
107538,3.0,4,2,,0.0,,1.0,1.0,2.0,,0.0,,0.0,0.0,2.0,4
107539,4.0,5,2,2.0,0.0,0.0,1.0,2.0,0.0,1.0,0.0,0.0,1.0,0.0,0.0,5
107540,3.0,3,4,,1.0,2.0,,,0.0,,2.0,2.0,,,0.0,4
107541,3.0,7,5,2.0,0.0,,1.0,4.0,0.0,2.0,0.0,,1.0,2.0,0.0,7
107542,1.0,6,8,1.0,0.0,,1.0,3.0,1.0,2.0,0.0,,1.0,4.0,1.0,8
107543,3.0,10,9,1.0,0.0,,1.0,4.0,4.0,,0.0,,1.0,4.0,4.0,10
107544,1.0,7,5,3.0,0.0,0.0,0.0,4.0,0.0,2.0,0.0,0.0,0.0,3.0,0.0,7
107545,1.0,6,5,2.0,0.0,0.0,0.0,4.0,0.0,2.0,0.0,0.0,0.0,3.0,0.0,6
107546,4.0,7,5,2.0,0.0,0.0,0.0,4.0,1.0,2.0,0.0,0.0,0.0,2.0,1.0,7
107547,1.0,1,1,,0.0,,1.0,0.0,0.0,,0.0,,1.0,0.0,0.0,1
107548,1.0,0,1,,0.0,,0.0,0.0,0.0,,0.0,,1.0,0.0,0.0,1
107549,3.0,6,4,2.0,0.0,,1.0,3.0,0.0,1.0,0.0,,0.0,3.0,0.0,6
107550,3.0,11,7,0.0,3.0,0.0,0.0,4.0,4.0,0.0,2.0,0.0,0.0,1.0,4.0,11
107551,3.0,14,15,3.0,2.0,3.0,1.0,3.0,2.0,2.0,3.0,3.0,1.0,3.0,3.0,15
107552,3.0,3,4,,0.0,,1.0,2.0,0.0,,0.0,,1.0,3.0,0.0,4
107553,3.0,0,0,,0.0,0.0,,,0.0,,0.0,0.0,,,0.0,0
107554,1.0,10,11,3.0,0.0,0.0,1.0,4.0,2.0,3.0,0.0,1.0,1.0,4.0,2.0,11
107555,1.0,1,1,,0.0,,1.0,0.0,0.0,,0.0,,1.0,0.0,0.0,1
107556,4.0,4,2,,1.0,,1.0,1.0,1.0,,0.0,,1.0,0.0,1.0,4
107557,3.0,0,0,,0.0,0.0,0.0,0.0,0.0,,0.0,0.0,,,0.0,0
107558,2.0,9,6,3.0,1.0,,1.0,4.0,0.0,2.0,2.0,0.0,1.0,0.0,1.0,9
107559,3.0,4,4,,2.0,,1.0,1.0,0.0,,2.0,,1.0,1.0,0.0,4
107560,3.0,2,1,,,,1.0,1.0,,,1.0,,0.0,0.0,0.0,2
107561,3.0,1,1,,0.0,,1.0,0.0,0.0,,0.0,,1.0,0.0,0.0,1
107562,4.0,1,1,,0.0,,0.0,1.0,0.0,,0.0,,0.0,1.0,0.0,1
107563,3.0,4,1,0.0,0.0,,1.0,3.0,0.0,,0.0,,1.0,0.0,0.0,4
107564,1.0,8,8,1.0,0.0,,1.0,4.0,2.0,1.0,0.0,0.0,1.0,4.0,2.0,8
107565,1.0,6,6,3.0,0.0,,0.0,3.0,0.0,2.0,0.0,,1.0,3.0,0.0,6
107566,4.0,3,3,,0.0,,1.0,1.0,1.0,,1.0,,1.0,1.0,0.0,3
107567,3.0,6,14,,0.0,,1.0,1.0,4.0,4.0,1.0,0.0,1.0,4.0,4.0,14
107568,4.0,4,4,1.0,0.0,,0.0,3.0,0.0,1.0,0.0,,0.0,3.0,0.0,4
107569,4.0,4,2,,0.0,0.0,1.0,3.0,0.0,,0.0,0.0,0.0,2.0,0.0,4
107570,4.0,4,9,,0.0,2.0,0.0,2.0,0.0,3.0,0.0,2.0,1.0,3.0,0.0,9
107571,3.0,10,6,2.0,1.0,2.0,1.0,2.0,2.0,,2.0,2.0,1.0,0.0,1.0,10
107572,1.0,1,2,,1.0,,0.0,0.0,0.0,,1.0,0.0,1.0,0.0,0.0,2
107573,3.0,6,5,,0.0,,1.0,2.0,3.0,,0.0,,1.0,2.0,2.0,6
107574,3.0,6,4,,2.0,,1.0,3.0,0.0,,2.0,,0.0,2.0,0.0,6
107575,2.0,5,1,,0.0,,1.0,4.0,0.0,,1.0,,0.0,0.0,0.0,5
107576,2.0,5,2,1.0,0.0,,1.0,3.0,0.0,,0.0,1.0,1.0,0.0,0.0,5
107577,2.0,9,3,2.0,1.0,,1.0,4.0,1.0,,1.0,,0.0,1.0,1.0,9
107578,4.0,4,2,0.0,0.0,,1.0,3.0,0.0,,0.0,,0.0,2.0,0.0,4
107579,4.0,8,7,,0.0,2.0,1.0,1.0,4.0,,0.0,2.0,0.0,1.0,4.0,8
107580,4.0,7,8,1.0,0.0,2.0,0.0,4.0,0.0,2.0,0.0,2.0,1.0,3.0,0.0,8
107581,4.0,2,6,,0.0,,0.0,2.0,0.0,2.0,0.0,,1.0,3.0,0.0,6
107582,2.0,1,1,,,,0.0,1.0,0.0,,,,0.0,1.0,0.0,1
107583,3.0,9,9,3.0,2.0,2.0,0.0,2.0,0.0,3.0,2.0,0.0,1.0,3.0,0.0,9
107584,3.0,3,2,,0.0,,1.0,0.0,2.0,,0.0,,1.0,0.0,1.0,3
107585,1.0,1,1,,0.0,,1.0,0.0,0.0,,0.0,,1.0,0.0,0.0,1
107586,2.0,6,1,2.0,0.0,,1.0,3.0,0.0,,0.0,,1.0,0.0,0.0,6
107587,3.0,3,5,0.0,0.0,0.0,0.0,3.0,0.0,2.0,0.0,0.0,0.0,3.0,0.0,5
107588,3.0,2,1,,0.0,,1.0,0.0,1.0,,0.0,,0.0,0.0,1.0,2
107589,2.0,8,2,2.0,0.0,,1.0,4.0,1.0,,0.0,,1.0,0.0,1.0,8
107590,4.0,9,7,2.0,2.0,,1.0,4.0,0.0,0.0,2.0,,1.0,3.0,1.0,9
107591,3.0,5,3,,0.0,2.0,1.0,2.0,0.0,,0.0,2.0,1.0,0.0,0.0,5
107592,3.0,7,6,3.0,0.0,,1.0,3.0,0.0,2.0,0.0,,1.0,3.0,0.0,7
107593,2.0,8,0,3.0,0.0,,1.0,4.0,0.0,,0.0,,0.0,0.0,0.0,8
107594,3.0,4,5,,0.0,,1.0,2.0,1.0,,0.0,,1.0,3.0,1.0,5
107595,3.0,4,4,,1.0,,1.0,1.0,1.0,,1.0,,1.0,1.0,1.0,4
107596,3.0,4,2,,0.0,,1.0,2.0,1.0,,0.0,,1.0,1.0,0.0,4
107597,3.0,5,5,1.0,0.0,,0.0,4.0,0.0,1.0,0.0,,0.0,4.0,0.0,5
107598,2.0,10,10,4.0,0.0,,1.0,4.0,1.0,4.0,0.0,,1.0,3.0,2.0,10
107599,3.0,7,5,,0.0,3.0,1.0,1.0,2.0,,0.0,3.0,1.0,0.0,1.0,7
107600,2.0,10,4,4.0,1.0,,1.0,4.0,0.0,,2.0,,1.0,1.0,0.0,10
107601,3.0,1,1,,0.0,0.0,1.0,0.0,0.0,,0.0,0.0,1.0,0.0,0.0,1
107602,3.0,4,4,,2.0,0.0,1.0,0.0,1.0,,2.0,1.0,0.0,0.0,1.0,4
107603,2.0,8,1,3.0,0.0,,1.0,4.0,0.0,,,,1.0,0.0,0.0,8
107604,1.0,2,2,,0.0,1.0,1.0,0.0,0.0,,0.0,1.0,1.0,0.0,0.0,2
107605,4.0,7,5,1.0,0.0,2.0,1.0,3.0,0.0,,1.0,2.0,0.0,2.0,0.0,7
107606,3.0,7,6,2.0,0.0,,1.0,4.0,0.0,2.0,0.0,,1.0,3.0,0.0,7
107607,3.0,7,5,3.0,0.0,,1.0,3.0,0.0,3.0,0.0,0.0,0.0,2.0,0.0,7
107608,3.0,6,6,3.0,0.0,0.0,0.0,3.0,0.0,3.0,0.0,0.0,0.0,3.0,0.0,6
107609,1.0,2,2,,0.0,0.0,1.0,0.0,1.0,,0.0,0.0,1.0,0.0,1.0,2
107610,2.0,1,1,,,,1.0,0.0,0.0,,0.0,,1.0,0.0,0.0,1
107611,4.0,2,0,,0.0,,1.0,0.0,1.0,,0.0,,0.0,0.0,0.0,2
107612,4.0,16,19,4.0,2.0,4.0,1.0,4.0,1.0,4.0,2.0,4.0,1.0,4.0,4.0,19
107613,3.0,2,1,,0.0,,1.0,1.0,0.0,,0.0,,1.0,0.0,0.0,2
107614,3.0,5,6,,1.0,2.0,1.0,1.0,0.0,,0.0,2.0,1.0,0.0,3.0,6
107615,3.0,1,1,,0.0,,1.0,0.0,0.0,,0.0,,1.0,0.0,0.0,1
107616,2.0,2,1,,0.0,,0.0,1.0,1.0,,0.0,,0.0,0.0,1.0,2
107617,4.0,6,7,2.0,0.0,0.0,0.0,4.0,0.0,3.0,0.0,0.0,1.0,3.0,0.0,7
107618,4.0,4,5,0.0,1.0,,0.0,3.0,0.0,,1.0,,1.0,3.0,0.0,5
107619,3.0,3,4,,0.0,0.0,1.0,2.0,0.0,,1.0,0.0,1.0,2.0,0.0,4
107620,1.0,2,3,,0.0,0.0,1.0,0.0,1.0,,0.0,1.0,1.0,0.0,1.0,3
107621,3.0,2,3,,0.0,,0.0,0.0,2.0,,0.0,,1.0,0.0,2.0,3
107622,3.0,9,5,3.0,1.0,,1.0,4.0,0.0,3.0,0.0,,0.0,2.0,0.0,9
107623,1.0,1,2,,0.0,1.0,0.0,0.0,0.0,,1.0,1.0,0.0,0.0,0.0,2
107624,4.0,5,5,0.0,0.0,0.0,0.0,4.0,1.0,0.0,0.0,0.0,0.0,4.0,1.0,5
107625,4.0,6,6,2.0,0.0,,1.0,3.0,0.0,2.0,0.0,,1.0,3.0,0.0,6
107626,1.0,1,3,,0.0,,0.0,0.0,1.0,,1.0,,1.0,0.0,1.0,3
107627,2.0,1,0,,0.0,,1.0,0.0,0.0,,0.0,,0.0,0.0,0.0,1
107628,4.0,3,8,,0.0,,1.0,1.0,1.0,2.0,0.0,2.0,1.0,3.0,0.0,8
107629,3.0,0,0,,0.0,,0.0,0.0,0.0,,0.0,,0.0,0.0,0.0,0
107630,4.0,10,6,3.0,1.0,,1.0,4.0,1.0,0.0,1.0,,1.0,3.0,1.0,10
107631,4.0,8,8,2.0,1.0,,1.0,3.0,1.0,4.0,1.0,,1.0,2.0,0.0,8
107632,3.0,9,10,2.0,0.0,0.0,1.0,4.0,2.0,4.0,1.0,0.0,1.0,3.0,1.0,10
107633,4.0,1,1,,0.0,,1.0,0.0,0.0,,0.0,,1.0,0.0,0.0,1
107634,2.0,5,2,2.0,0.0,0.0,1.0,2.0,0.0,,0.0,0.0,1.0,1.0,0.0,5
107635,2.0,12,10,3.0,2.0,,1.0,4.0,2.0,2.0,2.0,,0.0,4.0,2.0,12
107636,3.0,1,9,,0.0,0.0,1.0,0.0,0.0,4.0,0.0,0.0,1.0,4.0,0.0,9
107637,2.0,7,0,3.0,0.0,,1.0,3.0,0.0,,0.0,,0.0,0.0,0.0,7
107638,4.0,7,4,,2.0,,1.0,4.0,0.0,,1.0,,0.0,3.0,0.0,7
107639,4.0,2,2,,1.0,,1.0,0.0,0.0,,1.0,,1.0,0.0,0.0,2
107640,4.0,1,1,,0.0,,0.0,1.0,0.0,,0.0,,1.0,0.0,0.0,1
107641,1.0,2,2,,0.0,,1.0,0.0,1.0,,0.0,,1.0,0.0,1.0,2
107642,2.0,4,3,,2.0,,1.0,1.0,0.0,,2.0,,1.0,0.0,0.0,4
107643,3.0,10,12,4.0,0.0,0.0,1.0,2.0,3.0,4.0,0.0,0.0,1.0,4.0,3.0,12
107644,2.0,7,3,1.0,1.0,,1.0,4.0,0.0,,1.0,,1.0,0.0,1.0,7
107645,3.0,7,5,,0.0,,1.0,4.0,2.0,,0.0,0.0,0.0,3.0,2.0,7
107646,1.0,0,0,,0.0,,0.0,0.0,0.0,,0.0,,0.0,0.0,0.0,0
107647,4.0,5,4,,0.0,,1.0,3.0,1.0,,0.0,,1.0,3.0,0.0,5
107648,1.0,2,11,,0.0,0.0,0.0,1.0,1.0,3.0,2.0,0.0,0.0,4.0,2.0,11
107649,1.0,1,2,,0.0,0.0,1.0,0.0,0.0,,1.0,0.0,1.0,0.0,0.0,2
107650,4.0,5,4,0.0,0.0,,1.0,4.0,0.0,1.0,0.0,,0.0,3.0,0.0,5
107651,4.0,7,6,2.0,0.0,,1.0,4.0,0.0,1.0,1.0,,1.0,3.0,0.0,7
107652,2.0,5,2,2.0,0.0,,1.0,2.0,0.0,,1.0,,1.0,0.0,0.0,5
107653,2.0,9,2,3.0,1.0,,1.0,4.0,0.0,,1.0,,1.0,0.0,0.0,9
107654,3.0,2,2,,1.0,,1.0,0.0,0.0,,1.0,,1.0,0.0,0.0,2
107655,2.0,8,7,2.0,0.0,0.0,1.0,4.0,1.0,3.0,0.0,0.0,1.0,2.0,1.0,8
107656,3.0,1,0,,0.0,,1.0,0.0,0.0,,0.0,,0.0,0.0,0.0,1
107657,3.0,9,8,,0.0,4.0,1.0,0.0,4.0,,0.0,4.0,0.0,0.0,4.0,9
107658,3.0,6,1,2.0,0.0,0.0,1.0,3.0,0.0,,0.0,0.0,1.0,0.0,0.0,6
107659,4.0,0,0,,0.0,0.0,0.0,0.0,0.0,,0.0,0.0,0.0,0.0,0.0,0
107660,2.0,12,9,2.0,1.0,,1.0,4.0,4.0,2.0,0.0,,1.0,2.0,4.0,12
107661,4.0,2,1,,0.0,,1.0,0.0,1.0,,0.0,,0.0,0.0,1.0,2
107662,3.0,6,3,2.0,0.0,0.0,1.0,2.0,1.0,,0.0,0.0,1.0,1.0,1.0,6
107663,2.0,8,2,2.0,1.0,,1.0,4.0,0.0,,1.0,,1.0,0.0,0.0,8
107664,4.0,10,3,1.0,2.0,1.0,1.0,4.0,1.0,,2.0,1.0,0.0,0.0,0.0,10
107665,1.0,7,2,3.0,0.0,0.0,1.0,2.0,1.0,,0.0,0.0,1.0,0.0,1.0,7
107666,4.0,4,3,,0.0,,1.0,3.0,0.0,,0.0,,1.0,2.0,0.0,4
107667,4.0,5,5,1.0,0.0,,1.0,3.0,0.0,3.0,0.0,,0.0,2.0,0.0,5
107668,1.0,1,0,,0.0,,0.0,1.0,0.0,,0.0,,0.0,0.0,0.0,1
107669,2.0,8,4,2.0,2.0,,1.0,3.0,0.0,2.0,1.0,,1.0,0.0,0.0,8
107670,1.0,4,3,,0.0,0.0,1.0,1.0,2.0,,0.0,0.0,1.0,0.0,2.0,4
107671,3.0,5,8,,0.0,0.0,1.0,4.0,0.0,3.0,0.0,0.0,1.0,4.0,0.0,8
107672,3.0,9,7,4.0,0.0,0.0,1.0,4.0,0.0,3.0,0.0,0.0,0.0,4.0,0.0,9
107673,2.0,9,4,1.0,2.0,,1.0,4.0,1.0,,2.0,,1.0,0.0,1.0,9
107674,3.0,2,2,,0.0,0.0,1.0,0.0,1.0,,0.0,0.0,1.0,0.0,1.0,2
107675,3.0,3,0,2.0,0.0,,1.0,0.0,0.0,,0.0,,0.0,0.0,0.0,3
107676,3.0,10,9,,2.0,4.0,1.0,2.0,1.0,,2.0,4.0,1.0,1.0,1.0,10
107677,2.0,6,1,,1.0,,1.0,4.0,0.0,,1.0,,0.0,0.0,0.0,6
107678,3.0,6,6,,0.0,0.0,1.0,1.0,4.0,,0.0,0.0,1.0,1.0,4.0,6
107679,3.0,5,5,2.0,0.0,0.0,0.0,3.0,0.0,2.0,0.0,0.0,0.0,3.0,0.0,5
107680,3.0,1,2,,0.0,0.0,0.0,1.0,0.0,,0.0,1.0,0.0,1.0,0.0,2
107681,3.0,4,2,1.0,,,0.0,3.0,0.0,,,,0.0,2.0,0.0,4
107682,1.0,10,12,3.0,1.0,0.0,1.0,3.0,2.0,3.0,2.0,0.0,1.0,4.0,2.0,12
107683,1.0,6,0,3.0,0.0,,1.0,2.0,0.0,,0.0,,0.0,0.0,0.0,6
107684,3.0,2,4,,2.0,,0.0,0.0,0.0,,2.0,,1.0,1.0,,4
107685,2.0,5,3,,0.0,,1.0,4.0,0.0,2.0,0.0,,1.0,0.0,0.0,5
107686,3.0,0,3,,0.0,,0.0,0.0,0.0,,0.0,,0.0,3.0,0.0,3
107687,2.0,8,3,3.0,2.0,,1.0,2.0,0.0,,2.0,,1.0,0.0,0.0,8
107688,2.0,7,0,1.0,1.0,,1.0,4.0,0.0,,0.0,,0.0,0.0,0.0,7
107689,2.0,11,12,3.0,0.0,1.0,1.0,4.0,2.0,2.0,1.0,2.0,1.0,4.0,2.0,12
107690,1.0,9,4,3.0,0.0,0.0,1.0,3.0,2.0,,0.0,0.0,1.0,2.0,1.0,9
107691,4.0,8,0,3.0,0.0,,1.0,4.0,0.0,,0.0,,0.0,0.0,0.0,8
107692,3.0,6,8,2.0,0.0,,1.0,3.0,0.0,4.0,0.0,,1.0,3.0,0.0,8
107693,1.0,4,2,,1.0,1.0,1.0,1.0,0.0,1.0,0.0,0.0,1.0,0.0,0.0,4
107694,1.0,1,1,,0.0,0.0,1.0,0.0,0.0,,0.0,0.0,1.0,0.0,0.0,1
107695,3.0,13,11,4.0,1.0,,1.0,4.0,3.0,3.0,0.0,1.0,1.0,3.0,3.0,13
107696,4.0,11,11,3.0,2.0,,1.0,4.0,1.0,3.0,3.0,,1.0,3.0,1.0,11
107697,1.0,2,5,,0.0,0.0,1.0,0.0,1.0,,1.0,1.0,1.0,1.0,1.0,5
107698,2.0,7,7,3.0,0.0,,1.0,3.0,0.0,3.0,0.0,,1.0,3.0,0.0,7
107699,3.0,2,2,,0.0,0.0,0.0,2.0,0.0,,0.0,0.0,0.0,2.0,0.0,2
107700,1.0,11,10,4.0,0.0,,1.0,3.0,3.0,3.0,0.0,,1.0,3.0,3.0,11
107701,3.0,10,7,4.0,0.0,,0.0,3.0,3.0,4.0,0.0,,0.0,2.0,1.0,10
107702,1.0,2,1,,1.0,,1.0,0.0,0.0,,0.0,,1.0,0.0,0.0,2
107703,2.0,8,3,3.0,0.0,,1.0,4.0,0.0,2.0,0.0,,1.0,0.0,0.0,8
107704,3.0,2,1,,0.0,0.0,1.0,0.0,1.0,,0.0,0.0,1.0,0.0,0.0,2
107705,4.0,7,7,3.0,0.0,,0.0,4.0,0.0,2.0,0.0,,1.0,3.0,1.0,7
107706,4.0,7,7,3.0,0.0,0.0,0.0,4.0,0.0,3.0,0.0,0.0,0.0,4.0,0.0,7
107707,3.0,3,7,,0.0,,1.0,2.0,0.0,2.0,2.0,,1.0,2.0,0.0,7
107708,4.0,4,4,,0.0,0.0,1.0,3.0,0.0,,0.0,0.0,1.0,3.0,0.0,4
107709,3.0,7,7,2.0,0.0,,1.0,3.0,1.0,3.0,0.0,0.0,1.0,2.0,1.0,7
107710,3.0,9,5,2.0,0.0,1.0,1.0,4.0,1.0,2.0,0.0,0.0,1.0,2.0,0.0,9
107711,2.0,9,2,3.0,0.0,,1.0,4.0,1.0,,0.0,,1.0,0.0,1.0,9
107712,4.0,1,1,,,,0.0,1.0,0.0,,0.0,,0.0,1.0,0.0,1
107713,4.0,6,1,3.0,0.0,,1.0,2.0,0.0,,0.0,,1.0,0.0,0.0,6
107714,3.0,5,1,2.0,0.0,0.0,0.0,3.0,0.0,1.0,0.0,0.0,0.0,0.0,0.0,5
107715,1.0,0,1,,0.0,0.0,0.0,0.0,0.0,,1.0,0.0,0.0,0.0,0.0,1
107716,3.0,9,8,3.0,0.0,,1.0,3.0,2.0,2.0,0.0,,1.0,3.0,2.0,9
107717,3.0,4,1,,0.0,0.0,0.0,4.0,0.0,,0.0,0.0,0.0,1.0,0.0,4
107718,1.0,7,4,2.0,0.0,,1.0,3.0,1.0,1.0,0.0,0.0,0.0,3.0,0.0,7
107719,3.0,1,2,,0.0,0.0,1.0,0.0,0.0,,0.0,0.0,1.0,1.0,0.0,2
107720,2.0,11,10,2.0,2.0,,1.0,4.0,2.0,2.0,2.0,,1.0,3.0,2.0,11
107721,2.0,10,4,2.0,2.0,,1.0,4.0,1.0,,1.0,,1.0,1.0,1.0,10
107722,1.0,8,7,2.0,0.0,0.0,1.0,3.0,2.0,1.0,0.0,0.0,1.0,3.0,2.0,8
107723,3.0,4,3,,0.0,,1.0,3.0,0.0,,0.0,,1.0,2.0,0.0,4
107724,4.0,7,7,4.0,0.0,0.0,1.0,2.0,0.0,3.0,0.0,0.0,1.0,3.0,0.0,7
107725,1.0,2,9,,1.0,0.0,1.0,0.0,0.0,2.0,2.0,0.0,1.0,4.0,0.0,9
107726,3.0,1,1,,0.0,,1.0,0.0,0.0,,,0.0,1.0,0.0,0.0,1
107727,4.0,4,6,0.0,0.0,0.0,1.0,3.0,0.0,2.0,0.0,0.0,1.0,3.0,0.0,6
107728,3.0,5,4,,0.0,0.0,1.0,3.0,1.0,,0.0,0.0,1.0,3.0,0.0,5
107729,1.0,1,1,,0.0,,1.0,0.0,0.0,,0.0,,1.0,0.0,0.0,1
107730,4.0,1,1,,,,1.0,0.0,0.0,,0.0,,1.0,0.0,0.0,1
107731,2.0,9,6,4.0,0.0,0.0,1.0,4.0,0.0,2.0,0.0,0.0,0.0,4.0,0.0,9
107732,4.0,2,2,,0.0,,0.0,1.0,1.0,,0.0,,0.0,1.0,1.0,2
107733,3.0,1,1,,1.0,0.0,0.0,0.0,0.0,,1.0,0.0,0.0,0.0,0.0,1
107734,3.0,0,0,,,,0.0,0.0,0.0,,0.0,,0.0,0.0,0.0,0
107735,3.0,9,7,4.0,2.0,,1.0,2.0,0.0,4.0,1.0,,0.0,2.0,0.0,9
107736,3.0,12,8,3.0,0.0,2.0,1.0,4.0,2.0,3.0,0.0,1.0,0.0,3.0,1.0,12
107737,2.0,7,2,,1.0,,1.0,4.0,1.0,,0.0,,0.0,0.0,2.0,7
107738,2.0,7,1,1.0,1.0,,1.0,4.0,0.0,,0.0,,1.0,0.0,0.0,7
107739,4.0,0,0,,0.0,,,,0.0,,0.0,0.0,,,0.0,0
107740,3.0,4,4,,0.0,,1.0,0.0,3.0,,0.0,,1.0,0.0,3.0,4
107741,1.0,1,1,,0.0,0.0,1.0,0.0,0.0,,0.0,0.0,1.0,0.0,0.0,1
107742,2.0,5,7,0.0,2.0,0.0,0.0,3.0,0.0,1.0,2.0,0.0,1.0,3.0,0.0,7
107743,4.0,1,3,,0.0,0.0,0.0,1.0,0.0,,1.0,0.0,0.0,2.0,0.0,3
107744,2.0,5,2,,0.0,,1.0,4.0,0.0,,1.0,,1.0,0.0,0.0,5
107745,4.0,5,5,,1.0,,1.0,3.0,0.0,,1.0,,1.0,3.0,0.0,5
107746,3.0,1,0,,0.0,,1.0,0.0,0.0,,0.0,,0.0,0.0,0.0,1
107747,1.0,1,1,,0.0,,1.0,0.0,0.0,,0.0,,1.0,0.0,0.0,1
107748,3.0,1,1,,0.0,0.0,0.0,1.0,0.0,,0.0,0.0,0.0,1.0,0.0,1
107749,1.0,2,4,,0.0,0.0,1.0,0.0,1.0,,1.0,0.0,1.0,1.0,1.0,4
107750,4.0,11,10,4.0,2.0,0.0,1.0,4.0,0.0,4.0,2.0,0.0,1.0,3.0,0.0,11
107751,4.0,8,7,4.0,0.0,,1.0,3.0,0.0,3.0,1.0,,0.0,3.0,0.0,8
107752,3.0,6,5,3.0,,,0.0,3.0,,3.0,,,0.0,2.0,0.0,6
107753,1.0,3,6,,0.0,0.0,0.0,3.0,0.0,1.0,0.0,0.0,1.0,4.0,0.0,6
107754,3.0,11,10,4.0,2.0,0.0,1.0,2.0,2.0,3.0,2.0,0.0,1.0,2.0,2.0,11
107755,2.0,8,1,2.0,1.0,,1.0,4.0,0.0,,1.0,,0.0,0.0,0.0,8
107756,2.0,8,6,3.0,1.0,,1.0,3.0,0.0,2.0,0.0,,1.0,2.0,1.0,8
107757,4.0,5,4,1.0,0.0,,0.0,4.0,0.0,1.0,0.0,0.0,0.0,3.0,0.0,5
107758,1.0,3,3,,1.0,,1.0,0.0,1.0,,1.0,,1.0,0.0,1.0,3
107759,3.0,10,7,,2.0,2.0,1.0,3.0,2.0,,2.0,2.0,1.0,2.0,0.0,10
107760,3.0,12,10,2.0,3.0,0.0,1.0,3.0,3.0,1.0,3.0,0.0,1.0,3.0,2.0,12
107761,4.0,1,1,,0.0,,1.0,0.0,0.0,,0.0,,1.0,0.0,0.0,1
107762,3.0,6,5,4.0,0.0,,1.0,1.0,0.0,3.0,0.0,,1.0,1.0,0.0,6
107763,3.0,4,5,,1.0,2.0,0.0,0.0,1.0,,1.0,2.0,1.0,0.0,1.0,5
107764,4.0,6,2,2.0,0.0,,1.0,3.0,0.0,,1.0,,0.0,1.0,0.0,6
107765,3.0,8,4,3.0,0.0,,1.0,3.0,1.0,2.0,0.0,,0.0,2.0,0.0,8
107766,3.0,5,3,2.0,0.0,,1.0,2.0,0.0,0.0,0.0,,1.0,2.0,0.0,5
107767,4.0,13,12,3.0,2.0,2.0,1.0,4.0,1.0,2.0,2.0,2.0,1.0,2.0,3.0,13
107768,3.0,2,3,,1.0,0.0,0.0,1.0,0.0,,2.0,0.0,0.0,1.0,0.0,3
107769,2.0,8,4,2.0,1.0,,1.0,4.0,0.0,2.0,1.0,,1.0,0.0,0.0,8
107770,4.0,12,10,4.0,1.0,3.0,1.0,3.0,0.0,3.0,1.0,2.0,1.0,3.0,0.0,12
107771,4.0,1,2,,0.0,,1.0,0.0,0.0,,0.0,,1.0,1.0,0.0,2
107772,2.0,6,5,,1.0,,1.0,4.0,0.0,,0.0,,1.0,4.0,0.0,6
107773,2.0,10,8,4.0,1.0,,1.0,4.0,0.0,4.0,1.0,,1.0,2.0,0.0,10
107774,4.0,7,4,2.0,0.0,,1.0,3.0,1.0,,0.0,,1.0,3.0,0.0,7
107775,3.0,1,6,,0.0,,1.0,0.0,0.0,4.0,0.0,,1.0,0.0,1.0,6
107776,2.0,8,1,3.0,0.0,,1.0,4.0,0.0,,0.0,,1.0,0.0,0.0,8
107777,4.0,7,4,1.0,1.0,,1.0,3.0,1.0,,2.0,,1.0,0.0,1.0,7
107778,2.0,10,11,3.0,1.0,,1.0,4.0,1.0,3.0,1.0,,1.0,4.0,2.0,11
107779,4.0,1,0,,0.0,,0.0,1.0,0.0,,0.0,,0.0,0.0,0.0,1
107780,1.0,10,7,3.0,0.0,,1.0,4.0,2.0,2.0,1.0,,1.0,2.0,1.0,10
107781,2.0,9,1,4.0,0.0,,1.0,4.0,0.0,,0.0,,0.0,1.0,0.0,9
107782,4.0,2,2,,0.0,,1.0,1.0,0.0,,0.0,,1.0,1.0,0.0,2
107783,3.0,3,3,,0.0,0.0,1.0,0.0,2.0,,0.0,0.0,1.0,0.0,2.0,3
107784,3.0,8,6,4.0,0.0,,1.0,3.0,0.0,2.0,0.0,,1.0,3.0,0.0,8
107785,4.0,5,3,1.0,0.0,,1.0,3.0,0.0,1.0,0.0,,0.0,2.0,0.0,5
107786,4.0,6,3,2.0,0.0,,1.0,2.0,1.0,,0.0,,1.0,1.0,1.0,6
107787,4.0,8,7,3.0,0.0,,1.0,4.0,0.0,3.0,0.0,0.0,1.0,3.0,0.0,8
107788,1.0,0,1,,0.0,,0.0,0.0,0.0,,0.0,,1.0,0.0,0.0,1
107789,3.0,9,10,4.0,0.0,,1.0,3.0,1.0,3.0,0.0,2.0,1.0,3.0,1.0,10
107790,2.0,9,2,3.0,1.0,,1.0,4.0,0.0,,1.0,,1.0,0.0,0.0,9
107791,1.0,1,1,,0.0,,1.0,0.0,0.0,,0.0,,1.0,0.0,0.0,1
107792,2.0,8,1,2.0,1.0,,1.0,4.0,0.0,,0.0,,1.0,0.0,0.0,8
107793,2.0,7,1,2.0,0.0,,1.0,4.0,0.0,,,,1.0,0.0,0.0,7
107794,3.0,2,1,,0.0,0.0,1.0,1.0,0.0,,0.0,0.0,1.0,0.0,0.0,2
107795,4.0,4,5,0.0,0.0,,1.0,3.0,0.0,1.0,0.0,,1.0,3.0,0.0,5
107796,4.0,3,4,0.0,0.0,,0.0,3.0,0.0,0.0,1.0,,0.0,3.0,0.0,4
107797,3.0,7,5,3.0,0.0,0.0,1.0,3.0,0.0,2.0,0.0,0.0,1.0,2.0,0.0,7
107798,3.0,5,5,,3.0,1.0,0.0,0.0,1.0,,3.0,1.0,1.0,0.0,0.0,5
107799,3.0,1,0,,0.0,,1.0,0.0,0.0,,0.0,,0.0,0.0,0.0,1
107800,1.0,1,10,,0.0,0.0,0.0,0.0,1.0,2.0,2.0,0.0,1.0,4.0,1.0,10
107801,2.0,6,3,,0.0,,1.0,4.0,1.0,,0.0,,1.0,0.0,2.0,6
107802,1.0,7,5,2.0,0.0,1.0,1.0,2.0,1.0,,0.0,1.0,1.0,2.0,1.0,7
107803,4.0,6,5,2.0,0.0,,1.0,3.0,0.0,2.0,0.0,,1.0,2.0,0.0,6
107804,4.0,4,7,,0.0,0.0,1.0,3.0,0.0,2.0,0.0,0.0,1.0,4.0,0.0,7
107805,3.0,15,15,1.0,3.0,4.0,1.0,2.0,4.0,1.0,3.0,4.0,1.0,2.0,4.0,15
107806,3.0,5,7,1.0,0.0,,1.0,3.0,0.0,3.0,,,1.0,3.0,0.0,7
107807,2.0,5,1,2.0,0.0,,1.0,2.0,0.0,,1.0,,0.0,0.0,0.0,5
107808,4.0,3,3,,0.0,,1.0,2.0,0.0,,0.0,,1.0,2.0,0.0,3
107809,4.0,1,0,,0.0,,1.0,0.0,0.0,,0.0,,0.0,0.0,0.0,1
107810,3.0,13,13,3.0,1.0,,1.0,4.0,4.0,2.0,2.0,,1.0,4.0,4.0,13
107811,2.0,7,2,1.0,1.0,,1.0,4.0,0.0,,1.0,,1.0,0.0,0.0,7
107812,3.0,6,8,,0.0,,1.0,2.0,3.0,,0.0,,1.0,3.0,4.0,8
107813,2.0,8,8,1.0,0.0,1.0,1.0,4.0,1.0,3.0,0.0,1.0,1.0,2.0,1.0,8
107814,3.0,7,6,2.0,0.0,0.0,1.0,4.0,0.0,,2.0,0.0,1.0,3.0,0.0,7
107815,3.0,9,4,3.0,1.0,,1.0,3.0,1.0,,2.0,0.0,1.0,0.0,1.0,9
107816,4.0,9,10,3.0,1.0,,1.0,4.0,0.0,3.0,2.0,,1.0,4.0,0.0,10
107817,3.0,2,2,,0.0,,0.0,0.0,2.0,,0.0,,0.0,0.0,2.0,2
107818,1.0,0,1,,0.0,,0.0,0.0,0.0,,,,1.0,0.0,,1
107819,3.0,4,1,2.0,0.0,0.0,1.0,1.0,0.0,,0.0,0.0,1.0,0.0,0.0,4
107820,1.0,2,0,,0.0,,1.0,1.0,0.0,,0.0,,0.0,0.0,0.0,2
107821,2.0,11,8,3.0,1.0,0.0,1.0,4.0,2.0,2.0,,0.0,1.0,3.0,2.0,11
107822,4.0,4,4,0.0,1.0,0.0,0.0,3.0,0.0,1.0,0.0,0.0,0.0,3.0,0.0,4
107823,1.0,8,11,,2.0,,1.0,4.0,1.0,3.0,2.0,,1.0,4.0,1.0,11
107824,3.0,1,1,,1.0,0.0,,,0.0,,1.0,0.0,,,0.0,1
107825,4.0,6,2,1.0,0.0,0.0,1.0,2.0,2.0,,0.0,0.0,1.0,0.0,1.0,6
107826,1.0,6,4,3.0,0.0,0.0,0.0,3.0,0.0,1.0,0.0,0.0,0.0,3.0,0.0,6
107827,1.0,5,7,0.0,0.0,,1.0,3.0,1.0,2.0,0.0,,1.0,3.0,1.0,7
107828,4.0,4,4,0.0,0.0,,1.0,3.0,0.0,1.0,0.0,,0.0,3.0,0.0,4
107829,3.0,3,5,,0.0,,1.0,1.0,1.0,1.0,1.0,,0.0,3.0,0.0,5
107830,4.0,6,5,2.0,0.0,3.0,1.0,0.0,0.0,2.0,0.0,3.0,0.0,0.0,0.0,6
107831,4.0,11,11,3.0,2.0,1.0,1.0,4.0,0.0,3.0,2.0,1.0,1.0,4.0,0.0,11
107832,3.0,9,10,2.0,0.0,1.0,1.0,4.0,1.0,3.0,0.0,1.0,1.0,4.0,1.0,10
107833,1.0,8,2,2.0,1.0,,1.0,4.0,0.0,,1.0,,1.0,0.0,0.0,8
107834,1.0,4,3,,0.0,,1.0,1.0,2.0,,0.0,,0.0,1.0,2.0,4
107835,4.0,6,5,3.0,0.0,,0.0,3.0,0.0,2.0,0.0,,0.0,3.0,0.0,6
107836,3.0,12,7,3.0,2.0,2.0,1.0,4.0,0.0,1.0,1.0,2.0,1.0,2.0,0.0,12
107837,3.0,2,4,,0.0,,0.0,2.0,0.0,,0.0,,1.0,3.0,0.0,4
107838,3.0,0,1,,0.0,,0.0,0.0,0.0,,0.0,,1.0,0.0,0.0,1
107839,3.0,6,5,,0.0,1.0,1.0,2.0,2.0,,,1.0,1.0,2.0,1.0,6
107840,2.0,3,1,,0.0,,1.0,2.0,0.0,,,,1.0,0.0,0.0,3
107841,2.0,11,8,2.0,1.0,2.0,1.0,4.0,1.0,4.0,1.0,1.0,1.0,0.0,1.0,11
107842,4.0,7,10,2.0,3.0,,1.0,0.0,1.0,2.0,2.0,1.0,1.0,3.0,1.0,10
107843,3.0,2,1,,0.0,0.0,0.0,1.0,1.0,,0.0,0.0,0.0,0.0,1.0,2
107844,1.0,3,5,,0.0,,1.0,0.0,2.0,,0.0,,1.0,1.0,3.0,5
107845,2.0,6,2,1.0,0.0,,1.0,4.0,0.0,,1.0,,1.0,0.0,0.0,6
107846,4.0,3,1,,0.0,,0.0,3.0,0.0,,0.0,,0.0,1.0,0.0,3
107847,4.0,7,8,2.0,0.0,,1.0,1.0,3.0,2.0,0.0,,1.0,3.0,2.0,8
107848,2.0,8,2,3.0,0.0,,1.0,4.0,0.0,,0.0,,1.0,0.0,1.0,8
107849,3.0,3,2,,1.0,1.0,1.0,0.0,0.0,,,1.0,1.0,0.0,0.0,3
107850,1.0,4,6,,1.0,,1.0,0.0,2.0,,1.0,,1.0,2.0,2.0,6
107851,3.0,3,1,,0.0,1.0,1.0,0.0,1.0,,,0.0,1.0,0.0,,3
107852,1.0,2,2,,0.0,0.0,1.0,1.0,0.0,,0.0,0.0,1.0,1.0,0.0,2
107853,3.0,9,7,4.0,0.0,0.0,1.0,3.0,1.0,2.0,0.0,0.0,1.0,3.0,1.0,9
107854,3.0,1,1,,0.0,,1.0,0.0,0.0,,0.0,,1.0,0.0,0.0,1
107855,4.0,4,2,,0.0,0.0,1.0,3.0,0.0,,0.0,0.0,0.0,2.0,0.0,4
107856,4.0,5,4,0.0,0.0,,1.0,4.0,0.0,0.0,0.0,0.0,0.0,4.0,0.0,5
107857,2.0,6,4,,1.0,0.0,1.0,4.0,0.0,,1.0,0.0,0.0,3.0,0.0,6
107858,4.0,3,4,0.0,0.0,,0.0,3.0,0.0,0.0,0.0,,1.0,3.0,0.0,4
107859,3.0,4,3,,2.0,,1.0,0.0,1.0,,2.0,,0.0,0.0,1.0,4
107860,4.0,4,5,,0.0,,1.0,3.0,0.0,1.0,0.0,,1.0,2.0,1.0,5
107861,3.0,8,8,3.0,0.0,,1.0,4.0,0.0,3.0,0.0,,1.0,4.0,0.0,8
107862,3.0,11,5,3.0,1.0,0.0,1.0,2.0,4.0,,1.0,0.0,0.0,0.0,4.0,11
107863,1.0,1,1,,0.0,,1.0,0.0,0.0,,0.0,,1.0,0.0,0.0,1
107864,3.0,0,3,,0.0,,0.0,0.0,0.0,,1.0,0.0,1.0,1.0,0.0,3
107865,4.0,3,3,,0.0,,0.0,3.0,0.0,,0.0,,0.0,3.0,0.0,3
107866,3.0,8,5,2.0,1.0,,1.0,4.0,0.0,1.0,1.0,,1.0,2.0,0.0,8
107867,3.0,9,10,2.0,0.0,0.0,1.0,2.0,4.0,1.0,1.0,0.0,1.0,3.0,4.0,10
107868,3.0,6,7,0.0,0.0,0.0,1.0,3.0,2.0,1.0,0.0,0.0,1.0,3.0,2.0,7
107869,4.0,6,14,,2.0,0.0,0.0,0.0,4.0,3.0,1.0,2.0,0.0,4.0,4.0,14
107870,3.0,1,1,,0.0,,1.0,0.0,0.0,,0.0,,1.0,0.0,0.0,1
107871,4.0,0,2,,0.0,,0.0,0.0,0.0,,0.0,,0.0,2.0,0.0,2
107872,3.0,7,7,2.0,0.0,0.0,1.0,4.0,0.0,2.0,0.0,0.0,1.0,4.0,0.0,7
107873,4.0,6,9,2.0,1.0,0.0,1.0,2.0,0.0,2.0,2.0,0.0,1.0,4.0,0.0,9
107874,2.0,9,3,4.0,0.0,,1.0,4.0,0.0,2.0,0.0,,1.0,0.0,0.0,9
107875,2.0,9,3,3.0,0.0,0.0,1.0,4.0,1.0,,1.0,0.0,1.0,0.0,1.0,9
107876,3.0,7,7,3.0,0.0,0.0,1.0,3.0,0.0,3.0,0.0,0.0,1.0,3.0,0.0,7
107877,3.0,9,10,3.0,0.0,0.0,1.0,3.0,2.0,3.0,,0.0,1.0,3.0,3.0,10
107878,4.0,1,1,,0.0,,1.0,0.0,0.0,,0.0,0.0,1.0,0.0,0.0,1
107879,2.0,9,3,3.0,1.0,,1.0,4.0,0.0,,1.0,,1.0,0.0,1.0,9
107880,2.0,9,4,3.0,1.0,,1.0,4.0,0.0,,1.0,,1.0,1.0,1.0,9
107881,1.0,7,7,2.0,1.0,0.0,1.0,3.0,0.0,2.0,2.0,0.0,1.0,2.0,0.0,7
107882,4.0,6,1,1.0,0.0,,1.0,4.0,0.0,,0.0,,0.0,1.0,0.0,6
107883,3.0,6,8,,3.0,0.0,0.0,2.0,1.0,2.0,2.0,0.0,0.0,1.0,3.0,8
107884,4.0,1,1,,1.0,,0.0,0.0,0.0,,1.0,,0.0,0.0,0.0,1
107885,1.0,2,2,,0.0,,1.0,0.0,1.0,,0.0,,1.0,0.0,1.0,2
107886,4.0,11,11,4.0,2.0,0.0,1.0,4.0,0.0,3.0,2.0,0.0,1.0,4.0,1.0,11
107887,3.0,12,11,3.0,0.0,2.0,1.0,4.0,2.0,3.0,1.0,2.0,1.0,2.0,2.0,12
107888,2.0,10,3,2.0,2.0,,1.0,4.0,1.0,,1.0,,1.0,0.0,1.0,10
107889,4.0,3,2,,0.0,,1.0,2.0,0.0,,0.0,,0.0,2.0,0.0,3
107890,4.0,7,7,2.0,0.0,,1.0,4.0,0.0,2.0,0.0,,1.0,4.0,0.0,7
107891,2.0,1,2,,1.0,,,,0.0,,1.0,,,,1.0,2
107892,4.0,4,3,,1.0,0.0,1.0,1.0,1.0,,1.0,0.0,1.0,0.0,1.0,4
107893,3.0,9,8,4.0,0.0,0.0,1.0,4.0,0.0,3.0,0.0,0.0,1.0,4.0,0.0,9
107894,1.0,2,2,,0.0,,1.0,0.0,1.0,,0.0,,1.0,0.0,1.0,2
107895,4.0,3,4,,0.0,0.0,0.0,3.0,0.0,,,0.0,1.0,3.0,0.0,4
107896,4.0,8,6,3.0,0.0,,1.0,4.0,0.0,2.0,0.0,,0.0,4.0,0.0,8
107897,4.0,7,8,1.0,0.0,0.0,1.0,3.0,2.0,1.0,0.0,0.0,1.0,4.0,2.0,8
107898,4.0,8,1,3.0,0.0,,1.0,4.0,0.0,,0.0,,1.0,0.0,0.0,8
107899,3.0,8,6,1.0,0.0,2.0,1.0,1.0,3.0,,,2.0,1.0,3.0,,8
107900,3.0,1,3,,0.0,,1.0,0.0,0.0,2.0,0.0,,1.0,0.0,0.0,3
107901,2.0,9,2,2.0,1.0,0.0,1.0,4.0,1.0,,1.0,0.0,0.0,0.0,1.0,9
107902,2.0,8,4,2.0,0.0,,1.0,4.0,1.0,2.0,0.0,,1.0,0.0,1.0,8
107903,3.0,9,3,4.0,0.0,,1.0,4.0,0.0,0.0,0.0,,0.0,3.0,0.0,9
107904,3.0,2,2,,0.0,0.0,1.0,0.0,1.0,,1.0,0.0,1.0,0.0,0.0,2
107905,1.0,7,6,0.0,0.0,1.0,1.0,4.0,1.0,0.0,0.0,1.0,1.0,4.0,0.0,7
107906,1.0,8,3,2.0,1.0,,1.0,4.0,0.0,2.0,0.0,,0.0,1.0,0.0,8
107907,3.0,3,2,,0.0,0.0,1.0,2.0,0.0,,0.0,0.0,1.0,1.0,0.0,3
107908,3.0,7,7,2.0,1.0,,1.0,3.0,0.0,2.0,1.0,,1.0,3.0,0.0,7
107909,3.0,4,0,,0.0,,1.0,3.0,0.0,,0.0,,0.0,0.0,0.0,4
107910,3.0,1,1,,,,1.0,0.0,0.0,,,,1.0,0.0,0.0,1
107911,4.0,8,8,3.0,0.0,,1.0,4.0,0.0,3.0,0.0,,1.0,3.0,1.0,8
107912,1.0,1,2,,0.0,,1.0,0.0,0.0,,0.0,,1.0,0.0,1.0,2
107913,3.0,2,1,,0.0,0.0,1.0,1.0,0.0,,0.0,0.0,1.0,0.0,0.0,2
107914,3.0,7,2,2.0,0.0,,1.0,3.0,1.0,,0.0,,1.0,0.0,1.0,7
107915,4.0,2,1,,1.0,,0.0,1.0,0.0,,0.0,,0.0,1.0,0.0,2
107916,3.0,4,0,1.0,0.0,,0.0,3.0,0.0,,0.0,,0.0,0.0,0.0,4
107917,1.0,8,5,2.0,1.0,0.0,1.0,4.0,0.0,1.0,0.0,0.0,1.0,3.0,0.0,8
107918,3.0,5,4,,0.0,,1.0,3.0,1.0,,0.0,,0.0,3.0,1.0,5
107919,4.0,6,7,3.0,0.0,,0.0,3.0,0.0,3.0,0.0,,0.0,4.0,0.0,7
107920,4.0,14,12,3.0,2.0,4.0,1.0,4.0,0.0,3.0,2.0,4.0,0.0,3.0,0.0,14
107921,1.0,15,13,4.0,1.0,1.0,1.0,4.0,4.0,2.0,1.0,1.0,1.0,4.0,4.0,15
107922,3.0,8,5,3.0,0.0,,1.0,4.0,0.0,1.0,0.0,,1.0,3.0,0.0,8
107923,4.0,1,2,0.0,0.0,,1.0,0.0,0.0,,1.0,,1.0,0.0,0.0,2
107924,4.0,3,2,,0.0,1.0,1.0,0.0,1.0,,0.0,1.0,1.0,0.0,0.0,3
107925,3.0,2,2,,0.0,,1.0,1.0,0.0,,1.0,,1.0,0.0,0.0,2
107926,4.0,0,1,,0.0,,0.0,0.0,0.0,,0.0,,1.0,0.0,0.0,1
107927,3.0,3,2,,0.0,0.0,0.0,3.0,0.0,,0.0,0.0,0.0,2.0,0.0,3
107928,4.0,8,4,2.0,2.0,2.0,0.0,2.0,0.0,,2.0,2.0,0.0,0.0,0.0,8
107929,3.0,7,8,2.0,0.0,0.0,1.0,3.0,1.0,3.0,1.0,0.0,1.0,3.0,0.0,8
107930,1.0,2,2,,0.0,1.0,1.0,0.0,0.0,,0.0,1.0,1.0,0.0,0.0,2
107931,3.0,2,5,,0.0,,0.0,0.0,2.0,,0.0,2.0,1.0,0.0,2.0,5
107932,1.0,8,3,3.0,0.0,,1.0,3.0,1.0,,0.0,,1.0,1.0,1.0,8
107933,3.0,6,5,4.0,0.0,,1.0,1.0,0.0,2.0,0.0,,1.0,2.0,0.0,6
107934,2.0,11,6,4.0,2.0,,1.0,4.0,0.0,3.0,1.0,,0.0,2.0,0.0,11
107935,3.0,6,8,0.0,0.0,0.0,1.0,4.0,1.0,2.0,0.0,0.0,1.0,4.0,1.0,8
107936,4.0,6,5,2.0,0.0,0.0,1.0,3.0,0.0,2.0,0.0,0.0,0.0,3.0,0.0,6
107937,4.0,2,1,,0.0,,1.0,1.0,0.0,,0.0,,1.0,0.0,0.0,2
107938,4.0,6,3,1.0,0.0,0.0,1.0,4.0,0.0,0.0,0.0,0.0,1.0,2.0,0.0,6
107939,1.0,1,1,,0.0,,0.0,0.0,1.0,,0.0,,1.0,0.0,0.0,1
107940,1.0,3,7,,1.0,0.0,1.0,0.0,1.0,,1.0,0.0,1.0,4.0,1.0,7
107941,1.0,1,9,,,0.0,1.0,0.0,,2.0,2.0,0.0,1.0,4.0,0.0,9
107942,3.0,2,3,,1.0,,1.0,0.0,0.0,,2.0,,1.0,0.0,0.0,3
107943,2.0,2,5,2.0,,,0.0,,,1.0,,,1.0,3.0,0.0,5
107944,3.0,5,1,3.0,0.0,0.0,1.0,1.0,0.0,,0.0,0.0,1.0,0.0,0.0,5
107945,3.0,6,6,0.0,0.0,2.0,0.0,4.0,0.0,0.0,1.0,2.0,0.0,3.0,0.0,6
107946,4.0,15,14,4.0,1.0,2.0,1.0,4.0,3.0,3.0,2.0,2.0,1.0,3.0,3.0,15
107947,2.0,8,4,2.0,1.0,,1.0,4.0,0.0,2.0,1.0,,1.0,0.0,0.0,8
107948,1.0,2,4,,0.0,,1.0,0.0,1.0,,1.0,,1.0,0.0,2.0,4
107949,3.0,1,0,,0.0,,0.0,1.0,0.0,,0.0,0.0,0.0,0.0,0.0,1
107950,4.0,9,1,3.0,0.0,,1.0,4.0,1.0,,0.0,,0.0,0.0,1.0,9
107951,1.0,8,4,2.0,1.0,0.0,1.0,4.0,0.0,2.0,0.0,0.0,1.0,1.0,0.0,8
107952,4.0,8,10,2.0,0.0,1.0,1.0,4.0,0.0,4.0,1.0,1.0,1.0,3.0,0.0,10
107953,1.0,0,1,,0.0,0.0,0.0,0.0,0.0,,0.0,0.0,1.0,0.0,0.0,1
107954,1.0,9,9,2.0,0.0,2.0,1.0,3.0,1.0,2.0,0.0,2.0,1.0,3.0,1.0,9
107955,3.0,6,8,3.0,0.0,0.0,0.0,1.0,2.0,4.0,0.0,0.0,0.0,3.0,1.0,8
107956,4.0,10,9,4.0,0.0,,1.0,4.0,1.0,3.0,0.0,,1.0,4.0,1.0,10
107957,2.0,11,6,3.0,2.0,,1.0,4.0,1.0,,2.0,,1.0,1.0,2.0,11
107958,4.0,4,1,,2.0,0.0,0.0,2.0,0.0,,1.0,0.0,0.0,0.0,0.0,4
107959,2.0,7,0,2.0,0.0,,1.0,4.0,0.0,,0.0,,0.0,0.0,0.0,7
107960,3.0,4,1,,0.0,,1.0,3.0,0.0,,0.0,,1.0,0.0,0.0,4
107961,4.0,2,1,,0.0,,1.0,1.0,0.0,,0.0,,0.0,0.0,1.0,2
107962,1.0,1,1,,0.0,0.0,0.0,0.0,1.0,,0.0,0.0,0.0,0.0,1.0,1
107963,4.0,9,2,3.0,1.0,,1.0,4.0,0.0,,1.0,,1.0,0.0,0.0,9
107964,2.0,0,0,,0.0,0.0,0.0,0.0,0.0,,0.0,0.0,0.0,0.0,0.0,0
107965,2.0,8,0,3.0,0.0,,1.0,4.0,0.0,,,,0.0,0.0,0.0,8
107966,1.0,5,3,4.0,0.0,0.0,0.0,0.0,1.0,2.0,0.0,0.0,0.0,0.0,1.0,5
107967,2.0,10,3,3.0,1.0,,1.0,4.0,1.0,,1.0,,0.0,2.0,0.0,10
107968,3.0,5,6,,1.0,2.0,1.0,1.0,0.0,,2.0,3.0,1.0,0.0,0.0,6
107969,1.0,1,3,,0.0,,1.0,0.0,0.0,,1.0,,1.0,0.0,1.0,3
107970,2.0,8,0,3.0,0.0,0.0,1.0,4.0,0.0,,0.0,0.0,0.0,0.0,0.0,8
107971,4.0,2,5,,,,1.0,1.0,0.0,,1.0,,1.0,2.0,1.0,5
107972,3.0,13,18,0.0,3.0,2.0,1.0,4.0,3.0,4.0,3.0,3.0,1.0,4.0,3.0,18
107973,2.0,3,2,,0.0,0.0,1.0,0.0,2.0,,0.0,0.0,1.0,0.0,1.0,3
107974,3.0,8,8,2.0,0.0,0.0,1.0,3.0,2.0,3.0,0.0,0.0,1.0,3.0,1.0,8
107975,4.0,7,8,1.0,2.0,,1.0,3.0,0.0,2.0,2.0,,1.0,3.0,0.0,8
107976,4.0,3,2,0.0,1.0,,0.0,2.0,0.0,,1.0,,1.0,0.0,0.0,3
107977,4.0,4,3,0.0,0.0,0.0,1.0,3.0,0.0,,0.0,0.0,1.0,2.0,0.0,4
107978,4.0,3,3,,0.0,2.0,0.0,1.0,0.0,,0.0,2.0,0.0,1.0,0.0,3
107979,1.0,1,0,,0.0,,1.0,0.0,0.0,,0.0,,0.0,0.0,0.0,1
107980,3.0,6,6,,2.0,0.0,0.0,0.0,4.0,,2.0,0.0,0.0,0.0,4.0,6
107981,1.0,6,9,2.0,0.0,0.0,1.0,3.0,0.0,2.0,0.0,0.0,1.0,3.0,3.0,9
107982,1.0,4,5,,0.0,,1.0,1.0,2.0,2.0,0.0,,1.0,0.0,2.0,5
107983,3.0,8,8,,0.0,3.0,1.0,1.0,3.0,,0.0,3.0,1.0,2.0,2.0,8
107984,3.0,5,2,,1.0,2.0,0.0,2.0,0.0,,0.0,1.0,0.0,1.0,0.0,5
107985,2.0,7,6,2.0,,,1.0,4.0,0.0,1.0,1.0,0.0,1.0,3.0,0.0,7
107986,3.0,4,5,,0.0,,0.0,4.0,0.0,,,,1.0,4.0,,5
107987,4.0,8,13,3.0,1.0,0.0,1.0,3.0,0.0,3.0,1.0,1.0,1.0,4.0,3.0,13
107988,3.0,1,2,,0.0,0.0,1.0,0.0,0.0,,0.0,0.0,1.0,1.0,0.0,2
107989,3.0,1,7,,,,1.0,0.0,,4.0,0.0,,1.0,2.0,0.0,7
107990,3.0,7,4,,1.0,0.0,1.0,3.0,2.0,,1.0,0.0,1.0,2.0,0.0,7
107991,3.0,5,6,,1.0,3.0,1.0,0.0,0.0,,1.0,3.0,1.0,0.0,1.0,6
107992,3.0,8,13,3.0,1.0,,0.0,4.0,0.0,4.0,1.0,3.0,1.0,4.0,0.0,13
107993,3.0,8,6,3.0,0.0,0.0,1.0,3.0,1.0,2.0,0.0,0.0,1.0,2.0,1.0,8
107994,3.0,5,2,2.0,2.0,,1.0,0.0,0.0,,2.0,,0.0,0.0,0.0,5
107995,3.0,0,5,,,,,,,1.0,,,1.0,3.0,0.0,5
107996,2.0,10,10,4.0,0.0,0.0,1.0,4.0,1.0,4.0,1.0,0.0,1.0,4.0,0.0,10
107997,4.0,13,14,2.0,1.0,2.0,1.0,3.0,4.0,3.0,2.0,2.0,1.0,3.0,3.0,14
107998,3.0,1,2,,0.0,,1.0,0.0,0.0,,0.0,,1.0,1.0,0.0,2
107999,3.0,4,1,2.0,0.0,,1.0,0.0,1.0,,0.0,,0.0,0.0,1.0,4
108000,3.0,10,9,4.0,0.0,0.0,0.0,4.0,2.0,4.0,0.0,0.0,0.0,4.0,1.0,10
108001,2.0,6,2,2.0,1.0,,1.0,2.0,0.0,,0.0,,1.0,0.0,1.0,6
108002,1.0,2,3,,1.0,,1.0,0.0,0.0,,1.0,,1.0,1.0,0.0,3
108003,2.0,0,0,,0.0,,,,0.0,,,,,,0.0,0
108004,2.0,6,1,1.0,0.0,,1.0,4.0,0.0,,0.0,,1.0,0.0,0.0,6
108005,2.0,11,3,4.0,1.0,,1.0,4.0,1.0,,1.0,,1.0,0.0,1.0,11
108006,4.0,6,4,0.0,0.0,0.0,1.0,4.0,1.0,,0.0,0.0,1.0,0.0,3.0,6
108007,3.0,0,1,,0.0,0.0,0.0,0.0,0.0,,0.0,0.0,1.0,0.0,0.0,1
108008,2.0,10,3,4.0,0.0,,1.0,4.0,1.0,,0.0,,1.0,0.0,2.0,10
108009,4.0,4,6,,0.0,,0.0,4.0,0.0,0.0,0.0,0.0,1.0,4.0,1.0,6
108010,1.0,1,2,,0.0,,0.0,0.0,1.0,,0.0,,1.0,0.0,1.0,2
108011,3.0,4,3,,0.0,0.0,1.0,1.0,2.0,,0.0,0.0,1.0,0.0,2.0,4
108012,2.0,9,4,3.0,1.0,,1.0,4.0,0.0,2.0,1.0,,1.0,0.0,0.0,9
108013,3.0,3,3,,1.0,0.0,1.0,0.0,1.0,,2.0,0.0,0.0,0.0,1.0,3
108014,4.0,8,7,2.0,1.0,,1.0,4.0,0.0,2.0,1.0,0.0,1.0,3.0,0.0,8
108015,1.0,6,10,3.0,0.0,,1.0,1.0,1.0,4.0,0.0,,0.0,3.0,3.0,10
108016,4.0,4,7,0.0,0.0,,1.0,3.0,0.0,3.0,0.0,,1.0,3.0,0.0,7
108017,3.0,9,10,,2.0,4.0,0.0,2.0,1.0,,2.0,4.0,0.0,3.0,1.0,10
108018,3.0,3,5,,2.0,,1.0,0.0,0.0,,2.0,,1.0,2.0,0.0,5
108019,3.0,9,8,4.0,0.0,0.0,1.0,4.0,0.0,3.0,0.0,0.0,1.0,4.0,0.0,9
108020,2.0,8,2,2.0,1.0,,1.0,4.0,0.0,,1.0,,1.0,0.0,0.0,8
108021,1.0,2,2,,1.0,,1.0,0.0,0.0,,0.0,,1.0,1.0,0.0,2
108022,4.0,5,4,1.0,0.0,,1.0,3.0,0.0,1.0,0.0,,1.0,2.0,0.0,5
108023,1.0,1,1,,0.0,,1.0,0.0,0.0,,0.0,,1.0,0.0,0.0,1
108024,1.0,3,2,,1.0,,1.0,1.0,0.0,,1.0,,1.0,0.0,0.0,3
108025,1.0,4,3,,1.0,,1.0,0.0,2.0,,1.0,,0.0,0.0,2.0,4
108026,4.0,1,0,,0.0,0.0,1.0,0.0,0.0,,0.0,0.0,0.0,0.0,0.0,1
108027,4.0,9,9,2.0,0.0,3.0,1.0,2.0,1.0,2.0,0.0,3.0,1.0,2.0,1.0,9
108028,2.0,7,8,2.0,0.0,,1.0,4.0,0.0,4.0,1.0,,1.0,2.0,0.0,8
108029,3.0,7,6,3.0,0.0,1.0,1.0,0.0,2.0,,1.0,1.0,1.0,1.0,2.0,7
108030,2.0,9,4,3.0,1.0,,1.0,4.0,0.0,2.0,1.0,,1.0,0.0,0.0,9
108031,1.0,0,1,,0.0,0.0,0.0,0.0,0.0,,0.0,0.0,1.0,0.0,0.0,1
108032,2.0,10,3,3.0,0.0,2.0,1.0,4.0,0.0,,0.0,2.0,1.0,0.0,0.0,10
108033,2.0,0,1,,0.0,0.0,0.0,0.0,0.0,,0.0,0.0,1.0,0.0,0.0,1
108034,3.0,5,2,2.0,2.0,,1.0,0.0,0.0,,1.0,0.0,1.0,0.0,0.0,5
108035,3.0,7,7,2.0,0.0,,1.0,4.0,0.0,3.0,0.0,,1.0,3.0,0.0,7
108036,3.0,5,5,,2.0,2.0,1.0,0.0,0.0,,2.0,2.0,0.0,1.0,0.0,5
108037,4.0,4,5,0.0,0.0,,0.0,4.0,0.0,2.0,0.0,,0.0,3.0,0.0,5
108038,2.0,8,1,4.0,0.0,,1.0,3.0,0.0,,0.0,,1.0,0.0,0.0,8
108039,2.0,1,1,,0.0,,1.0,0.0,0.0,,0.0,,1.0,0.0,0.0,1
108040,3.0,8,6,4.0,2.0,,1.0,1.0,0.0,1.0,1.0,,1.0,3.0,0.0,8
108041,2.0,9,1,3.0,1.0,,1.0,4.0,0.0,,1.0,,0.0,0.0,0.0,9
108042,4.0,6,0,0.0,0.0,,1.0,2.0,3.0,,0.0,0.0,0.0,0.0,0.0,6
108043,4.0,12,10,4.0,2.0,,1.0,4.0,1.0,3.0,2.0,,1.0,3.0,1.0,12
108044,1.0,2,2,,1.0,,1.0,0.0,0.0,,1.0,,1.0,0.0,0.0,2
108045,3.0,4,4,,0.0,,1.0,1.0,2.0,,0.0,,1.0,1.0,2.0,4
108046,4.0,7,3,2.0,0.0,,1.0,4.0,0.0,0.0,0.0,,0.0,3.0,0.0,7
108047,3.0,7,6,,2.0,2.0,1.0,1.0,1.0,,2.0,2.0,0.0,1.0,1.0,7
108048,2.0,8,3,2.0,1.0,,1.0,4.0,0.0,,1.0,,0.0,2.0,0.0,8
108049,2.0,8,2,3.0,0.0,,1.0,4.0,0.0,2.0,0.0,,0.0,0.0,0.0,8
108050,1.0,5,2,2.0,1.0,,1.0,1.0,0.0,,1.0,,1.0,0.0,0.0,5
108051,4.0,3,1,0.0,0.0,,0.0,3.0,0.0,,0.0,,0.0,1.0,0.0,3
108052,3.0,1,0,,0.0,0.0,1.0,0.0,0.0,,0.0,0.0,0.0,0.0,0.0,1
108053,1.0,8,4,3.0,0.0,0.0,1.0,4.0,0.0,,0.0,0.0,1.0,3.0,0.0,8
108054,4.0,1,3,,1.0,,0.0,0.0,0.0,,2.0,,0.0,1.0,0.0,3
108055,4.0,5,5,2.0,0.0,,0.0,3.0,0.0,3.0,0.0,,0.0,2.0,0.0,5
108056,3.0,8,9,3.0,,,0.0,3.0,2.0,2.0,2.0,,0.0,3.0,2.0,9
108057,3.0,2,3,,2.0,,,,0.0,,1.0,2.0,,,0.0,3
108058,3.0,12,7,3.0,3.0,2.0,0.0,3.0,1.0,,3.0,1.0,0.0,2.0,1.0,12
108059,3.0,10,11,2.0,0.0,3.0,1.0,3.0,1.0,2.0,1.0,3.0,1.0,3.0,1.0,11
108060,1.0,9,7,3.0,0.0,0.0,1.0,3.0,2.0,1.0,0.0,0.0,1.0,3.0,2.0,9
108061,4.0,10,9,2.0,3.0,,1.0,4.0,0.0,1.0,3.0,0.0,1.0,4.0,0.0,10
108062,3.0,1,1,,0.0,,1.0,0.0,0.0,,0.0,,1.0,0.0,0.0,1
108063,4.0,10,8,3.0,2.0,,1.0,4.0,0.0,2.0,2.0,,1.0,3.0,0.0,10
108064,2.0,8,2,4.0,1.0,,1.0,2.0,0.0,,1.0,,1.0,0.0,0.0,8
108065,3.0,3,1,,1.0,0.0,1.0,0.0,1.0,,1.0,0.0,0.0,0.0,0.0,3
108066,3.0,6,3,2.0,0.0,,1.0,3.0,0.0,2.0,0.0,,0.0,1.0,0.0,6
108067,3.0,1,1,,0.0,,1.0,0.0,0.0,,0.0,,1.0,0.0,0.0,1
108068,4.0,7,4,3.0,0.0,,0.0,4.0,0.0,2.0,0.0,,0.0,2.0,0.0,7
108069,3.0,4,3,,2.0,1.0,1.0,0.0,0.0,,2.0,1.0,0.0,0.0,0.0,4
108070,3.0,9,8,,3.0,1.0,1.0,1.0,3.0,,3.0,1.0,1.0,0.0,3.0,9
108071,1.0,0,1,,0.0,0.0,0.0,0.0,0.0,,,0.0,1.0,0.0,0.0,1
108072,3.0,3,2,,0.0,,1.0,2.0,0.0,,0.0,,0.0,2.0,0.0,3
108073,4.0,6,7,2.0,0.0,,1.0,3.0,0.0,2.0,1.0,,0.0,4.0,0.0,7
108074,3.0,12,14,,3.0,4.0,1.0,0.0,4.0,,2.0,4.0,1.0,3.0,4.0,14
108075,3.0,2,2,,0.0,0.0,1.0,0.0,1.0,2.0,0.0,0.0,0.0,0.0,0.0,2
108076,2.0,9,5,2.0,1.0,,1.0,4.0,1.0,2.0,1.0,,1.0,,1.0,9
108077,3.0,1,0,,0.0,,1.0,0.0,0.0,,0.0,,0.0,0.0,0.0,1
108078,2.0,6,4,3.0,0.0,,1.0,2.0,0.0,4.0,0.0,,0.0,0.0,0.0,6
108079,4.0,2,3,,0.0,,0.0,2.0,0.0,,0.0,,1.0,2.0,0.0,3
108080,2.0,10,9,3.0,2.0,,1.0,4.0,0.0,2.0,2.0,,1.0,4.0,0.0,10
108081,1.0,5,5,,0.0,,1.0,4.0,0.0,,1.0,,0.0,4.0,0.0,5
108082,3.0,2,1,,1.0,1.0,0.0,0.0,0.0,,0.0,0.0,0.0,1.0,0.0,2
108083,3.0,7,3,2.0,0.0,0.0,1.0,4.0,0.0,,1.0,0.0,1.0,1.0,0.0,7
108084,4.0,5,5,0.0,0.0,,1.0,4.0,0.0,0.0,0.0,,1.0,4.0,0.0,5
108085,2.0,12,6,3.0,0.0,,1.0,4.0,4.0,,1.0,,1.0,0.0,4.0,12
108086,4.0,3,2,2.0,0.0,,0.0,1.0,0.0,1.0,0.0,,1.0,0.0,0.0,3
108087,2.0,4,5,0.0,1.0,,1.0,2.0,0.0,1.0,1.0,,1.0,2.0,0.0,5
108088,3.0,5,5,0.0,0.0,0.0,1.0,4.0,0.0,,0.0,0.0,1.0,4.0,0.0,5
108089,2.0,6,4,1.0,0.0,0.0,1.0,4.0,0.0,1.0,0.0,0.0,1.0,2.0,0.0,6
108090,4.0,4,4,,1.0,,1.0,2.0,0.0,,2.0,,1.0,1.0,0.0,4
108091,3.0,5,2,2.0,0.0,0.0,1.0,0.0,2.0,2.0,0.0,0.0,0.0,0.0,0.0,5
108092,3.0,13,11,3.0,2.0,2.0,1.0,4.0,1.0,2.0,2.0,2.0,1.0,3.0,1.0,13
108093,2.0,7,2,1.0,1.0,,1.0,4.0,0.0,,1.0,0.0,1.0,0.0,0.0,7
108094,4.0,0,0,,0.0,,0.0,0.0,0.0,,0.0,,0.0,0.0,0.0,0
108095,3.0,9,10,2.0,0.0,0.0,1.0,3.0,3.0,3.0,0.0,0.0,1.0,3.0,3.0,10
108096,3.0,8,3,3.0,0.0,2.0,1.0,2.0,0.0,,0.0,1.0,0.0,2.0,0.0,8
108097,2.0,7,5,3.0,0.0,,1.0,2.0,1.0,2.0,0.0,,0.0,2.0,1.0,7
108098,3.0,12,11,3.0,2.0,1.0,1.0,4.0,1.0,3.0,3.0,1.0,1.0,3.0,0.0,12
108099,2.0,3,0,,0.0,,1.0,2.0,0.0,,,,0.0,0.0,0.0,3
108100,3.0,1,0,,0.0,,1.0,0.0,0.0,,0.0,,0.0,0.0,0.0,1
108101,3.0,8,8,4.0,0.0,0.0,1.0,3.0,0.0,3.0,1.0,0.0,1.0,3.0,0.0,8
108102,4.0,6,1,2.0,0.0,,0.0,4.0,0.0,,0.0,,0.0,1.0,0.0,6
108103,4.0,2,0,,0.0,,1.0,1.0,0.0,,0.0,,0.0,0.0,0.0,2
108104,2.0,13,17,3.0,1.0,2.0,1.0,4.0,2.0,3.0,3.0,3.0,1.0,4.0,3.0,17
108105,4.0,2,2,,0.0,,1.0,1.0,0.0,,0.0,,1.0,1.0,0.0,2
108106,2.0,6,2,1.0,0.0,,1.0,4.0,0.0,,0.0,,1.0,0.0,1.0,6
108107,1.0,1,1,,,,1.0,0.0,0.0,,,,1.0,0.0,0.0,1
108108,3.0,11,10,2.0,0.0,1.0,1.0,4.0,3.0,3.0,0.0,0.0,0.0,4.0,3.0,11
108109,3.0,2,1,,0.0,,1.0,1.0,0.0,,,,1.0,0.0,0.0,2
108110,1.0,1,1,,0.0,,1.0,0.0,0.0,,0.0,,1.0,0.0,0.0,1
108111,1.0,1,1,,0.0,,1.0,0.0,0.0,,0.0,,1.0,0.0,0.0,1
108112,4.0,6,6,3.0,0.0,,0.0,3.0,0.0,2.0,0.0,,1.0,3.0,0.0,6
108113,4.0,6,6,2.0,0.0,,1.0,3.0,0.0,2.0,0.0,,1.0,3.0,0.0,6
108114,4.0,11,7,4.0,2.0,,1.0,4.0,0.0,2.0,2.0,,1.0,2.0,0.0,11
108115,1.0,8,4,3.0,0.0,,1.0,3.0,1.0,,0.0,,1.0,3.0,0.0,8
108116,3.0,4,3,,2.0,,1.0,1.0,0.0,,2.0,,1.0,0.0,0.0,4
108117,3.0,4,2,,,,1.0,3.0,0.0,,0.0,,0.0,2.0,0.0,4
108118,3.0,4,5,,0.0,,0.0,2.0,2.0,,0.0,,0.0,3.0,2.0,5
108119,2.0,7,2,2.0,1.0,,1.0,3.0,0.0,,1.0,,1.0,0.0,0.0,7
108120,2.0,8,7,2.0,1.0,,1.0,4.0,0.0,2.0,2.0,,1.0,2.0,0.0,8
108121,4.0,1,3,,0.0,0.0,1.0,0.0,0.0,1.0,0.0,0.0,1.0,1.0,0.0,3
108122,4.0,6,2,2.0,0.0,0.0,1.0,3.0,0.0,,0.0,0.0,0.0,2.0,0.0,6
108123,4.0,7,6,,2.0,2.0,1.0,1.0,1.0,,2.0,2.0,1.0,0.0,1.0,7
108124,3.0,8,7,,,,1.0,3.0,4.0,,0.0,0.0,1.0,2.0,4.0,8
108125,4.0,2,4,,0.0,,1.0,1.0,0.0,,0.0,,1.0,3.0,0.0,4
108126,3.0,6,5,,0.0,0.0,1.0,1.0,4.0,,,0.0,1.0,4.0,,6
108127,4.0,4,2,2.0,1.0,,1.0,0.0,0.0,,1.0,0.0,1.0,0.0,0.0,4
108128,1.0,15,12,3.0,2.0,2.0,1.0,4.0,3.0,2.0,2.0,1.0,1.0,4.0,2.0,15
108129,3.0,8,8,,2.0,0.0,0.0,2.0,4.0,,2.0,0.0,1.0,1.0,4.0,8
108130,2.0,11,8,3.0,2.0,,1.0,4.0,1.0,3.0,1.0,,1.0,2.0,1.0,11
108131,3.0,4,2,,0.0,0.0,1.0,2.0,1.0,,0.0,0.0,1.0,1.0,0.0,4
108132,3.0,6,6,,0.0,4.0,1.0,1.0,0.0,,2.0,4.0,0.0,0.0,0.0,6
108133,3.0,1,1,,0.0,,1.0,0.0,0.0,,0.0,,1.0,0.0,0.0,1
108134,1.0,1,1,,0.0,0.0,1.0,0.0,0.0,,0.0,0.0,1.0,0.0,0.0,1
108135,3.0,10,11,3.0,2.0,0.0,1.0,3.0,1.0,3.0,2.0,0.0,0.0,3.0,3.0,11
108136,1.0,2,6,,0.0,1.0,0.0,1.0,0.0,,0.0,1.0,1.0,4.0,0.0,6
108137,4.0,1,0,,0.0,0.0,0.0,1.0,0.0,,0.0,0.0,0.0,0.0,0.0,1
108138,3.0,10,6,1.0,3.0,2.0,0.0,4.0,0.0,0.0,2.0,2.0,0.0,2.0,0.0,10
108139,3.0,10,8,4.0,2.0,,0.0,3.0,1.0,2.0,2.0,,0.0,3.0,1.0,10
108140,1.0,2,1,,0.0,,1.0,1.0,0.0,,0.0,,1.0,0.0,0.0,2
108141,1.0,2,8,,0.0,,1.0,0.0,1.0,2.0,0.0,0.0,1.0,4.0,1.0,8
108142,2.0,7,0,2.0,0.0,,1.0,4.0,0.0,,0.0,,0.0,0.0,0.0,7
108143,3.0,2,2,,0.0,,1.0,0.0,1.0,,0.0,,1.0,0.0,1.0,2
108144,4.0,6,3,2.0,1.0,,1.0,2.0,0.0,,1.0,,1.0,1.0,0.0,6
108145,4.0,6,4,2.0,0.0,,1.0,3.0,0.0,1.0,0.0,,0.0,3.0,0.0,6
108146,4.0,5,4,2.0,0.0,,0.0,3.0,0.0,1.0,0.0,,0.0,3.0,0.0,5
108147,2.0,1,0,,0.0,,0.0,0.0,1.0,,0.0,,0.0,0.0,0.0,1
108148,4.0,5,4,,0.0,,1.0,3.0,1.0,,0.0,,1.0,2.0,1.0,5
108149,4.0,2,5,,0.0,,1.0,1.0,0.0,1.0,0.0,,1.0,3.0,0.0,5
108150,1.0,2,2,,0.0,,1.0,0.0,1.0,,0.0,,1.0,0.0,1.0,2
108151,3.0,1,1,,0.0,0.0,1.0,0.0,0.0,,0.0,0.0,1.0,0.0,0.0,1
108152,3.0,7,9,3.0,0.0,0.0,1.0,3.0,0.0,4.0,1.0,0.0,1.0,3.0,0.0,9
108153,4.0,7,6,2.0,,,1.0,4.0,0.0,3.0,,,0.0,3.0,0.0,7
108154,3.0,2,1,,0.0,0.0,0.0,1.0,1.0,,0.0,0.0,1.0,0.0,0.0,2
108155,3.0,3,2,2.0,0.0,,0.0,1.0,0.0,,0.0,,1.0,1.0,0.0,3
108156,4.0,12,8,3.0,0.0,2.0,1.0,3.0,3.0,3.0,0.0,2.0,0.0,2.0,1.0,12
108157,3.0,8,7,4.0,0.0,,1.0,3.0,0.0,3.0,0.0,,1.0,3.0,0.0,8
108158,3.0,3,3,,0.0,,1.0,2.0,0.0,,0.0,,1.0,2.0,0.0,3
108159,3.0,6,8,,0.0,0.0,1.0,3.0,2.0,2.0,0.0,0.0,1.0,3.0,2.0,8
108160,2.0,7,1,2.0,0.0,,1.0,4.0,0.0,,0.0,0.0,1.0,0.0,0.0,7
108161,2.0,9,3,2.0,2.0,,1.0,4.0,0.0,,2.0,,0.0,1.0,0.0,9
108162,4.0,9,9,3.0,0.0,,1.0,4.0,1.0,3.0,0.0,,1.0,4.0,1.0,9
108163,3.0,8,8,3.0,0.0,0.0,1.0,3.0,1.0,3.0,0.0,0.0,1.0,3.0,1.0,8
108164,3.0,0,1,,,,0.0,0.0,,,,,1.0,0.0,0.0,1
108165,3.0,0,1,,0.0,,0.0,0.0,0.0,,0.0,,1.0,0.0,0.0,1
108166,3.0,4,3,,,0.0,1.0,0.0,3.0,,0.0,0.0,0.0,0.0,3.0,4
108167,3.0,9,7,,2.0,2.0,1.0,4.0,0.0,,3.0,2.0,0.0,2.0,0.0,9
108168,3.0,6,6,2.0,0.0,0.0,1.0,3.0,0.0,2.0,0.0,0.0,1.0,3.0,0.0,6
108169,3.0,6,2,2.0,0.0,,1.0,3.0,0.0,,0.0,,1.0,1.0,0.0,6
108170,3.0,4,2,0.0,0.0,,1.0,3.0,0.0,2.0,0.0,,0.0,0.0,0.0,4
108171,4.0,8,5,3.0,0.0,0.0,1.0,4.0,0.0,2.0,0.0,0.0,0.0,3.0,0.0,8
108172,1.0,9,8,3.0,0.0,0.0,1.0,3.0,2.0,2.0,0.0,0.0,1.0,3.0,2.0,9
108173,2.0,2,2,,0.0,,1.0,1.0,0.0,,0.0,,1.0,1.0,0.0,2
108174,4.0,8,8,1.0,0.0,0.0,0.0,3.0,4.0,1.0,0.0,0.0,0.0,3.0,4.0,8
108175,4.0,7,5,2.0,0.0,1.0,1.0,3.0,0.0,2.0,0.0,1.0,0.0,2.0,0.0,7
108176,4.0,9,9,4.0,1.0,0.0,0.0,4.0,0.0,3.0,2.0,0.0,1.0,3.0,0.0,9
108177,4.0,9,7,3.0,0.0,,1.0,4.0,1.0,3.0,0.0,,0.0,4.0,0.0,9
108178,3.0,5,5,,2.0,0.0,1.0,1.0,1.0,,2.0,0.0,0.0,1.0,2.0,5
108179,4.0,3,1,,0.0,,1.0,1.0,1.0,,0.0,,1.0,0.0,0.0,3
108180,3.0,3,2,2.0,0.0,,0.0,1.0,0.0,,0.0,,1.0,1.0,0.0,3
108181,4.0,0,0,,0.0,,0.0,0.0,0.0,,0.0,,0.0,0.0,0.0,0
108182,3.0,2,3,,0.0,,0.0,0.0,2.0,,0.0,,0.0,1.0,2.0,3
108183,3.0,9,7,4.0,0.0,,1.0,3.0,1.0,3.0,0.0,,1.0,3.0,0.0,9
108184,3.0,4,4,0.0,0.0,,1.0,3.0,0.0,,0.0,,1.0,3.0,0.0,4
108185,1.0,7,5,2.0,0.0,1.0,1.0,3.0,0.0,,0.0,1.0,1.0,3.0,0.0,7
108186,3.0,7,3,1.0,0.0,0.0,1.0,2.0,3.0,,0.0,0.0,1.0,2.0,0.0,7
108187,1.0,7,7,2.0,0.0,,1.0,3.0,1.0,2.0,0.0,,1.0,3.0,1.0,7
108188,2.0,7,1,2.0,0.0,,1.0,4.0,0.0,,0.0,,1.0,0.0,0.0,7
108189,4.0,1,0,,0.0,,0.0,1.0,0.0,,0.0,,0.0,0.0,0.0,1
108190,2.0,11,12,4.0,1.0,1.0,1.0,4.0,0.0,3.0,2.0,1.0,1.0,4.0,1.0,12
108191,4.0,2,4,,0.0,,1.0,1.0,0.0,2.0,0.0,,1.0,1.0,0.0,4
108192,3.0,9,1,3.0,1.0,,1.0,4.0,0.0,,0.0,,1.0,0.0,0.0,9
108193,2.0,1,0,,0.0,,1.0,0.0,0.0,,0.0,,,,0.0,1
108194,3.0,12,10,3.0,0.0,,1.0,4.0,4.0,2.0,0.0,,1.0,3.0,4.0,12
108195,4.0,0,0,,0.0,,0.0,0.0,0.0,,0.0,,0.0,0.0,0.0,0
108196,4.0,3,2,,1.0,,1.0,1.0,0.0,,1.0,,1.0,0.0,0.0,3
108197,1.0,2,0,,1.0,,0.0,1.0,0.0,,0.0,,0.0,0.0,0.0,2
108198,3.0,4,6,,0.0,0.0,1.0,3.0,0.0,,,0.0,0.0,3.0,3.0,6
108199,4.0,1,1,,0.0,,1.0,0.0,0.0,,0.0,,1.0,0.0,0.0,1
108200,3.0,6,8,0.0,2.0,1.0,0.0,2.0,1.0,2.0,2.0,1.0,0.0,0.0,3.0,8
108201,4.0,4,3,,1.0,0.0,1.0,2.0,0.0,,1.0,0.0,1.0,1.0,0.0,4
108202,3.0,3,3,,0.0,,1.0,2.0,0.0,,0.0,,1.0,2.0,0.0,3
108203,3.0,5,5,,0.0,0.0,1.0,0.0,4.0,,0.0,0.0,1.0,0.0,4.0,5
108204,4.0,9,7,3.0,2.0,,1.0,3.0,0.0,2.0,2.0,,1.0,2.0,0.0,9
108205,4.0,5,6,0.0,0.0,0.0,1.0,4.0,0.0,1.0,0.0,0.0,1.0,4.0,0.0,6
108206,2.0,8,5,2.0,1.0,,1.0,4.0,0.0,2.0,1.0,,1.0,0.0,1.0,8
108207,4.0,10,9,4.0,0.0,1.0,1.0,4.0,0.0,4.0,0.0,0.0,1.0,4.0,0.0,10
108208,4.0,9,7,3.0,1.0,,1.0,4.0,0.0,2.0,1.0,,1.0,3.0,0.0,9
108209,2.0,5,3,1.0,1.0,,1.0,2.0,0.0,,2.0,,1.0,0.0,0.0,5
108210,3.0,3,3,,0.0,,0.0,3.0,0.0,,0.0,,0.0,3.0,0.0,3
108211,3.0,3,5,,1.0,,1.0,0.0,1.0,2.0,1.0,0.0,1.0,0.0,1.0,5
108212,3.0,7,7,1.0,0.0,0.0,0.0,3.0,3.0,,0.0,0.0,1.0,2.0,4.0,7
108213,3.0,8,7,3.0,0.0,0.0,0.0,4.0,1.0,3.0,0.0,0.0,0.0,3.0,1.0,8
108214,3.0,11,12,3.0,3.0,0.0,1.0,3.0,1.0,4.0,3.0,0.0,1.0,4.0,0.0,12
108215,1.0,7,2,3.0,0.0,,0.0,3.0,1.0,,1.0,,0.0,1.0,0.0,7
108216,2.0,10,8,4.0,0.0,,1.0,4.0,1.0,3.0,0.0,,1.0,3.0,1.0,10
108217,3.0,5,2,0.0,0.0,,1.0,4.0,0.0,,0.0,,1.0,1.0,0.0,5
108218,3.0,9,7,3.0,2.0,0.0,1.0,3.0,0.0,3.0,1.0,0.0,1.0,2.0,0.0,9
108219,4.0,5,6,1.0,0.0,0.0,0.0,4.0,0.0,2.0,0.0,0.0,0.0,4.0,0.0,6
108220,4.0,4,4,,0.0,0.0,1.0,3.0,0.0,,0.0,0.0,1.0,3.0,0.0,4
108221,3.0,2,2,,0.0,0.0,1.0,1.0,0.0,,0.0,0.0,1.0,1.0,0.0,2
108222,3.0,7,7,3.0,0.0,,0.0,4.0,0.0,3.0,0.0,,0.0,4.0,0.0,7
108223,3.0,4,3,,1.0,,1.0,0.0,2.0,,0.0,,1.0,0.0,2.0,4
108224,3.0,3,4,,0.0,,1.0,0.0,2.0,,0.0,,1.0,1.0,2.0,4
108225,3.0,7,3,4.0,2.0,0.0,1.0,0.0,0.0,,2.0,0.0,1.0,0.0,0.0,7
108226,4.0,8,3,3.0,0.0,,1.0,4.0,0.0,,0.0,,1.0,2.0,0.0,8
108227,4.0,7,4,2.0,1.0,0.0,0.0,4.0,0.0,,1.0,0.0,0.0,3.0,0.0,7
108228,3.0,8,7,3.0,0.0,,1.0,4.0,0.0,2.0,0.0,,1.0,4.0,0.0,8
108229,2.0,0,0,,,,,,,,,,,,,0
108230,3.0,10,15,,0.0,4.0,1.0,3.0,2.0,3.0,0.0,4.0,1.0,4.0,3.0,15
108231,3.0,4,2,2.0,0.0,0.0,1.0,0.0,1.0,,0.0,0.0,1.0,0.0,1.0,4
108232,2.0,7,2,2.0,0.0,,1.0,4.0,0.0,,1.0,,1.0,0.0,0.0,7
108233,4.0,3,2,,2.0,,0.0,1.0,0.0,,2.0,,0.0,0.0,0.0,3
108234,4.0,1,1,,0.0,,1.0,0.0,0.0,,,,1.0,0.0,,1
108235,2.0,9,6,2.0,1.0,,1.0,4.0,1.0,2.0,0.0,,1.0,2.0,1.0,9
108236,3.0,5,3,2.0,0.0,0.0,1.0,1.0,1.0,,0.0,0.0,1.0,1.0,1.0,5
108237,1.0,2,11,,1.0,0.0,1.0,0.0,0.0,4.0,2.0,0.0,1.0,4.0,0.0,11
108238,1.0,5,5,,0.0,,1.0,1.0,3.0,,0.0,,1.0,1.0,3.0,5
108239,3.0,1,2,,0.0,,0.0,0.0,1.0,,0.0,,1.0,0.0,1.0,2
108240,4.0,5,5,1.0,0.0,,0.0,4.0,0.0,1.0,0.0,,0.0,4.0,0.0,5
108241,4.0,3,1,2.0,0.0,,1.0,0.0,0.0,,0.0,,1.0,0.0,0.0,3
108242,4.0,3,2,,1.0,,1.0,1.0,0.0,,0.0,,1.0,1.0,0.0,3
108243,3.0,5,7,1.0,0.0,,1.0,3.0,0.0,2.0,1.0,,1.0,3.0,0.0,7
108244,1.0,3,5,,1.0,,1.0,0.0,1.0,,1.0,,1.0,0.0,3.0,5
108245,3.0,1,1,,0.0,,1.0,0.0,0.0,,0.0,,1.0,0.0,0.0,1
108246,2.0,9,2,3.0,1.0,,1.0,4.0,0.0,,1.0,,1.0,0.0,0.0,9
108247,1.0,1,5,,0.0,0.0,1.0,0.0,0.0,4.0,0.0,0.0,1.0,0.0,0.0,5
108248,1.0,6,3,,0.0,,1.0,2.0,3.0,,0.0,,0.0,0.0,3.0,6
108249,4.0,8,3,3.0,0.0,,1.0,4.0,0.0,2.0,0.0,,1.0,0.0,0.0,8
108250,4.0,9,8,4.0,0.0,,1.0,3.0,1.0,3.0,0.0,,0.0,4.0,1.0,9
108251,4.0,7,2,1.0,0.0,,1.0,4.0,1.0,,0.0,,1.0,0.0,1.0,7
108252,2.0,8,1,3.0,1.0,,1.0,3.0,0.0,,1.0,,0.0,0.0,0.0,8
108253,2.0,9,1,3.0,1.0,,1.0,4.0,0.0,,0.0,,1.0,0.0,0.0,9
108254,4.0,3,6,,1.0,0.0,1.0,1.0,0.0,,1.0,0.0,1.0,1.0,3.0,6
108255,2.0,9,2,3.0,0.0,,1.0,4.0,1.0,,0.0,,1.0,0.0,1.0,9
108256,3.0,4,2,0.0,0.0,0.0,1.0,3.0,0.0,,0.0,0.0,1.0,1.0,0.0,4
108257,4.0,0,1,,0.0,,0.0,0.0,0.0,,0.0,,1.0,0.0,0.0,1
108258,2.0,9,2,3.0,0.0,1.0,1.0,4.0,0.0,,0.0,0.0,1.0,1.0,0.0,9
108259,3.0,6,5,,2.0,1.0,1.0,1.0,1.0,,1.0,1.0,1.0,1.0,1.0,6
108260,4.0,1,2,,0.0,,1.0,0.0,0.0,,0.0,,1.0,1.0,0.0,2
108261,2.0,9,2,3.0,1.0,,1.0,4.0,0.0,,1.0,,1.0,0.0,0.0,9
108262,1.0,10,11,2.0,2.0,1.0,1.0,3.0,1.0,1.0,3.0,2.0,1.0,3.0,1.0,11
108263,2.0,8,1,3.0,0.0,,1.0,4.0,0.0,,0.0,,1.0,0.0,0.0,8
108264,4.0,7,6,3.0,0.0,0.0,0.0,4.0,0.0,3.0,0.0,0.0,0.0,3.0,0.0,7
108265,3.0,6,9,2.0,0.0,0.0,1.0,3.0,0.0,2.0,0.0,0.0,1.0,3.0,3.0,9
108266,4.0,1,2,,0.0,,1.0,0.0,0.0,,0.0,,1.0,1.0,0.0,2
108267,2.0,8,3,2.0,1.0,,1.0,3.0,1.0,,1.0,,1.0,0.0,1.0,8
108268,3.0,10,10,1.0,2.0,2.0,1.0,3.0,1.0,1.0,2.0,2.0,1.0,3.0,1.0,10
108269,4.0,1,3,,0.0,,1.0,0.0,0.0,,0.0,,0.0,3.0,0.0,3
108270,4.0,8,9,3.0,0.0,,1.0,4.0,0.0,3.0,1.0,,1.0,4.0,0.0,9
108271,3.0,7,6,2.0,0.0,,1.0,3.0,1.0,2.0,0.0,,0.0,3.0,1.0,7
108272,3.0,7,6,3.0,0.0,0.0,1.0,3.0,0.0,3.0,0.0,0.0,1.0,2.0,0.0,7
108273,2.0,8,3,2.0,0.0,1.0,1.0,4.0,0.0,,1.0,1.0,1.0,0.0,0.0,8
108274,3.0,1,1,,0.0,,0.0,1.0,0.0,,0.0,,0.0,1.0,0.0,1
108275,4.0,4,7,0.0,0.0,0.0,0.0,4.0,0.0,3.0,0.0,0.0,0.0,4.0,0.0,7
108276,2.0,7,7,2.0,0.0,,1.0,4.0,0.0,2.0,0.0,,1.0,4.0,0.0,7
108277,1.0,1,1,,0.0,,1.0,0.0,0.0,,0.0,,1.0,0.0,0.0,1
108278,3.0,2,1,,0.0,,0.0,2.0,0.0,,0.0,,0.0,1.0,0.0,2
108279,4.0,9,7,3.0,0.0,1.0,1.0,4.0,0.0,3.0,0.0,1.0,1.0,2.0,0.0,9
108280,3.0,2,1,,0.0,1.0,0.0,0.0,1.0,,0.0,0.0,0.0,0.0,1.0,2
108281,2.0,6,1,2.0,1.0,,1.0,2.0,0.0,,0.0,,1.0,0.0,0.0,6
108282,4.0,3,2,,0.0,1.0,1.0,1.0,0.0,,0.0,0.0,1.0,1.0,0.0,3
108283,1.0,8,9,2.0,0.0,0.0,0.0,4.0,2.0,1.0,0.0,0.0,1.0,4.0,3.0,9
108284,3.0,11,8,2.0,0.0,2.0,1.0,3.0,3.0,2.0,0.0,2.0,1.0,3.0,0.0,11
108285,1.0,5,4,,0.0,,1.0,0.0,4.0,,0.0,,1.0,0.0,3.0,5
108286,3.0,3,3,,2.0,1.0,,,0.0,,2.0,1.0,,,0.0,3
108287,3.0,16,12,4.0,3.0,2.0,1.0,4.0,2.0,3.0,2.0,2.0,0.0,3.0,2.0,16
108288,1.0,0,1,,0.0,,0.0,0.0,0.0,,0.0,,1.0,0.0,0.0,1
108289,3.0,6,6,,0.0,0.0,1.0,1.0,4.0,,0.0,0.0,1.0,1.0,4.0,6
108290,2.0,11,2,4.0,2.0,,1.0,4.0,0.0,,1.0,,1.0,0.0,0.0,11
108291,3.0,10,8,4.0,1.0,0.0,1.0,4.0,0.0,3.0,1.0,0.0,1.0,3.0,0.0,10
108292,1.0,2,1,,0.0,,0.0,1.0,1.0,,0.0,,0.0,0.0,1.0,2
108293,1.0,1,8,,0.0,0.0,1.0,0.0,0.0,3.0,0.0,0.0,1.0,4.0,0.0,8
108294,4.0,5,1,1.0,0.0,,0.0,4.0,0.0,,0.0,,0.0,1.0,0.0,5
108295,3.0,6,5,3.0,0.0,0.0,1.0,2.0,0.0,2.0,0.0,0.0,1.0,2.0,0.0,6
108296,3.0,2,3,,0.0,,1.0,0.0,1.0,,0.0,,1.0,1.0,1.0,3
108297,3.0,3,1,,0.0,,1.0,1.0,1.0,,0.0,,1.0,0.0,0.0,3
108298,1.0,10,8,4.0,1.0,,1.0,3.0,1.0,2.0,1.0,,1.0,3.0,1.0,10
108299,1.0,5,7,0.0,,,1.0,4.0,0.0,2.0,,,1.0,4.0,0.0,7
108300,3.0,3,9,,0.0,,1.0,0.0,2.0,2.0,0.0,,1.0,3.0,3.0,9
108301,1.0,3,1,,0.0,,1.0,0.0,2.0,,0.0,,1.0,0.0,0.0,3
108302,4.0,7,2,2.0,1.0,,1.0,3.0,0.0,,1.0,,1.0,0.0,0.0,7
108303,3.0,7,16,,0.0,2.0,1.0,0.0,4.0,3.0,1.0,3.0,1.0,4.0,4.0,16
108304,3.0,12,14,3.0,3.0,,1.0,4.0,1.0,4.0,2.0,3.0,1.0,3.0,1.0,14
108305,2.0,10,3,3.0,2.0,,1.0,4.0,0.0,,2.0,,0.0,0.0,1.0,10
108306,3.0,7,9,4.0,0.0,0.0,1.0,2.0,0.0,3.0,0.0,0.0,1.0,4.0,1.0,9
108307,4.0,7,11,1.0,1.0,,1.0,3.0,1.0,1.0,1.0,3.0,1.0,4.0,1.0,11
108308,4.0,5,8,,0.0,,1.0,2.0,2.0,2.0,0.0,,1.0,4.0,1.0,8
108309,3.0,4,7,,0.0,0.0,1.0,3.0,0.0,,0.0,0.0,1.0,3.0,3.0,7
108310,2.0,9,8,4.0,0.0,0.0,1.0,4.0,0.0,2.0,1.0,0.0,1.0,4.0,0.0,9
108311,3.0,3,5,,1.0,,1.0,0.0,1.0,2.0,1.0,,1.0,0.0,1.0,5
108312,2.0,10,2,2.0,2.0,,1.0,4.0,1.0,,0.0,,1.0,0.0,1.0,10
108313,4.0,10,9,1.0,3.0,2.0,1.0,3.0,0.0,1.0,2.0,2.0,1.0,3.0,0.0,10
108314,2.0,10,4,3.0,2.0,,1.0,4.0,0.0,,2.0,,1.0,0.0,1.0,10
108315,3.0,6,6,2.0,0.0,,1.0,2.0,1.0,3.0,,,1.0,2.0,0.0,6
108316,4.0,10,8,1.0,1.0,4.0,0.0,4.0,0.0,1.0,1.0,4.0,0.0,2.0,0.0,10
108317,3.0,0,0,,0.0,,0.0,0.0,0.0,,0.0,,0.0,0.0,0.0,0
108318,3.0,0,0,,0.0,0.0,0.0,0.0,0.0,,0.0,0.0,0.0,0.0,0.0,0
108319,1.0,1,1,,0.0,,0.0,0.0,1.0,,0.0,,0.0,0.0,1.0,1
108320,4.0,2,2,,1.0,,,,1.0,,1.0,,,,1.0,2
108321,4.0,0,0,,0.0,,0.0,0.0,0.0,,0.0,,0.0,0.0,0.0,0
108322,1.0,1,2,,0.0,,1.0,0.0,0.0,,1.0,,1.0,0.0,0.0,2
108323,4.0,9,9,3.0,1.0,,1.0,4.0,0.0,3.0,2.0,,1.0,3.0,0.0,9
108324,3.0,7,4,1.0,2.0,0.0,0.0,3.0,1.0,,,0.0,0.0,3.0,1.0,7
108325,4.0,6,7,3.0,0.0,,0.0,3.0,0.0,2.0,0.0,,1.0,4.0,0.0,7
108326,3.0,3,3,,0.0,,0.0,3.0,0.0,,0.0,,1.0,2.0,0.0,3
108327,2.0,9,2,3.0,1.0,,1.0,4.0,0.0,,0.0,,1.0,0.0,1.0,9
108328,1.0,3,2,,1.0,,1.0,0.0,1.0,,0.0,,1.0,0.0,1.0,3
108329,4.0,1,0,,0.0,,1.0,0.0,0.0,,0.0,,0.0,0.0,0.0,1
108330,3.0,7,6,3.0,0.0,,0.0,3.0,1.0,3.0,1.0,0.0,0.0,2.0,0.0,7
108331,1.0,3,1,2.0,0.0,,1.0,0.0,0.0,,0.0,,1.0,0.0,0.0,3
108332,4.0,7,7,2.0,0.0,,1.0,4.0,0.0,2.0,0.0,,1.0,4.0,0.0,7
108333,3.0,2,1,,0.0,,1.0,1.0,0.0,,0.0,,0.0,1.0,0.0,2
108334,2.0,7,7,2.0,0.0,,1.0,4.0,0.0,2.0,0.0,,1.0,3.0,1.0,7
108335,3.0,6,6,,2.0,0.0,1.0,3.0,0.0,,2.0,0.0,1.0,3.0,0.0,6
108336,3.0,3,2,,0.0,,1.0,1.0,1.0,,0.0,,1.0,0.0,1.0,3
108337,3.0,0,1,,0.0,,0.0,0.0,0.0,,0.0,,1.0,0.0,0.0,1
108338,1.0,1,1,,0.0,,1.0,0.0,0.0,,0.0,,1.0,0.0,0.0,1
108339,1.0,0,7,,0.0,0.0,0.0,0.0,0.0,2.0,0.0,0.0,1.0,4.0,0.0,7
108340,4.0,2,8,,0.0,,1.0,1.0,0.0,3.0,2.0,,1.0,2.0,0.0,8
108341,3.0,6,5,2.0,0.0,,1.0,3.0,0.0,2.0,,,0.0,3.0,0.0,6
108342,2.0,8,3,2.0,1.0,,1.0,4.0,0.0,,2.0,,1.0,0.0,0.0,8
108343,2.0,9,2,3.0,1.0,,1.0,4.0,0.0,,1.0,,1.0,0.0,0.0,9
108344,2.0,10,3,3.0,2.0,,1.0,4.0,0.0,,2.0,,1.0,0.0,0.0,10
108345,4.0,5,5,1.0,0.0,,1.0,3.0,0.0,2.0,0.0,,0.0,3.0,0.0,5
108346,4.0,9,8,3.0,0.0,2.0,1.0,3.0,0.0,3.0,0.0,1.0,1.0,3.0,0.0,9
108347,3.0,2,8,2.0,0.0,,0.0,0.0,0.0,3.0,0.0,,1.0,4.0,0.0,8
108348,3.0,10,6,3.0,0.0,0.0,1.0,3.0,3.0,3.0,0.0,0.0,1.0,2.0,0.0,10
108349,3.0,6,7,2.0,,,1.0,3.0,0.0,2.0,1.0,,1.0,3.0,0.0,7
108350,4.0,7,7,3.0,0.0,,1.0,3.0,0.0,3.0,0.0,,1.0,3.0,0.0,7
108351,1.0,0,1,,0.0,,0.0,0.0,0.0,,0.0,,1.0,0.0,0.0,1
108352,3.0,4,4,,0.0,,1.0,0.0,3.0,,0.0,,1.0,0.0,3.0,4
108353,2.0,5,0,2.0,0.0,,1.0,2.0,0.0,,0.0,,,0.0,0.0,5
108354,1.0,7,6,2.0,0.0,,1.0,4.0,0.0,2.0,0.0,,0.0,4.0,0.0,7
108355,3.0,3,3,,1.0,1.0,,,1.0,,1.0,1.0,,,1.0,3
108356,3.0,4,4,,0.0,0.0,1.0,0.0,3.0,,0.0,0.0,1.0,0.0,3.0,4
108357,1.0,6,6,1.0,0.0,,1.0,4.0,0.0,1.0,0.0,,1.0,4.0,0.0,6
108358,2.0,10,9,4.0,0.0,,1.0,4.0,1.0,4.0,0.0,,1.0,4.0,0.0,10
108359,3.0,9,0,3.0,0.0,0.0,1.0,3.0,2.0,,0.0,0.0,0.0,0.0,0.0,9
108360,3.0,3,4,,0.0,,1.0,2.0,0.0,,0.0,,1.0,3.0,0.0,4
108361,2.0,5,2,,0.0,,1.0,4.0,0.0,,1.0,,1.0,0.0,0.0,5
108362,1.0,2,9,,0.0,,1.0,0.0,1.0,3.0,0.0,,1.0,4.0,1.0,9
108363,3.0,1,0,,1.0,0.0,0.0,0.0,0.0,,0.0,0.0,0.0,0.0,0.0,1
108364,4.0,4,6,0.0,0.0,,0.0,4.0,0.0,2.0,0.0,,0.0,4.0,0.0,6
108365,4.0,10,11,4.0,1.0,0.0,1.0,4.0,0.0,3.0,2.0,1.0,1.0,4.0,0.0,11
108366,3.0,2,0,,0.0,,1.0,0.0,1.0,,0.0,,0.0,0.0,0.0,2
108367,2.0,8,5,3.0,0.0,,1.0,4.0,0.0,2.0,2.0,,1.0,0.0,0.0,8
108368,2.0,11,14,4.0,1.0,0.0,1.0,4.0,1.0,3.0,2.0,0.0,1.0,4.0,4.0,14
108369,3.0,1,0,,0.0,0.0,1.0,0.0,0.0,,0.0,0.0,0.0,0.0,0.0,1
108370,2.0,7,1,2.0,0.0,,1.0,4.0,0.0,,0.0,,1.0,0.0,0.0,7
108371,4.0,5,5,,1.0,,0.0,0.0,4.0,,1.0,,0.0,0.0,4.0,5
108372,3.0,3,2,,0.0,2.0,1.0,0.0,0.0,,0.0,2.0,0.0,0.0,0.0,3
108373,2.0,7,5,2.0,,,1.0,4.0,0.0,,1.0,,1.0,0.0,3.0,7
108374,3.0,9,9,1.0,1.0,0.0,1.0,3.0,3.0,2.0,1.0,0.0,0.0,3.0,3.0,9
108375,3.0,5,6,,0.0,,0.0,1.0,4.0,,1.0,,0.0,1.0,4.0,6
108376,2.0,6,2,,1.0,,1.0,4.0,0.0,,1.0,,1.0,0.0,0.0,6
108377,4.0,5,7,0.0,0.0,0.0,1.0,4.0,0.0,,,0.0,1.0,3.0,3.0,7
108378,1.0,5,5,,2.0,1.0,1.0,0.0,1.0,,2.0,1.0,1.0,0.0,1.0,5
108379,1.0,1,1,,0.0,,1.0,0.0,0.0,,0.0,,1.0,0.0,0.0,1
108380,4.0,5,3,,1.0,,1.0,3.0,0.0,,0.0,,1.0,2.0,0.0,5
108381,2.0,7,7,2.0,0.0,,1.0,4.0,0.0,2.0,0.0,,1.0,4.0,0.0,7
108382,4.0,5,8,1.0,0.0,0.0,0.0,3.0,1.0,4.0,0.0,0.0,0.0,4.0,0.0,8
108383,2.0,6,5,,0.0,,1.0,1.0,4.0,,0.0,,1.0,1.0,3.0,6
108384,4.0,15,15,4.0,2.0,2.0,1.0,4.0,2.0,4.0,1.0,3.0,1.0,4.0,2.0,15
108385,4.0,10,10,3.0,2.0,,1.0,4.0,0.0,3.0,2.0,,1.0,4.0,0.0,10
108386,3.0,3,3,,0.0,,1.0,0.0,2.0,,0.0,,0.0,1.0,2.0,3
108387,2.0,4,10,2.0,1.0,,0.0,,1.0,2.0,1.0,,1.0,4.0,2.0,10
108388,2.0,9,3,2.0,1.0,,1.0,4.0,1.0,,1.0,,1.0,0.0,1.0,9
108389,3.0,6,6,,3.0,1.0,1.0,0.0,1.0,,3.0,1.0,1.0,1.0,0.0,6
108390,3.0,11,9,4.0,1.0,2.0,1.0,3.0,0.0,3.0,0.0,2.0,1.0,3.0,0.0,11
108391,4.0,4,4,2.0,0.0,,1.0,1.0,0.0,2.0,1.0,,0.0,1.0,0.0,4
108392,2.0,5,3,2.0,0.0,,1.0,2.0,0.0,,1.0,,1.0,0.0,1.0,5
108393,3.0,4,3,,0.0,,1.0,1.0,2.0,,0.0,,0.0,1.0,2.0,4
108394,3.0,4,4,,2.0,,1.0,0.0,1.0,,2.0,0.0,1.0,0.0,1.0,4
108395,2.0,3,2,0.0,0.0,,1.0,2.0,0.0,,0.0,,1.0,1.0,0.0,3
108396,2.0,9,4,2.0,2.0,,1.0,4.0,0.0,,2.0,,1.0,1.0,0.0,9
108397,4.0,10,10,1.0,0.0,,1.0,4.0,4.0,2.0,0.0,,1.0,3.0,4.0,10
108398,2.0,5,1,,0.0,,1.0,4.0,0.0,,0.0,,1.0,0.0,0.0,5
108399,3.0,6,7,1.0,1.0,,1.0,3.0,0.0,2.0,1.0,0.0,0.0,4.0,0.0,7
108400,4.0,7,7,,3.0,2.0,1.0,1.0,0.0,,2.0,2.0,1.0,2.0,0.0,7
108401,4.0,3,7,0.0,0.0,,0.0,3.0,0.0,3.0,0.0,,0.0,3.0,1.0,7
108402,3.0,6,4,,0.0,,1.0,2.0,3.0,,0.0,,1.0,1.0,2.0,6
108403,1.0,1,0,,0.0,0.0,1.0,0.0,0.0,,0.0,0.0,0.0,0.0,0.0,1
108404,2.0,9,6,2.0,1.0,,1.0,4.0,1.0,2.0,1.0,,1.0,1.0,1.0,9
108405,3.0,7,5,2.0,0.0,0.0,0.0,4.0,1.0,2.0,0.0,0.0,0.0,2.0,1.0,7
108406,3.0,1,1,,0.0,0.0,1.0,0.0,0.0,,0.0,0.0,1.0,0.0,0.0,1
108407,1.0,10,10,4.0,0.0,0.0,1.0,4.0,1.0,3.0,0.0,0.0,1.0,4.0,2.0,10
108408,4.0,8,6,4.0,0.0,0.0,1.0,3.0,0.0,3.0,0.0,0.0,1.0,2.0,0.0,8
108409,4.0,7,7,2.0,2.0,,0.0,1.0,2.0,2.0,2.0,,1.0,1.0,1.0,7
108410,2.0,8,4,2.0,1.0,,1.0,4.0,0.0,2.0,0.0,,1.0,1.0,0.0,8
108411,1.0,0,0,,0.0,,0.0,0.0,0.0,,0.0,,0.0,0.0,0.0,0
108412,4.0,12,14,4.0,2.0,0.0,1.0,4.0,1.0,3.0,2.0,0.0,1.0,4.0,4.0,14
108413,3.0,6,6,,0.0,4.0,1.0,1.0,0.0,,0.0,4.0,1.0,1.0,0.0,6
108414,1.0,10,11,2.0,1.0,2.0,1.0,4.0,0.0,3.0,1.0,2.0,1.0,4.0,0.0,11
108415,4.0,5,5,1.0,0.0,,0.0,4.0,0.0,3.0,0.0,,0.0,2.0,0.0,5
108416,2.0,4,2,0.0,1.0,,1.0,2.0,0.0,,1.0,,1.0,0.0,0.0,4
108417,3.0,4,5,1.0,0.0,,1.0,2.0,0.0,2.0,0.0,,1.0,2.0,0.0,5
108418,3.0,8,5,3.0,0.0,0.0,1.0,3.0,1.0,2.0,,0.0,1.0,2.0,0.0,8
108419,2.0,0,0,,0.0,,,,0.0,,0.0,,,,0.0,0
108420,3.0,7,4,3.0,0.0,0.0,0.0,0.0,4.0,,0.0,0.0,0.0,1.0,3.0,7
108421,2.0,10,3,4.0,1.0,,1.0,4.0,0.0,,1.0,,1.0,1.0,0.0,10
108422,4.0,9,9,2.0,1.0,,1.0,2.0,3.0,2.0,1.0,,1.0,2.0,3.0,9
108423,2.0,7,5,1.0,0.0,,1.0,2.0,3.0,,0.0,,1.0,1.0,3.0,7
108424,3.0,3,1,,0.0,0.0,1.0,1.0,1.0,,0.0,0.0,1.0,0.0,0.0,3
108425,4.0,11,10,3.0,1.0,0.0,1.0,4.0,2.0,3.0,0.0,0.0,1.0,4.0,2.0,11
108426,1.0,0,0,,0.0,,,,0.0,,0.0,,,,0.0,0
108427,1.0,7,6,3.0,0.0,0.0,1.0,3.0,0.0,2.0,0.0,0.0,1.0,3.0,0.0,7
108428,1.0,6,7,,2.0,2.0,1.0,0.0,1.0,,1.0,2.0,1.0,1.0,2.0,7
108429,2.0,6,1,,1.0,,1.0,4.0,0.0,,,,1.0,0.0,0.0,6
108430,3.0,6,6,1.0,1.0,,1.0,3.0,0.0,2.0,1.0,,0.0,3.0,0.0,6
108431,4.0,11,10,3.0,0.0,,1.0,4.0,3.0,2.0,1.0,0.0,1.0,2.0,4.0,11
108432,4.0,5,8,0.0,1.0,,1.0,3.0,0.0,2.0,2.0,0.0,1.0,3.0,0.0,8
108433,1.0,6,9,,1.0,,1.0,1.0,3.0,2.0,2.0,0.0,1.0,1.0,3.0,9
108434,4.0,7,6,,2.0,,1.0,3.0,1.0,,2.0,,1.0,2.0,1.0,7
108435,3.0,12,10,4.0,1.0,0.0,1.0,4.0,2.0,2.0,1.0,0.0,1.0,4.0,2.0,12
108436,4.0,5,3,1.0,0.0,,1.0,3.0,0.0,,0.0,,0.0,3.0,0.0,5
108437,2.0,8,2,2.0,1.0,,1.0,4.0,0.0,,1.0,,1.0,0.0,0.0,8
108438,4.0,7,8,3.0,0.0,,1.0,3.0,0.0,3.0,1.0,1.0,1.0,2.0,0.0,8
108439,4.0,12,9,4.0,2.0,1.0,1.0,3.0,1.0,3.0,1.0,2.0,1.0,2.0,0.0,12
108440,2.0,8,4,2.0,1.0,,1.0,4.0,0.0,2.0,0.0,,1.0,1.0,0.0,8
108441,2.0,8,2,2.0,1.0,,1.0,4.0,0.0,,1.0,,1.0,0.0,0.0,8
108442,4.0,12,11,4.0,2.0,3.0,0.0,2.0,1.0,3.0,2.0,2.0,0.0,2.0,2.0,12
108443,3.0,9,6,3.0,0.0,0.0,1.0,3.0,2.0,1.0,0.0,0.0,1.0,2.0,2.0,9
108444,1.0,2,1,,0.0,,1.0,1.0,0.0,,0.0,,1.0,0.0,0.0,2
108445,4.0,4,2,,1.0,,1.0,2.0,0.0,,1.0,,0.0,1.0,0.0,4
108446,1.0,6,6,0.0,0.0,,0.0,2.0,4.0,,0.0,,1.0,1.0,4.0,6
108447,3.0,13,11,2.0,3.0,2.0,1.0,3.0,2.0,1.0,4.0,2.0,1.0,2.0,1.0,13
108448,3.0,7,6,3.0,0.0,,1.0,3.0,0.0,2.0,0.0,,1.0,3.0,0.0,7
108449,3.0,5,1,2.0,0.0,0.0,0.0,3.0,0.0,,0.0,0.0,0.0,1.0,0.0,5
108450,2.0,5,2,,0.0,,1.0,4.0,0.0,,1.0,,1.0,0.0,0.0,5
108451,2.0,9,5,3.0,1.0,,1.0,4.0,0.0,2.0,0.0,,1.0,2.0,0.0,9
108452,3.0,1,1,,0.0,,1.0,0.0,0.0,,0.0,,1.0,0.0,0.0,1
108453,4.0,5,4,1.0,0.0,,0.0,4.0,0.0,0.0,1.0,,0.0,3.0,0.0,5
108454,2.0,3,2,2.0,0.0,0.0,0.0,0.0,1.0,,0.0,0.0,1.0,0.0,1.0,3
108455,4.0,8,8,3.0,0.0,0.0,1.0,4.0,0.0,3.0,0.0,0.0,1.0,4.0,0.0,8
108456,3.0,9,7,4.0,0.0,0.0,1.0,3.0,1.0,2.0,0.0,0.0,0.0,3.0,2.0,9
108457,4.0,11,6,4.0,0.0,2.0,1.0,4.0,0.0,3.0,0.0,0.0,0.0,3.0,0.0,11
108458,3.0,2,3,,,,1.0,1.0,0.0,1.0,0.0,,1.0,1.0,0.0,3
108459,4.0,7,6,2.0,0.0,0.0,1.0,4.0,0.0,1.0,0.0,0.0,1.0,4.0,0.0,7
108460,2.0,8,4,3.0,0.0,,1.0,4.0,0.0,2.0,0.0,,1.0,1.0,0.0,8
108461,4.0,5,5,,0.0,4.0,1.0,0.0,0.0,,0.0,4.0,1.0,0.0,0.0,5
108462,2.0,8,3,2.0,0.0,1.0,1.0,4.0,0.0,,1.0,1.0,1.0,0.0,0.0,8
108463,2.0,0,0,,0.0,0.0,0.0,0.0,0.0,,0.0,0.0,0.0,0.0,0.0,0
108464,3.0,1,2,,0.0,,0.0,1.0,0.0,,1.0,,0.0,1.0,0.0,2
108465,2.0,9,6,3.0,0.0,,1.0,4.0,1.0,3.0,1.0,,1.0,1.0,0.0,9
108466,2.0,8,3,3.0,2.0,,1.0,2.0,0.0,,2.0,,1.0,0.0,0.0,8
108467,3.0,6,5,0.0,0.0,,1.0,4.0,1.0,0.0,0.0,,1.0,4.0,0.0,6
108468,4.0,11,10,4.0,2.0,,1.0,4.0,0.0,3.0,2.0,0.0,1.0,4.0,0.0,11
108469,4.0,1,1,,0.0,,0.0,1.0,0.0,,0.0,,1.0,0.0,0.0,1
108470,3.0,5,6,2.0,0.0,,0.0,2.0,1.0,2.0,0.0,,1.0,2.0,1.0,6
108471,4.0,1,0,,1.0,0.0,0.0,0.0,0.0,,0.0,0.0,0.0,0.0,0.0,1
108472,3.0,4,3,,0.0,,1.0,3.0,0.0,,0.0,,1.0,2.0,0.0,4
108473,1.0,1,1,,0.0,,1.0,0.0,0.0,,0.0,,1.0,0.0,0.0,1
108474,4.0,0,4,,0.0,,0.0,0.0,0.0,,1.0,2.0,1.0,0.0,0.0,4
108475,1.0,3,4,,1.0,0.0,0.0,2.0,0.0,,1.0,0.0,1.0,2.0,0.0,4
108476,3.0,9,5,2.0,0.0,0.0,1.0,3.0,3.0,3.0,0.0,0.0,0.0,2.0,0.0,9
108477,3.0,2,5,,0.0,,1.0,1.0,0.0,,0.0,,1.0,4.0,0.0,5
108478,3.0,5,6,,0.0,,1.0,4.0,0.0,2.0,0.0,,1.0,3.0,0.0,6
108479,3.0,2,2,,0.0,,1.0,1.0,0.0,,0.0,,1.0,1.0,0.0,2
108480,4.0,6,3,,4.0,0.0,1.0,1.0,0.0,,3.0,0.0,0.0,0.0,0.0,6
108481,4.0,6,6,2.0,0.0,,0.0,4.0,0.0,2.0,0.0,,1.0,3.0,0.0,6
108482,1.0,2,0,,0.0,,1.0,1.0,0.0,,0.0,,0.0,0.0,0.0,2
108483,2.0,10,4,2.0,2.0,,1.0,4.0,1.0,,2.0,,1.0,1.0,0.0,10
108484,2.0,9,8,2.0,2.0,,1.0,4.0,0.0,2.0,1.0,,1.0,4.0,0.0,9
108485,2.0,8,3,3.0,0.0,,1.0,4.0,0.0,,1.0,,1.0,0.0,1.0,8
108486,3.0,3,8,,0.0,1.0,0.0,2.0,0.0,3.0,,1.0,1.0,3.0,0.0,8
108487,2.0,11,10,1.0,1.0,0.0,1.0,4.0,4.0,0.0,1.0,0.0,1.0,4.0,4.0,11
108488,2.0,5,7,,0.0,,1.0,2.0,2.0,0.0,0.0,0.0,1.0,4.0,2.0,7
108489,3.0,7,7,,1.0,2.0,1.0,2.0,1.0,,1.0,2.0,1.0,2.0,1.0,7
108490,3.0,7,7,3.0,0.0,0.0,0.0,4.0,0.0,3.0,1.0,0.0,0.0,3.0,0.0,7
108491,2.0,8,6,2.0,0.0,,1.0,4.0,1.0,2.0,0.0,,0.0,4.0,0.0,8
108492,2.0,9,8,3.0,1.0,,1.0,4.0,0.0,2.0,1.0,0.0,1.0,3.0,1.0,9
108493,2.0,9,2,3.0,1.0,,1.0,4.0,0.0,,1.0,,1.0,0.0,0.0,9
108494,4.0,7,3,4.0,0.0,,0.0,3.0,0.0,0.0,0.0,,0.0,3.0,0.0,7
108495,3.0,5,2,,0.0,,1.0,1.0,3.0,,1.0,,1.0,0.0,0.0,5
108496,2.0,15,15,,3.0,3.0,1.0,4.0,4.0,,3.0,3.0,1.0,4.0,4.0,15
108497,1.0,4,3,,1.0,,1.0,0.0,2.0,,0.0,,1.0,0.0,2.0,4
108498,1.0,0,1,,0.0,,0.0,0.0,0.0,,0.0,,1.0,0.0,0.0,1
108499,3.0,8,6,2.0,1.0,2.0,0.0,3.0,0.0,,0.0,2.0,0.0,1.0,3.0,8
108500,4.0,12,10,4.0,2.0,2.0,0.0,3.0,1.0,3.0,2.0,2.0,0.0,3.0,0.0,12
108501,3.0,11,6,3.0,0.0,,1.0,4.0,3.0,2.0,0.0,,0.0,3.0,1.0,11
108502,1.0,3,3,,0.0,,0.0,3.0,0.0,,0.0,,1.0,1.0,1.0,3
108503,3.0,6,6,,1.0,,0.0,1.0,4.0,,2.0,,0.0,0.0,4.0,6
108504,1.0,3,3,,0.0,,0.0,0.0,3.0,,0.0,,0.0,0.0,3.0,3
108505,3.0,10,5,4.0,,,0.0,3.0,3.0,0.0,0.0,,0.0,2.0,3.0,10
108506,1.0,2,2,,0.0,,1.0,0.0,1.0,,0.0,,1.0,0.0,1.0,2
108507,3.0,10,3,4.0,0.0,,1.0,3.0,2.0,,0.0,,1.0,0.0,2.0,10
108508,3.0,1,1,,0.0,,1.0,0.0,0.0,,0.0,,1.0,0.0,0.0,1
108509,4.0,5,5,0.0,1.0,,1.0,3.0,0.0,2.0,,,0.0,3.0,0.0,5
108510,4.0,8,9,2.0,0.0,0.0,1.0,4.0,1.0,3.0,1.0,0.0,1.0,4.0,0.0,9
108511,4.0,7,4,4.0,0.0,0.0,1.0,2.0,0.0,2.0,0.0,0.0,1.0,1.0,0.0,7
108512,3.0,6,6,,1.0,2.0,1.0,0.0,2.0,,1.0,2.0,1.0,0.0,2.0,6
108513,3.0,4,3,,0.0,,1.0,1.0,2.0,,0.0,,1.0,1.0,1.0,4
108514,3.0,2,2,,0.0,,1.0,0.0,1.0,,1.0,0.0,1.0,0.0,0.0,2
108515,3.0,1,1,,0.0,,1.0,0.0,0.0,,0.0,,1.0,0.0,0.0,1
108516,3.0,9,7,3.0,1.0,,1.0,3.0,1.0,2.0,1.0,,1.0,2.0,1.0,9
108517,2.0,10,7,4.0,1.0,,1.0,4.0,0.0,2.0,1.0,,1.0,3.0,0.0,10
108518,1.0,3,3,,0.0,,1.0,0.0,2.0,,0.0,,1.0,0.0,2.0,3
108519,2.0,9,2,3.0,0.0,,1.0,4.0,1.0,,0.0,,1.0,0.0,1.0,9
108520,3.0,2,3,,0.0,0.0,1.0,0.0,1.0,,1.0,0.0,1.0,0.0,1.0,3
108521,4.0,2,1,,0.0,,1.0,1.0,0.0,,0.0,,1.0,0.0,0.0,2
108522,3.0,10,8,2.0,0.0,0.0,1.0,4.0,3.0,1.0,0.0,0.0,1.0,4.0,2.0,10
108523,4.0,3,3,0.0,0.0,,0.0,3.0,0.0,0.0,0.0,,0.0,3.0,0.0,3
108524,2.0,8,1,2.0,1.0,,1.0,4.0,0.0,,1.0,,0.0,0.0,0.0,8
108525,2.0,7,1,2.0,0.0,,1.0,4.0,0.0,,0.0,,1.0,0.0,0.0,7
108526,2.0,8,9,3.0,0.0,,1.0,4.0,0.0,3.0,1.0,,1.0,4.0,0.0,9
108527,4.0,7,7,3.0,1.0,,0.0,3.0,0.0,2.0,1.0,,1.0,3.0,0.0,7
108528,3.0,11,11,4.0,2.0,,1.0,4.0,0.0,4.0,2.0,,1.0,4.0,0.0,11
108529,3.0,11,20,,3.0,4.0,1.0,1.0,2.0,4.0,3.0,4.0,1.0,4.0,4.0,20
108530,3.0,5,2,,0.0,0.0,1.0,3.0,1.0,,0.0,0.0,1.0,0.0,1.0,5
108531,4.0,5,2,2.0,0.0,1.0,0.0,2.0,0.0,,0.0,1.0,0.0,1.0,0.0,5
108532,2.0,7,0,3.0,0.0,,1.0,3.0,0.0,,0.0,,0.0,0.0,0.0,7
108533,2.0,7,1,2.0,0.0,,1.0,4.0,0.0,,,,1.0,0.0,0.0,7
108534,2.0,8,3,2.0,1.0,,1.0,4.0,0.0,,1.0,,1.0,1.0,0.0,8
108535,4.0,7,4,2.0,1.0,,1.0,3.0,0.0,,1.0,,0.0,3.0,0.0,7
108536,3.0,9,5,3.0,0.0,0.0,1.0,4.0,1.0,,0.0,0.0,1.0,4.0,0.0,9
108537,4.0,4,4,,2.0,0.0,1.0,1.0,0.0,,2.0,0.0,1.0,1.0,0.0,4
108538,3.0,4,4,,1.0,2.0,1.0,0.0,0.0,,2.0,2.0,0.0,0.0,0.0,4
108539,3.0,0,2,,0.0,,0.0,0.0,0.0,,0.0,,1.0,1.0,0.0,2
108540,1.0,10,6,3.0,0.0,,1.0,4.0,2.0,1.0,0.0,,1.0,2.0,2.0,10
108541,3.0,13,11,4.0,0.0,0.0,1.0,4.0,4.0,2.0,0.0,0.0,1.0,4.0,4.0,13
108542,1.0,2,2,,0.0,,1.0,0.0,1.0,,0.0,,1.0,0.0,1.0,2
108543,3.0,1,1,,0.0,,1.0,0.0,0.0,,0.0,,1.0,0.0,0.0,1
108544,4.0,1,2,,0.0,,0.0,1.0,0.0,2.0,0.0,,0.0,0.0,0.0,2
108545,1.0,3,6,,1.0,,1.0,0.0,1.0,,2.0,1.0,1.0,0.0,2.0,6
108546,4.0,4,2,,0.0,,1.0,3.0,0.0,,0.0,,1.0,1.0,0.0,4
108547,3.0,9,6,4.0,0.0,,1.0,4.0,0.0,2.0,0.0,,0.0,4.0,0.0,9
108548,4.0,7,8,2.0,1.0,,0.0,4.0,0.0,3.0,1.0,,1.0,3.0,0.0,8
108549,2.0,10,4,2.0,2.0,,1.0,4.0,1.0,,2.0,,1.0,0.0,1.0,10
108550,4.0,3,4,,0.0,,1.0,1.0,1.0,,1.0,0.0,1.0,1.0,1.0,4
108551,3.0,2,3,0.0,0.0,,0.0,2.0,0.0,,0.0,,1.0,2.0,0.0,3
108552,4.0,8,1,3.0,0.0,,1.0,4.0,0.0,,1.0,,0.0,0.0,0.0,8
108553,3.0,1,1,,0.0,,1.0,0.0,0.0,,0.0,,1.0,0.0,0.0,1
108554,1.0,5,6,,1.0,,1.0,0.0,3.0,,2.0,,1.0,0.0,3.0,6
108555,3.0,2,2,,0.0,0.0,1.0,1.0,0.0,,0.0,0.0,1.0,1.0,0.0,2
108556,4.0,4,4,,0.0,,1.0,3.0,0.0,,0.0,,1.0,3.0,0.0,4
108557,2.0,2,3,,1.0,,0.0,1.0,0.0,,2.0,,0.0,1.0,0.0,3
108558,3.0,16,15,4.0,4.0,2.0,1.0,4.0,1.0,3.0,4.0,2.0,1.0,4.0,1.0,16
108559,2.0,11,4,4.0,2.0,,1.0,4.0,0.0,,2.0,,1.0,1.0,0.0,11
108560,3.0,13,16,4.0,2.0,1.0,1.0,4.0,1.0,4.0,3.0,1.0,1.0,4.0,3.0,16
108561,4.0,5,7,,2.0,,0.0,2.0,1.0,3.0,2.0,,0.0,2.0,0.0,7
108562,3.0,4,12,,1.0,2.0,1.0,0.0,0.0,4.0,1.0,2.0,1.0,4.0,0.0,12
108563,4.0,5,8,,1.0,,1.0,3.0,0.0,,1.0,,1.0,3.0,3.0,8
108564,2.0,0,0,,0.0,0.0,,,0.0,,0.0,0.0,,,0.0,0
108565,4.0,1,2,,0.0,,1.0,0.0,0.0,,0.0,,0.0,2.0,0.0,2
108566,4.0,7,6,3.0,0.0,,0.0,4.0,0.0,3.0,0.0,,0.0,3.0,0.0,7
108567,1.0,0,0,,0.0,0.0,0.0,0.0,0.0,,0.0,0.0,0.0,0.0,0.0,0
108568,2.0,7,3,3.0,1.0,,1.0,2.0,0.0,,2.0,,1.0,0.0,0.0,7
108569,4.0,1,0,,0.0,,1.0,0.0,0.0,,0.0,,0.0,0.0,0.0,1
108570,3.0,4,6,,2.0,0.0,,,2.0,,3.0,0.0,,,3.0,6
108571,3.0,2,2,,0.0,,1.0,1.0,0.0,,0.0,,1.0,1.0,0.0,2
108572,3.0,6,7,4.0,0.0,,0.0,2.0,0.0,3.0,0.0,,1.0,3.0,0.0,7
108573,4.0,2,0,,0.0,,1.0,1.0,0.0,,0.0,,0.0,0.0,0.0,2
108574,2.0,9,5,2.0,2.0,,1.0,4.0,0.0,2.0,1.0,,1.0,1.0,0.0,9
108575,3.0,6,3,1.0,1.0,,1.0,3.0,0.0,,1.0,,1.0,1.0,0.0,6
108576,4.0,8,9,1.0,1.0,,1.0,4.0,1.0,2.0,1.0,,1.0,4.0,1.0,9
108577,4.0,10,8,3.0,2.0,0.0,1.0,4.0,0.0,1.0,2.0,0.0,1.0,4.0,0.0,10
108578,3.0,12,11,4.0,1.0,2.0,1.0,4.0,0.0,4.0,0.0,2.0,1.0,4.0,0.0,12
108579,2.0,5,2,,0.0,,1.0,4.0,0.0,,1.0,,1.0,0.0,0.0,5
108580,4.0,3,4,,0.0,,0.0,3.0,0.0,,0.0,,0.0,3.0,1.0,4
108581,4.0,8,7,3.0,1.0,0.0,0.0,4.0,0.0,3.0,1.0,0.0,0.0,3.0,0.0,8
108582,3.0,2,2,,0.0,,1.0,0.0,1.0,,0.0,,1.0,0.0,1.0,2
108583,2.0,5,1,1.0,0.0,,0.0,4.0,0.0,,0.0,,0.0,1.0,0.0,5
108584,3.0,12,11,3.0,0.0,0.0,1.0,4.0,4.0,3.0,0.0,0.0,1.0,3.0,4.0,12
108585,4.0,2,1,,0.0,,1.0,1.0,0.0,,0.0,,1.0,0.0,0.0,2
108586,2.0,2,3,,1.0,,1.0,0.0,0.0,,1.0,,1.0,1.0,0.0,3
108587,3.0,8,6,3.0,1.0,,0.0,4.0,0.0,3.0,,,0.0,3.0,0.0,8
108588,3.0,1,1,,0.0,,1.0,0.0,0.0,,0.0,0.0,1.0,0.0,0.0,1
108589,4.0,5,2,0.0,0.0,,1.0,4.0,0.0,,0.0,,1.0,1.0,0.0,5
108590,3.0,5,5,,0.0,0.0,1.0,1.0,3.0,,0.0,1.0,1.0,1.0,2.0,5
108591,1.0,1,3,,0.0,,1.0,0.0,0.0,,2.0,0.0,1.0,0.0,0.0,3
108592,1.0,0,9,,0.0,0.0,0.0,0.0,0.0,3.0,1.0,0.0,1.0,4.0,0.0,9
108593,3.0,7,5,1.0,0.0,,1.0,3.0,2.0,1.0,0.0,,1.0,3.0,0.0,7
108594,2.0,6,5,,1.0,,1.0,4.0,0.0,,2.0,0.0,1.0,2.0,0.0,6
108595,3.0,4,7,0.0,0.0,,1.0,3.0,0.0,,0.0,,1.0,3.0,3.0,7
108596,4.0,15,13,3.0,3.0,2.0,1.0,3.0,3.0,2.0,3.0,3.0,0.0,3.0,2.0,15
108597,2.0,10,9,3.0,2.0,,1.0,4.0,0.0,2.0,2.0,0.0,1.0,4.0,0.0,10
108598,2.0,7,2,1.0,1.0,,1.0,4.0,0.0,,1.0,0.0,1.0,0.0,0.0,7
108599,3.0,5,3,2.0,,,0.0,3.0,0.0,,0.0,,0.0,3.0,0.0,5
108600,3.0,6,3,1.0,0.0,,0.0,3.0,2.0,,0.0,,1.0,0.0,2.0,6
108601,2.0,2,1,,1.0,,,,1.0,,1.0,,,,0.0,2
108602,3.0,9,9,3.0,0.0,0.0,1.0,3.0,2.0,3.0,0.0,0.0,1.0,3.0,2.0,9
108603,4.0,9,4,2.0,2.0,1.0,0.0,4.0,0.0,,2.0,1.0,0.0,1.0,0.0,9
108604,3.0,2,1,,0.0,,1.0,1.0,0.0,,0.0,,1.0,0.0,0.0,2
108605,3.0,3,4,,0.0,,,,3.0,,0.0,,,,4.0,4
108606,3.0,12,10,1.0,0.0,4.0,1.0,4.0,2.0,1.0,1.0,2.0,1.0,3.0,2.0,12
108607,3.0,7,8,3.0,0.0,0.0,1.0,3.0,0.0,4.0,0.0,0.0,1.0,3.0,0.0,8
108608,2.0,3,0,,0.0,,1.0,2.0,0.0,,0.0,,0.0,0.0,0.0,3
108609,2.0,5,2,2.0,0.0,,1.0,2.0,0.0,,0.0,,1.0,0.0,1.0,5
108610,4.0,3,3,0.0,0.0,,0.0,3.0,0.0,0.0,0.0,,0.0,3.0,0.0,3
108611,4.0,5,7,0.0,1.0,,1.0,3.0,0.0,1.0,2.0,,1.0,3.0,0.0,7
108612,2.0,7,2,1.0,1.0,,1.0,4.0,0.0,,1.0,,1.0,0.0,0.0,7
108613,2.0,9,4,3.0,0.0,0.0,1.0,4.0,1.0,2.0,0.0,0.0,0.0,1.0,1.0,9
108614,3.0,7,4,3.0,0.0,1.0,0.0,3.0,0.0,0.0,0.0,0.0,1.0,3.0,0.0,7
108615,3.0,5,6,,1.0,0.0,1.0,3.0,0.0,,1.0,0.0,1.0,3.0,1.0,6
108616,3.0,2,1,,0.0,,1.0,1.0,0.0,,0.0,,1.0,0.0,0.0,2
108617,4.0,1,1,,0.0,0.0,0.0,1.0,0.0,,1.0,0.0,0.0,0.0,0.0,1
108618,4.0,13,11,3.0,4.0,1.0,1.0,4.0,0.0,3.0,2.0,1.0,1.0,4.0,0.0,13
108619,3.0,3,5,,0.0,,0.0,3.0,0.0,1.0,0.0,0.0,0.0,4.0,0.0,5
108620,1.0,2,2,,0.0,0.0,1.0,1.0,0.0,,0.0,0.0,1.0,1.0,0.0,2
108621,1.0,7,3,2.0,0.0,0.0,1.0,3.0,1.0,0.0,0.0,0.0,1.0,2.0,0.0,7
108622,1.0,1,1,,0.0,0.0,0.0,0.0,1.0,,1.0,0.0,0.0,0.0,0.0,1
108623,4.0,6,5,,1.0,,1.0,3.0,1.0,,1.0,,1.0,2.0,1.0,6
108624,2.0,7,0,2.0,0.0,,1.0,4.0,0.0,,0.0,,0.0,0.0,0.0,7
108625,2.0,8,1,3.0,0.0,,1.0,4.0,0.0,,0.0,,0.0,1.0,0.0,8
108626,1.0,9,9,2.0,0.0,1.0,1.0,4.0,1.0,3.0,1.0,0.0,1.0,3.0,1.0,9
108627,2.0,1,2,,0.0,,1.0,0.0,,,0.0,,1.0,0.0,1.0,2
108628,1.0,5,2,0.0,1.0,,1.0,3.0,0.0,,1.0,,1.0,0.0,0.0,5
108629,4.0,7,7,3.0,0.0,0.0,0.0,4.0,0.0,3.0,0.0,0.0,0.0,4.0,0.0,7
108630,3.0,3,3,,0.0,,1.0,2.0,0.0,,,,1.0,2.0,0.0,3
108631,1.0,7,6,2.0,0.0,,1.0,3.0,1.0,1.0,0.0,0.0,1.0,3.0,1.0,7
108632,3.0,0,4,,0.0,,,,0.0,2.0,0.0,0.0,0.0,2.0,0.0,4
108633,4.0,10,9,3.0,1.0,0.0,0.0,4.0,2.0,2.0,2.0,0.0,0.0,3.0,2.0,10
108634,1.0,8,8,2.0,1.0,,1.0,4.0,0.0,2.0,1.0,0.0,1.0,4.0,0.0,8
108635,4.0,5,4,1.0,0.0,,1.0,3.0,0.0,1.0,0.0,,0.0,3.0,0.0,5
108636,1.0,8,6,4.0,1.0,1.0,1.0,1.0,0.0,2.0,1.0,1.0,1.0,0.0,1.0,8
108637,4.0,6,6,3.0,,,0.0,3.0,0.0,2.0,,,1.0,3.0,0.0,6
108638,1.0,4,2,,0.0,,1.0,1.0,2.0,,0.0,0.0,0.0,0.0,2.0,4
108639,3.0,0,0,,,,0.0,0.0,0.0,,,,0.0,0.0,0.0,0
108640,1.0,12,12,4.0,2.0,0.0,1.0,4.0,1.0,4.0,2.0,0.0,1.0,4.0,1.0,12
108641,1.0,7,8,2.0,0.0,1.0,1.0,3.0,0.0,4.0,0.0,0.0,1.0,3.0,0.0,8
108642,3.0,5,3,,0.0,0.0,1.0,0.0,4.0,,0.0,0.0,0.0,0.0,3.0,5
108643,1.0,6,2,3.0,0.0,,1.0,1.0,1.0,,0.0,,1.0,0.0,1.0,6
108644,4.0,1,1,,0.0,,1.0,0.0,0.0,,0.0,,1.0,0.0,0.0,1
108645,3.0,2,2,,0.0,0.0,1.0,0.0,1.0,,0.0,0.0,1.0,0.0,1.0,2
108646,3.0,7,4,0.0,1.0,1.0,1.0,4.0,0.0,,0.0,1.0,1.0,2.0,0.0,7
108647,2.0,8,2,1.0,1.0,,1.0,4.0,1.0,,1.0,,1.0,0.0,0.0,8
108648,3.0,11,13,4.0,0.0,0.0,1.0,4.0,2.0,3.0,2.0,0.0,1.0,4.0,3.0,13
108649,1.0,0,1,,0.0,,0.0,0.0,0.0,,0.0,,1.0,0.0,0.0,1
108650,2.0,9,2,3.0,1.0,,1.0,4.0,0.0,,1.0,,1.0,0.0,0.0,9
108651,4.0,5,2,2.0,0.0,,1.0,1.0,1.0,,0.0,0.0,1.0,1.0,0.0,5
108652,4.0,4,4,0.0,0.0,,0.0,4.0,0.0,2.0,0.0,,0.0,2.0,0.0,4
108653,2.0,9,3,2.0,0.0,,1.0,4.0,2.0,,0.0,,1.0,0.0,2.0,9
108654,4.0,8,7,3.0,0.0,,1.0,4.0,0.0,3.0,0.0,,1.0,3.0,0.0,8
108655,2.0,9,2,3.0,1.0,0.0,1.0,4.0,0.0,1.0,0.0,0.0,1.0,0.0,0.0,9
108656,4.0,9,9,2.0,0.0,1.0,1.0,4.0,1.0,2.0,,1.0,1.0,4.0,1.0,9
108657,2.0,4,3,,0.0,,1.0,3.0,0.0,,0.0,,0.0,3.0,0.0,4
108658,1.0,1,3,,0.0,0.0,0.0,0.0,1.0,,1.0,0.0,1.0,0.0,1.0,3
108659,2.0,3,3,,0.0,,1.0,2.0,0.0,,0.0,,1.0,2.0,0.0,3
108660,2.0,0,0,,,,,,,,,,,,,0
108661,3.0,1,7,,0.0,,1.0,0.0,0.0,2.0,1.0,,1.0,3.0,0.0,7
108662,1.0,0,0,,0.0,,0.0,0.0,0.0,,0.0,,0.0,0.0,0.0,0
108663,3.0,8,9,3.0,0.0,,1.0,3.0,1.0,3.0,1.0,,1.0,3.0,1.0,9
108664,3.0,9,9,4.0,0.0,,1.0,4.0,0.0,4.0,0.0,,1.0,4.0,0.0,9
108665,3.0,4,5,,0.0,,1.0,1.0,2.0,,0.0,,1.0,2.0,2.0,5
108666,3.0,7,4,,0.0,,1.0,2.0,4.0,,0.0,,1.0,0.0,3.0,7
108667,4.0,11,10,2.0,0.0,3.0,1.0,4.0,1.0,2.0,2.0,2.0,0.0,3.0,1.0,11
108668,3.0,3,4,,0.0,,0.0,3.0,0.0,,0.0,,0.0,4.0,0.0,4
108669,3.0,2,1,,0.0,,1.0,1.0,0.0,,0.0,,1.0,0.0,0.0,2
108670,3.0,9,8,1.0,2.0,0.0,1.0,4.0,1.0,2.0,2.0,0.0,1.0,3.0,0.0,9
108671,4.0,8,4,4.0,0.0,,1.0,3.0,0.0,1.0,0.0,,1.0,2.0,0.0,8
108672,4.0,6,3,2.0,1.0,,0.0,3.0,0.0,1.0,1.0,,0.0,1.0,0.0,6
108673,3.0,5,1,,1.0,,0.0,4.0,0.0,,1.0,,0.0,0.0,0.0,5
108674,4.0,2,0,,0.0,0.0,1.0,0.0,1.0,,0.0,0.0,0.0,0.0,0.0,2
108675,4.0,12,12,3.0,1.0,2.0,1.0,4.0,1.0,4.0,1.0,2.0,1.0,3.0,1.0,12
108676,1.0,0,0,,0.0,,0.0,0.0,0.0,,0.0,,0.0,0.0,0.0,0
108677,4.0,1,2,,0.0,,1.0,0.0,0.0,,0.0,,1.0,1.0,0.0,2
108678,2.0,7,3,3.0,0.0,,1.0,2.0,1.0,,0.0,,1.0,1.0,1.0,7
108679,3.0,6,5,,2.0,2.0,1.0,1.0,0.0,,2.0,2.0,1.0,,0.0,6
108680,3.0,10,8,3.0,0.0,0.0,1.0,3.0,3.0,2.0,0.0,0.0,1.0,3.0,2.0,10
108681,4.0,9,8,3.0,0.0,,1.0,3.0,2.0,3.0,0.0,,1.0,3.0,1.0,9
108682,4.0,11,4,3.0,2.0,2.0,0.0,4.0,0.0,3.0,1.0,0.0,0.0,0.0,0.0,11
108683,4.0,3,3,0.0,0.0,,0.0,3.0,0.0,,0.0,,1.0,2.0,0.0,3
108684,4.0,10,7,4.0,2.0,,0.0,4.0,0.0,3.0,1.0,,1.0,2.0,0.0,10
108685,4.0,6,5,2.0,0.0,,1.0,3.0,0.0,2.0,0.0,,1.0,2.0,0.0,6
108686,3.0,9,7,1.0,3.0,0.0,1.0,4.0,0.0,2.0,2.0,0.0,1.0,2.0,0.0,9
108687,3.0,5,3,,1.0,,1.0,0.0,3.0,,0.0,,1.0,0.0,2.0,5
108688,3.0,7,7,3.0,0.0,0.0,0.0,4.0,0.0,3.0,0.0,0.0,0.0,4.0,0.0,7
108689,3.0,2,1,,0.0,,0.0,0.0,2.0,,0.0,,0.0,0.0,1.0,2
108690,3.0,7,5,2.0,0.0,0.0,1.0,3.0,1.0,1.0,0.0,0.0,1.0,3.0,0.0,7
108691,2.0,10,13,3.0,0.0,0.0,1.0,4.0,2.0,4.0,2.0,1.0,1.0,3.0,2.0,13
108692,1.0,3,8,,0.0,0.0,0.0,3.0,0.0,3.0,0.0,0.0,1.0,4.0,0.0,8
108693,3.0,13,9,3.0,1.0,2.0,1.0,4.0,2.0,,0.0,3.0,1.0,4.0,1.0,13
108694,3.0,13,8,3.0,2.0,2.0,1.0,4.0,1.0,1.0,1.0,2.0,0.0,4.0,0.0,13
108695,3.0,2,1,,0.0,,1.0,0.0,1.0,,0.0,,1.0,0.0,0.0,2
108696,3.0,0,1,,0.0,,0.0,0.0,0.0,,0.0,,1.0,0.0,0.0,1
108697,4.0,2,3,,0.0,,0.0,1.0,1.0,,0.0,,0.0,2.0,1.0,3
108698,3.0,3,10,,0.0,2.0,1.0,0.0,0.0,2.0,2.0,1.0,1.0,4.0,0.0,10
108699,3.0,1,1,,0.0,,1.0,0.0,0.0,,0.0,,1.0,0.0,0.0,1
108700,3.0,7,5,1.0,1.0,2.0,0.0,3.0,0.0,,1.0,2.0,0.0,2.0,0.0,7
108701,3.0,1,1,,0.0,0.0,1.0,0.0,0.0,,0.0,0.0,1.0,0.0,0.0,1
108702,3.0,3,2,,0.0,0.0,0.0,3.0,0.0,,0.0,0.0,0.0,2.0,0.0,3
108703,3.0,19,18,4.0,2.0,4.0,1.0,4.0,4.0,3.0,3.0,4.0,1.0,3.0,4.0,19
108704,3.0,7,5,1.0,0.0,,1.0,3.0,2.0,0.0,0.0,,0.0,3.0,2.0,7
108705,4.0,2,2,,,,1.0,1.0,,,0.0,,1.0,1.0,0.0,2
108706,4.0,7,9,2.0,0.0,,1.0,4.0,0.0,3.0,1.0,,1.0,4.0,0.0,9
108707,3.0,5,2,2.0,0.0,0.0,1.0,0.0,2.0,,0.0,0.0,1.0,0.0,1.0,5
108708,3.0,16,18,3.0,2.0,4.0,1.0,3.0,3.0,3.0,2.0,4.0,1.0,4.0,4.0,18
108709,3.0,9,9,4.0,0.0,,1.0,4.0,0.0,3.0,1.0,,1.0,4.0,0.0,9
108710,1.0,4,3,,1.0,0.0,1.0,0.0,2.0,,0.0,0.0,1.0,0.0,2.0,4
108711,4.0,3,2,,0.0,,1.0,2.0,0.0,,0.0,,1.0,1.0,0.0,3
108712,2.0,6,11,,1.0,,1.0,4.0,0.0,3.0,2.0,2.0,1.0,3.0,0.0,11
108713,3.0,2,2,,0.0,,1.0,0.0,1.0,,0.0,,1.0,0.0,1.0,2
108714,1.0,10,9,3.0,1.0,0.0,1.0,4.0,1.0,2.0,2.0,0.0,1.0,3.0,1.0,10
108715,2.0,12,11,4.0,2.0,1.0,1.0,4.0,0.0,3.0,2.0,1.0,1.0,4.0,0.0,12
108716,3.0,1,1,,0.0,0.0,1.0,0.0,0.0,,0.0,0.0,1.0,0.0,0.0,1
108717,4.0,0,0,,,,0.0,0.0,,,,,,,,0
108718,2.0,1,4,,0.0,,1.0,0.0,0.0,,0.0,,1.0,0.0,3.0,4
108719,4.0,8,3,2.0,1.0,,1.0,4.0,0.0,,2.0,,1.0,0.0,0.0,8
108720,1.0,1,1,,0.0,,1.0,0.0,0.0,,0.0,,1.0,0.0,0.0,1
108721,4.0,5,6,3.0,0.0,,1.0,1.0,0.0,2.0,0.0,,1.0,3.0,0.0,6
108722,2.0,8,4,2.0,1.0,,1.0,4.0,0.0,2.0,1.0,,1.0,0.0,0.0,8
108723,2.0,11,12,2.0,1.0,,1.0,4.0,3.0,2.0,2.0,,1.0,3.0,4.0,12
108724,2.0,14,9,4.0,2.0,,1.0,4.0,3.0,1.0,1.0,,1.0,2.0,4.0,14
108725,2.0,7,5,1.0,1.0,,1.0,4.0,0.0,,2.0,,1.0,2.0,0.0,7
108726,1.0,9,8,4.0,0.0,0.0,1.0,3.0,1.0,3.0,0.0,0.0,1.0,3.0,1.0,9
108727,2.0,2,1,,0.0,,1.0,1.0,0.0,,0.0,,0.0,1.0,0.0,2
108728,2.0,6,4,,1.0,,1.0,4.0,0.0,,0.0,,1.0,3.0,0.0,6
108729,2.0,8,3,3.0,0.0,,1.0,4.0,0.0,2.0,0.0,,1.0,0.0,0.0,8
108730,1.0,9,8,3.0,0.0,0.0,1.0,4.0,1.0,3.0,0.0,0.0,1.0,3.0,1.0,9
108731,2.0,6,2,1.0,0.0,,1.0,4.0,0.0,,1.0,,1.0,0.0,0.0,6
108732,4.0,6,2,1.0,1.0,,0.0,4.0,0.0,,1.0,,0.0,1.0,0.0,6
108733,2.0,6,4,2.0,0.0,,1.0,3.0,0.0,2.0,0.0,,1.0,1.0,0.0,6
108734,1.0,9,8,4.0,0.0,,1.0,4.0,0.0,3.0,1.0,0.0,0.0,4.0,0.0,9
108735,4.0,13,10,4.0,0.0,0.0,1.0,4.0,4.0,3.0,0.0,0.0,0.0,4.0,3.0,13
108736,3.0,1,1,,0.0,0.0,0.0,0.0,1.0,,0.0,0.0,0.0,0.0,1.0,1
108737,2.0,1,4,,0.0,,1.0,0.0,0.0,2.0,0.0,,1.0,1.0,0.0,4
108738,3.0,2,2,,1.0,,1.0,0.0,0.0,,1.0,,1.0,0.0,0.0,2
108739,2.0,7,1,2.0,0.0,,1.0,4.0,0.0,,0.0,,1.0,0.0,0.0,7
108740,2.0,11,10,4.0,1.0,,1.0,4.0,1.0,4.0,0.0,0.0,1.0,3.0,2.0,11
108741,1.0,4,1,1.0,0.0,0.0,0.0,3.0,0.0,,0.0,0.0,1.0,0.0,0.0,4
108742,2.0,8,2,2.0,1.0,,1.0,4.0,0.0,,1.0,,1.0,0.0,0.0,8
108743,4.0,2,1,,0.0,,0.0,1.0,1.0,,1.0,,0.0,0.0,0.0,2
108744,4.0,4,7,1.0,0.0,,0.0,3.0,0.0,1.0,1.0,,0.0,4.0,1.0,7
108745,1.0,7,2,1.0,1.0,,1.0,4.0,0.0,,1.0,,1.0,0.0,0.0,7
108746,2.0,0,0,,0.0,,0.0,0.0,0.0,,0.0,,,,0.0,0
108747,2.0,9,8,2.0,1.0,1.0,1.0,4.0,0.0,1.0,1.0,1.0,1.0,3.0,1.0,9
108748,2.0,4,7,2.0,1.0,,1.0,0.0,0.0,2.0,0.0,,1.0,4.0,0.0,7
108749,4.0,3,4,2.0,0.0,,0.0,1.0,0.0,2.0,0.0,,0.0,2.0,0.0,4
108750,1.0,10,10,3.0,0.0,2.0,1.0,3.0,1.0,3.0,2.0,3.0,0.0,2.0,0.0,10
108751,2.0,10,8,4.0,0.0,,1.0,4.0,1.0,3.0,1.0,,1.0,2.0,1.0,10
108752,4.0,7,2,2.0,2.0,0.0,1.0,2.0,0.0,,1.0,0.0,1.0,0.0,0.0,7
108753,3.0,1,8,,,,1.0,0.0,,,3.0,4.0,1.0,0.0,0.0,8
108754,3.0,3,3,,1.0,0.0,1.0,0.0,1.0,,1.0,1.0,1.0,0.0,0.0,3
108755,4.0,7,2,2.0,0.0,,1.0,4.0,0.0,,0.0,,1.0,1.0,0.0,7
108756,1.0,5,5,,2.0,1.0,1.0,0.0,1.0,,2.0,1.0,1.0,0.0,1.0,5
108757,3.0,7,7,,3.0,3.0,1.0,0.0,0.0,,2.0,4.0,1.0,0.0,0.0,7
108758,4.0,8,11,4.0,1.0,,1.0,2.0,0.0,4.0,2.0,,1.0,3.0,1.0,11
108759,2.0,10,6,3.0,1.0,,1.0,4.0,1.0,2.0,0.0,0.0,1.0,2.0,1.0,10
108760,3.0,4,5,1.0,0.0,,0.0,3.0,0.0,2.0,0.0,,0.0,3.0,0.0,5
108761,1.0,6,5,2.0,0.0,,1.0,3.0,0.0,1.0,,1.0,0.0,3.0,0.0,6
108762,3.0,1,1,,0.0,,1.0,0.0,0.0,,0.0,,1.0,0.0,0.0,1
108763,3.0,7,6,2.0,0.0,,1.0,4.0,0.0,3.0,0.0,,1.0,2.0,0.0,7
108764,3.0,18,17,4.0,3.0,3.0,1.0,4.0,3.0,3.0,4.0,4.0,1.0,4.0,1.0,18
108765,1.0,1,0,,0.0,0.0,1.0,0.0,0.0,,0.0,0.0,0.0,0.0,0.0,1
108766,2.0,9,2,3.0,1.0,,1.0,4.0,0.0,,1.0,,1.0,0.0,0.0,9
108767,3.0,0,0,,0.0,0.0,,,0.0,,0.0,0.0,,,0.0,0
108768,3.0,3,2,,0.0,0.0,1.0,2.0,0.0,,0.0,0.0,1.0,1.0,0.0,3
108769,3.0,8,8,2.0,0.0,,1.0,3.0,2.0,2.0,0.0,,1.0,3.0,2.0,8
108770,3.0,1,1,,0.0,0.0,1.0,0.0,0.0,,0.0,0.0,1.0,0.0,0.0,1
108771,3.0,8,1,2.0,1.0,0.0,1.0,4.0,0.0,,1.0,0.0,0.0,0.0,0.0,8
108772,2.0,7,1,2.0,0.0,,1.0,4.0,0.0,,0.0,,0.0,1.0,0.0,7
108773,3.0,1,1,,0.0,0.0,0.0,0.0,1.0,,,0.0,0.0,1.0,0.0,1
108774,3.0,5,5,2.0,0.0,0.0,1.0,2.0,0.0,1.0,0.0,0.0,1.0,3.0,0.0,5
108775,4.0,8,4,3.0,0.0,0.0,1.0,4.0,0.0,2.0,0.0,0.0,0.0,2.0,0.0,8
108776,2.0,12,6,3.0,2.0,,1.0,4.0,2.0,2.0,1.0,,1.0,0.0,2.0,12
108777,3.0,8,8,3.0,1.0,,1.0,3.0,0.0,3.0,1.0,,1.0,3.0,0.0,8
108778,1.0,1,1,,0.0,0.0,1.0,0.0,0.0,,0.0,0.0,1.0,0.0,0.0,1
108779,1.0,1,1,,0.0,,1.0,0.0,0.0,,0.0,,1.0,0.0,0.0,1
108780,4.0,6,6,,0.0,,1.0,1.0,4.0,,1.0,,1.0,1.0,3.0,6
108781,3.0,5,5,,0.0,0.0,1.0,3.0,1.0,,0.0,0.0,1.0,3.0,1.0,5
108782,2.0,13,19,4.0,1.0,2.0,1.0,4.0,1.0,4.0,3.0,3.0,1.0,4.0,4.0,19
108783,2.0,8,6,2.0,1.0,,1.0,4.0,0.0,2.0,1.0,,1.0,2.0,0.0,8
108784,1.0,8,7,2.0,1.0,,1.0,3.0,1.0,2.0,1.0,,1.0,2.0,1.0,8
108785,4.0,5,4,,2.0,2.0,1.0,0.0,0.0,,1.0,2.0,1.0,0.0,0.0,5
108786,4.0,10,8,4.0,0.0,,1.0,4.0,1.0,3.0,0.0,,1.0,3.0,1.0,10
108787,4.0,11,10,3.0,2.0,,1.0,4.0,1.0,3.0,2.0,,1.0,4.0,0.0,11
108788,4.0,2,3,,0.0,,1.0,1.0,0.0,2.0,0.0,,1.0,0.0,0.0,3
108789,1.0,4,4,,0.0,0.0,1.0,0.0,3.0,,0.0,0.0,1.0,0.0,3.0,4
108790,3.0,3,5,,0.0,0.0,1.0,0.0,2.0,,2.0,0.0,1.0,0.0,2.0,5
108791,4.0,7,7,3.0,0.0,,1.0,3.0,0.0,3.0,0.0,,1.0,3.0,0.0,7
108792,4.0,9,9,2.0,0.0,,1.0,4.0,2.0,3.0,0.0,,1.0,3.0,2.0,9
108793,3.0,2,2,,0.0,0.0,1.0,1.0,0.0,,0.0,0.0,1.0,1.0,0.0,2
108794,4.0,6,6,,0.0,1.0,1.0,4.0,0.0,,0.0,1.0,1.0,4.0,0.0,6
108795,4.0,3,2,,0.0,,1.0,2.0,0.0,,0.0,,1.0,1.0,0.0,3
108796,2.0,2,2,,0.0,,1.0,1.0,0.0,,1.0,,1.0,0.0,0.0,2
108797,4.0,0,0,,0.0,,0.0,0.0,0.0,,0.0,,0.0,0.0,0.0,0
108798,4.0,2,2,,0.0,,0.0,2.0,0.0,,0.0,,0.0,2.0,0.0,2
108799,3.0,10,10,2.0,0.0,0.0,1.0,3.0,4.0,3.0,0.0,0.0,0.0,3.0,4.0,10
108800,2.0,10,9,2.0,2.0,,1.0,4.0,1.0,3.0,2.0,,1.0,2.0,1.0,10
108801,2.0,8,8,2.0,1.0,,1.0,4.0,0.0,2.0,2.0,,1.0,3.0,0.0,8
108802,1.0,1,2,,0.0,0.0,1.0,0.0,0.0,,0.0,0.0,1.0,0.0,1.0,2
108803,3.0,2,1,,1.0,,1.0,0.0,0.0,,0.0,,1.0,0.0,0.0,2
108804,2.0,8,2,1.0,2.0,,1.0,4.0,0.0,,1.0,,1.0,0.0,0.0,8
108805,3.0,4,4,,0.0,,1.0,2.0,1.0,,0.0,0.0,1.0,2.0,1.0,4
108806,3.0,1,2,,0.0,,1.0,0.0,0.0,,1.0,,1.0,0.0,0.0,2
108807,4.0,2,0,,2.0,,0.0,0.0,0.0,,0.0,,0.0,0.0,0.0,2
108808,3.0,3,1,,1.0,0.0,1.0,1.0,0.0,,0.0,0.0,1.0,0.0,0.0,3
108809,2.0,6,6,,1.0,,1.0,0.0,4.0,,2.0,,0.0,0.0,4.0,6
108810,3.0,5,5,3.0,0.0,0.0,0.0,2.0,0.0,3.0,0.0,0.0,0.0,2.0,0.0,5
108811,1.0,2,2,,1.0,0.0,0.0,0.0,1.0,,0.0,0.0,1.0,0.0,1.0,2
108812,4.0,8,7,3.0,0.0,,1.0,4.0,0.0,3.0,0.0,,0.0,4.0,0.0,8
108813,4.0,7,5,2.0,0.0,,0.0,4.0,1.0,0.0,0.0,,1.0,4.0,0.0,7
108814,2.0,5,3,2.0,2.0,,1.0,0.0,0.0,,2.0,,1.0,0.0,0.0,5
108815,1.0,2,7,,0.0,0.0,1.0,0.0,1.0,,1.0,0.0,1.0,4.0,1.0,7
108816,3.0,4,3,,1.0,0.0,1.0,1.0,1.0,,1.0,0.0,1.0,0.0,1.0,4
108817,2.0,4,1,,0.0,,1.0,2.0,1.0,,0.0,,0.0,0.0,1.0,4
108818,4.0,5,7,2.0,0.0,,1.0,2.0,0.0,4.0,0.0,0.0,1.0,2.0,0.0,7
108819,1.0,2,2,,0.0,,1.0,0.0,1.0,,0.0,,1.0,0.0,1.0,2
108820,1.0,2,1,,0.0,,0.0,1.0,1.0,,0.0,,0.0,0.0,1.0,2
108821,1.0,1,1,,0.0,,0.0,1.0,0.0,,0.0,,1.0,0.0,0.0,1
108822,3.0,6,2,2.0,0.0,,1.0,3.0,0.0,0.0,0.0,,0.0,2.0,0.0,6
108823,4.0,3,3,,0.0,,1.0,2.0,0.0,,0.0,,1.0,2.0,0.0,3
108824,4.0,9,8,2.0,1.0,,1.0,4.0,1.0,3.0,1.0,0.0,1.0,2.0,1.0,9
108825,3.0,9,8,3.0,0.0,,1.0,3.0,2.0,3.0,0.0,,1.0,3.0,1.0,9
108826,3.0,1,1,,0.0,0.0,0.0,1.0,0.0,,0.0,0.0,1.0,0.0,0.0,1
108827,1.0,2,1,,0.0,0.0,1.0,0.0,1.0,,0.0,0.0,1.0,0.0,0.0,2
108828,4.0,3,3,,1.0,,0.0,1.0,1.0,,1.0,,0.0,1.0,1.0,3
108829,2.0,2,1,0.0,1.0,,1.0,0.0,0.0,,,,1.0,0.0,0.0,2
108830,3.0,1,1,,0.0,,1.0,0.0,0.0,,0.0,,1.0,0.0,0.0,1
108831,3.0,7,6,0.0,0.0,,1.0,3.0,3.0,,1.0,,1.0,2.0,2.0,7
108832,2.0,8,6,,2.0,,1.0,4.0,1.0,2.0,2.0,,1.0,0.0,1.0,8
108833,3.0,4,4,,3.0,0.0,,,1.0,,3.0,0.0,,,1.0,4
108834,4.0,8,5,4.0,0.0,,0.0,4.0,0.0,1.0,0.0,,0.0,4.0,0.0,8
108835,4.0,2,2,,0.0,,1.0,1.0,0.0,,0.0,,1.0,1.0,0.0,2
108836,2.0,10,10,3.0,2.0,,1.0,4.0,0.0,3.0,2.0,,1.0,4.0,0.0,10
108837,2.0,10,1,2.0,3.0,,1.0,4.0,0.0,,1.0,,0.0,0.0,0.0,10
108838,4.0,10,7,3.0,2.0,,1.0,4.0,0.0,1.0,2.0,,1.0,3.0,0.0,10
108839,1.0,7,8,,0.0,1.0,1.0,3.0,2.0,,1.0,1.0,1.0,3.0,2.0,8
108840,3.0,9,10,4.0,0.0,0.0,1.0,3.0,1.0,4.0,0.0,0.0,1.0,4.0,1.0,10
108841,3.0,2,2,,0.0,0.0,1.0,0.0,1.0,,0.0,0.0,1.0,1.0,0.0,2
108842,4.0,7,7,2.0,2.0,,0.0,3.0,0.0,2.0,2.0,,0.0,3.0,0.0,7
108843,3.0,4,7,,0.0,0.0,1.0,3.0,0.0,3.0,1.0,0.0,1.0,2.0,0.0,7
108844,4.0,6,8,2.0,0.0,,0.0,3.0,1.0,3.0,1.0,,0.0,3.0,1.0,8
108845,3.0,1,3,,0.0,0.0,1.0,0.0,0.0,2.0,0.0,0.0,0.0,1.0,0.0,3
108846,3.0,3,1,,0.0,,1.0,2.0,0.0,,0.0,,1.0,0.0,0.0,3
108847,3.0,8,7,4.0,0.0,0.0,1.0,3.0,0.0,3.0,0.0,0.0,1.0,3.0,0.0,8
108848,4.0,3,2,0.0,0.0,0.0,0.0,3.0,0.0,,0.0,0.0,1.0,1.0,0.0,3
108849,3.0,8,4,2.0,0.0,,1.0,3.0,2.0,,0.0,,1.0,1.0,2.0,8
108850,4.0,6,1,1.0,0.0,,1.0,4.0,0.0,,0.0,,0.0,1.0,0.0,6
108851,3.0,12,11,2.0,3.0,2.0,1.0,4.0,0.0,2.0,2.0,2.0,1.0,4.0,0.0,12
108852,4.0,0,0,,0.0,,0.0,0.0,0.0,,0.0,,0.0,0.0,0.0,0
108853,3.0,4,1,2.0,0.0,,1.0,0.0,1.0,,0.0,,0.0,0.0,1.0,4
108854,3.0,3,6,,0.0,,1.0,1.0,1.0,1.0,0.0,,0.0,4.0,1.0,6
108855,3.0,4,1,,0.0,,1.0,2.0,1.0,,0.0,,1.0,0.0,0.0,4
108856,4.0,0,0,,0.0,0.0,0.0,0.0,0.0,,0.0,0.0,0.0,0.0,0.0,0
108857,3.0,4,3,,1.0,,1.0,1.0,1.0,,1.0,,1.0,0.0,1.0,4
108858,3.0,9,9,4.0,0.0,0.0,1.0,4.0,0.0,4.0,0.0,0.0,1.0,4.0,0.0,9
108859,1.0,8,8,3.0,0.0,0.0,1.0,2.0,2.0,4.0,,0.0,0.0,2.0,2.0,8
108860,1.0,10,9,4.0,0.0,0.0,1.0,4.0,1.0,3.0,0.0,0.0,1.0,4.0,1.0,10
108861,3.0,0,0,,,0.0,,,0.0,,,0.0,,,,0
108862,4.0,5,2,2.0,0.0,0.0,1.0,0.0,2.0,,0.0,0.0,0.0,0.0,2.0,5
108863,1.0,5,4,,0.0,0.0,1.0,2.0,2.0,,0.0,0.0,1.0,1.0,2.0,5
108864,1.0,8,10,2.0,0.0,0.0,1.0,3.0,2.0,4.0,0.0,0.0,1.0,3.0,2.0,10
108865,4.0,5,2,1.0,0.0,0.0,1.0,3.0,0.0,,0.0,0.0,0.0,2.0,0.0,5
108866,3.0,1,1,,0.0,,1.0,0.0,0.0,,0.0,,1.0,0.0,0.0,1
108867,3.0,0,1,,0.0,,0.0,0.0,0.0,,0.0,,1.0,0.0,0.0,1
108868,1.0,6,9,,2.0,,1.0,2.0,1.0,3.0,2.0,,1.0,2.0,1.0,9
108869,4.0,6,7,,0.0,2.0,1.0,1.0,2.0,,0.0,3.0,1.0,1.0,2.0,7
108870,2.0,9,2,3.0,1.0,,1.0,4.0,0.0,,1.0,,1.0,0.0,0.0,9
108871,3.0,5,6,0.0,0.0,0.0,1.0,4.0,0.0,1.0,0.0,0.0,1.0,4.0,0.0,6
108872,1.0,11,7,2.0,4.0,,1.0,4.0,0.0,2.0,3.0,,1.0,1.0,0.0,11
108873,4.0,2,1,,1.0,,0.0,1.0,0.0,,1.0,,0.0,0.0,0.0,2
108874,1.0,4,4,,0.0,,0.0,0.0,4.0,,0.0,0.0,0.0,0.0,4.0,4
108875,3.0,11,11,3.0,0.0,2.0,1.0,4.0,1.0,3.0,0.0,1.0,1.0,4.0,2.0,11
108876,3.0,5,5,,0.0,0.0,1.0,0.0,4.0,,0.0,0.0,1.0,0.0,4.0,5
108877,4.0,5,8,,1.0,2.0,1.0,0.0,1.0,,2.0,2.0,1.0,0.0,3.0,8
108878,3.0,3,4,,0.0,,0.0,3.0,0.0,,0.0,,1.0,3.0,0.0,4
108879,4.0,2,1,,0.0,,1.0,1.0,0.0,,0.0,,1.0,0.0,0.0,2
108880,3.0,5,1,,0.0,,1.0,4.0,0.0,,0.0,0.0,0.0,1.0,0.0,5
108881,3.0,0,0,,0.0,,0.0,0.0,0.0,,0.0,,0.0,0.0,0.0,0
108882,4.0,11,4,2.0,2.0,3.0,0.0,4.0,0.0,,2.0,2.0,0.0,0.0,0.0,11
108883,2.0,14,14,3.0,0.0,2.0,1.0,4.0,4.0,3.0,0.0,2.0,1.0,4.0,4.0,14
108884,4.0,1,0,,0.0,0.0,,,1.0,,0.0,0.0,,,0.0,1
108885,3.0,7,6,,1.0,,1.0,1.0,4.0,,1.0,0.0,1.0,1.0,3.0,7
108886,4.0,3,0,,0.0,,1.0,2.0,0.0,,0.0,,0.0,0.0,0.0,3
108887,1.0,5,2,2.0,0.0,,1.0,2.0,0.0,,1.0,,1.0,0.0,0.0,5
108888,3.0,3,3,,1.0,,1.0,1.0,0.0,,0.0,,1.0,2.0,0.0,3
108889,4.0,2,1,,0.0,,0.0,1.0,1.0,,0.0,,0.0,0.0,1.0,2
108890,2.0,8,2,3.0,0.0,,1.0,4.0,0.0,,0.0,,1.0,1.0,0.0,8
108891,4.0,10,9,3.0,2.0,2.0,1.0,2.0,0.0,2.0,2.0,2.0,1.0,2.0,0.0,10
108892,3.0,6,7,1.0,0.0,,1.0,4.0,0.0,2.0,0.0,0.0,1.0,4.0,0.0,7
108893,4.0,5,9,0.0,0.0,,1.0,4.0,0.0,3.0,1.0,0.0,1.0,4.0,0.0,9
108894,1.0,0,7,,0.0,0.0,0.0,0.0,0.0,3.0,0.0,0.0,0.0,4.0,0.0,7
108895,1.0,5,10,,1.0,,1.0,2.0,1.0,3.0,1.0,0.0,1.0,4.0,1.0,10
108896,3.0,0,1,,0.0,0.0,0.0,0.0,0.0,,0.0,0.0,1.0,0.0,0.0,1
108897,4.0,10,7,3.0,1.0,2.0,1.0,3.0,0.0,3.0,2.0,2.0,0.0,0.0,0.0,10
108898,3.0,10,9,4.0,0.0,0.0,1.0,4.0,1.0,3.0,0.0,0.0,1.0,4.0,1.0,10
108899,3.0,4,4,0.0,0.0,1.0,0.0,3.0,0.0,0.0,0.0,0.0,1.0,3.0,0.0,4
108900,1.0,1,1,,0.0,,1.0,0.0,0.0,,0.0,,1.0,0.0,0.0,1
108901,2.0,8,2,2.0,1.0,,1.0,4.0,0.0,,1.0,,1.0,0.0,0.0,8
108902,3.0,5,4,1.0,0.0,,0.0,3.0,1.0,0.0,0.0,,0.0,3.0,1.0,5
108903,3.0,8,9,2.0,0.0,0.0,1.0,4.0,1.0,2.0,1.0,0.0,1.0,4.0,1.0,9
108904,4.0,4,2,,0.0,,1.0,2.0,1.0,,0.0,,1.0,1.0,0.0,4
108905,3.0,6,5,2.0,0.0,,0.0,3.0,1.0,,0.0,,1.0,3.0,1.0,6
108906,3.0,5,5,,0.0,2.0,1.0,1.0,1.0,,0.0,2.0,1.0,1.0,1.0,5
108907,2.0,8,7,2.0,0.0,0.0,1.0,4.0,1.0,2.0,0.0,0.0,1.0,3.0,1.0,8
108908,3.0,7,5,3.0,0.0,,1.0,3.0,0.0,2.0,0.0,,0.0,3.0,0.0,7
108909,3.0,0,0,,0.0,0.0,0.0,0.0,0.0,,0.0,0.0,0.0,0.0,0.0,0
108910,3.0,6,5,2.0,0.0,0.0,0.0,4.0,0.0,1.0,0.0,0.0,1.0,3.0,0.0,6
108911,4.0,4,5,0.0,0.0,0.0,1.0,3.0,0.0,2.0,1.0,0.0,1.0,1.0,0.0,5
108912,4.0,4,7,2.0,0.0,,1.0,1.0,0.0,2.0,1.0,,1.0,3.0,0.0,7
108913,1.0,9,7,2.0,0.0,0.0,1.0,4.0,2.0,1.0,0.0,0.0,1.0,2.0,3.0,9
108914,4.0,6,5,2.0,0.0,,0.0,3.0,1.0,1.0,0.0,,0.0,3.0,1.0,6
108915,3.0,4,4,,,,1.0,3.0,0.0,,,,0.0,4.0,0.0,4
108916,3.0,2,3,,0.0,,1.0,0.0,1.0,,0.0,,1.0,1.0,1.0,3
108917,1.0,10,8,4.0,0.0,0.0,1.0,4.0,1.0,3.0,0.0,0.0,1.0,3.0,1.0,10
108918,2.0,1,1,,,,1.0,0.0,0.0,,0.0,,1.0,0.0,0.0,1
108919,2.0,6,5,1.0,2.0,,1.0,2.0,0.0,,2.0,,1.0,1.0,1.0,6
108920,4.0,11,4,3.0,2.0,1.0,1.0,4.0,0.0,,2.0,1.0,1.0,0.0,0.0,11
108921,2.0,8,1,3.0,0.0,,1.0,4.0,0.0,,0.0,,1.0,0.0,0.0,8
108922,2.0,7,7,2.0,0.0,,1.0,4.0,0.0,3.0,0.0,,1.0,3.0,0.0,7
108923,1.0,3,4,,0.0,2.0,1.0,0.0,0.0,,0.0,2.0,1.0,1.0,0.0,4
108924,1.0,1,1,,0.0,0.0,1.0,0.0,0.0,,0.0,0.0,1.0,0.0,0.0,1
108925,2.0,11,4,3.0,1.0,1.0,1.0,4.0,1.0,2.0,1.0,1.0,0.0,0.0,0.0,11
108926,3.0,10,9,,3.0,2.0,1.0,1.0,3.0,,3.0,3.0,0.0,1.0,2.0,10
108927,2.0,6,1,1.0,0.0,,1.0,4.0,0.0,,0.0,0.0,1.0,0.0,0.0,6
108928,4.0,4,2,,0.0,,1.0,3.0,0.0,,0.0,,1.0,1.0,0.0,4
108929,3.0,4,4,,0.0,0.0,1.0,3.0,0.0,3.0,0.0,0.0,0.0,1.0,0.0,4
108930,2.0,5,7,,1.0,,1.0,3.0,0.0,2.0,1.0,0.0,1.0,3.0,0.0,7
108931,1.0,2,1,,0.0,,1.0,1.0,0.0,,0.0,,1.0,0.0,0.0,2
108932,4.0,1,1,,0.0,,0.0,1.0,0.0,,0.0,,0.0,1.0,0.0,1
108933,3.0,4,5,2.0,0.0,0.0,0.0,2.0,0.0,3.0,0.0,0.0,0.0,2.0,0.0,5
108934,3.0,8,6,4.0,0.0,0.0,0.0,4.0,0.0,2.0,,0.0,1.0,3.0,0.0,8
108935,4.0,5,3,2.0,0.0,,1.0,2.0,0.0,,1.0,,1.0,1.0,0.0,5
108936,2.0,11,12,3.0,1.0,1.0,1.0,4.0,1.0,3.0,1.0,1.0,1.0,4.0,2.0,12
108937,2.0,4,3,2.0,1.0,,1.0,0.0,0.0,,1.0,,1.0,0.0,1.0,4
108938,3.0,3,1,,0.0,,1.0,2.0,0.0,,0.0,,0.0,1.0,0.0,3
108939,3.0,5,4,,2.0,0.0,1.0,0.0,2.0,,2.0,0.0,0.0,0.0,2.0,5
108940,2.0,10,13,3.0,1.0,1.0,1.0,4.0,0.0,3.0,2.0,1.0,1.0,3.0,3.0,13
108941,3.0,7,8,2.0,0.0,0.0,1.0,0.0,4.0,2.0,0.0,0.0,1.0,1.0,4.0,8
108942,2.0,8,3,2.0,1.0,0.0,1.0,4.0,0.0,,1.0,0.0,1.0,1.0,0.0,8
108943,3.0,1,9,,0.0,,1.0,0.0,0.0,4.0,0.0,,1.0,4.0,0.0,9
108944,3.0,6,6,,0.0,0.0,1.0,1.0,4.0,,0.0,0.0,1.0,1.0,4.0,6
108945,4.0,5,3,,2.0,,0.0,3.0,0.0,,2.0,,1.0,0.0,0.0,5
108946,3.0,5,4,,0.0,,1.0,0.0,4.0,,0.0,,1.0,0.0,3.0,5
108947,2.0,7,4,,2.0,,1.0,4.0,0.0,,,,1.0,2.0,1.0,7
108948,3.0,1,2,,1.0,,0.0,0.0,0.0,,1.0,,1.0,0.0,0.0,2
108949,2.0,1,2,,0.0,0.0,1.0,0.0,0.0,,0.0,0.0,1.0,1.0,0.0,2
108950,1.0,2,1,,0.0,1.0,1.0,0.0,0.0,,0.0,1.0,0.0,0.0,0.0,2
108951,4.0,7,5,,1.0,4.0,1.0,0.0,1.0,,2.0,3.0,,,0.0,7
108952,2.0,10,9,3.0,1.0,,1.0,4.0,1.0,2.0,1.0,,1.0,4.0,1.0,10
108953,4.0,2,2,,0.0,,0.0,2.0,0.0,,0.0,,0.0,2.0,0.0,2
108954,3.0,8,6,3.0,0.0,0.0,1.0,3.0,1.0,3.0,0.0,0.0,0.0,3.0,0.0,8
108955,4.0,0,2,,0.0,,0.0,0.0,0.0,,1.0,,1.0,0.0,0.0,2
108956,2.0,13,5,3.0,1.0,,1.0,4.0,4.0,,0.0,,1.0,0.0,4.0,13
108957,4.0,10,10,3.0,2.0,,1.0,4.0,0.0,3.0,2.0,,1.0,4.0,0.0,10
108958,2.0,11,9,2.0,0.0,0.0,1.0,4.0,4.0,2.0,0.0,0.0,1.0,2.0,4.0,11
108959,1.0,1,0,,0.0,,1.0,0.0,0.0,,0.0,,0.0,0.0,0.0,1
108960,3.0,2,2,,0.0,,1.0,1.0,0.0,,,,1.0,1.0,,2
108961,3.0,8,7,,1.0,2.0,1.0,3.0,1.0,,1.0,2.0,0.0,3.0,1.0,8
108962,3.0,6,6,1.0,0.0,,1.0,3.0,1.0,2.0,,,0.0,3.0,1.0,6
108963,4.0,5,4,,1.0,1.0,1.0,0.0,2.0,,0.0,0.0,1.0,1.0,2.0,5
108964,1.0,2,8,,0.0,0.0,1.0,0.0,1.0,2.0,1.0,0.0,1.0,4.0,0.0,8
108965,4.0,6,6,2.0,0.0,,1.0,3.0,0.0,2.0,0.0,,0.0,4.0,0.0,6
108966,1.0,11,9,4.0,0.0,0.0,1.0,4.0,2.0,3.0,0.0,0.0,1.0,3.0,2.0,11
108967,4.0,7,4,1.0,0.0,,1.0,4.0,1.0,0.0,0.0,,1.0,2.0,1.0,7
108968,1.0,4,2,,1.0,,1.0,0.0,2.0,,1.0,,1.0,0.0,,4
108969,1.0,0,0,,,,0.0,0.0,,,0.0,0.0,0.0,0.0,0.0,0
108970,1.0,12,14,3.0,1.0,0.0,1.0,4.0,3.0,4.0,1.0,0.0,1.0,4.0,4.0,14
108971,3.0,8,6,4.0,0.0,0.0,1.0,3.0,0.0,3.0,0.0,0.0,0.0,3.0,0.0,8
108972,3.0,2,1,,0.0,,1.0,1.0,0.0,,1.0,,0.0,0.0,0.0,2
108973,1.0,6,6,,1.0,2.0,0.0,3.0,0.0,,2.0,2.0,1.0,1.0,0.0,6
108974,3.0,5,5,1.0,0.0,,0.0,3.0,1.0,2.0,0.0,,0.0,2.0,1.0,5
108975,1.0,2,2,,,,1.0,1.0,0.0,,0.0,0.0,1.0,1.0,0.0,2
108976,3.0,17,15,4.0,4.0,2.0,1.0,4.0,2.0,3.0,3.0,2.0,1.0,4.0,2.0,17
108977,1.0,2,2,,1.0,,1.0,0.0,0.0,,1.0,,1.0,0.0,0.0,2
108978,3.0,5,5,2.0,0.0,,1.0,2.0,0.0,2.0,0.0,,1.0,2.0,0.0,5
108979,3.0,7,8,2.0,0.0,,1.0,3.0,1.0,3.0,1.0,,0.0,3.0,1.0,8
108980,3.0,8,6,2.0,0.0,0.0,1.0,4.0,1.0,2.0,0.0,0.0,1.0,3.0,0.0,8
108981,3.0,4,5,,0.0,0.0,1.0,3.0,0.0,2.0,0.0,0.0,1.0,2.0,0.0,5
108982,2.0,13,12,4.0,2.0,1.0,1.0,4.0,1.0,4.0,1.0,1.0,1.0,4.0,1.0,13
108983,4.0,2,0,,0.0,,1.0,1.0,0.0,,0.0,,0.0,0.0,0.0,2
108984,3.0,5,8,,0.0,,1.0,4.0,0.0,3.0,0.0,,1.0,4.0,0.0,8
108985,1.0,3,2,,0.0,2.0,1.0,0.0,0.0,,0.0,2.0,0.0,0.0,0.0,3
108986,3.0,6,7,0.0,2.0,,0.0,4.0,0.0,2.0,1.0,,0.0,4.0,0.0,7
108987,3.0,1,2,,0.0,,1.0,0.0,0.0,,1.0,0.0,1.0,0.0,0.0,2
108988,3.0,9,8,2.0,0.0,,1.0,3.0,3.0,2.0,0.0,0.0,0.0,3.0,3.0,9
108989,3.0,11,5,4.0,0.0,0.0,1.0,4.0,2.0,1.0,0.0,0.0,0.0,3.0,1.0,11
108990,3.0,7,6,2.0,0.0,0.0,1.0,4.0,0.0,2.0,0.0,0.0,1.0,3.0,0.0,7
108991,3.0,5,5,0.0,2.0,0.0,1.0,2.0,0.0,,2.0,0.0,1.0,2.0,0.0,5
108992,4.0,0,7,,0.0,0.0,,,0.0,3.0,1.0,0.0,0.0,2.0,1.0,7
108993,3.0,5,4,,0.0,0.0,1.0,0.0,4.0,,0.0,0.0,0.0,0.0,4.0,5
108994,2.0,9,10,2.0,1.0,,1.0,4.0,1.0,4.0,1.0,,1.0,3.0,1.0,10
108995,3.0,2,2,,1.0,,1.0,0.0,0.0,,1.0,,1.0,0.0,0.0,2
108996,3.0,9,3,2.0,1.0,0.0,1.0,4.0,1.0,,1.0,0.0,1.0,1.0,0.0,9
108997,4.0,5,1,3.0,0.0,0.0,0.0,2.0,0.0,,1.0,0.0,0.0,0.0,0.0,5
108998,4.0,9,10,3.0,1.0,1.0,1.0,3.0,0.0,3.0,2.0,1.0,1.0,3.0,0.0,10
108999,3.0,11,10,2.0,0.0,,1.0,4.0,4.0,2.0,0.0,,1.0,3.0,4.0,11
109000,4.0,8,5,2.0,0.0,,1.0,4.0,1.0,4.0,0.0,,0.0,1.0,0.0,8
109001,4.0,0,1,,0.0,,0.0,0.0,0.0,,0.0,,0.0,1.0,0.0,1
109002,3.0,1,0,,0.0,0.0,,,1.0,,,0.0,,,,1
109003,3.0,4,2,,0.0,,1.0,0.0,3.0,,0.0,,1.0,0.0,1.0,4
109004,4.0,4,10,,,,1.0,1.0,2.0,3.0,1.0,,1.0,3.0,2.0,10
109005,2.0,6,1,2.0,1.0,,1.0,2.0,0.0,,0.0,,1.0,0.0,0.0,6
109006,4.0,10,5,4.0,0.0,,1.0,4.0,1.0,2.0,,,1.0,2.0,0.0,10
109007,3.0,0,0,,,,0.0,0.0,0.0,,,,0.0,0.0,0.0,0
109008,4.0,0,0,,0.0,,0.0,0.0,0.0,,0.0,,0.0,0.0,0.0,0
109009,3.0,4,4,,0.0,,1.0,1.0,2.0,,0.0,,1.0,1.0,2.0,4
109010,4.0,7,9,3.0,1.0,,1.0,2.0,0.0,3.0,1.0,,1.0,4.0,0.0,9
109011,4.0,9,1,4.0,0.0,,1.0,4.0,0.0,,0.0,,1.0,0.0,0.0,9
109012,2.0,5,1,2.0,0.0,,1.0,2.0,0.0,,0.0,,1.0,0.0,0.0,5
109013,3.0,8,5,2.0,2.0,,1.0,3.0,0.0,2.0,1.0,1.0,0.0,1.0,0.0,8
109014,2.0,6,1,1.0,0.0,,1.0,4.0,0.0,,1.0,,0.0,0.0,0.0,6
109015,3.0,2,4,,0.0,,1.0,1.0,0.0,,1.0,,1.0,2.0,0.0,4
109016,3.0,2,4,,0.0,,1.0,0.0,1.0,2.0,0.0,,1.0,0.0,1.0,4
109017,4.0,7,6,3.0,0.0,0.0,1.0,3.0,0.0,2.0,0.0,0.0,1.0,3.0,0.0,7
109018,4.0,6,9,1.0,0.0,1.0,0.0,4.0,0.0,,0.0,1.0,1.0,4.0,3.0,9
109019,1.0,1,1,,0.0,,1.0,0.0,0.0,0.0,0.0,,0.0,1.0,0.0,1
109020,2.0,5,1,,0.0,,1.0,4.0,0.0,,0.0,,1.0,0.0,0.0,5
109021,4.0,6,4,1.0,0.0,,1.0,3.0,1.0,0.0,0.0,,0.0,2.0,2.0,6
109022,4.0,4,4,0.0,0.0,,1.0,3.0,0.0,1.0,0.0,,0.0,3.0,0.0,4
109023,2.0,12,6,3.0,0.0,,1.0,4.0,4.0,2.0,0.0,,1.0,0.0,3.0,12
109024,2.0,5,0,,0.0,,1.0,4.0,0.0,,0.0,,0.0,0.0,0.0,5
109025,2.0,7,2,2.0,0.0,,1.0,4.0,0.0,,0.0,,1.0,1.0,0.0,7
109026,3.0,5,3,,0.0,,1.0,1.0,3.0,,0.0,,1.0,0.0,2.0,5
109027,3.0,11,5,3.0,0.0,,1.0,3.0,4.0,,1.0,,0.0,0.0,4.0,11
109028,3.0,7,6,0.0,0.0,,1.0,3.0,3.0,2.0,0.0,,1.0,3.0,0.0,7
109029,4.0,4,2,0.0,0.0,,0.0,4.0,0.0,0.0,0.0,,0.0,2.0,0.0,4
109030,2.0,7,2,2.0,1.0,,1.0,3.0,0.0,,1.0,,1.0,0.0,0.0,7
109031,3.0,2,2,,0.0,,1.0,0.0,1.0,,0.0,,1.0,0.0,1.0,2
109032,1.0,5,3,,1.0,1.0,1.0,1.0,1.0,,1.0,1.0,1.0,0.0,0.0,5
109033,4.0,0,0,,0.0,0.0,0.0,0.0,0.0,,0.0,0.0,0.0,0.0,0.0,0
109034,2.0,7,1,2.0,0.0,,1.0,4.0,0.0,,0.0,,1.0,0.0,0.0,7
109035,4.0,5,7,0.0,0.0,,1.0,4.0,0.0,2.0,0.0,,1.0,4.0,0.0,7
109036,3.0,8,8,3.0,0.0,0.0,0.0,3.0,2.0,3.0,0.0,0.0,1.0,3.0,1.0,8
109037,3.0,6,6,2.0,0.0,,1.0,3.0,0.0,2.0,0.0,,1.0,3.0,0.0,6
109038,4.0,7,5,2.0,0.0,0.0,1.0,4.0,0.0,1.0,0.0,0.0,1.0,3.0,0.0,7
109039,3.0,8,5,2.0,0.0,1.0,1.0,3.0,1.0,2.0,0.0,0.0,0.0,3.0,0.0,8
109040,2.0,9,1,3.0,1.0,,1.0,4.0,0.0,,0.0,,1.0,0.0,0.0,9
109041,3.0,3,1,,2.0,0.0,1.0,0.0,0.0,,0.0,0.0,1.0,0.0,0.0,3
109042,2.0,3,4,,2.0,,,,1.0,,3.0,0.0,,,1.0,4
109043,2.0,10,8,4.0,0.0,,1.0,4.0,1.0,3.0,0.0,,1.0,3.0,1.0,10
109044,3.0,9,8,4.0,0.0,0.0,0.0,4.0,1.0,3.0,1.0,0.0,1.0,3.0,0.0,9
109045,3.0,5,4,,2.0,0.0,1.0,1.0,1.0,,2.0,0.0,1.0,0.0,1.0,5
109046,4.0,2,4,,0.0,,1.0,1.0,0.0,,0.0,,0.0,4.0,0.0,4
109047,4.0,5,6,0.0,1.0,,0.0,4.0,0.0,2.0,0.0,,1.0,3.0,0.0,6
109048,4.0,4,2,0.0,0.0,,1.0,3.0,0.0,,0.0,,1.0,1.0,0.0,4
109049,1.0,7,7,2.0,0.0,,1.0,4.0,0.0,4.0,0.0,,0.0,3.0,0.0,7
109050,4.0,5,7,1.0,0.0,,0.0,3.0,1.0,3.0,0.0,,0.0,3.0,1.0,7
109051,3.0,3,3,2.0,0.0,0.0,1.0,0.0,0.0,2.0,0.0,0.0,1.0,0.0,0.0,3
109052,3.0,2,1,,0.0,0.0,1.0,0.0,1.0,,0.0,0.0,1.0,0.0,0.0,2
109053,4.0,1,1,,0.0,,0.0,1.0,0.0,,0.0,,0.0,1.0,0.0,1
109054,4.0,3,2,,0.0,,1.0,2.0,0.0,,0.0,,1.0,1.0,0.0,3
109055,3.0,4,4,0.0,0.0,,0.0,4.0,0.0,0.0,0.0,,0.0,4.0,0.0,4
109056,4.0,0,2,,0.0,,0.0,0.0,0.0,,0.0,,1.0,1.0,0.0,2
109057,3.0,10,9,3.0,1.0,2.0,1.0,3.0,0.0,4.0,1.0,2.0,0.0,2.0,0.0,10
109058,3.0,5,7,0.0,0.0,,1.0,4.0,0.0,0.0,0.0,0.0,1.0,3.0,3.0,7
109059,4.0,2,1,,0.0,,1.0,1.0,0.0,,1.0,,0.0,0.0,0.0,2
109060,1.0,2,1,,0.0,,1.0,0.0,1.0,,,,1.0,0.0,,2
109061,3.0,11,8,0.0,2.0,0.0,1.0,4.0,4.0,1.0,2.0,0.0,0.0,1.0,4.0,11
109062,3.0,1,1,,0.0,,1.0,0.0,0.0,,0.0,,0.0,1.0,0.0,1
109063,1.0,6,0,2.0,0.0,0.0,1.0,3.0,0.0,,0.0,0.0,0.0,0.0,0.0,6
109064,4.0,5,4,,1.0,2.0,1.0,1.0,0.0,,1.0,2.0,0.0,1.0,0.0,5
109065,4.0,8,6,3.0,0.0,,1.0,4.0,0.0,3.0,0.0,,1.0,2.0,0.0,8
109066,4.0,4,3,,0.0,,1.0,3.0,0.0,,0.0,,1.0,2.0,0.0,4
109067,4.0,6,2,,1.0,,1.0,1.0,3.0,,0.0,,0.0,0.0,2.0,6
109068,3.0,9,9,3.0,0.0,,1.0,3.0,2.0,3.0,0.0,,1.0,3.0,2.0,9
109069,4.0,5,2,2.0,0.0,,0.0,3.0,0.0,,0.0,,1.0,1.0,0.0,5
109070,4.0,8,7,4.0,0.0,,1.0,3.0,0.0,3.0,0.0,0.0,1.0,3.0,0.0,8
109071,4.0,1,2,,0.0,,1.0,0.0,0.0,,1.0,,1.0,0.0,0.0,2
109072,4.0,3,3,,,,1.0,2.0,0.0,0.0,,,1.0,2.0,0.0,3
109073,4.0,7,9,0.0,3.0,0.0,1.0,3.0,0.0,1.0,3.0,0.0,1.0,4.0,0.0,9
109074,3.0,0,0,,0.0,,0.0,0.0,0.0,,0.0,,0.0,0.0,,0
109075,1.0,2,6,,0.0,0.0,0.0,0.0,2.0,,0.0,1.0,1.0,0.0,4.0,6
109076,3.0,4,4,,3.0,,1.0,0.0,0.0,,3.0,0.0,1.0,0.0,0.0,4
109077,4.0,3,4,,2.0,,1.0,0.0,0.0,,2.0,1.0,1.0,0.0,0.0,4
109078,4.0,12,13,1.0,3.0,2.0,0.0,3.0,3.0,1.0,3.0,1.0,0.0,4.0,4.0,13
109079,3.0,14,13,4.0,2.0,2.0,1.0,4.0,1.0,2.0,2.0,2.0,1.0,4.0,2.0,14
109080,2.0,9,3,4.0,0.0,,1.0,4.0,0.0,2.0,0.0,,1.0,0.0,0.0,9
109081,1.0,1,1,,0.0,,1.0,0.0,0.0,,,,1.0,0.0,0.0,1
109082,4.0,3,3,,0.0,,1.0,2.0,0.0,,0.0,,1.0,2.0,0.0,3
109083,3.0,10,7,3.0,0.0,,1.0,3.0,3.0,,0.0,,1.0,3.0,3.0,10
109084,3.0,2,1,,1.0,0.0,1.0,0.0,0.0,,1.0,0.0,0.0,0.0,0.0,2
109085,4.0,8,6,2.0,2.0,,1.0,3.0,0.0,3.0,0.0,,1.0,2.0,0.0,8
109086,1.0,0,1,,0.0,0.0,0.0,0.0,0.0,,0.0,0.0,1.0,0.0,0.0,1
109087,4.0,1,2,,0.0,,1.0,0.0,0.0,,0.0,,1.0,1.0,0.0,2
109088,2.0,9,3,2.0,2.0,,1.0,4.0,0.0,,2.0,,1.0,0.0,0.0,9
109089,4.0,9,11,1.0,0.0,0.0,1.0,3.0,4.0,2.0,0.0,0.0,1.0,4.0,4.0,11
109090,3.0,7,5,1.0,1.0,,1.0,4.0,0.0,,2.0,,1.0,2.0,0.0,7
109091,2.0,11,16,2.0,3.0,1.0,1.0,4.0,0.0,4.0,3.0,2.0,1.0,4.0,2.0,16
109092,2.0,8,3,2.0,1.0,,1.0,4.0,0.0,,1.0,,1.0,0.0,1.0,8
109093,4.0,10,10,2.0,0.0,2.0,1.0,4.0,1.0,2.0,1.0,2.0,1.0,3.0,1.0,10
109094,4.0,8,6,1.0,3.0,,1.0,3.0,0.0,1.0,1.0,0.0,1.0,3.0,0.0,8
109095,2.0,9,2,3.0,1.0,,1.0,4.0,0.0,,1.0,,1.0,0.0,0.0,9
109096,2.0,8,10,2.0,0.0,,1.0,4.0,1.0,2.0,2.0,3.0,0.0,1.0,2.0,10
109097,3.0,7,6,1.0,1.0,,1.0,4.0,0.0,1.0,,,1.0,4.0,0.0,7
109098,4.0,3,5,0.0,0.0,,0.0,3.0,0.0,2.0,0.0,,0.0,3.0,0.0,5
109099,4.0,4,4,0.0,1.0,,0.0,3.0,0.0,,,,1.0,,3.0,4
109100,1.0,2,1,,0.0,0.0,1.0,0.0,1.0,,0.0,0.0,0.0,0.0,1.0,2
109101,4.0,1,1,,0.0,,0.0,0.0,1.0,,0.0,,0.0,0.0,1.0,1
109102,4.0,2,4,,0.0,,1.0,1.0,0.0,,1.0,2.0,1.0,0.0,0.0,4
109103,2.0,12,14,3.0,1.0,,1.0,4.0,3.0,3.0,2.0,,1.0,4.0,4.0,14
109104,2.0,7,3,,0.0,,1.0,4.0,2.0,,1.0,,0.0,0.0,2.0,7
109105,3.0,10,8,2.0,2.0,0.0,1.0,4.0,1.0,1.0,2.0,0.0,1.0,3.0,1.0,10
109106,2.0,12,11,4.0,1.0,0.0,1.0,4.0,2.0,4.0,0.0,0.0,1.0,4.0,2.0,12
109107,3.0,7,5,3.0,0.0,2.0,1.0,0.0,1.0,2.0,0.0,2.0,1.0,0.0,0.0,7
109108,3.0,1,3,,1.0,,0.0,0.0,0.0,,1.0,,1.0,1.0,0.0,3
109109,2.0,9,3,2.0,1.0,,1.0,4.0,1.0,,1.0,,0.0,1.0,1.0,9
109110,2.0,8,4,3.0,,,1.0,4.0,0.0,2.0,0.0,,1.0,0.0,1.0,8
109111,3.0,3,1,,0.0,,1.0,0.0,2.0,,0.0,0.0,0.0,0.0,1.0,3
109112,4.0,7,6,1.0,1.0,1.0,0.0,3.0,1.0,,1.0,1.0,0.0,3.0,1.0,7
109113,3.0,1,1,,0.0,0.0,1.0,0.0,0.0,,0.0,0.0,1.0,0.0,0.0,1
109114,2.0,8,2,2.0,0.0,,1.0,4.0,1.0,,0.0,,1.0,0.0,1.0,8
109115,2.0,8,1,2.0,1.0,,1.0,4.0,0.0,,0.0,,0.0,1.0,0.0,8
109116,3.0,10,6,1.0,0.0,0.0,1.0,4.0,4.0,0.0,0.0,0.0,1.0,3.0,2.0,10
109117,3.0,4,6,0.0,0.0,0.0,1.0,3.0,0.0,2.0,0.0,0.0,1.0,3.0,0.0,6
109118,3.0,6,6,,2.0,0.0,1.0,0.0,3.0,,2.0,0.0,1.0,0.0,3.0,6
109119,4.0,5,1,1.0,0.0,,0.0,4.0,0.0,,0.0,0.0,0.0,1.0,0.0,5
109120,4.0,9,5,4.0,0.0,,1.0,4.0,0.0,3.0,0.0,0.0,0.0,2.0,0.0,9
109121,2.0,10,4,3.0,1.0,0.0,1.0,4.0,1.0,,1.0,0.0,1.0,0.0,2.0,10
109122,1.0,5,5,2.0,0.0,0.0,0.0,3.0,0.0,1.0,0.0,0.0,0.0,3.0,1.0,5
109123,2.0,9,11,3.0,0.0,,1.0,4.0,1.0,3.0,1.0,0.0,1.0,4.0,2.0,11
109124,3.0,1,1,,0.0,,1.0,0.0,0.0,,0.0,,1.0,0.0,0.0,1
109125,3.0,2,2,,0.0,,1.0,1.0,0.0,,1.0,,1.0,0.0,0.0,2
109126,4.0,8,5,3.0,0.0,0.0,0.0,1.0,4.0,1.0,0.0,0.0,0.0,,4.0,8
109127,4.0,8,11,1.0,2.0,1.0,0.0,3.0,1.0,2.0,2.0,1.0,0.0,3.0,3.0,11
109128,4.0,1,5,,0.0,,1.0,0.0,0.0,3.0,0.0,,1.0,1.0,0.0,5
109129,4.0,4,2,2.0,0.0,,0.0,2.0,0.0,2.0,0.0,,0.0,0.0,0.0,4
109130,4.0,5,8,,0.0,,1.0,3.0,1.0,3.0,0.0,,1.0,3.0,1.0,8
109131,3.0,8,6,1.0,1.0,,1.0,4.0,1.0,,2.0,,1.0,3.0,0.0,8
109132,2.0,9,4,2.0,2.0,,1.0,4.0,0.0,,2.0,,1.0,1.0,0.0,9
109133,1.0,8,7,4.0,0.0,0.0,1.0,3.0,0.0,3.0,0.0,0.0,1.0,3.0,0.0,8
109134,4.0,4,4,1.0,0.0,,0.0,3.0,0.0,1.0,0.0,,0.0,3.0,0.0,4
109135,4.0,1,1,,,,1.0,0.0,0.0,,,,1.0,0.0,0.0,1
109136,3.0,10,5,4.0,0.0,0.0,0.0,3.0,3.0,,0.0,0.0,1.0,2.0,2.0,10
109137,2.0,7,0,2.0,0.0,,1.0,4.0,0.0,,0.0,,0.0,0.0,0.0,7
109138,2.0,4,2,2.0,0.0,,0.0,2.0,0.0,,0.0,,0.0,1.0,1.0,4
109139,3.0,6,4,3.0,0.0,0.0,0.0,3.0,0.0,2.0,0.0,0.0,0.0,2.0,0.0,6
109140,1.0,0,0,,0.0,,0.0,0.0,0.0,,0.0,,0.0,0.0,0.0,0
109141,3.0,0,1,,,,0.0,0.0,0.0,,0.0,,0.0,1.0,0.0,1
109142,1.0,0,0,,0.0,,0.0,0.0,0.0,,0.0,,0.0,0.0,0.0,0
109143,2.0,12,6,3.0,2.0,,1.0,4.0,2.0,2.0,2.0,,0.0,0.0,2.0,12
109144,2.0,8,1,2.0,1.0,,1.0,4.0,0.0,,0.0,,1.0,0.0,0.0,8
109145,3.0,11,8,2.0,2.0,0.0,1.0,4.0,2.0,2.0,1.0,0.0,1.0,3.0,1.0,11
109146,3.0,0,1,,0.0,,0.0,0.0,0.0,,0.0,,1.0,0.0,0.0,1
109147,1.0,0,1,,0.0,,0.0,0.0,0.0,,0.0,0.0,1.0,0.0,0.0,1
109148,3.0,6,7,3.0,0.0,0.0,1.0,2.0,0.0,3.0,0.0,0.0,1.0,3.0,0.0,7
109149,2.0,11,6,3.0,1.0,,1.0,4.0,2.0,2.0,1.0,,1.0,0.0,2.0,11
109150,3.0,5,4,,0.0,2.0,1.0,0.0,2.0,,0.0,2.0,1.0,1.0,0.0,5
109151,3.0,6,5,,1.0,0.0,1.0,0.0,4.0,,0.0,0.0,1.0,1.0,3.0,6
109152,3.0,3,1,,,,0.0,3.0,0.0,,,,1.0,0.0,,3
109153,4.0,3,3,,0.0,,0.0,3.0,0.0,,0.0,,0.0,3.0,0.0,3
109154,3.0,1,1,,0.0,,1.0,0.0,0.0,,0.0,,1.0,0.0,0.0,1
109155,4.0,9,8,3.0,0.0,,1.0,3.0,2.0,2.0,0.0,0.0,1.0,3.0,2.0,9
109156,1.0,8,6,3.0,0.0,,0.0,3.0,2.0,3.0,0.0,,0.0,2.0,1.0,8
109157,3.0,2,2,,0.0,0.0,1.0,1.0,0.0,,0.0,0.0,1.0,1.0,0.0,2
109158,2.0,2,2,,0.0,,1.0,1.0,0.0,,1.0,,1.0,0.0,0.0,2
109159,3.0,4,4,,2.0,0.0,1.0,1.0,0.0,,2.0,0.0,1.0,1.0,0.0,4
109160,3.0,6,6,,2.0,2.0,1.0,0.0,1.0,,2.0,2.0,1.0,0.0,1.0,6
109161,3.0,11,11,1.0,3.0,2.0,1.0,4.0,0.0,3.0,3.0,2.0,0.0,3.0,0.0,11
109162,4.0,4,5,0.0,1.0,,0.0,3.0,0.0,0.0,1.0,,1.0,3.0,0.0,5
109163,3.0,8,5,,0.0,2.0,1.0,3.0,2.0,,0.0,0.0,1.0,3.0,1.0,8
109164,4.0,10,9,2.0,0.0,0.0,0.0,4.0,4.0,2.0,0.0,0.0,1.0,2.0,4.0,10
109165,2.0,11,3,3.0,2.0,,1.0,4.0,1.0,,2.0,,0.0,0.0,1.0,11
109166,2.0,8,2,3.0,0.0,,1.0,4.0,0.0,,0.0,,1.0,0.0,1.0,8
109167,3.0,7,7,3.0,0.0,0.0,1.0,3.0,0.0,3.0,0.0,0.0,1.0,3.0,0.0,7
109168,3.0,17,15,4.0,2.0,3.0,1.0,3.0,4.0,3.0,2.0,3.0,1.0,3.0,3.0,17
109169,3.0,7,6,2.0,0.0,0.0,1.0,4.0,0.0,2.0,0.0,0.0,1.0,3.0,0.0,7
109170,3.0,10,9,3.0,1.0,,1.0,3.0,2.0,3.0,1.0,,1.0,3.0,1.0,10
109171,3.0,8,8,3.0,1.0,,1.0,3.0,0.0,3.0,1.0,,1.0,3.0,0.0,8
109172,3.0,2,2,,0.0,,1.0,0.0,1.0,,0.0,,1.0,0.0,1.0,2
109173,3.0,6,4,1.0,,,1.0,4.0,0.0,1.0,,,1.0,2.0,0.0,6
109174,1.0,5,3,2.0,0.0,,1.0,1.0,1.0,,0.0,,1.0,1.0,1.0,5
109175,4.0,3,1,2.0,0.0,0.0,1.0,0.0,0.0,,0.0,0.0,1.0,0.0,0.0,3
109176,3.0,9,6,2.0,1.0,0.0,1.0,1.0,4.0,2.0,0.0,0.0,1.0,0.0,3.0,9
109177,1.0,6,4,2.0,0.0,,1.0,3.0,0.0,2.0,0.0,0.0,0.0,2.0,0.0,6
109178,2.0,7,2,1.0,0.0,,1.0,4.0,1.0,,0.0,,1.0,0.0,1.0,7
109179,2.0,7,11,2.0,0.0,,1.0,1.0,3.0,4.0,0.0,,1.0,4.0,2.0,11
109180,3.0,12,11,2.0,1.0,3.0,0.0,4.0,2.0,1.0,2.0,3.0,0.0,4.0,1.0,12
109181,3.0,6,5,2.0,0.0,,0.0,4.0,0.0,2.0,0.0,,0.0,3.0,0.0,6
109182,4.0,3,5,0.0,0.0,,0.0,3.0,0.0,2.0,0.0,,1.0,2.0,0.0,5
109183,4.0,8,5,3.0,0.0,,1.0,4.0,0.0,1.0,0.0,,1.0,3.0,0.0,8
109184,1.0,8,7,1.0,1.0,0.0,1.0,4.0,1.0,1.0,1.0,0.0,1.0,4.0,0.0,8
109185,3.0,5,5,0.0,0.0,0.0,1.0,3.0,1.0,2.0,0.0,0.0,0.0,3.0,0.0,5
109186,2.0,10,5,4.0,1.0,,1.0,4.0,0.0,2.0,1.0,,1.0,0.0,1.0,10
109187,2.0,9,9,3.0,1.0,,1.0,4.0,0.0,3.0,1.0,,1.0,4.0,0.0,9
109188,3.0,8,6,4.0,0.0,0.0,1.0,3.0,0.0,2.0,0.0,0.0,1.0,3.0,0.0,8
109189,3.0,0,0,,0.0,,0.0,0.0,0.0,,0.0,,0.0,0.0,0.0,0
109190,4.0,3,6,0.0,0.0,,1.0,2.0,0.0,1.0,0.0,,1.0,3.0,1.0,6
109191,2.0,9,5,3.0,1.0,,1.0,4.0,0.0,2.0,1.0,,1.0,0.0,1.0,9
109192,4.0,8,4,2.0,0.0,2.0,0.0,4.0,0.0,,1.0,2.0,1.0,0.0,0.0,8
109193,4.0,15,18,4.0,2.0,3.0,1.0,4.0,1.0,3.0,3.0,3.0,1.0,4.0,4.0,18
109194,2.0,4,1,,0.0,,1.0,3.0,0.0,,0.0,,1.0,0.0,0.0,4
109195,3.0,4,3,2.0,0.0,,1.0,0.0,1.0,,0.0,0.0,1.0,1.0,1.0,4
109196,3.0,9,7,4.0,1.0,0.0,1.0,3.0,0.0,3.0,1.0,0.0,1.0,2.0,0.0,9
109197,3.0,6,8,,1.0,3.0,1.0,0.0,1.0,,1.0,3.0,1.0,3.0,0.0,8
109198,1.0,10,9,4.0,0.0,0.0,1.0,4.0,1.0,2.0,0.0,0.0,1.0,4.0,2.0,10
109199,2.0,13,12,2.0,3.0,2.0,1.0,1.0,4.0,2.0,2.0,3.0,1.0,0.0,4.0,13
109200,1.0,2,1,,0.0,0.0,1.0,0.0,1.0,,0.0,0.0,1.0,0.0,0.0,2
109201,2.0,6,3,2.0,0.0,,1.0,3.0,0.0,2.0,0.0,,1.0,0.0,0.0,6
109202,1.0,5,3,2.0,0.0,0.0,1.0,1.0,1.0,,0.0,0.0,1.0,1.0,1.0,5
109203,4.0,8,7,2.0,2.0,,0.0,4.0,0.0,1.0,2.0,,0.0,4.0,0.0,8
109204,3.0,6,2,2.0,0.0,,1.0,3.0,0.0,2.0,0.0,,0.0,0.0,0.0,6
109205,3.0,5,3,,0.0,2.0,0.0,3.0,0.0,,1.0,2.0,0.0,0.0,0.0,5
109206,2.0,8,2,3.0,0.0,,1.0,4.0,0.0,,1.0,,1.0,0.0,0.0,8
109207,3.0,7,5,2.0,0.0,0.0,1.0,3.0,1.0,0.0,0.0,0.0,1.0,3.0,1.0,7
109208,3.0,10,11,3.0,1.0,0.0,1.0,2.0,3.0,2.0,2.0,0.0,1.0,3.0,3.0,11
109209,4.0,2,2,,0.0,,1.0,1.0,0.0,,0.0,,1.0,1.0,0.0,2
109210,4.0,5,3,2.0,0.0,,0.0,3.0,0.0,,0.0,,1.0,2.0,0.0,5
109211,4.0,9,8,2.0,2.0,2.0,1.0,2.0,0.0,2.0,2.0,1.0,1.0,2.0,0.0,9
109212,4.0,10,9,2.0,2.0,2.0,1.0,3.0,0.0,2.0,1.0,2.0,1.0,3.0,0.0,10
109213,1.0,2,1,,0.0,,1.0,0.0,1.0,,,,0.0,0.0,1.0,2
109214,4.0,6,6,1.0,1.0,,1.0,3.0,0.0,1.0,1.0,,1.0,3.0,0.0,6
109215,1.0,6,7,1.0,0.0,,1.0,3.0,1.0,3.0,0.0,,1.0,3.0,0.0,7
109216,4.0,8,4,3.0,0.0,,1.0,3.0,1.0,,0.0,,1.0,2.0,1.0,8
109217,3.0,6,2,2.0,0.0,,1.0,0.0,3.0,,0.0,,1.0,0.0,1.0,6
109218,1.0,1,10,,0.0,1.0,0.0,0.0,0.0,3.0,1.0,1.0,1.0,4.0,0.0,10
109219,3.0,4,2,,0.0,,1.0,2.0,1.0,,0.0,,1.0,1.0,0.0,4
109220,3.0,6,4,2.0,0.0,,1.0,3.0,0.0,1.0,0.0,,0.0,3.0,0.0,6
109221,1.0,0,0,,0.0,,,,0.0,,0.0,,0.0,0.0,0.0,0
109222,3.0,7,6,3.0,0.0,,1.0,3.0,0.0,1.0,1.0,,1.0,3.0,0.0,7
109223,4.0,10,7,2.0,2.0,2.0,0.0,3.0,1.0,2.0,1.0,2.0,0.0,2.0,0.0,10
109224,4.0,1,0,,0.0,,0.0,1.0,0.0,,0.0,,0.0,0.0,0.0,1
109225,2.0,7,5,2.0,0.0,,1.0,4.0,0.0,2.0,0.0,,1.0,2.0,0.0,7
109226,3.0,7,6,3.0,0.0,,1.0,3.0,0.0,3.0,0.0,,1.0,2.0,0.0,7
109227,1.0,6,7,3.0,0.0,0.0,1.0,0.0,2.0,3.0,0.0,0.0,1.0,1.0,2.0,7
109228,3.0,10,9,,3.0,3.0,1.0,0.0,3.0,,3.0,3.0,1.0,0.0,2.0,10
109229,1.0,3,3,,0.0,0.0,1.0,0.0,2.0,,0.0,0.0,1.0,0.0,2.0,3
109230,2.0,5,1,2.0,0.0,,1.0,2.0,0.0,,0.0,,1.0,0.0,0.0,5
109231,3.0,3,3,,0.0,0.0,1.0,0.0,2.0,,0.0,0.0,1.0,0.0,2.0,3
109232,4.0,6,3,0.0,0.0,0.0,1.0,4.0,1.0,0.0,0.0,0.0,0.0,2.0,1.0,6
109233,4.0,5,4,0.0,0.0,0.0,1.0,4.0,0.0,0.0,0.0,0.0,1.0,3.0,0.0,5
109234,3.0,10,10,4.0,2.0,1.0,1.0,2.0,0.0,3.0,3.0,1.0,0.0,3.0,0.0,10
109235,3.0,0,0,,0.0,,0.0,0.0,0.0,,0.0,,0.0,0.0,0.0,0
109236,4.0,8,9,2.0,1.0,2.0,1.0,2.0,0.0,2.0,2.0,2.0,1.0,2.0,0.0,9
109237,2.0,6,2,,1.0,,1.0,4.0,0.0,,1.0,,1.0,0.0,0.0,6
109238,1.0,2,2,,0.0,0.0,1.0,1.0,0.0,,0.0,0.0,1.0,1.0,0.0,2
109239,3.0,1,1,,0.0,,,,1.0,,,,,,1.0,1
109240,4.0,9,8,3.0,2.0,,1.0,3.0,0.0,2.0,2.0,,1.0,3.0,0.0,9
109241,3.0,1,2,,,,0.0,1.0,0.0,,2.0,,0.0,0.0,0.0,2
109242,2.0,9,7,3.0,0.0,,1.0,4.0,1.0,1.0,,,1.0,4.0,1.0,9
109243,2.0,7,1,2.0,2.0,,1.0,2.0,0.0,,1.0,,0.0,0.0,0.0,7
109244,2.0,9,3,2.0,1.0,,1.0,4.0,1.0,,1.0,,1.0,0.0,1.0,9
109245,3.0,8,7,,1.0,0.0,1.0,3.0,3.0,,0.0,0.0,1.0,4.0,2.0,8
109246,3.0,8,6,3.0,0.0,0.0,1.0,3.0,1.0,3.0,1.0,0.0,0.0,2.0,0.0,8
109247,4.0,9,8,2.0,2.0,3.0,0.0,0.0,2.0,2.0,2.0,3.0,0.0,0.0,1.0,9
109248,1.0,7,10,1.0,0.0,0.0,1.0,1.0,4.0,2.0,0.0,0.0,1.0,3.0,4.0,10
109249,3.0,6,5,2.0,0.0,,1.0,3.0,0.0,1.0,0.0,,1.0,3.0,0.0,6
109250,2.0,8,8,3.0,0.0,,1.0,4.0,0.0,4.0,1.0,,1.0,2.0,0.0,8
109251,3.0,8,8,1.0,1.0,0.0,1.0,3.0,2.0,2.0,1.0,0.0,1.0,3.0,1.0,8
109252,4.0,4,4,0.0,0.0,,1.0,3.0,0.0,,,,1.0,3.0,0.0,4
109253,3.0,1,4,,0.0,,0.0,0.0,1.0,2.0,0.0,,1.0,0.0,1.0,4
109254,3.0,13,11,3.0,1.0,4.0,1.0,3.0,1.0,2.0,1.0,4.0,1.0,2.0,1.0,13
109255,3.0,4,3,,1.0,0.0,1.0,0.0,2.0,,1.0,0.0,1.0,0.0,1.0,4
109256,3.0,9,11,,4.0,2.0,1.0,2.0,0.0,3.0,3.0,2.0,0.0,3.0,0.0,11
109257,3.0,5,3,,0.0,,0.0,2.0,3.0,,0.0,,0.0,0.0,3.0,5
109258,3.0,17,18,3.0,1.0,4.0,1.0,4.0,4.0,3.0,2.0,4.0,1.0,4.0,4.0,18
109259,1.0,0,1,,0.0,,0.0,0.0,0.0,,0.0,1.0,0.0,0.0,0.0,1
109260,2.0,7,6,0.0,1.0,2.0,0.0,4.0,0.0,2.0,1.0,3.0,0.0,0.0,0.0,7
109261,3.0,7,7,3.0,0.0,,1.0,3.0,0.0,3.0,0.0,,1.0,3.0,0.0,7
109262,4.0,3,5,0.0,0.0,,0.0,3.0,0.0,0.0,1.0,,0.0,4.0,0.0,5
109263,4.0,4,4,0.0,0.0,0.0,1.0,2.0,1.0,0.0,1.0,0.0,1.0,2.0,0.0,4
109264,3.0,6,6,,0.0,0.0,1.0,1.0,4.0,,0.0,0.0,1.0,1.0,4.0,6
109265,3.0,1,1,,,,1.0,0.0,0.0,,0.0,,1.0,0.0,0.0,1
109266,1.0,9,7,4.0,0.0,0.0,1.0,3.0,1.0,3.0,0.0,0.0,1.0,2.0,1.0,9
109267,3.0,7,5,2.0,0.0,,1.0,4.0,0.0,,0.0,,1.0,4.0,0.0,7
109268,1.0,1,2,,0.0,,0.0,0.0,1.0,,1.0,,0.0,0.0,1.0,2
109269,3.0,12,11,,2.0,4.0,1.0,1.0,4.0,,2.0,4.0,1.0,0.0,4.0,12
109270,3.0,6,3,2.0,0.0,,1.0,0.0,3.0,2.0,0.0,,1.0,0.0,0.0,6
109271,4.0,2,4,,0.0,,0.0,1.0,1.0,,0.0,,1.0,2.0,1.0,4
109272,3.0,1,2,,0.0,,0.0,1.0,0.0,,0.0,,1.0,1.0,0.0,2
109273,2.0,9,10,3.0,1.0,,1.0,4.0,0.0,3.0,2.0,,1.0,3.0,1.0,10
109274,4.0,10,3,2.0,2.0,1.0,1.0,4.0,0.0,,2.0,0.0,0.0,1.0,0.0,10
109275,4.0,7,7,3.0,0.0,0.0,0.0,4.0,0.0,3.0,1.0,0.0,0.0,3.0,0.0,7
109276,4.0,8,6,2.0,0.0,0.0,1.0,4.0,1.0,2.0,0.0,0.0,0.0,3.0,1.0,8
109277,2.0,8,2,2.0,1.0,,1.0,4.0,0.0,,1.0,,1.0,0.0,0.0,8
109278,3.0,8,7,,0.0,2.0,1.0,1.0,4.0,,0.0,2.0,1.0,0.0,4.0,8
109279,3.0,4,5,,2.0,2.0,0.0,0.0,0.0,,2.0,2.0,1.0,0.0,0.0,5
109280,4.0,2,1,,1.0,0.0,1.0,0.0,0.0,,0.0,0.0,1.0,0.0,0.0,2
109281,4.0,11,7,4.0,1.0,0.0,1.0,4.0,1.0,2.0,1.0,0.0,0.0,4.0,0.0,11
109282,2.0,5,2,1.0,1.0,,1.0,2.0,0.0,,1.0,,1.0,0.0,0.0,5
109283,4.0,1,2,,0.0,,1.0,0.0,0.0,,0.0,,1.0,1.0,0.0,2
109284,3.0,1,1,,0.0,,1.0,0.0,0.0,,0.0,,1.0,0.0,0.0,1
109285,4.0,10,1,3.0,1.0,0.0,1.0,3.0,2.0,,0.0,0.0,0.0,0.0,1.0,10
109286,4.0,6,1,3.0,,0.0,0.0,3.0,0.0,,0.0,0.0,0.0,1.0,0.0,6
109287,2.0,3,1,0.0,0.0,,1.0,2.0,0.0,,0.0,,1.0,0.0,0.0,3
109288,3.0,7,1,4.0,0.0,,1.0,2.0,0.0,,0.0,,1.0,0.0,0.0,7
109289,4.0,3,1,,0.0,,0.0,2.0,1.0,,0.0,,1.0,0.0,0.0,3
109290,2.0,10,2,3.0,2.0,,1.0,4.0,0.0,,1.0,0.0,0.0,1.0,0.0,10
109291,4.0,6,6,1.0,2.0,,1.0,1.0,1.0,,2.0,2.0,1.0,0.0,1.0,6
109292,1.0,0,1,,0.0,,0.0,0.0,0.0,,0.0,,1.0,0.0,0.0,1
109293,3.0,10,9,4.0,0.0,0.0,1.0,4.0,1.0,3.0,1.0,0.0,1.0,4.0,0.0,10
109294,3.0,3,3,,1.0,0.0,1.0,0.0,1.0,,1.0,0.0,1.0,0.0,1.0,3
109295,3.0,3,2,,0.0,,1.0,2.0,0.0,,,,1.0,1.0,0.0,3
109296,3.0,9,9,0.0,0.0,,1.0,4.0,4.0,1.0,0.0,,1.0,3.0,4.0,9
109297,3.0,11,13,4.0,1.0,2.0,0.0,4.0,0.0,3.0,1.0,2.0,0.0,4.0,3.0,13
109298,2.0,8,2,2.0,1.0,,1.0,4.0,0.0,,1.0,,1.0,0.0,0.0,8
109299,2.0,1,1,,0.0,,1.0,0.0,0.0,,0.0,,0.0,0.0,1.0,1
109300,1.0,1,1,,0.0,0.0,1.0,0.0,0.0,,0.0,0.0,1.0,0.0,0.0,1
109301,1.0,3,3,,1.0,,1.0,0.0,1.0,,1.0,,1.0,0.0,1.0,3
109302,3.0,4,2,0.0,0.0,0.0,1.0,3.0,0.0,,0.0,0.0,0.0,2.0,0.0,4
109303,3.0,5,1,,0.0,,0.0,4.0,1.0,,0.0,,0.0,1.0,0.0,5
109304,1.0,4,4,2.0,1.0,,1.0,0.0,0.0,,2.0,,1.0,1.0,0.0,4
109305,1.0,7,10,3.0,0.0,,1.0,3.0,0.0,3.0,0.0,,1.0,3.0,3.0,10
109306,4.0,5,4,,0.0,0.0,1.0,4.0,0.0,,,0.0,1.0,3.0,,5
109307,2.0,9,1,3.0,1.0,,1.0,4.0,0.0,,0.0,,1.0,0.0,0.0,9
109308,1.0,8,8,2.0,0.0,,1.0,3.0,2.0,2.0,0.0,0.0,1.0,3.0,2.0,8
109309,3.0,9,9,2.0,1.0,,1.0,3.0,2.0,2.0,1.0,,1.0,3.0,2.0,9
109310,4.0,1,2,,0.0,,0.0,1.0,0.0,,0.0,,0.0,2.0,0.0,2
109311,3.0,9,9,,3.0,4.0,1.0,0.0,1.0,,3.0,4.0,1.0,0.0,1.0,9
109312,4.0,10,9,2.0,0.0,,1.0,3.0,4.0,2.0,0.0,,1.0,2.0,4.0,10
109313,3.0,2,2,,0.0,0.0,1.0,0.0,1.0,,0.0,0.0,1.0,0.0,1.0,2
109314,1.0,2,2,,0.0,,1.0,0.0,1.0,,0.0,,1.0,1.0,0.0,2
109315,2.0,3,4,2.0,0.0,,1.0,0.0,0.0,2.0,0.0,,1.0,1.0,0.0,4
109316,3.0,5,4,,2.0,1.0,1.0,0.0,1.0,,2.0,1.0,1.0,0.0,0.0,5
109317,4.0,4,5,0.0,0.0,0.0,1.0,3.0,0.0,2.0,0.0,0.0,0.0,3.0,0.0,5
109318,2.0,8,7,2.0,1.0,,1.0,4.0,0.0,3.0,,,1.0,2.0,1.0,8
109319,1.0,1,5,,0.0,,1.0,0.0,0.0,,0.0,,1.0,4.0,0.0,5
109320,4.0,1,1,,0.0,,1.0,0.0,0.0,,1.0,0.0,0.0,0.0,0.0,1
109321,4.0,10,9,2.0,2.0,,1.0,4.0,1.0,1.0,1.0,1.0,1.0,4.0,1.0,10
109322,2.0,9,2,3.0,0.0,,1.0,4.0,1.0,,0.0,,1.0,0.0,1.0,9
109323,4.0,6,5,2.0,0.0,0.0,1.0,3.0,0.0,0.0,1.0,0.0,1.0,3.0,0.0,6
109324,1.0,4,3,,0.0,0.0,0.0,1.0,3.0,,0.0,0.0,0.0,1.0,2.0,4
109325,1.0,7,7,2.0,0.0,,1.0,3.0,1.0,2.0,0.0,,1.0,3.0,1.0,7
109326,1.0,2,6,,0.0,,1.0,0.0,1.0,3.0,1.0,,1.0,0.0,1.0,6
109327,1.0,1,2,,0.0,,1.0,0.0,0.0,,1.0,,1.0,0.0,0.0,2
109328,4.0,1,2,,0.0,0.0,0.0,1.0,0.0,,0.0,0.0,0.0,2.0,0.0,2
109329,3.0,6,4,,1.0,0.0,1.0,3.0,1.0,,1.0,0.0,1.0,1.0,1.0,6
109330,3.0,8,6,2.0,0.0,0.0,1.0,3.0,2.0,2.0,0.0,0.0,0.0,3.0,1.0,8
109331,3.0,6,8,,1.0,,1.0,1.0,3.0,,1.0,,1.0,2.0,4.0,8
109332,4.0,7,10,2.0,0.0,,1.0,4.0,0.0,4.0,1.0,,1.0,4.0,0.0,10
109333,2.0,9,2,3.0,1.0,,1.0,4.0,0.0,,0.0,,1.0,0.0,1.0,9
109334,2.0,6,2,1.0,1.0,,1.0,3.0,0.0,,1.0,,1.0,0.0,0.0,6
109335,4.0,9,4,2.0,0.0,,1.0,3.0,3.0,1.0,,,0.0,3.0,0.0,9
109336,4.0,4,3,0.0,0.0,,1.0,3.0,0.0,,1.0,,0.0,2.0,0.0,4
109337,3.0,4,4,,3.0,0.0,0.0,0.0,1.0,,3.0,0.0,1.0,0.0,0.0,4
109338,1.0,9,3,2.0,1.0,2.0,0.0,3.0,1.0,,1.0,0.0,0.0,1.0,1.0,9
109339,4.0,6,2,1.0,1.0,,1.0,2.0,1.0,,0.0,,1.0,1.0,0.0,6
109340,4.0,8,8,2.0,0.0,,1.0,4.0,1.0,2.0,0.0,,1.0,3.0,2.0,8
109341,4.0,6,5,0.0,1.0,,1.0,4.0,0.0,1.0,0.0,,0.0,4.0,0.0,6
109342,2.0,8,3,2.0,0.0,,1.0,4.0,1.0,,1.0,,1.0,0.0,1.0,8
109343,2.0,6,4,2.0,1.0,,1.0,2.0,0.0,2.0,1.0,,1.0,0.0,0.0,6
109344,2.0,7,7,,2.0,,1.0,4.0,0.0,,2.0,0.0,1.0,3.0,1.0,7
109345,3.0,9,9,4.0,0.0,2.0,0.0,3.0,0.0,3.0,0.0,1.0,1.0,3.0,1.0,9
109346,3.0,7,6,2.0,0.0,,1.0,3.0,1.0,3.0,0.0,,0.0,3.0,0.0,7
109347,3.0,3,2,1.0,0.0,,0.0,2.0,0.0,,0.0,,0.0,2.0,0.0,3
109348,4.0,7,1,2.0,0.0,,1.0,4.0,0.0,,0.0,,0.0,1.0,0.0,7
109349,3.0,15,14,4.0,2.0,2.0,1.0,3.0,3.0,3.0,3.0,2.0,0.0,4.0,2.0,15
109350,3.0,6,4,1.0,1.0,,1.0,2.0,1.0,,0.0,,1.0,2.0,1.0,6
109351,1.0,10,11,3.0,1.0,1.0,1.0,3.0,1.0,3.0,2.0,1.0,1.0,3.0,1.0,11
109352,4.0,3,4,,0.0,1.0,0.0,2.0,0.0,,0.0,1.0,1.0,2.0,0.0,4
109353,4.0,7,10,3.0,0.0,,1.0,3.0,0.0,3.0,2.0,,1.0,4.0,0.0,10
109354,3.0,7,6,3.0,2.0,,1.0,1.0,0.0,2.0,2.0,,1.0,1.0,0.0,7
109355,3.0,6,7,2.0,0.0,,1.0,3.0,0.0,3.0,0.0,,1.0,3.0,0.0,7
109356,3.0,1,0,,1.0,,0.0,0.0,0.0,,0.0,,0.0,0.0,0.0,1
109357,1.0,5,4,,0.0,0.0,1.0,0.0,4.0,,0.0,0.0,0.0,0.0,4.0,5
109358,4.0,6,7,,0.0,2.0,0.0,0.0,4.0,,1.0,2.0,0.0,0.0,4.0,7
109359,3.0,9,7,2.0,0.0,0.0,1.0,3.0,3.0,2.0,0.0,0.0,1.0,2.0,2.0,9
109360,2.0,7,2,2.0,1.0,,1.0,2.0,1.0,,0.0,,1.0,0.0,1.0,7
109361,4.0,6,5,0.0,1.0,,1.0,4.0,0.0,1.0,1.0,,1.0,2.0,0.0,6
109362,2.0,7,3,4.0,0.0,,1.0,2.0,0.0,,0.0,,1.0,2.0,0.0,7
109363,3.0,9,3,4.0,1.0,0.0,1.0,3.0,0.0,,1.0,0.0,0.0,2.0,0.0,9
109364,3.0,3,4,,0.0,,1.0,0.0,2.0,,1.0,,1.0,1.0,1.0,4
109365,4.0,6,0,2.0,1.0,,0.0,3.0,0.0,,0.0,,0.0,0.0,0.0,6
109366,1.0,0,9,,0.0,,0.0,0.0,0.0,3.0,0.0,,1.0,4.0,1.0,9
109367,4.0,1,0,,0.0,,1.0,0.0,0.0,,,,0.0,0.0,,1
109368,2.0,8,1,2.0,1.0,,1.0,4.0,0.0,,0.0,,1.0,0.0,0.0,8
109369,3.0,8,6,,0.0,0.0,1.0,3.0,4.0,,1.0,0.0,1.0,1.0,3.0,8
109370,4.0,5,1,1.0,0.0,,1.0,3.0,0.0,,0.0,,1.0,0.0,0.0,5
109371,4.0,10,9,1.0,0.0,,1.0,4.0,4.0,1.0,0.0,,1.0,3.0,4.0,10
109372,2.0,7,1,2.0,1.0,,1.0,3.0,0.0,,0.0,,1.0,0.0,0.0,7
109373,4.0,3,4,,0.0,,0.0,3.0,0.0,,1.0,,0.0,3.0,0.0,4
109374,2.0,5,3,,2.0,,1.0,2.0,0.0,,2.0,,1.0,0.0,0.0,5
109375,3.0,5,2,,1.0,0.0,0.0,4.0,0.0,,,0.0,0.0,2.0,0.0,5
109376,4.0,3,3,,0.0,2.0,0.0,0.0,1.0,,0.0,1.0,1.0,0.0,1.0,3
109377,2.0,9,9,3.0,1.0,0.0,1.0,4.0,0.0,3.0,2.0,0.0,1.0,2.0,1.0,9
109378,1.0,11,10,3.0,2.0,1.0,0.0,4.0,1.0,3.0,2.0,1.0,0.0,4.0,0.0,11
109379,3.0,2,0,2.0,0.0,0.0,0.0,0.0,0.0,,0.0,0.0,0.0,0.0,0.0,2
109380,3.0,6,4,3.0,0.0,,1.0,0.0,2.0,2.0,0.0,,1.0,0.0,1.0,6
109381,1.0,9,8,4.0,0.0,0.0,1.0,3.0,1.0,2.0,0.0,0.0,1.0,2.0,3.0,9
109382,3.0,4,4,,2.0,,0.0,2.0,0.0,,2.0,,0.0,2.0,0.0,4
109383,4.0,9,7,,1.0,3.0,1.0,4.0,0.0,,2.0,3.0,1.0,1.0,0.0,9
109384,1.0,1,1,,0.0,,1.0,0.0,0.0,,0.0,,1.0,0.0,0.0,1
109385,4.0,12,11,4.0,2.0,1.0,1.0,3.0,1.0,3.0,2.0,1.0,1.0,3.0,1.0,12
109386,4.0,5,1,0.0,1.0,,0.0,4.0,0.0,,1.0,,0.0,0.0,0.0,5
109387,4.0,2,2,,0.0,0.0,1.0,1.0,0.0,,0.0,0.0,1.0,1.0,0.0,2
109388,4.0,3,4,,,,0.0,3.0,0.0,,,,1.0,3.0,,4
109389,1.0,3,3,,0.0,0.0,1.0,1.0,1.0,,0.0,0.0,1.0,1.0,1.0,3
109390,3.0,1,1,,0.0,0.0,1.0,0.0,0.0,,0.0,0.0,1.0,0.0,0.0,1
109391,3.0,4,4,,0.0,,0.0,2.0,2.0,,1.0,,0.0,2.0,1.0,4
109392,4.0,1,2,,0.0,,1.0,0.0,0.0,,0.0,,1.0,1.0,0.0,2
109393,3.0,1,1,,1.0,,,,0.0,,1.0,0.0,,,0.0,1
109394,3.0,10,9,2.0,0.0,4.0,0.0,4.0,0.0,2.0,0.0,4.0,0.0,2.0,1.0,10
109395,4.0,3,3,0.0,0.0,,0.0,3.0,0.0,,0.0,,0.0,3.0,0.0,3
109396,3.0,4,5,,1.0,2.0,0.0,0.0,1.0,,2.0,3.0,0.0,0.0,0.0,5
109397,3.0,0,0,,,,0.0,0.0,0.0,,0.0,,0.0,0.0,0.0,0
109398,3.0,7,4,,3.0,,1.0,0.0,3.0,,3.0,,0.0,0.0,1.0,7
109399,2.0,9,2,3.0,1.0,0.0,1.0,4.0,0.0,,1.0,0.0,1.0,0.0,0.0,9
109400,2.0,8,3,3.0,0.0,,1.0,4.0,0.0,,1.0,,1.0,1.0,0.0,8
109401,2.0,8,2,2.0,1.0,,1.0,4.0,0.0,,1.0,,1.0,0.0,0.0,8
109402,3.0,7,6,3.0,0.0,,1.0,3.0,0.0,3.0,0.0,,1.0,2.0,0.0,7
109403,3.0,3,4,,0.0,,1.0,1.0,1.0,,1.0,,1.0,1.0,1.0,4
109404,3.0,6,10,2.0,1.0,0.0,0.0,2.0,1.0,3.0,1.0,0.0,1.0,4.0,1.0,10
109405,3.0,7,4,3.0,0.0,,1.0,3.0,0.0,,0.0,,1.0,3.0,0.0,7
109406,3.0,6,5,,2.0,1.0,1.0,1.0,1.0,,2.0,1.0,1.0,,1.0,6
109407,3.0,3,4,,1.0,0.0,1.0,0.0,1.0,,1.0,0.0,1.0,1.0,1.0,4
109408,4.0,8,0,4.0,0.0,,0.0,4.0,0.0,,0.0,,0.0,0.0,0.0,8
109409,2.0,7,1,2.0,0.0,,1.0,4.0,0.0,,0.0,,1.0,0.0,0.0,7
109410,4.0,2,1,,0.0,,1.0,1.0,0.0,,0.0,,0.0,1.0,0.0,2
109411,2.0,9,7,2.0,2.0,,1.0,4.0,0.0,2.0,1.0,0.0,1.0,3.0,0.0,9
109412,3.0,3,5,,0.0,,0.0,3.0,0.0,,0.0,,1.0,4.0,0.0,5
109413,4.0,1,1,,0.0,,1.0,0.0,0.0,,0.0,,1.0,0.0,0.0,1
109414,4.0,6,5,1.0,2.0,,1.0,2.0,0.0,1.0,1.0,0.0,1.0,2.0,0.0,6
109415,3.0,3,3,,0.0,2.0,1.0,0.0,0.0,,0.0,2.0,1.0,0.0,0.0,3
109416,1.0,6,3,2.0,0.0,0.0,1.0,3.0,0.0,1.0,0.0,0.0,1.0,1.0,0.0,6
109417,1.0,1,1,,0.0,,1.0,0.0,0.0,,0.0,,1.0,0.0,0.0,1
109418,1.0,2,1,,0.0,0.0,1.0,0.0,1.0,,0.0,0.0,0.0,0.0,1.0,2
109419,4.0,13,14,3.0,2.0,1.0,1.0,4.0,2.0,3.0,2.0,2.0,1.0,4.0,2.0,14
109420,4.0,1,3,,0.0,,0.0,1.0,0.0,,1.0,,1.0,1.0,0.0,3
109421,1.0,5,3,,,,1.0,4.0,0.0,,0.0,,1.0,1.0,1.0,5
109422,3.0,8,9,3.0,0.0,0.0,1.0,3.0,1.0,3.0,0.0,0.0,1.0,4.0,1.0,9
109423,3.0,0,0,,,,,,,,,,,,,0
109424,4.0,10,9,3.0,0.0,,1.0,4.0,2.0,3.0,0.0,,1.0,4.0,1.0,10
109425,4.0,0,2,,0.0,,0.0,0.0,,,0.0,,0.0,1.0,1.0,2
109426,3.0,9,9,,2.0,2.0,1.0,1.0,3.0,,2.0,2.0,1.0,1.0,3.0,9
109427,3.0,1,3,,0.0,,1.0,0.0,0.0,,0.0,1.0,1.0,1.0,0.0,3
109428,3.0,6,3,2.0,0.0,0.0,1.0,3.0,0.0,,0.0,0.0,0.0,3.0,0.0,6
109429,4.0,2,3,,0.0,,1.0,1.0,0.0,,1.0,,1.0,1.0,0.0,3
109430,4.0,2,5,,0.0,,1.0,1.0,0.0,,0.0,,1.0,1.0,3.0,5
109431,4.0,7,8,3.0,0.0,,0.0,4.0,0.0,2.0,0.0,,1.0,4.0,1.0,8
109432,1.0,2,9,,0.0,,1.0,0.0,1.0,3.0,1.0,,1.0,4.0,0.0,9
109433,4.0,5,5,0.0,1.0,,1.0,3.0,0.0,,2.0,,1.0,1.0,1.0,5
109434,3.0,6,3,3.0,0.0,,1.0,2.0,0.0,,0.0,,1.0,2.0,0.0,6
109435,3.0,3,9,,1.0,0.0,1.0,0.0,1.0,,2.0,1.0,1.0,2.0,3.0,9
109436,3.0,2,2,,0.0,,1.0,0.0,1.0,,0.0,,1.0,0.0,1.0,2
109437,3.0,5,6,,0.0,,1.0,0.0,4.0,,0.0,,1.0,1.0,4.0,6
109438,4.0,9,7,3.0,0.0,0.0,1.0,4.0,1.0,3.0,0.0,0.0,1.0,3.0,0.0,9
109439,3.0,3,4,,1.0,,1.0,0.0,1.0,,1.0,,1.0,1.0,1.0,4
109440,2.0,12,12,4.0,1.0,1.0,1.0,4.0,1.0,3.0,0.0,2.0,1.0,4.0,2.0,12
109441,4.0,2,1,,0.0,,1.0,1.0,0.0,,0.0,,1.0,0.0,0.0,2
109442,4.0,8,7,3.0,0.0,1.0,1.0,3.0,0.0,2.0,0.0,1.0,1.0,3.0,0.0,8
109443,3.0,4,3,,0.0,1.0,1.0,1.0,1.0,,0.0,1.0,1.0,1.0,0.0,4
109444,1.0,1,2,,1.0,,0.0,0.0,0.0,,1.0,,1.0,0.0,0.0,2
109445,2.0,4,3,,4.0,,,,0.0,,3.0,,,,0.0,4
109446,1.0,2,1,,0.0,,1.0,1.0,0.0,,0.0,,1.0,0.0,0.0,2
109447,2.0,10,12,3.0,1.0,,1.0,4.0,1.0,3.0,2.0,2.0,1.0,2.0,2.0,12
109448,3.0,6,1,,,,1.0,2.0,3.0,,0.0,,1.0,0.0,0.0,6
109449,1.0,6,5,,0.0,1.0,1.0,1.0,3.0,,0.0,1.0,1.0,0.0,3.0,6
109450,4.0,3,2,,0.0,1.0,1.0,1.0,0.0,,0.0,1.0,1.0,0.0,0.0,3
109451,3.0,2,2,,1.0,,1.0,0.0,0.0,,1.0,,1.0,0.0,0.0,2
109452,4.0,8,4,1.0,2.0,1.0,0.0,4.0,0.0,,2.0,1.0,0.0,1.0,0.0,8
109453,1.0,1,1,,0.0,,1.0,0.0,0.0,,0.0,,1.0,0.0,0.0,1
109454,1.0,3,2,,0.0,1.0,1.0,0.0,1.0,,,1.0,1.0,0.0,0.0,3
109455,1.0,2,2,,0.0,,1.0,0.0,1.0,,0.0,,1.0,0.0,1.0,2
109456,1.0,0,1,,0.0,,0.0,0.0,0.0,,0.0,,1.0,0.0,0.0,1
109457,4.0,12,9,3.0,3.0,0.0,1.0,4.0,1.0,1.0,2.0,0.0,1.0,3.0,2.0,12
109458,1.0,2,10,,0.0,0.0,1.0,0.0,1.0,3.0,1.0,0.0,1.0,4.0,1.0,10
109459,3.0,3,3,,0.0,0.0,1.0,2.0,0.0,,0.0,0.0,1.0,2.0,0.0,3
109460,3.0,5,5,,0.0,,1.0,3.0,1.0,,0.0,,1.0,3.0,1.0,5
109461,4.0,5,4,0.0,0.0,,1.0,4.0,0.0,0.0,1.0,,1.0,2.0,0.0,5
109462,4.0,5,6,0.0,0.0,,1.0,4.0,0.0,2.0,0.0,,1.0,3.0,0.0,6
109463,4.0,8,6,4.0,0.0,0.0,1.0,3.0,0.0,3.0,0.0,0.0,1.0,2.0,0.0,8
109464,3.0,5,4,,2.0,1.0,1.0,1.0,0.0,,2.0,1.0,1.0,0.0,0.0,5
109465,4.0,13,3,3.0,2.0,2.0,1.0,4.0,1.0,,1.0,1.0,0.0,0.0,1.0,13
109466,3.0,7,7,,1.0,4.0,1.0,1.0,0.0,,0.0,4.0,1.0,1.0,1.0,7
109467,4.0,5,5,2.0,0.0,,0.0,3.0,0.0,2.0,0.0,,0.0,3.0,0.0,5
109468,3.0,11,10,0.0,2.0,2.0,1.0,3.0,3.0,,3.0,2.0,1.0,3.0,1.0,11
109469,4.0,4,3,1.0,0.0,,1.0,2.0,0.0,0.0,0.0,,1.0,2.0,0.0,4
109470,4.0,4,1,1.0,0.0,,1.0,2.0,0.0,,0.0,,1.0,0.0,0.0,4
109471,2.0,9,11,3.0,1.0,,1.0,4.0,0.0,4.0,2.0,,1.0,4.0,0.0,11
109472,3.0,0,1,,0.0,,0.0,0.0,0.0,,,,1.0,0.0,0.0,1
109473,2.0,8,5,1.0,2.0,,1.0,2.0,2.0,,2.0,,1.0,0.0,2.0,8
109474,4.0,7,4,3.0,0.0,,0.0,4.0,0.0,1.0,1.0,,0.0,2.0,0.0,7
109475,4.0,8,2,1.0,,,1.0,4.0,2.0,,0.0,,0.0,1.0,1.0,8
109476,4.0,3,2,0.0,0.0,,0.0,3.0,0.0,,0.0,,0.0,2.0,0.0,3
109477,3.0,7,8,3.0,,,0.0,4.0,0.0,4.0,,,0.0,4.0,0.0,8
109478,3.0,7,4,,0.0,0.0,1.0,3.0,3.0,,0.0,0.0,1.0,1.0,2.0,7
109479,4.0,8,3,3.0,1.0,,1.0,3.0,0.0,,1.0,,0.0,2.0,0.0,8
109480,3.0,1,1,,0.0,,1.0,0.0,,,0.0,,1.0,0.0,0.0,1
109481,3.0,1,0,,0.0,,1.0,0.0,0.0,,0.0,,0.0,0.0,0.0,1
109482,3.0,4,1,,1.0,1.0,1.0,0.0,1.0,,0.0,0.0,1.0,0.0,0.0,4
109483,1.0,0,0,,0.0,,0.0,0.0,0.0,,0.0,,0.0,0.0,0.0,0
109484,2.0,8,7,2.0,1.0,,1.0,4.0,0.0,2.0,2.0,0.0,1.0,2.0,0.0,8
109485,3.0,9,12,3.0,0.0,,1.0,4.0,1.0,2.0,0.0,2.0,1.0,4.0,3.0,12
109486,2.0,4,4,,2.0,2.0,,,0.0,,2.0,2.0,,,0.0,4
109487,3.0,0,0,,0.0,0.0,0.0,0.0,0.0,,0.0,0.0,0.0,0.0,0.0,0
109488,3.0,3,0,,1.0,,1.0,1.0,0.0,,,,0.0,0.0,0.0,3
109489,4.0,4,6,,,,1.0,3.0,0.0,2.0,0.0,0.0,1.0,3.0,0.0,6
109490,2.0,7,3,1.0,0.0,1.0,1.0,4.0,0.0,,1.0,1.0,1.0,0.0,0.0,7
109491,3.0,5,4,1.0,,0.0,1.0,3.0,0.0,,0.0,0.0,1.0,3.0,0.0,5
109492,4.0,5,5,,0.0,,1.0,4.0,0.0,,0.0,,1.0,4.0,0.0,5
109493,2.0,1,1,,0.0,,,,1.0,,0.0,,,,1.0,1
109494,2.0,10,3,3.0,1.0,,1.0,4.0,1.0,,1.0,,1.0,0.0,1.0,10
109495,3.0,2,2,,0.0,0.0,1.0,0.0,1.0,,0.0,0.0,1.0,0.0,1.0,2
109496,2.0,9,5,2.0,2.0,,1.0,4.0,0.0,,2.0,,1.0,2.0,0.0,9
109497,3.0,10,12,3.0,0.0,0.0,1.0,4.0,2.0,4.0,1.0,0.0,1.0,4.0,2.0,12
109498,4.0,11,9,4.0,2.0,1.0,1.0,3.0,0.0,3.0,1.0,1.0,1.0,3.0,0.0,11
109499,3.0,10,7,2.0,2.0,0.0,1.0,3.0,2.0,,2.0,0.0,1.0,3.0,1.0,10
109500,3.0,1,0,,0.0,,0.0,0.0,1.0,,0.0,,0.0,0.0,0.0,1
109501,2.0,11,10,4.0,0.0,,1.0,4.0,2.0,3.0,0.0,,1.0,4.0,2.0,11
109502,3.0,4,3,,1.0,,1.0,2.0,0.0,,1.0,,0.0,2.0,0.0,4
109503,3.0,7,3,,1.0,,1.0,4.0,1.0,,1.0,,0.0,0.0,2.0,7
109504,3.0,11,15,,2.0,4.0,0.0,4.0,1.0,3.0,3.0,4.0,1.0,4.0,0.0,15
109505,1.0,2,2,,1.0,0.0,1.0,0.0,0.0,,1.0,0.0,1.0,0.0,0.0,2
109506,4.0,3,3,,0.0,2.0,1.0,0.0,0.0,,0.0,2.0,1.0,0.0,0.0,3
109507,3.0,5,4,2.0,0.0,,0.0,3.0,0.0,1.0,0.0,,0.0,3.0,0.0,5
109508,3.0,10,12,2.0,3.0,0.0,1.0,4.0,0.0,3.0,3.0,0.0,1.0,4.0,1.0,12
109509,1.0,1,1,,0.0,,1.0,0.0,0.0,,0.0,,1.0,0.0,0.0,1
109510,3.0,10,9,4.0,0.0,,1.0,4.0,1.0,4.0,0.0,,1.0,4.0,0.0,10
109511,4.0,3,4,0.0,0.0,,0.0,3.0,0.0,0.0,0.0,,0.0,4.0,0.0,4
109512,3.0,7,6,,3.0,0.0,1.0,3.0,0.0,,3.0,0.0,0.0,3.0,0.0,7
109513,3.0,1,1,,0.0,,1.0,0.0,0.0,,0.0,,1.0,0.0,0.0,1
109514,3.0,5,6,0.0,1.0,1.0,0.0,3.0,0.0,,2.0,1.0,0.0,3.0,0.0,6
109515,1.0,5,3,3.0,0.0,,1.0,0.0,1.0,,0.0,1.0,1.0,0.0,1.0,5
109516,4.0,10,3,1.0,0.0,4.0,1.0,4.0,0.0,,0.0,2.0,1.0,0.0,0.0,10
109517,1.0,6,3,,1.0,0.0,1.0,4.0,0.0,,2.0,0.0,1.0,0.0,0.0,6
109518,2.0,7,1,2.0,0.0,,1.0,4.0,0.0,,0.0,,1.0,0.0,0.0,7
109519,2.0,10,3,3.0,2.0,,1.0,4.0,0.0,,1.0,,1.0,1.0,0.0,10
109520,1.0,8,7,3.0,0.0,,1.0,3.0,1.0,3.0,0.0,,0.0,3.0,1.0,8
109521,4.0,6,1,3.0,0.0,,0.0,3.0,0.0,,0.0,,0.0,1.0,0.0,6
109522,1.0,4,5,,1.0,,1.0,0.0,2.0,,2.0,,1.0,0.0,2.0,5
109523,3.0,2,0,,0.0,,1.0,0.0,1.0,,0.0,,0.0,0.0,0.0,2
109524,1.0,1,1,,0.0,,0.0,0.0,1.0,,0.0,,1.0,0.0,0.0,1
109525,1.0,10,10,4.0,1.0,2.0,0.0,3.0,0.0,3.0,1.0,2.0,1.0,3.0,0.0,10
109526,4.0,10,2,3.0,2.0,,1.0,4.0,0.0,,1.0,0.0,0.0,1.0,0.0,10
109527,3.0,5,4,,0.0,,1.0,1.0,3.0,,0.0,,1.0,1.0,2.0,5
109528,4.0,11,12,4.0,2.0,,1.0,3.0,1.0,3.0,2.0,2.0,1.0,3.0,1.0,12
109529,2.0,7,7,,2.0,,1.0,4.0,0.0,,2.0,,1.0,3.0,1.0,7
109530,2.0,8,8,3.0,0.0,,1.0,4.0,0.0,3.0,1.0,,1.0,2.0,1.0,8
109531,3.0,1,3,,,,0.0,1.0,0.0,2.0,,,0.0,1.0,0.0,3
109532,3.0,2,2,,0.0,0.0,1.0,1.0,0.0,,,0.0,1.0,1.0,0.0,2
109533,3.0,4,2,2.0,0.0,0.0,1.0,1.0,0.0,,0.0,0.0,1.0,1.0,0.0,4
109534,1.0,1,1,,0.0,,1.0,0.0,0.0,,0.0,,1.0,0.0,0.0,1
109535,4.0,1,1,,0.0,,1.0,0.0,0.0,,,,1.0,0.0,0.0,1
109536,1.0,3,2,,1.0,0.0,1.0,0.0,1.0,,1.0,0.0,0.0,0.0,1.0,3
109537,2.0,8,4,3.0,0.0,,1.0,4.0,0.0,,2.0,,1.0,1.0,0.0,8
109538,4.0,3,2,2.0,0.0,0.0,1.0,0.0,0.0,2.0,0.0,0.0,0.0,0.0,0.0,3
109539,4.0,2,3,,0.0,,1.0,1.0,0.0,,0.0,,1.0,2.0,0.0,3
109540,3.0,1,1,,0.0,,1.0,0.0,0.0,,0.0,,1.0,0.0,0.0,1
109541,4.0,3,1,,0.0,,1.0,1.0,1.0,,,,1.0,0.0,0.0,3
109542,2.0,9,4,2.0,2.0,,1.0,4.0,0.0,,2.0,,1.0,1.0,0.0,9
109543,3.0,1,1,,,,1.0,0.0,0.0,,0.0,,1.0,0.0,0.0,1
109544,3.0,6,5,2.0,0.0,,0.0,4.0,0.0,1.0,0.0,,1.0,3.0,0.0,6
109545,4.0,2,1,,0.0,,0.0,1.0,1.0,,0.0,,0.0,0.0,1.0,2
109546,4.0,9,10,3.0,1.0,,1.0,4.0,0.0,3.0,2.0,0.0,1.0,4.0,0.0,10
109547,3.0,0,0,,0.0,,0.0,0.0,0.0,,0.0,0.0,0.0,0.0,0.0,0
109548,2.0,7,3,2.0,0.0,,1.0,4.0,0.0,,2.0,,1.0,0.0,0.0,7
109549,3.0,3,4,,2.0,0.0,0.0,0.0,1.0,,2.0,0.0,1.0,0.0,1.0,4
109550,3.0,2,2,,0.0,,1.0,1.0,0.0,,0.0,,1.0,1.0,0.0,2
109551,3.0,9,8,4.0,0.0,0.0,1.0,4.0,0.0,3.0,0.0,0.0,1.0,4.0,0.0,9
109552,2.0,7,2,2.0,0.0,,1.0,4.0,0.0,,1.0,,0.0,1.0,0.0,7
109553,2.0,7,2,2.0,0.0,,1.0,4.0,0.0,,1.0,,1.0,0.0,0.0,7
109554,3.0,5,4,,0.0,,1.0,1.0,3.0,,0.0,,1.0,2.0,1.0,5
109555,3.0,9,5,,1.0,,1.0,4.0,3.0,,0.0,,1.0,1.0,3.0,9
109556,4.0,1,1,,0.0,,1.0,0.0,0.0,,0.0,,1.0,0.0,0.0,1
109557,3.0,7,7,2.0,0.0,0.0,0.0,4.0,1.0,1.0,1.0,0.0,0.0,4.0,1.0,7
109558,3.0,0,1,,0.0,,,,0.0,,1.0,,,,0.0,1
109559,1.0,6,7,1.0,0.0,0.0,1.0,4.0,0.0,2.0,1.0,0.0,1.0,3.0,0.0,7
109560,4.0,9,1,3.0,1.0,,1.0,4.0,0.0,,0.0,,1.0,0.0,0.0,9
109561,3.0,3,7,,1.0,1.0,1.0,0.0,0.0,,1.0,1.0,1.0,4.0,0.0,7
109562,4.0,3,3,,1.0,,0.0,0.0,2.0,,0.0,,1.0,0.0,2.0,3
109563,4.0,1,0,,0.0,1.0,0.0,0.0,0.0,,0.0,0.0,0.0,0.0,0.0,1
109564,2.0,7,1,2.0,0.0,,1.0,4.0,0.0,,0.0,,1.0,0.0,0.0,7
109565,4.0,6,5,1.0,1.0,0.0,1.0,3.0,0.0,,0.0,0.0,1.0,4.0,0.0,6
109566,3.0,4,4,,0.0,0.0,1.0,2.0,1.0,2.0,0.0,0.0,0.0,2.0,0.0,4
109567,2.0,10,7,3.0,2.0,0.0,1.0,4.0,0.0,2.0,2.0,0.0,1.0,2.0,0.0,10
109568,3.0,0,0,,0.0,0.0,0.0,0.0,0.0,,0.0,0.0,0.0,0.0,0.0,0
109569,1.0,2,2,,1.0,,1.0,0.0,0.0,,1.0,,1.0,0.0,0.0,2
109570,4.0,9,5,3.0,1.0,0.0,1.0,4.0,0.0,2.0,,0.0,1.0,2.0,0.0,9
109571,3.0,8,8,,2.0,0.0,1.0,1.0,4.0,,2.0,0.0,1.0,1.0,4.0,8
109572,3.0,3,1,,0.0,1.0,0.0,1.0,1.0,,0.0,1.0,0.0,0.0,0.0,3
109573,4.0,9,7,4.0,0.0,0.0,1.0,3.0,1.0,4.0,0.0,0.0,1.0,2.0,0.0,9
109574,3.0,4,4,,2.0,,1.0,0.0,1.0,,,,,4.0,,4
109575,4.0,7,6,1.0,2.0,0.0,1.0,3.0,0.0,1.0,1.0,0.0,1.0,3.0,0.0,7
109576,1.0,2,1,,1.0,0.0,1.0,0.0,0.0,,0.0,0.0,1.0,0.0,0.0,2
109577,3.0,8,6,,0.0,,1.0,4.0,3.0,,0.0,,1.0,1.0,4.0,8
109578,2.0,9,3,3.0,2.0,,1.0,2.0,1.0,,2.0,,1.0,0.0,0.0,9
109579,4.0,10,8,4.0,0.0,0.0,1.0,3.0,2.0,2.0,1.0,0.0,1.0,4.0,0.0,10
109580,2.0,7,2,2.0,0.0,,1.0,4.0,0.0,1.0,0.0,,1.0,0.0,0.0,7
109581,3.0,1,1,,0.0,0.0,0.0,1.0,0.0,,0.0,0.0,1.0,0.0,0.0,1
109582,3.0,12,15,,3.0,1.0,0.0,4.0,4.0,2.0,4.0,1.0,0.0,4.0,4.0,15
109583,2.0,7,1,1.0,1.0,,1.0,4.0,0.0,,0.0,,1.0,0.0,0.0,7
109584,3.0,5,4,,1.0,1.0,1.0,0.0,2.0,,0.0,1.0,1.0,0.0,2.0,5
109585,3.0,1,0,,0.0,,0.0,1.0,0.0,,0.0,,0.0,0.0,0.0,1
109586,1.0,7,6,4.0,0.0,0.0,0.0,2.0,1.0,2.0,0.0,0.0,1.0,3.0,0.0,7
109587,4.0,3,2,,0.0,,0.0,3.0,0.0,,0.0,,1.0,1.0,0.0,3
109588,4.0,5,5,,0.0,0.0,1.0,4.0,0.0,2.0,0.0,0.0,0.0,3.0,0.0,5
109589,3.0,3,3,,0.0,,1.0,2.0,0.0,,0.0,0.0,1.0,2.0,0.0,3
109590,4.0,5,3,0.0,0.0,,1.0,4.0,0.0,1.0,0.0,,0.0,2.0,0.0,5
109591,2.0,8,3,4.0,0.0,,1.0,3.0,0.0,2.0,0.0,,1.0,0.0,0.0,8
109592,4.0,7,7,1.0,1.0,0.0,1.0,4.0,0.0,2.0,1.0,0.0,1.0,3.0,0.0,7
109593,4.0,2,0,,0.0,,1.0,1.0,0.0,,0.0,,0.0,0.0,0.0,2
109594,2.0,11,11,3.0,3.0,0.0,1.0,4.0,0.0,3.0,2.0,0.0,1.0,4.0,1.0,11
109595,3.0,4,4,,1.0,,1.0,2.0,0.0,,1.0,,1.0,2.0,0.0,4
109596,3.0,5,1,0.0,0.0,,1.0,4.0,0.0,,0.0,,1.0,0.0,0.0,5
109597,3.0,2,1,,2.0,0.0,0.0,0.0,0.0,,1.0,0.0,0.0,0.0,0.0,2
109598,1.0,1,2,,0.0,,1.0,0.0,0.0,,1.0,,1.0,0.0,0.0,2
109599,1.0,0,1,,0.0,,0.0,0.0,0.0,,0.0,0.0,1.0,0.0,0.0,1
109600,2.0,8,6,4.0,1.0,,1.0,2.0,0.0,2.0,1.0,,1.0,2.0,0.0,8
109601,3.0,4,5,,0.0,0.0,1.0,2.0,1.0,1.0,0.0,0.0,1.0,2.0,1.0,5
109602,3.0,4,2,,0.0,2.0,1.0,1.0,0.0,,0.0,2.0,0.0,0.0,0.0,4
109603,4.0,4,5,,0.0,,1.0,3.0,0.0,,1.0,,0.0,4.0,0.0,5
109604,3.0,1,1,,0.0,,0.0,0.0,1.0,,0.0,,1.0,0.0,0.0,1
109605,2.0,12,8,4.0,2.0,0.0,1.0,4.0,1.0,3.0,2.0,0.0,0.0,2.0,1.0,12
109606,3.0,7,6,,0.0,4.0,1.0,1.0,1.0,,0.0,4.0,1.0,1.0,0.0,7
109607,1.0,10,12,3.0,0.0,,1.0,4.0,2.0,4.0,1.0,0.0,1.0,4.0,2.0,12
109608,3.0,4,0,,,,0.0,0.0,4.0,,,,,,,4
109609,4.0,11,12,3.0,2.0,0.0,1.0,4.0,1.0,4.0,2.0,0.0,1.0,4.0,1.0,12
109610,2.0,9,7,3.0,2.0,0.0,1.0,3.0,0.0,2.0,1.0,0.0,1.0,2.0,1.0,9
109611,3.0,0,1,,,,0.0,0.0,0.0,,0.0,,1.0,0.0,0.0,1
109612,4.0,11,8,3.0,1.0,1.0,1.0,4.0,1.0,3.0,0.0,1.0,1.0,3.0,0.0,11
109613,2.0,9,2,3.0,1.0,,1.0,4.0,0.0,,1.0,,1.0,0.0,0.0,9
109614,2.0,6,3,,1.0,,1.0,4.0,0.0,,2.0,,1.0,0.0,0.0,6
109615,3.0,6,10,2.0,2.0,0.0,1.0,1.0,0.0,4.0,1.0,0.0,1.0,4.0,0.0,10
109616,3.0,11,11,3.0,2.0,2.0,0.0,4.0,0.0,3.0,2.0,2.0,1.0,3.0,0.0,11
109617,3.0,0,1,,0.0,,0.0,0.0,0.0,,0.0,,0.0,1.0,0.0,1
109618,4.0,6,1,3.0,0.0,0.0,0.0,3.0,0.0,,0.0,0.0,0.0,1.0,0.0,6
109619,1.0,1,1,,0.0,,1.0,0.0,0.0,,0.0,,1.0,0.0,0.0,1
109620,4.0,7,7,3.0,0.0,,0.0,4.0,0.0,3.0,1.0,0.0,0.0,3.0,0.0,7
109621,4.0,5,5,,1.0,,1.0,2.0,1.0,,1.0,,0.0,3.0,1.0,5
109622,3.0,8,4,3.0,0.0,,1.0,4.0,0.0,,0.0,,1.0,3.0,0.0,8
109623,4.0,5,7,1.0,2.0,0.0,0.0,2.0,0.0,2.0,2.0,0.0,1.0,2.0,0.0,7
109624,2.0,11,4,3.0,0.0,,1.0,4.0,3.0,,0.0,,1.0,0.0,3.0,11
109625,4.0,3,2,,0.0,,1.0,2.0,0.0,,0.0,,1.0,1.0,0.0,3
109626,1.0,0,2,,0.0,,0.0,0.0,0.0,,0.0,,1.0,1.0,0.0,2
109627,3.0,7,6,0.0,3.0,0.0,0.0,4.0,0.0,0.0,2.0,0.0,0.0,4.0,0.0,7
109628,3.0,3,3,,0.0,0.0,1.0,2.0,0.0,,0.0,0.0,1.0,2.0,0.0,3
109629,3.0,8,7,2.0,2.0,2.0,1.0,0.0,1.0,2.0,2.0,2.0,1.0,0.0,0.0,8
109630,4.0,6,9,0.0,0.0,0.0,1.0,3.0,2.0,1.0,0.0,0.0,1.0,3.0,4.0,9
109631,1.0,9,15,2.0,0.0,2.0,1.0,3.0,1.0,3.0,1.0,2.0,1.0,4.0,4.0,15
109632,1.0,5,4,3.0,0.0,,1.0,0.0,1.0,,0.0,,1.0,2.0,1.0,5
109633,1.0,2,2,,0.0,0.0,1.0,1.0,0.0,,0.0,0.0,1.0,1.0,0.0,2
109634,3.0,3,3,2.0,0.0,,1.0,0.0,0.0,2.0,0.0,0.0,1.0,0.0,0.0,3
109635,4.0,3,3,,0.0,,0.0,1.0,2.0,,0.0,,0.0,1.0,2.0,3
109636,2.0,10,9,4.0,0.0,,1.0,4.0,1.0,3.0,0.0,,1.0,4.0,1.0,10
109637,1.0,6,2,,1.0,0.0,1.0,4.0,0.0,,1.0,0.0,1.0,0.0,0.0,6
109638,2.0,6,1,1.0,0.0,,1.0,4.0,0.0,,0.0,,1.0,0.0,0.0,6
109639,1.0,1,1,,0.0,,1.0,0.0,0.0,,1.0,,0.0,0.0,0.0,1
109640,3.0,2,2,,1.0,,1.0,0.0,0.0,,1.0,,1.0,0.0,0.0,2
109641,3.0,5,4,2.0,0.0,,1.0,2.0,0.0,1.0,0.0,,1.0,2.0,0.0,5
109642,4.0,8,6,2.0,0.0,,1.0,4.0,1.0,3.0,0.0,,0.0,3.0,0.0,8
109643,4.0,1,1,,0.0,,0.0,1.0,0.0,,0.0,,0.0,0.0,1.0,1
109644,4.0,5,5,,0.0,,1.0,0.0,4.0,,0.0,,1.0,0.0,4.0,5
109645,3.0,2,2,,0.0,1.0,0.0,0.0,1.0,,1.0,1.0,0.0,0.0,0.0,2
109646,1.0,0,1,,0.0,,0.0,0.0,0.0,,0.0,,1.0,0.0,0.0,1
109647,3.0,9,10,2.0,0.0,0.0,1.0,4.0,2.0,3.0,0.0,0.0,0.0,4.0,3.0,10
109648,3.0,5,9,1.0,0.0,,1.0,3.0,0.0,3.0,2.0,,1.0,3.0,0.0,9
109649,3.0,2,1,,1.0,,1.0,0.0,0.0,,,,1.0,0.0,0.0,2
109650,4.0,6,6,2.0,0.0,,1.0,3.0,0.0,3.0,0.0,,1.0,2.0,0.0,6
109651,4.0,1,1,,1.0,,0.0,0.0,0.0,,1.0,,0.0,0.0,0.0,1
109652,3.0,4,4,,0.0,0.0,0.0,0.0,4.0,,0.0,0.0,0.0,0.0,4.0,4
109653,3.0,13,11,2.0,3.0,4.0,1.0,3.0,0.0,,3.0,4.0,1.0,3.0,0.0,13
109654,3.0,1,2,,,,1.0,0.0,0.0,,1.0,,1.0,0.0,0.0,2
109655,1.0,0,0,,0.0,0.0,0.0,0.0,0.0,,0.0,0.0,0.0,0.0,0.0,0
109656,4.0,1,2,,1.0,,0.0,0.0,0.0,,2.0,,0.0,0.0,0.0,2
109657,3.0,1,5,,0.0,0.0,1.0,0.0,0.0,4.0,0.0,0.0,0.0,0.0,1.0,5
109658,2.0,7,4,3.0,1.0,,1.0,2.0,0.0,2.0,1.0,,1.0,0.0,0.0,7
109659,3.0,7,6,0.0,0.0,,1.0,4.0,2.0,,1.0,,1.0,2.0,2.0,7
109660,2.0,7,4,2.0,0.0,,1.0,4.0,0.0,,1.0,,1.0,1.0,1.0,7
109661,3.0,2,2,,0.0,0.0,1.0,1.0,0.0,,0.0,0.0,1.0,1.0,0.0,2
109662,1.0,1,1,,0.0,0.0,1.0,0.0,0.0,,0.0,0.0,1.0,0.0,0.0,1
109663,2.0,9,3,2.0,1.0,,1.0,4.0,1.0,,1.0,,1.0,0.0,1.0,9
109664,1.0,4,4,,0.0,,0.0,0.0,4.0,,0.0,,0.0,0.0,4.0,4
109665,3.0,8,4,3.0,0.0,,1.0,4.0,0.0,,0.0,,0.0,4.0,0.0,8
109666,2.0,4,1,2.0,0.0,,1.0,0.0,1.0,,,,1.0,0.0,0.0,4
109667,3.0,1,0,,0.0,,0.0,0.0,1.0,,,,0.0,0.0,0.0,1
109668,3.0,3,4,,2.0,,1.0,0.0,0.0,,3.0,,1.0,0.0,0.0,4
109669,4.0,1,1,,0.0,,1.0,0.0,0.0,,0.0,,1.0,0.0,0.0,1
109670,3.0,7,0,3.0,0.0,,1.0,3.0,0.0,,0.0,,0.0,0.0,0.0,7
109671,3.0,9,7,2.0,2.0,,1.0,4.0,0.0,2.0,2.0,,0.0,3.0,0.0,9
109672,3.0,8,4,4.0,0.0,,1.0,3.0,0.0,,0.0,0.0,1.0,3.0,0.0,8
109673,3.0,4,1,,1.0,1.0,0.0,2.0,0.0,,0.0,1.0,0.0,0.0,0.0,4
109674,1.0,12,9,4.0,2.0,0.0,1.0,3.0,2.0,1.0,2.0,1.0,1.0,3.0,1.0,12
109675,4.0,7,7,3.0,0.0,,1.0,3.0,0.0,3.0,0.0,,1.0,3.0,0.0,7
109676,4.0,6,5,3.0,0.0,,1.0,2.0,0.0,2.0,0.0,,1.0,2.0,0.0,6
109677,4.0,10,8,4.0,1.0,0.0,0.0,4.0,1.0,2.0,1.0,0.0,1.0,3.0,1.0,10
109678,4.0,3,3,,0.0,3.0,0.0,0.0,0.0,,0.0,3.0,0.0,0.0,0.0,3
109679,2.0,7,3,2.0,0.0,,1.0,4.0,0.0,,1.0,,1.0,0.0,1.0,7
109680,4.0,10,10,2.0,1.0,1.0,1.0,3.0,2.0,2.0,1.0,1.0,1.0,3.0,2.0,10
109681,2.0,9,3,2.0,2.0,,1.0,4.0,0.0,,2.0,,1.0,0.0,0.0,9
109682,3.0,9,4,3.0,0.0,,1.0,2.0,3.0,,0.0,,1.0,2.0,1.0,9
109683,3.0,4,2,,0.0,,0.0,2.0,2.0,,0.0,0.0,1.0,0.0,1.0,4
109684,3.0,1,4,,,,1.0,0.0,0.0,,2.0,1.0,1.0,0.0,0.0,4
109685,3.0,1,0,,1.0,0.0,,,0.0,,,0.0,,,,1
109686,1.0,1,1,,0.0,0.0,1.0,0.0,0.0,,0.0,0.0,1.0,0.0,0.0,1
109687,2.0,8,7,3.0,0.0,0.0,1.0,4.0,0.0,2.0,0.0,0.0,1.0,4.0,0.0,8
109688,3.0,5,6,,0.0,0.0,1.0,1.0,3.0,,0.0,0.0,1.0,1.0,4.0,6
109689,4.0,9,7,4.0,0.0,,1.0,4.0,0.0,3.0,0.0,,1.0,3.0,0.0,9
109690,1.0,3,4,,0.0,,1.0,1.0,1.0,,1.0,0.0,1.0,1.0,1.0,4
109691,2.0,9,8,4.0,0.0,0.0,1.0,4.0,0.0,3.0,0.0,0.0,1.0,3.0,1.0,9
109692,2.0,10,4,3.0,2.0,,1.0,4.0,0.0,2.0,2.0,,0.0,0.0,0.0,10
109693,1.0,8,1,3.0,1.0,0.0,0.0,4.0,0.0,,1.0,0.0,0.0,0.0,0.0,8
109694,4.0,1,0,,0.0,,1.0,0.0,0.0,,0.0,,0.0,0.0,0.0,1
109695,2.0,3,4,2.0,0.0,,1.0,0.0,0.0,2.0,0.0,,1.0,1.0,0.0,4
109696,2.0,9,6,3.0,2.0,,1.0,3.0,0.0,3.0,1.0,,1.0,1.0,0.0,9
109697,2.0,10,5,3.0,1.0,,1.0,3.0,2.0,2.0,0.0,,1.0,0.0,2.0,10
109698,3.0,7,7,2.0,2.0,0.0,1.0,1.0,1.0,0.0,2.0,0.0,1.0,3.0,1.0,7
109699,2.0,9,3,4.0,,,1.0,4.0,0.0,2.0,,,1.0,0.0,0.0,9
109700,4.0,8,6,3.0,0.0,0.0,1.0,4.0,0.0,3.0,0.0,0.0,1.0,2.0,0.0,8
109701,3.0,5,4,,3.0,1.0,1.0,0.0,0.0,,3.0,1.0,0.0,0.0,0.0,5
109702,3.0,5,6,1.0,0.0,0.0,1.0,3.0,0.0,3.0,0.0,0.0,0.0,3.0,0.0,6
109703,3.0,4,5,0.0,0.0,0.0,0.0,3.0,1.0,,,0.0,1.0,4.0,,5
109704,3.0,0,1,,0.0,,,,0.0,,0.0,,0.0,1.0,0.0,1
109705,4.0,1,1,,0.0,,1.0,0.0,0.0,,0.0,,1.0,0.0,0.0,1
109706,4.0,7,6,3.0,0.0,,1.0,3.0,0.0,3.0,0.0,,0.0,3.0,0.0,7
109707,1.0,13,13,4.0,1.0,0.0,1.0,4.0,3.0,3.0,2.0,0.0,1.0,4.0,3.0,13
109708,3.0,1,5,,0.0,0.0,1.0,0.0,0.0,4.0,0.0,0.0,1.0,0.0,0.0,5
109709,4.0,10,8,3.0,1.0,,0.0,4.0,2.0,2.0,1.0,,0.0,3.0,2.0,10
109710,1.0,1,2,,0.0,0.0,1.0,0.0,0.0,,0.0,0.0,1.0,1.0,0.0,2
109711,2.0,10,2,3.0,2.0,,1.0,4.0,0.0,,1.0,,1.0,0.0,0.0,10
109712,3.0,4,4,0.0,0.0,,1.0,3.0,0.0,,0.0,,1.0,3.0,0.0,4
109713,4.0,1,1,,0.0,0.0,1.0,0.0,0.0,,0.0,0.0,1.0,0.0,0.0,1
109714,3.0,1,1,,0.0,,1.0,0.0,0.0,,0.0,,0.0,1.0,0.0,1
109715,4.0,5,4,1.0,0.0,0.0,1.0,3.0,0.0,1.0,0.0,0.0,0.0,3.0,0.0,5
109716,3.0,7,4,0.0,0.0,,1.0,3.0,3.0,,1.0,0.0,1.0,2.0,0.0,7
109717,1.0,3,2,,0.0,1.0,1.0,0.0,1.0,,0.0,1.0,1.0,0.0,0.0,3
109718,1.0,11,11,3.0,0.0,1.0,1.0,4.0,2.0,3.0,0.0,2.0,1.0,4.0,1.0,11
109719,3.0,2,3,,0.0,,0.0,2.0,0.0,,0.0,,1.0,2.0,0.0,3
109720,1.0,2,1,,0.0,,1.0,0.0,1.0,,0.0,,0.0,0.0,1.0,2
109721,4.0,1,5,,0.0,,1.0,0.0,0.0,1.0,0.0,,1.0,3.0,0.0,5
109722,2.0,9,4,2.0,1.0,,1.0,4.0,1.0,,2.0,,1.0,0.0,1.0,9
109723,2.0,10,3,3.0,2.0,,1.0,4.0,0.0,,2.0,,1.0,0.0,0.0,10
109724,4.0,6,4,,0.0,0.0,1.0,2.0,3.0,,0.0,0.0,0.0,1.0,3.0,6
109725,4.0,4,6,1.0,0.0,,0.0,3.0,0.0,1.0,0.0,,1.0,4.0,0.0,6
109726,3.0,8,9,3.0,1.0,0.0,1.0,3.0,0.0,3.0,2.0,0.0,1.0,3.0,0.0,9
109727,2.0,8,2,2.0,1.0,,1.0,4.0,0.0,,1.0,,1.0,0.0,0.0,8
109728,2.0,8,3,2.0,1.0,,1.0,4.0,0.0,,1.0,,1.0,1.0,0.0,8
109729,3.0,1,1,,0.0,1.0,0.0,0.0,0.0,,0.0,1.0,0.0,0.0,0.0,1
109730,3.0,7,4,3.0,,,1.0,3.0,0.0,2.0,0.0,0.0,0.0,2.0,0.0,7
109731,4.0,11,8,4.0,0.0,,0.0,4.0,3.0,4.0,0.0,,0.0,2.0,2.0,11
109732,2.0,10,7,3.0,2.0,,1.0,4.0,0.0,3.0,1.0,,1.0,2.0,0.0,10
109733,2.0,6,1,1.0,0.0,,1.0,4.0,0.0,,0.0,,0.0,1.0,0.0,6
109734,1.0,1,1,,0.0,,1.0,0.0,0.0,,0.0,,0.0,1.0,0.0,1
109735,4.0,12,10,1.0,2.0,3.0,1.0,4.0,1.0,1.0,2.0,3.0,1.0,2.0,1.0,12
109736,1.0,2,3,,0.0,0.0,0.0,0.0,2.0,,0.0,0.0,1.0,0.0,2.0,3
109737,1.0,8,7,4.0,0.0,,1.0,3.0,0.0,3.0,0.0,0.0,1.0,3.0,0.0,8
109738,3.0,5,13,,0.0,1.0,1.0,1.0,2.0,3.0,0.0,2.0,1.0,4.0,3.0,13
109739,3.0,6,6,,0.0,0.0,1.0,1.0,4.0,,1.0,0.0,1.0,0.0,4.0,6
109740,4.0,1,6,,0.0,,0.0,1.0,0.0,2.0,0.0,,0.0,4.0,0.0,6
109741,2.0,2,5,,2.0,,0.0,0.0,0.0,,2.0,,1.0,1.0,1.0,5
109742,4.0,8,7,3.0,0.0,,1.0,4.0,0.0,1.0,1.0,0.0,1.0,4.0,0.0,8
109743,3.0,3,1,2.0,0.0,,1.0,0.0,0.0,,0.0,,1.0,0.0,0.0,3
109744,3.0,5,5,2.0,0.0,0.0,0.0,3.0,0.0,2.0,0.0,0.0,0.0,3.0,0.0,5
109745,2.0,8,3,2.0,1.0,,1.0,4.0,0.0,,2.0,,0.0,0.0,1.0,8
109746,3.0,1,3,,0.0,,1.0,0.0,0.0,,1.0,,1.0,1.0,0.0,3
109747,3.0,3,5,,0.0,0.0,1.0,1.0,1.0,,2.0,0.0,1.0,1.0,1.0,5
109748,4.0,7,7,,0.0,0.0,1.0,3.0,3.0,,0.0,0.0,1.0,3.0,3.0,7
109749,2.0,8,3,3.0,0.0,,1.0,4.0,0.0,2.0,0.0,,1.0,0.0,0.0,8
109750,1.0,9,8,4.0,0.0,,0.0,3.0,2.0,2.0,0.0,,1.0,3.0,2.0,9
109751,3.0,5,7,2.0,0.0,0.0,0.0,3.0,0.0,2.0,1.0,1.0,0.0,3.0,0.0,7
109752,3.0,4,3,,1.0,2.0,0.0,1.0,0.0,,1.0,1.0,0.0,1.0,0.0,4
109753,3.0,8,9,1.0,0.0,0.0,1.0,4.0,2.0,2.0,1.0,0.0,1.0,3.0,2.0,9
109754,4.0,3,5,1.0,0.0,,0.0,2.0,0.0,1.0,0.0,,1.0,3.0,0.0,5
109755,2.0,7,4,1.0,1.0,,1.0,4.0,0.0,,2.0,,1.0,0.0,1.0,7
109756,4.0,14,10,4.0,2.0,2.0,1.0,4.0,1.0,2.0,1.0,2.0,0.0,4.0,1.0,14
109757,2.0,5,4,,0.0,,1.0,4.0,0.0,2.0,,,1.0,1.0,0.0,5
109758,4.0,0,0,,0.0,,0.0,0.0,0.0,,0.0,,0.0,0.0,0.0,0
109759,4.0,11,11,2.0,2.0,2.0,1.0,4.0,0.0,4.0,2.0,2.0,0.0,2.0,1.0,11
109760,3.0,5,4,1.0,0.0,,1.0,3.0,0.0,1.0,0.0,,0.0,3.0,0.0,5
109761,3.0,11,12,2.0,1.0,,0.0,4.0,4.0,3.0,0.0,,1.0,4.0,4.0,12
109762,4.0,9,9,4.0,0.0,,1.0,4.0,0.0,3.0,0.0,1.0,1.0,4.0,0.0,9
109763,3.0,13,13,3.0,2.0,2.0,1.0,3.0,2.0,3.0,2.0,2.0,1.0,3.0,2.0,13
109764,1.0,1,3,,0.0,1.0,0.0,0.0,0.0,,1.0,1.0,1.0,0.0,0.0,3
109765,4.0,9,10,4.0,0.0,,1.0,3.0,1.0,4.0,1.0,,1.0,3.0,1.0,10
109766,4.0,3,3,2.0,0.0,0.0,1.0,0.0,0.0,2.0,0.0,0.0,1.0,0.0,0.0,3
109767,1.0,2,9,,0.0,,1.0,1.0,0.0,4.0,0.0,,1.0,1.0,3.0,9
109768,3.0,8,7,3.0,0.0,1.0,1.0,3.0,0.0,3.0,0.0,0.0,1.0,3.0,0.0,8
109769,2.0,10,7,3.0,2.0,,1.0,4.0,0.0,4.0,1.0,,0.0,2.0,0.0,10
109770,4.0,7,2,1.0,1.0,,1.0,4.0,0.0,,0.0,,1.0,1.0,0.0,7
109771,3.0,6,4,2.0,2.0,,0.0,2.0,0.0,,2.0,,0.0,2.0,0.0,6
109772,2.0,7,7,,2.0,,1.0,1.0,3.0,2.0,2.0,,0.0,0.0,3.0,7
109773,4.0,9,8,4.0,0.0,,1.0,4.0,0.0,3.0,0.0,,1.0,3.0,1.0,9
109774,3.0,6,4,2.0,1.0,2.0,1.0,0.0,0.0,0.0,0.0,0.0,1.0,3.0,0.0,6
109775,2.0,10,9,3.0,1.0,0.0,1.0,4.0,1.0,3.0,2.0,0.0,1.0,2.0,1.0,10
109776,3.0,9,9,3.0,1.0,,1.0,3.0,1.0,2.0,2.0,0.0,1.0,3.0,1.0,9
109777,2.0,5,5,,0.0,1.0,1.0,1.0,2.0,,1.0,1.0,1.0,0.0,2.0,5
109778,4.0,1,1,,0.0,0.0,1.0,0.0,0.0,,0.0,0.0,1.0,0.0,0.0,1
109779,4.0,7,3,2.0,1.0,,1.0,3.0,0.0,,1.0,,1.0,1.0,0.0,7
109780,1.0,2,1,,0.0,0.0,1.0,0.0,1.0,,0.0,0.0,0.0,0.0,1.0,2
109781,1.0,8,4,2.0,0.0,0.0,1.0,3.0,2.0,2.0,0.0,0.0,1.0,0.0,1.0,8
109782,4.0,13,8,4.0,2.0,2.0,0.0,4.0,1.0,1.0,2.0,1.0,0.0,3.0,1.0,13
109783,3.0,2,3,,0.0,,1.0,0.0,1.0,,0.0,,1.0,0.0,2.0,3
109784,4.0,3,3,,0.0,,0.0,3.0,0.0,1.0,0.0,,0.0,2.0,0.0,3
109785,2.0,8,3,2.0,2.0,,1.0,2.0,1.0,,2.0,,0.0,0.0,1.0,8
109786,2.0,8,3,,2.0,,1.0,4.0,1.0,,1.0,,0.0,1.0,1.0,8
109787,3.0,3,10,,0.0,0.0,0.0,0.0,3.0,4.0,0.0,2.0,0.0,1.0,3.0,10
109788,4.0,12,11,3.0,2.0,2.0,0.0,4.0,1.0,3.0,2.0,2.0,0.0,3.0,1.0,12
109789,4.0,14,10,4.0,2.0,2.0,1.0,4.0,1.0,3.0,2.0,2.0,0.0,2.0,1.0,14
109790,4.0,2,2,,0.0,,1.0,1.0,0.0,,0.0,,1.0,1.0,0.0,2
109791,3.0,3,2,,0.0,,1.0,2.0,0.0,,0.0,,1.0,1.0,0.0,3
109792,3.0,8,10,2.0,0.0,0.0,0.0,4.0,2.0,2.0,1.0,0.0,0.0,4.0,3.0,10
109793,1.0,7,3,1.0,1.0,2.0,1.0,2.0,0.0,,0.0,2.0,1.0,0.0,0.0,7
109794,1.0,1,3,,0.0,,0.0,0.0,1.0,,1.0,0.0,1.0,0.0,1.0,3
109795,4.0,6,5,3.0,0.0,,0.0,3.0,0.0,2.0,0.0,,0.0,3.0,0.0,6
109796,3.0,3,2,,1.0,,1.0,1.0,0.0,,1.0,,1.0,0.0,0.0,3
109797,3.0,8,6,2.0,2.0,0.0,1.0,3.0,0.0,1.0,1.0,0.0,1.0,3.0,0.0,8
109798,2.0,8,1,1.0,1.0,,1.0,4.0,1.0,,0.0,,1.0,0.0,0.0,8
109799,4.0,5,5,0.0,0.0,,1.0,2.0,2.0,0.0,0.0,,0.0,2.0,3.0,5
109800,4.0,2,3,,1.0,,1.0,0.0,0.0,,1.0,,1.0,1.0,0.0,3
109801,4.0,8,6,1.0,2.0,0.0,1.0,4.0,0.0,1.0,2.0,0.0,0.0,3.0,0.0,8
109802,2.0,10,8,3.0,2.0,,1.0,4.0,0.0,3.0,2.0,,1.0,2.0,0.0,10
109803,3.0,8,7,,2.0,,1.0,1.0,4.0,,1.0,,1.0,1.0,4.0,8
109804,2.0,10,8,3.0,1.0,,1.0,4.0,1.0,2.0,1.0,,1.0,3.0,1.0,10
109805,3.0,1,6,,0.0,,0.0,1.0,0.0,3.0,0.0,,0.0,3.0,0.0,6
109806,1.0,1,1,,0.0,,1.0,0.0,0.0,,0.0,0.0,1.0,0.0,0.0,1
109807,3.0,5,6,,3.0,,1.0,0.0,1.0,,4.0,,1.0,0.0,1.0,6
109808,3.0,0,1,,0.0,,0.0,0.0,0.0,,0.0,,0.0,1.0,0.0,1
109809,3.0,3,3,,0.0,,1.0,2.0,0.0,,0.0,,1.0,2.0,0.0,3
109810,2.0,10,5,4.0,0.0,0.0,1.0,4.0,1.0,1.0,0.0,0.0,1.0,2.0,1.0,10
109811,4.0,1,1,,0.0,0.0,1.0,0.0,0.0,,0.0,0.0,0.0,1.0,0.0,1
109812,4.0,7,7,,2.0,3.0,1.0,0.0,1.0,,2.0,3.0,1.0,0.0,1.0,7
109813,1.0,0,2,,0.0,0.0,0.0,0.0,0.0,,0.0,0.0,1.0,1.0,0.0,2
109814,3.0,12,11,3.0,1.0,0.0,1.0,4.0,3.0,1.0,2.0,0.0,1.0,4.0,3.0,12
109815,1.0,0,0,,0.0,0.0,0.0,0.0,0.0,,0.0,0.0,0.0,0.0,0.0,0
109816,3.0,12,11,3.0,3.0,0.0,0.0,3.0,3.0,3.0,2.0,0.0,0.0,4.0,2.0,12
109817,3.0,9,9,2.0,1.0,2.0,0.0,4.0,0.0,2.0,1.0,2.0,0.0,4.0,0.0,9
109818,2.0,7,8,,2.0,,1.0,4.0,0.0,,2.0,,1.0,4.0,1.0,8
109819,3.0,0,1,,0.0,,0.0,0.0,0.0,,0.0,,1.0,0.0,0.0,1
109820,2.0,14,14,3.0,4.0,0.0,1.0,4.0,2.0,3.0,2.0,1.0,1.0,4.0,3.0,14
109821,2.0,10,5,2.0,2.0,,1.0,4.0,1.0,,2.0,,1.0,1.0,1.0,10
109822,4.0,4,2,,0.0,0.0,1.0,1.0,2.0,,0.0,0.0,1.0,0.0,1.0,4
109823,4.0,14,14,4.0,1.0,0.0,1.0,4.0,4.0,4.0,1.0,0.0,1.0,4.0,4.0,14
109824,4.0,4,2,,0.0,,1.0,1.0,2.0,,0.0,,0.0,0.0,2.0,4
109825,3.0,6,1,1.0,0.0,,1.0,4.0,0.0,,1.0,,0.0,0.0,0.0,6
109826,4.0,8,8,3.0,0.0,1.0,1.0,3.0,0.0,2.0,0.0,1.0,1.0,4.0,0.0,8
109827,4.0,7,7,3.0,0.0,0.0,1.0,3.0,0.0,3.0,0.0,0.0,1.0,3.0,0.0,7
109828,3.0,2,2,,1.0,,1.0,0.0,0.0,,1.0,,1.0,0.0,0.0,2
109829,2.0,10,7,4.0,1.0,,1.0,4.0,0.0,3.0,1.0,,1.0,2.0,0.0,10
109830,4.0,3,2,,1.0,,1.0,1.0,0.0,,1.0,,1.0,0.0,0.0,3
109831,3.0,7,7,3.0,0.0,,1.0,3.0,0.0,3.0,0.0,,1.0,3.0,0.0,7
109832,1.0,2,1,,0.0,,1.0,1.0,0.0,,0.0,,1.0,0.0,0.0,2
109833,2.0,6,3,2.0,1.0,,1.0,2.0,0.0,,1.0,,1.0,0.0,1.0,6
109834,3.0,8,9,2.0,0.0,,1.0,3.0,2.0,2.0,0.0,2.0,1.0,3.0,1.0,9
109835,3.0,2,0,,0.0,,1.0,0.0,1.0,,0.0,,0.0,0.0,0.0,2
109836,4.0,6,5,,2.0,0.0,1.0,1.0,2.0,,2.0,0.0,0.0,1.0,2.0,6
109837,3.0,1,0,,0.0,,1.0,0.0,0.0,,0.0,,0.0,0.0,0.0,1
109838,3.0,5,4,,0.0,,1.0,4.0,0.0,1.0,0.0,,1.0,2.0,0.0,5
109839,4.0,7,7,2.0,0.0,0.0,1.0,4.0,0.0,3.0,0.0,0.0,1.0,3.0,0.0,7
109840,4.0,11,8,3.0,1.0,2.0,1.0,4.0,0.0,2.0,1.0,2.0,1.0,2.0,0.0,11
109841,3.0,0,0,,0.0,,0.0,0.0,0.0,,0.0,,0.0,0.0,0.0,0
109842,2.0,9,5,3.0,1.0,,1.0,4.0,0.0,2.0,1.0,,0.0,2.0,0.0,9
109843,3.0,2,2,,0.0,,1.0,0.0,1.0,,0.0,,1.0,0.0,1.0,2
109844,3.0,5,4,,0.0,,1.0,0.0,4.0,,0.0,,1.0,0.0,3.0,5
109845,4.0,7,4,2.0,0.0,0.0,1.0,1.0,3.0,2.0,0.0,0.0,1.0,1.0,0.0,7
109846,3.0,4,3,,0.0,0.0,0.0,3.0,1.0,,0.0,0.0,1.0,1.0,1.0,4
109847,2.0,7,3,,2.0,,1.0,4.0,0.0,,2.0,,1.0,0.0,0.0,7
109848,2.0,10,8,3.0,0.0,2.0,1.0,4.0,0.0,3.0,0.0,2.0,1.0,2.0,0.0,10
109849,4.0,6,7,2.0,0.0,,0.0,3.0,1.0,2.0,0.0,,1.0,3.0,1.0,7
109850,4.0,10,10,2.0,1.0,0.0,1.0,3.0,3.0,3.0,1.0,0.0,1.0,2.0,3.0,10
109851,4.0,7,5,3.0,0.0,,0.0,4.0,0.0,2.0,0.0,0.0,0.0,3.0,0.0,7
109852,3.0,9,7,4.0,,,1.0,4.0,0.0,1.0,,,0.0,3.0,3.0,9
109853,2.0,6,8,1.0,0.0,,1.0,4.0,0.0,2.0,0.0,,1.0,4.0,1.0,8
109854,3.0,3,5,,,,1.0,2.0,,,1.0,0.0,1.0,3.0,0.0,5
109855,2.0,10,4,2.0,2.0,,1.0,4.0,1.0,,1.0,,1.0,1.0,1.0,10
109856,4.0,8,7,2.0,1.0,1.0,1.0,3.0,0.0,1.0,1.0,1.0,1.0,2.0,1.0,8
109857,4.0,3,3,,0.0,,1.0,2.0,0.0,,0.0,0.0,1.0,2.0,0.0,3
109858,4.0,6,5,3.0,0.0,,1.0,2.0,0.0,1.0,0.0,,1.0,3.0,0.0,6
109859,2.0,8,2,2.0,1.0,,1.0,4.0,0.0,,1.0,,1.0,0.0,0.0,8
109860,1.0,2,1,,1.0,1.0,0.0,0.0,0.0,,,1.0,0.0,0.0,0.0,2
109861,1.0,0,1,,0.0,0.0,0.0,0.0,0.0,,0.0,0.0,1.0,0.0,0.0,1
109862,1.0,4,5,,1.0,,1.0,0.0,2.0,,2.0,,1.0,0.0,2.0,5
109863,2.0,9,4,4.0,0.0,,1.0,4.0,0.0,2.0,0.0,,1.0,1.0,0.0,9
109864,2.0,8,2,0.0,0.0,,1.0,4.0,3.0,0.0,0.0,,1.0,0.0,1.0,8
109865,4.0,12,10,4.0,2.0,,1.0,4.0,1.0,2.0,2.0,,1.0,4.0,1.0,12
109866,4.0,4,3,0.0,0.0,,1.0,3.0,0.0,,,,0.0,3.0,0.0,4
109867,3.0,11,8,2.0,2.0,3.0,1.0,1.0,2.0,,2.0,3.0,1.0,1.0,1.0,11
109868,3.0,7,6,2.0,0.0,,1.0,3.0,1.0,2.0,0.0,,1.0,3.0,0.0,7
109869,3.0,12,15,3.0,3.0,3.0,1.0,2.0,0.0,2.0,3.0,3.0,1.0,3.0,3.0,15
109870,3.0,2,2,,1.0,,1.0,0.0,0.0,,1.0,,0.0,1.0,0.0,2
109871,3.0,7,7,2.0,0.0,1.0,0.0,4.0,0.0,3.0,0.0,1.0,0.0,3.0,0.0,7
109872,2.0,8,3,3.0,1.0,,1.0,2.0,1.0,,1.0,,1.0,0.0,1.0,8
109873,1.0,7,8,3.0,0.0,0.0,1.0,3.0,0.0,3.0,0.0,0.0,1.0,4.0,0.0,8
109874,4.0,9,5,3.0,0.0,,1.0,4.0,1.0,1.0,0.0,,0.0,3.0,1.0,9
109875,4.0,9,7,2.0,1.0,,1.0,4.0,1.0,2.0,1.0,,1.0,2.0,1.0,9
109876,3.0,1,1,,0.0,,1.0,0.0,0.0,,0.0,,1.0,0.0,0.0,1
109877,3.0,2,3,,0.0,,0.0,0.0,2.0,,0.0,,1.0,0.0,2.0,3
109878,3.0,7,7,,1.0,2.0,1.0,3.0,0.0,,1.0,2.0,1.0,3.0,0.0,7
109879,3.0,7,2,2.0,1.0,1.0,0.0,1.0,2.0,,1.0,0.0,0.0,0.0,1.0,7
109880,1.0,6,7,2.0,0.0,0.0,1.0,3.0,0.0,2.0,0.0,0.0,1.0,4.0,0.0,7
109881,2.0,8,5,1.0,2.0,,1.0,4.0,0.0,2.0,2.0,0.0,1.0,0.0,0.0,8
109882,1.0,8,7,3.0,0.0,,0.0,4.0,1.0,2.0,0.0,0.0,1.0,4.0,0.0,8
109883,2.0,7,2,2.0,0.0,,1.0,4.0,0.0,,0.0,,1.0,1.0,0.0,7
109884,3.0,6,5,,1.0,,0.0,3.0,2.0,,2.0,,0.0,1.0,2.0,6
109885,4.0,8,5,3.0,0.0,,1.0,3.0,1.0,2.0,0.0,,0.0,3.0,0.0,8
109886,4.0,0,1,,0.0,,0.0,0.0,0.0,,0.0,,0.0,1.0,0.0,1
109887,3.0,5,4,,3.0,,1.0,0.0,1.0,,2.0,,1.0,1.0,0.0,5
109888,4.0,7,9,2.0,0.0,1.0,0.0,4.0,0.0,2.0,1.0,2.0,0.0,4.0,0.0,9
109889,1.0,2,2,,0.0,,1.0,0.0,1.0,,0.0,,1.0,1.0,0.0,2
109890,1.0,6,4,2.0,0.0,0.0,1.0,2.0,1.0,2.0,0.0,0.0,1.0,0.0,1.0,6
109891,2.0,3,5,2.0,1.0,,0.0,0.0,0.0,,1.0,,1.0,3.0,0.0,5
109892,4.0,6,4,2.0,0.0,0.0,1.0,3.0,0.0,1.0,0.0,0.0,1.0,2.0,0.0,6
109893,4.0,1,2,,0.0,1.0,0.0,0.0,0.0,,1.0,1.0,0.0,0.0,0.0,2
109894,3.0,6,7,2.0,0.0,0.0,0.0,4.0,0.0,3.0,0.0,1.0,0.0,3.0,0.0,7
109895,3.0,3,3,,0.0,1.0,1.0,0.0,1.0,,0.0,1.0,1.0,0.0,1.0,3
109896,3.0,1,0,,,,1.0,0.0,,,,,,0.0,,1
109897,2.0,7,3,2.0,0.0,,1.0,4.0,0.0,2.0,0.0,,1.0,0.0,0.0,7
109898,3.0,2,2,,0.0,0.0,1.0,1.0,0.0,,0.0,0.0,1.0,1.0,0.0,2
109899,2.0,7,3,2.0,0.0,,1.0,4.0,0.0,2.0,0.0,,1.0,0.0,0.0,7
109900,4.0,3,1,,1.0,1.0,1.0,0.0,0.0,,1.0,0.0,0.0,0.0,0.0,3
109901,3.0,4,7,2.0,1.0,,1.0,0.0,0.0,2.0,2.0,,1.0,2.0,0.0,7
109902,2.0,3,3,,0.0,,1.0,2.0,0.0,,0.0,,1.0,2.0,0.0,3
109903,2.0,9,6,3.0,1.0,,1.0,4.0,0.0,3.0,1.0,,1.0,1.0,0.0,9
109904,3.0,5,4,,0.0,0.0,1.0,3.0,1.0,,0.0,0.0,1.0,2.0,1.0,5
109905,2.0,9,8,2.0,2.0,,1.0,4.0,0.0,2.0,2.0,,1.0,3.0,0.0,9
109906,3.0,3,0,1.0,0.0,,0.0,2.0,0.0,0.0,0.0,,0.0,0.0,0.0,3
109907,4.0,13,15,4.0,2.0,2.0,1.0,4.0,0.0,4.0,3.0,2.0,1.0,4.0,1.0,15
109908,4.0,7,7,2.0,0.0,,1.0,4.0,0.0,2.0,1.0,,1.0,3.0,0.0,7
109909,4.0,10,6,4.0,1.0,,1.0,4.0,0.0,0.0,2.0,,0.0,4.0,0.0,10
109910,4.0,8,7,2.0,1.0,0.0,1.0,4.0,0.0,2.0,1.0,0.0,0.0,4.0,0.0,8
109911,4.0,10,7,3.0,1.0,,1.0,4.0,1.0,1.0,1.0,1.0,1.0,2.0,1.0,10
109912,2.0,8,10,3.0,0.0,,1.0,4.0,0.0,3.0,2.0,,1.0,4.0,0.0,10
109913,4.0,8,10,4.0,0.0,,1.0,3.0,0.0,4.0,1.0,,1.0,4.0,0.0,10
109914,2.0,10,13,2.0,1.0,1.0,1.0,4.0,1.0,4.0,2.0,0.0,1.0,4.0,2.0,13
109915,4.0,13,8,4.0,3.0,0.0,1.0,4.0,1.0,1.0,2.0,0.0,1.0,4.0,0.0,13
109916,3.0,11,9,4.0,0.0,1.0,1.0,4.0,1.0,4.0,0.0,1.0,0.0,4.0,0.0,11
109917,4.0,3,4,,0.0,0.0,0.0,2.0,1.0,2.0,0.0,0.0,1.0,1.0,0.0,4
109918,4.0,2,0,,0.0,,1.0,1.0,0.0,,0.0,,0.0,0.0,0.0,2
109919,4.0,4,0,,0.0,1.0,0.0,3.0,0.0,,0.0,0.0,0.0,0.0,0.0,4
109920,2.0,10,11,2.0,1.0,1.0,1.0,4.0,1.0,2.0,2.0,1.0,1.0,4.0,1.0,11
109921,4.0,8,6,3.0,0.0,0.0,1.0,4.0,0.0,2.0,0.0,0.0,1.0,3.0,0.0,8
109922,4.0,1,0,,0.0,,1.0,0.0,0.0,,0.0,,0.0,0.0,0.0,1
109923,4.0,4,5,,0.0,3.0,0.0,1.0,0.0,,0.0,2.0,0.0,3.0,0.0,5
109924,2.0,9,8,3.0,1.0,,1.0,4.0,0.0,3.0,0.0,1.0,1.0,2.0,1.0,9
109925,3.0,9,6,3.0,1.0,,1.0,3.0,1.0,2.0,0.0,,1.0,3.0,0.0,9
109926,2.0,9,6,2.0,0.0,1.0,1.0,4.0,1.0,2.0,0.0,0.0,1.0,3.0,0.0,9
109927,1.0,4,3,2.0,0.0,0.0,1.0,1.0,0.0,2.0,0.0,0.0,1.0,0.0,0.0,4
109928,4.0,13,11,4.0,0.0,,1.0,4.0,4.0,3.0,0.0,,1.0,3.0,4.0,13
109929,4.0,9,4,3.0,1.0,,1.0,3.0,1.0,,1.0,,1.0,1.0,1.0,9
109930,3.0,3,2,,0.0,0.0,1.0,1.0,1.0,,0.0,0.0,0.0,2.0,0.0,3
109931,4.0,7,2,2.0,0.0,,1.0,4.0,0.0,,0.0,,0.0,2.0,0.0,7
109932,4.0,4,5,1.0,0.0,0.0,1.0,2.0,0.0,2.0,0.0,0.0,1.0,2.0,0.0,5
109933,2.0,5,1,0.0,0.0,,1.0,4.0,0.0,,0.0,,1.0,0.0,0.0,5
109934,2.0,7,8,3.0,0.0,,1.0,3.0,0.0,3.0,0.0,,1.0,4.0,0.0,8
109935,1.0,0,0,,0.0,0.0,0.0,0.0,0.0,,0.0,0.0,0.0,0.0,0.0,0
109936,3.0,8,6,,3.0,3.0,1.0,1.0,0.0,,2.0,3.0,1.0,0.0,0.0,8
109937,2.0,9,6,2.0,2.0,,1.0,4.0,0.0,2.0,1.0,,1.0,2.0,0.0,9
109938,2.0,8,12,,0.0,,1.0,4.0,3.0,4.0,0.0,,1.0,3.0,4.0,12
109939,2.0,6,1,3.0,,,1.0,2.0,0.0,,0.0,,1.0,0.0,0.0,6
109940,2.0,7,8,2.0,0.0,0.0,1.0,4.0,0.0,3.0,1.0,0.0,1.0,2.0,1.0,8
109941,3.0,4,6,1.0,0.0,0.0,0.0,3.0,0.0,2.0,0.0,0.0,1.0,3.0,0.0,6
109942,3.0,1,1,,0.0,,0.0,0.0,1.0,,0.0,,0.0,0.0,1.0,1
109943,1.0,4,5,,2.0,0.0,1.0,0.0,1.0,,3.0,0.0,0.0,1.0,1.0,5
109944,2.0,8,10,3.0,0.0,,1.0,4.0,0.0,4.0,1.0,,1.0,4.0,0.0,10
109945,3.0,11,10,,3.0,2.0,1.0,3.0,2.0,,3.0,2.0,1.0,3.0,1.0,11
109946,3.0,5,5,,0.0,0.0,1.0,0.0,4.0,,0.0,0.0,0.0,1.0,4.0,5
109947,4.0,1,0,,0.0,,1.0,0.0,0.0,,0.0,,0.0,0.0,0.0,1
109948,2.0,10,3,2.0,2.0,,1.0,4.0,1.0,,2.0,,0.0,0.0,1.0,10
109949,2.0,8,9,3.0,0.0,,1.0,4.0,0.0,3.0,1.0,,1.0,4.0,0.0,9
109950,1.0,1,2,,0.0,0.0,0.0,1.0,0.0,,0.0,0.0,1.0,0.0,1.0,2
109951,3.0,1,2,,0.0,,1.0,0.0,0.0,,0.0,,1.0,0.0,1.0,2
109952,2.0,9,2,3.0,0.0,,1.0,4.0,1.0,,0.0,,1.0,0.0,1.0,9
109953,3.0,4,3,,2.0,1.0,1.0,0.0,0.0,,1.0,1.0,1.0,0.0,0.0,4
109954,1.0,1,8,,0.0,,0.0,0.0,1.0,1.0,1.0,,1.0,4.0,1.0,8
109955,3.0,9,8,3.0,1.0,0.0,1.0,4.0,0.0,3.0,1.0,0.0,1.0,3.0,0.0,9
109956,1.0,1,1,,0.0,,1.0,0.0,0.0,,0.0,,1.0,0.0,0.0,1
109957,4.0,7,8,2.0,0.0,0.0,1.0,4.0,0.0,3.0,1.0,0.0,1.0,3.0,0.0,8
109958,3.0,4,1,,0.0,,1.0,3.0,0.0,,0.0,,0.0,1.0,0.0,4
109959,3.0,9,7,4.0,0.0,0.0,0.0,4.0,1.0,3.0,0.0,0.0,0.0,4.0,0.0,9
109960,3.0,7,3,3.0,0.0,0.0,1.0,3.0,0.0,,0.0,0.0,1.0,2.0,0.0,7
109961,4.0,3,5,0.0,0.0,0.0,0.0,3.0,0.0,2.0,0.0,0.0,0.0,3.0,0.0,5
109962,2.0,3,7,,0.0,,1.0,1.0,1.0,2.0,0.0,,1.0,4.0,0.0,7
109963,4.0,3,1,,0.0,0.0,1.0,2.0,0.0,,0.0,0.0,1.0,0.0,0.0,3
109964,4.0,7,7,1.0,0.0,,1.0,4.0,1.0,2.0,0.0,,1.0,4.0,0.0,7
109965,4.0,5,3,,0.0,,1.0,4.0,0.0,,0.0,0.0,0.0,2.0,1.0,5
109966,4.0,5,3,2.0,0.0,0.0,0.0,3.0,0.0,1.0,0.0,0.0,0.0,2.0,0.0,5
109967,1.0,7,3,2.0,0.0,0.0,1.0,4.0,0.0,,0.0,0.0,1.0,2.0,0.0,7
109968,4.0,7,3,1.0,1.0,,1.0,4.0,0.0,,1.0,,0.0,2.0,0.0,7
109969,4.0,4,4,,2.0,,1.0,0.0,1.0,,2.0,,1.0,0.0,1.0,4
109970,4.0,0,0,,,,0.0,0.0,,,,,,,,0
109971,4.0,6,4,1.0,0.0,,1.0,4.0,0.0,0.0,0.0,,1.0,3.0,0.0,6
109972,4.0,5,1,,1.0,0.0,1.0,0.0,3.0,,,0.0,1.0,0.0,0.0,5
109973,3.0,3,3,,1.0,1.0,1.0,0.0,0.0,,1.0,1.0,0.0,0.0,1.0,3
109974,1.0,1,1,,0.0,,1.0,0.0,0.0,,,,1.0,0.0,0.0,1
109975,3.0,1,1,,0.0,0.0,1.0,0.0,0.0,,0.0,0.0,1.0,0.0,0.0,1
109976,3.0,4,4,,,0.0,1.0,0.0,3.0,,0.0,0.0,1.0,0.0,3.0,4
109977,3.0,3,0,2.0,0.0,0.0,0.0,1.0,0.0,,0.0,0.0,0.0,0.0,0.0,3
109978,2.0,6,6,,1.0,,1.0,4.0,0.0,,2.0,,1.0,2.0,1.0,6
109979,4.0,5,5,,3.0,1.0,1.0,0.0,0.0,,3.0,1.0,0.0,1.0,0.0,5
109980,4.0,6,5,1.0,0.0,0.0,1.0,4.0,0.0,1.0,0.0,0.0,1.0,3.0,0.0,6
109981,3.0,3,2,,1.0,2.0,0.0,0.0,0.0,,1.0,0.0,1.0,0.0,0.0,3
109982,1.0,4,6,,1.0,,1.0,0.0,2.0,2.0,1.0,,1.0,0.0,2.0,6
109983,1.0,9,8,1.0,1.0,1.0,1.0,4.0,1.0,1.0,1.0,1.0,1.0,3.0,1.0,9
109984,4.0,1,7,,0.0,,0.0,1.0,0.0,3.0,0.0,,0.0,4.0,0.0,7
109985,4.0,8,9,2.0,0.0,1.0,1.0,3.0,1.0,2.0,0.0,2.0,1.0,3.0,1.0,9
109986,1.0,0,2,,0.0,0.0,0.0,0.0,0.0,,0.0,0.0,1.0,1.0,0.0,2
109987,4.0,6,3,1.0,0.0,,1.0,4.0,0.0,,1.0,0.0,1.0,1.0,0.0,6
109988,1.0,8,11,3.0,1.0,,1.0,2.0,1.0,4.0,1.0,1.0,1.0,3.0,1.0,11
109989,3.0,13,12,,3.0,4.0,1.0,1.0,4.0,,3.0,4.0,1.0,0.0,4.0,13
109990,3.0,10,11,3.0,3.0,,1.0,3.0,0.0,3.0,3.0,,1.0,4.0,0.0,11
109991,1.0,1,1,,0.0,,1.0,0.0,0.0,,0.0,,1.0,0.0,0.0,1
109992,4.0,11,9,2.0,2.0,1.0,1.0,4.0,1.0,2.0,2.0,1.0,0.0,3.0,1.0,11
109993,3.0,13,13,,1.0,4.0,1.0,3.0,4.0,,1.0,4.0,1.0,3.0,4.0,13
109994,3.0,2,1,2.0,0.0,0.0,0.0,0.0,0.0,,0.0,0.0,1.0,0.0,0.0,2
109995,2.0,11,4,3.0,0.0,,1.0,4.0,3.0,,0.0,,1.0,0.0,3.0,11
109996,3.0,5,1,,0.0,0.0,0.0,4.0,1.0,,0.0,0.0,0.0,1.0,0.0,5
109997,3.0,5,5,,0.0,0.0,1.0,4.0,0.0,0.0,0.0,0.0,1.0,4.0,0.0,5
109998,3.0,17,14,3.0,3.0,4.0,1.0,4.0,2.0,2.0,3.0,4.0,1.0,3.0,1.0,17
109999,4.0,9,9,3.0,0.0,,1.0,3.0,2.0,3.0,0.0,,1.0,3.0,2.0,9
110000,2.0,9,9,2.0,2.0,,1.0,4.0,0.0,3.0,2.0,1.0,1.0,2.0,0.0,9
110001,3.0,0,0,,0.0,,0.0,0.0,0.0,,0.0,,0.0,0.0,0.0,0
110002,4.0,4,4,2.0,0.0,,0.0,2.0,0.0,2.0,0.0,,0.0,1.0,1.0,4
110003,3.0,5,9,2.0,0.0,,1.0,2.0,0.0,4.0,,,1.0,4.0,0.0,9
110004,3.0,1,1,,0.0,0.0,1.0,0.0,0.0,,0.0,0.0,1.0,0.0,0.0,1
110005,4.0,3,2,2.0,0.0,,0.0,1.0,0.0,2.0,0.0,,0.0,0.0,0.0,3
110006,2.0,10,2,3.0,2.0,,1.0,4.0,0.0,,1.0,,0.0,0.0,1.0,10
110007,4.0,5,6,1.0,,,1.0,3.0,0.0,3.0,0.0,,1.0,2.0,0.0,6
110008,3.0,10,8,3.0,0.0,,1.0,3.0,3.0,1.0,0.0,,1.0,4.0,2.0,10
110009,2.0,9,9,3.0,1.0,,1.0,4.0,0.0,3.0,1.0,,1.0,4.0,0.0,9
110010,3.0,5,4,,0.0,,0.0,1.0,4.0,,0.0,,0.0,0.0,4.0,5
110011,3.0,6,6,2.0,0.0,,1.0,2.0,1.0,2.0,0.0,0.0,1.0,2.0,1.0,6
110012,3.0,8,7,3.0,0.0,0.0,1.0,4.0,0.0,3.0,0.0,0.0,1.0,3.0,0.0,8
110013,4.0,3,2,,0.0,,1.0,1.0,1.0,,0.0,,1.0,1.0,0.0,3
110014,3.0,7,5,0.0,0.0,1.0,1.0,4.0,1.0,0.0,0.0,1.0,1.0,2.0,1.0,7
110015,4.0,0,0,,0.0,,0.0,0.0,0.0,,0.0,,0.0,0.0,0.0,0
110016,3.0,2,3,,1.0,,1.0,0.0,0.0,,2.0,0.0,1.0,0.0,0.0,3
110017,3.0,12,15,0.0,2.0,3.0,1.0,4.0,2.0,3.0,2.0,3.0,1.0,4.0,2.0,15
110018,4.0,1,0,,0.0,,0.0,1.0,0.0,,0.0,,0.0,0.0,0.0,1
110019,3.0,0,1,,,,0.0,0.0,,,0.0,,0.0,0.0,1.0,1
110020,1.0,4,7,,0.0,,1.0,0.0,3.0,,0.0,,1.0,3.0,3.0,7
110021,3.0,8,6,4.0,0.0,,1.0,3.0,0.0,2.0,0.0,,1.0,3.0,0.0,8
110022,4.0,2,1,,0.0,,1.0,1.0,0.0,,0.0,,1.0,0.0,0.0,2
110023,4.0,14,11,2.0,2.0,4.0,0.0,4.0,2.0,1.0,2.0,3.0,0.0,2.0,3.0,14
110024,3.0,7,8,,1.0,0.0,1.0,3.0,2.0,,2.0,0.0,1.0,2.0,3.0,8
110025,4.0,5,3,0.0,0.0,,1.0,4.0,0.0,0.0,0.0,,0.0,3.0,0.0,5
110026,2.0,8,6,3.0,0.0,,1.0,4.0,0.0,,1.0,2.0,1.0,1.0,1.0,8
110027,4.0,6,6,1.0,0.0,,1.0,4.0,0.0,1.0,0.0,,1.0,4.0,0.0,6
110028,4.0,2,3,,0.0,,1.0,0.0,1.0,,1.0,,1.0,1.0,0.0,3
110029,3.0,5,5,1.0,0.0,,0.0,4.0,0.0,,0.0,,1.0,4.0,0.0,5
110030,4.0,10,7,3.0,2.0,0.0,1.0,4.0,0.0,2.0,2.0,0.0,1.0,2.0,0.0,10
110031,3.0,10,9,,3.0,3.0,1.0,2.0,1.0,,3.0,3.0,0.0,2.0,1.0,10
110032,3.0,6,1,1.0,0.0,1.0,1.0,3.0,0.0,,0.0,1.0,0.0,0.0,0.0,6
110033,3.0,7,8,3.0,0.0,0.0,0.0,4.0,0.0,3.0,1.0,0.0,1.0,3.0,0.0,8
110034,3.0,7,6,,2.0,,1.0,0.0,4.0,,2.0,,0.0,0.0,4.0,7
110035,3.0,1,2,,0.0,,1.0,0.0,0.0,,0.0,,1.0,1.0,0.0,2
110036,3.0,10,9,1.0,1.0,1.0,1.0,3.0,3.0,2.0,0.0,0.0,0.0,3.0,4.0,10
110037,2.0,6,2,1.0,,0.0,1.0,4.0,0.0,,1.0,0.0,1.0,,0.0,6
110038,1.0,5,5,2.0,0.0,,1.0,0.0,2.0,,0.0,1.0,1.0,1.0,2.0,5
110039,4.0,7,5,2.0,0.0,0.0,1.0,4.0,0.0,2.0,0.0,0.0,0.0,3.0,0.0,7
110040,3.0,6,0,3.0,0.0,0.0,0.0,2.0,1.0,,0.0,0.0,0.0,0.0,0.0,6
110041,3.0,7,5,2.0,0.0,,1.0,4.0,0.0,2.0,0.0,,0.0,3.0,0.0,7
110042,4.0,6,5,1.0,1.0,,0.0,4.0,0.0,0.0,1.0,,0.0,4.0,0.0,6
110043,1.0,0,7,,0.0,0.0,0.0,0.0,0.0,2.0,0.0,0.0,1.0,4.0,0.0,7
110044,3.0,7,7,2.0,1.0,0.0,0.0,3.0,1.0,2.0,1.0,0.0,1.0,3.0,0.0,7
110045,3.0,8,4,2.0,0.0,1.0,0.0,3.0,2.0,,0.0,1.0,0.0,2.0,1.0,8
110046,4.0,5,6,0.0,1.0,,1.0,3.0,0.0,0.0,2.0,,1.0,3.0,0.0,6
110047,3.0,3,1,,0.0,,1.0,2.0,0.0,,0.0,,1.0,0.0,0.0,3
110048,4.0,9,11,3.0,1.0,,1.0,4.0,0.0,4.0,2.0,,1.0,4.0,0.0,11
110049,3.0,0,0,,0.0,0.0,,,0.0,,0.0,0.0,,,0.0,0
110050,1.0,11,7,2.0,1.0,2.0,0.0,4.0,2.0,0.0,2.0,2.0,0.0,2.0,1.0,11
110051,4.0,9,11,3.0,0.0,,1.0,4.0,1.0,4.0,1.0,,1.0,4.0,1.0,11
110052,2.0,9,9,3.0,0.0,,1.0,4.0,1.0,4.0,0.0,0.0,1.0,4.0,0.0,9
110053,4.0,4,3,0.0,0.0,0.0,0.0,4.0,0.0,0.0,0.0,0.0,0.0,3.0,0.0,4
110054,3.0,0,3,,0.0,0.0,0.0,0.0,0.0,,2.0,0.0,1.0,0.0,0.0,3
110055,2.0,9,8,2.0,2.0,,1.0,4.0,0.0,4.0,2.0,,1.0,0.0,1.0,9
110056,4.0,6,7,2.0,0.0,,1.0,3.0,0.0,4.0,0.0,,0.0,3.0,0.0,7
110057,2.0,10,5,3.0,1.0,0.0,1.0,4.0,1.0,2.0,1.0,0.0,1.0,0.0,1.0,10
110058,1.0,6,5,2.0,0.0,,0.0,0.0,4.0,,0.0,,1.0,0.0,4.0,6
110059,3.0,4,4,,1.0,,1.0,0.0,2.0,,1.0,,1.0,0.0,2.0,4
110060,2.0,10,8,3.0,0.0,1.0,1.0,4.0,1.0,3.0,1.0,1.0,0.0,2.0,1.0,10
110061,2.0,10,9,3.0,2.0,,1.0,4.0,0.0,3.0,2.0,,1.0,3.0,0.0,10
110062,2.0,7,2,2.0,1.0,,1.0,3.0,0.0,,1.0,,1.0,0.0,0.0,7
110063,3.0,5,5,,0.0,,1.0,4.0,0.0,,0.0,,1.0,4.0,0.0,5
110064,3.0,5,3,,1.0,,1.0,1.0,2.0,,1.0,0.0,1.0,1.0,0.0,5
110065,3.0,7,7,1.0,1.0,,1.0,4.0,0.0,2.0,1.0,,1.0,3.0,0.0,7
110066,3.0,8,10,,3.0,2.0,0.0,2.0,1.0,1.0,3.0,2.0,0.0,3.0,1.0,10
110067,3.0,9,9,4.0,0.0,0.0,1.0,4.0,0.0,4.0,0.0,0.0,1.0,4.0,0.0,9
110068,4.0,8,5,3.0,1.0,,1.0,3.0,0.0,1.0,1.0,,1.0,2.0,0.0,8
110069,4.0,1,1,,0.0,,1.0,0.0,0.0,,0.0,,1.0,0.0,0.0,1
110070,4.0,2,2,,0.0,,0.0,2.0,0.0,,0.0,,0.0,2.0,0.0,2
110071,3.0,3,1,2.0,0.0,,1.0,0.0,0.0,,0.0,,1.0,0.0,0.0,3
110072,3.0,9,6,1.0,1.0,,1.0,3.0,3.0,1.0,1.0,,0.0,3.0,1.0,9
110073,1.0,9,9,1.0,1.0,,1.0,4.0,2.0,1.0,1.0,1.0,1.0,3.0,2.0,9
110074,3.0,5,5,,0.0,3.0,1.0,1.0,0.0,,0.0,3.0,1.0,1.0,0.0,5
110075,4.0,0,0,,0.0,,0.0,0.0,0.0,,0.0,,0.0,0.0,0.0,0
110076,2.0,6,2,2.0,0.0,0.0,1.0,3.0,0.0,,1.0,0.0,1.0,0.0,0.0,6
110077,2.0,7,2,2.0,0.0,,1.0,4.0,0.0,,0.0,,1.0,1.0,0.0,7
110078,3.0,2,2,,0.0,,1.0,0.0,1.0,,0.0,,1.0,1.0,0.0,2
110079,3.0,3,3,,0.0,1.0,1.0,1.0,0.0,,0.0,1.0,1.0,1.0,0.0,3
110080,4.0,3,1,,0.0,0.0,1.0,2.0,0.0,,0.0,0.0,0.0,1.0,0.0,3
110081,1.0,1,0,,0.0,,1.0,0.0,0.0,,0.0,0.0,0.0,0.0,0.0,1
110082,2.0,7,11,2.0,1.0,0.0,1.0,3.0,0.0,3.0,0.0,2.0,1.0,4.0,1.0,11
110083,3.0,1,5,,0.0,,1.0,0.0,0.0,,0.0,,1.0,4.0,0.0,5
110084,3.0,9,7,4.0,0.0,,1.0,4.0,0.0,2.0,0.0,,1.0,4.0,0.0,9
110085,4.0,9,7,4.0,1.0,0.0,1.0,2.0,1.0,3.0,1.0,0.0,1.0,2.0,0.0,9
110086,4.0,14,13,4.0,2.0,2.0,1.0,4.0,1.0,3.0,1.0,2.0,1.0,4.0,2.0,14
110087,4.0,3,3,,0.0,,1.0,2.0,0.0,,0.0,,1.0,2.0,0.0,3
110088,1.0,2,10,,1.0,,1.0,0.0,0.0,4.0,1.0,,1.0,4.0,0.0,10
110089,2.0,3,2,,0.0,,1.0,1.0,1.0,,1.0,,1.0,0.0,0.0,3
110090,4.0,1,2,,0.0,,0.0,1.0,0.0,,0.0,,1.0,1.0,0.0,2
110091,2.0,10,6,4.0,0.0,,1.0,4.0,1.0,2.0,0.0,,0.0,3.0,1.0,10
110092,3.0,8,3,4.0,0.0,,0.0,3.0,1.0,,0.0,,1.0,2.0,0.0,8
110093,3.0,7,6,3.0,0.0,0.0,1.0,3.0,0.0,3.0,0.0,0.0,1.0,2.0,0.0,7
110094,3.0,10,2,3.0,2.0,0.0,1.0,4.0,0.0,,2.0,0.0,0.0,0.0,0.0,10
110095,3.0,2,2,,0.0,0.0,1.0,1.0,0.0,,0.0,0.0,1.0,1.0,0.0,2
110096,4.0,7,7,2.0,0.0,,1.0,4.0,0.0,2.0,0.0,0.0,1.0,4.0,0.0,7
110097,1.0,2,4,,0.0,0.0,0.0,1.0,1.0,,0.0,0.0,1.0,1.0,2.0,4
110098,4.0,6,2,2.0,0.0,1.0,1.0,2.0,0.0,0.0,,1.0,1.0,0.0,0.0,6
110099,1.0,1,7,,0.0,,1.0,0.0,0.0,2.0,0.0,,1.0,4.0,0.0,7
110100,3.0,10,9,2.0,0.0,,1.0,3.0,4.0,2.0,0.0,,1.0,2.0,4.0,10
110101,2.0,7,4,3.0,0.0,,1.0,3.0,0.0,,0.0,0.0,1.0,3.0,0.0,7
110102,3.0,9,5,3.0,0.0,0.0,1.0,3.0,2.0,0.0,0.0,0.0,0.0,3.0,2.0,9
110103,4.0,0,1,,0.0,,0.0,0.0,0.0,,0.0,,1.0,0.0,0.0,1
110104,3.0,7,10,,2.0,0.0,0.0,3.0,2.0,1.0,3.0,0.0,0.0,4.0,2.0,10
110105,1.0,5,5,,0.0,,1.0,0.0,4.0,,0.0,,1.0,0.0,4.0,5
110106,4.0,2,3,,0.0,,0.0,2.0,0.0,,0.0,,0.0,3.0,0.0,3
110107,3.0,13,13,4.0,2.0,2.0,1.0,4.0,0.0,3.0,2.0,3.0,1.0,3.0,1.0,13
110108,2.0,2,2,,0.0,0.0,1.0,0.0,1.0,,0.0,0.0,1.0,0.0,1.0,2
110109,4.0,3,5,,0.0,0.0,1.0,2.0,0.0,1.0,0.0,1.0,1.0,2.0,0.0,5
110110,3.0,7,5,,2.0,2.0,1.0,1.0,1.0,,2.0,1.0,1.0,0.0,1.0,7
110111,3.0,4,4,0.0,0.0,0.0,0.0,4.0,0.0,0.0,1.0,0.0,0.0,3.0,0.0,4
110112,4.0,1,0,,0.0,0.0,0.0,1.0,0.0,,0.0,0.0,0.0,0.0,0.0,1
110113,4.0,5,3,2.0,0.0,,0.0,3.0,0.0,2.0,0.0,,0.0,1.0,0.0,5
110114,1.0,2,4,,0.0,1.0,0.0,1.0,0.0,,1.0,1.0,1.0,1.0,0.0,4
110115,2.0,5,14,1.0,,,1.0,3.0,0.0,3.0,2.0,2.0,1.0,3.0,3.0,14
110116,2.0,8,5,2.0,0.0,1.0,1.0,4.0,0.0,2.0,1.0,1.0,1.0,0.0,0.0,8
110117,4.0,6,3,1.0,2.0,,1.0,2.0,0.0,,2.0,,0.0,1.0,0.0,6
110118,4.0,4,5,,0.0,,0.0,3.0,1.0,,1.0,,0.0,3.0,1.0,5
110119,3.0,7,7,3.0,0.0,,1.0,3.0,0.0,3.0,0.0,,1.0,3.0,0.0,7
110120,3.0,6,5,2.0,0.0,,1.0,0.0,3.0,,1.0,0.0,1.0,1.0,2.0,6
110121,4.0,5,6,,1.0,,1.0,3.0,0.0,2.0,0.0,,1.0,3.0,0.0,6
110122,3.0,5,3,,0.0,0.0,1.0,3.0,1.0,,1.0,0.0,1.0,1.0,0.0,5
110123,4.0,1,0,,0.0,,1.0,0.0,0.0,,0.0,,0.0,0.0,0.0,1
110124,3.0,7,14,,2.0,2.0,1.0,0.0,2.0,4.0,1.0,1.0,1.0,4.0,3.0,14
110125,1.0,7,3,3.0,0.0,,1.0,1.0,2.0,,0.0,,1.0,0.0,2.0,7
110126,4.0,9,10,4.0,1.0,0.0,1.0,2.0,1.0,4.0,1.0,0.0,1.0,3.0,1.0,10
110127,3.0,0,8,,0.0,,0.0,0.0,0.0,2.0,1.0,,1.0,4.0,0.0,8
110128,4.0,5,5,0.0,0.0,0.0,1.0,3.0,1.0,0.0,1.0,0.0,1.0,3.0,0.0,5
110129,1.0,4,3,,0.0,,1.0,0.0,3.0,,0.0,0.0,1.0,0.0,2.0,4
110130,2.0,8,7,3.0,0.0,,1.0,4.0,0.0,4.0,1.0,,1.0,0.0,1.0,8
110131,1.0,10,6,4.0,2.0,,1.0,3.0,0.0,1.0,2.0,,1.0,2.0,0.0,10
110132,2.0,10,8,3.0,0.0,0.0,1.0,4.0,2.0,3.0,0.0,0.0,1.0,2.0,2.0,10
110133,4.0,16,14,3.0,3.0,1.0,1.0,4.0,4.0,2.0,2.0,1.0,1.0,4.0,4.0,16
110134,3.0,1,1,,0.0,0.0,1.0,0.0,0.0,,0.0,0.0,1.0,0.0,0.0,1
110135,3.0,15,16,3.0,3.0,,1.0,4.0,4.0,4.0,3.0,,1.0,4.0,4.0,16
110136,1.0,7,7,3.0,0.0,,0.0,4.0,0.0,2.0,1.0,0.0,1.0,3.0,0.0,7
110137,3.0,1,1,,0.0,,0.0,0.0,1.0,,0.0,,0.0,0.0,1.0,1
110138,2.0,7,3,,2.0,,1.0,4.0,0.0,,2.0,,1.0,0.0,0.0,7
110139,3.0,7,7,0.0,0.0,0.0,1.0,4.0,2.0,0.0,1.0,0.0,0.0,4.0,2.0,7
110140,1.0,1,9,,1.0,,0.0,0.0,0.0,3.0,1.0,,1.0,4.0,0.0,9
110141,4.0,4,4,,1.0,2.0,0.0,1.0,0.0,,2.0,2.0,0.0,0.0,0.0,4
110142,4.0,12,8,4.0,2.0,0.0,1.0,4.0,1.0,3.0,2.0,0.0,0.0,2.0,1.0,12
110143,4.0,8,7,3.0,0.0,,1.0,4.0,0.0,2.0,0.0,0.0,0.0,4.0,1.0,8
110144,2.0,6,1,2.0,0.0,,1.0,3.0,0.0,,,,1.0,0.0,0.0,6
110145,3.0,10,8,3.0,2.0,,1.0,4.0,0.0,2.0,2.0,,1.0,3.0,0.0,10
110146,2.0,3,2,,1.0,,1.0,0.0,1.0,,2.0,,0.0,0.0,,3
110147,2.0,9,8,4.0,0.0,,1.0,4.0,0.0,4.0,0.0,,1.0,3.0,0.0,9
110148,1.0,3,5,,0.0,,1.0,1.0,1.0,,2.0,,1.0,2.0,0.0,5
110149,2.0,7,1,2.0,0.0,,1.0,4.0,0.0,,0.0,,1.0,0.0,0.0,7
110150,3.0,7,7,1.0,1.0,,1.0,4.0,0.0,2.0,1.0,,1.0,3.0,0.0,7
110151,4.0,7,6,1.0,0.0,0.0,1.0,4.0,1.0,2.0,0.0,0.0,1.0,2.0,1.0,7
110152,3.0,5,4,,2.0,,1.0,1.0,1.0,,2.0,,1.0,1.0,0.0,5
110153,4.0,8,8,2.0,2.0,,1.0,3.0,0.0,2.0,2.0,,1.0,3.0,0.0,8
110154,2.0,7,2,,2.0,,1.0,4.0,0.0,,1.0,,1.0,0.0,0.0,7
110155,4.0,10,7,4.0,1.0,,1.0,4.0,0.0,2.0,2.0,,0.0,3.0,0.0,10
110156,2.0,14,8,4.0,2.0,0.0,1.0,4.0,3.0,2.0,0.0,0.0,1.0,2.0,3.0,14
110157,4.0,7,6,3.0,0.0,,0.0,4.0,0.0,2.0,0.0,,1.0,3.0,0.0,7
110158,4.0,1,0,,0.0,0.0,1.0,0.0,0.0,,0.0,0.0,0.0,0.0,0.0,1
110159,2.0,7,7,2.0,1.0,,1.0,3.0,0.0,2.0,1.0,,1.0,2.0,1.0,7
110160,4.0,7,0,2.0,0.0,,1.0,4.0,0.0,,0.0,,0.0,0.0,0.0,7
110161,2.0,5,1,,0.0,,1.0,4.0,0.0,,0.0,,1.0,0.0,0.0,5
110162,3.0,1,2,,0.0,1.0,0.0,0.0,0.0,,0.0,1.0,1.0,0.0,0.0,2
110163,3.0,2,2,,0.0,1.0,1.0,0.0,0.0,,0.0,1.0,1.0,0.0,0.0,2
110164,4.0,8,8,,2.0,3.0,1.0,0.0,2.0,,2.0,3.0,1.0,0.0,2.0,8
110165,2.0,5,3,1.0,1.0,,1.0,2.0,0.0,,1.0,,1.0,1.0,0.0,5
110166,3.0,1,3,,0.0,,0.0,0.0,1.0,,0.0,,0.0,1.0,2.0,3
110167,3.0,3,4,,2.0,0.0,1.0,0.0,0.0,,2.0,2.0,0.0,0.0,0.0,4
110168,2.0,2,2,,0.0,0.0,1.0,0.0,1.0,,0.0,0.0,1.0,0.0,1.0,2
110169,3.0,6,3,2.0,0.0,,1.0,3.0,0.0,,0.0,,0.0,3.0,0.0,6
110170,1.0,1,2,,0.0,,0.0,0.0,1.0,,0.0,,1.0,0.0,1.0,2
110171,3.0,2,5,,0.0,0.0,0.0,1.0,1.0,4.0,,0.0,0.0,1.0,,5
110172,2.0,9,5,3.0,1.0,0.0,1.0,4.0,0.0,3.0,1.0,0.0,1.0,0.0,0.0,9
110173,1.0,6,2,3.0,0.0,,1.0,1.0,1.0,,0.0,,1.0,1.0,0.0,6
110174,4.0,8,9,1.0,2.0,0.0,1.0,4.0,0.0,3.0,2.0,0.0,1.0,2.0,1.0,9
110175,4.0,1,1,,0.0,,1.0,0.0,0.0,,0.0,,1.0,0.0,0.0,1
110176,4.0,1,3,,0.0,0.0,1.0,0.0,0.0,2.0,0.0,0.0,1.0,0.0,0.0,3
110177,3.0,2,2,,0.0,,,,2.0,,0.0,,,,2.0,2
110178,2.0,9,7,0.0,0.0,,1.0,4.0,4.0,0.0,0.0,,1.0,2.0,4.0,9
110179,4.0,3,3,,1.0,,1.0,1.0,0.0,,1.0,,1.0,1.0,0.0,3
110180,3.0,2,3,,1.0,0.0,0.0,0.0,1.0,,2.0,0.0,1.0,0.0,0.0,3
110181,1.0,3,0,,0.0,,1.0,1.0,1.0,,0.0,,0.0,0.0,0.0,3
110182,4.0,9,9,3.0,1.0,0.0,1.0,4.0,0.0,3.0,1.0,0.0,1.0,4.0,0.0,9
110183,4.0,8,3,4.0,0.0,0.0,1.0,3.0,0.0,0.0,0.0,0.0,0.0,3.0,0.0,8
110184,4.0,1,2,,0.0,,0.0,1.0,0.0,,0.0,,0.0,2.0,0.0,2
110185,2.0,4,3,2.0,0.0,,1.0,0.0,1.0,,0.0,,1.0,1.0,1.0,4
110186,3.0,2,1,,0.0,,1.0,1.0,0.0,,0.0,,1.0,0.0,0.0,2
110187,4.0,11,8,3.0,1.0,2.0,1.0,4.0,0.0,2.0,2.0,0.0,0.0,4.0,0.0,11
110188,3.0,1,1,,0.0,,1.0,0.0,0.0,,0.0,,1.0,0.0,0.0,1
110189,3.0,4,3,,1.0,,1.0,2.0,0.0,,2.0,,1.0,0.0,0.0,4
110190,4.0,8,5,3.0,0.0,,1.0,4.0,0.0,0.0,0.0,,1.0,4.0,0.0,8
110191,4.0,12,12,4.0,2.0,1.0,1.0,4.0,0.0,4.0,2.0,1.0,1.0,4.0,0.0,12
110192,2.0,9,11,4.0,0.0,,1.0,4.0,0.0,4.0,1.0,,1.0,3.0,2.0,11
110193,4.0,6,5,2.0,0.0,0.0,1.0,3.0,0.0,2.0,0.0,0.0,0.0,3.0,0.0,6
110194,2.0,11,8,4.0,0.0,0.0,1.0,4.0,2.0,3.0,0.0,0.0,0.0,3.0,2.0,11
110195,4.0,3,5,,0.0,1.0,0.0,2.0,0.0,,1.0,1.0,0.0,3.0,0.0,5
110196,2.0,2,1,,0.0,,0.0,2.0,0.0,,0.0,0.0,1.0,0.0,0.0,2
110197,3.0,7,5,,3.0,,1.0,3.0,0.0,,3.0,,1.0,1.0,0.0,7
110198,1.0,0,1,,0.0,,0.0,0.0,0.0,,0.0,,1.0,0.0,0.0,1
110199,3.0,3,4,,0.0,0.0,,,3.0,,0.0,0.0,,,4.0,4
110200,3.0,2,2,,1.0,0.0,0.0,0.0,1.0,,1.0,0.0,0.0,0.0,1.0,2
110201,3.0,2,1,,0.0,,1.0,1.0,0.0,,0.0,,1.0,0.0,0.0,2
110202,2.0,9,6,2.0,1.0,,1.0,4.0,1.0,2.0,1.0,,1.0,1.0,1.0,9
110203,1.0,2,2,,0.0,0.0,1.0,0.0,1.0,,0.0,0.0,1.0,0.0,1.0,2
110204,3.0,5,6,,0.0,0.0,1.0,2.0,2.0,,1.0,0.0,1.0,2.0,2.0,6
110205,2.0,7,4,2.0,0.0,,1.0,4.0,0.0,2.0,0.0,,1.0,1.0,0.0,7
110206,3.0,0,0,,0.0,0.0,,,0.0,,0.0,0.0,,,0.0,0
110207,2.0,9,4,2.0,2.0,,1.0,4.0,0.0,2.0,2.0,,0.0,0.0,0.0,9
110208,2.0,12,11,4.0,2.0,,1.0,4.0,1.0,3.0,2.0,,1.0,4.0,1.0,12
110209,4.0,4,11,,0.0,1.0,1.0,0.0,2.0,3.0,0.0,1.0,1.0,4.0,2.0,11
110210,3.0,2,2,,0.0,,1.0,0.0,1.0,,0.0,0.0,1.0,0.0,1.0,2
110211,1.0,1,2,,0.0,,0.0,0.0,1.0,,0.0,,1.0,0.0,1.0,2
110212,1.0,6,1,3.0,0.0,,0.0,2.0,1.0,,0.0,0.0,0.0,0.0,1.0,6
110213,1.0,3,2,,2.0,,1.0,0.0,0.0,,1.0,,1.0,0.0,0.0,3
110214,3.0,11,8,4.0,0.0,,1.0,4.0,2.0,2.0,0.0,,1.0,3.0,2.0,11
110215,2.0,7,5,,0.0,,1.0,4.0,2.0,,1.0,0.0,1.0,0.0,3.0,7
110216,4.0,7,7,0.0,2.0,,1.0,4.0,0.0,2.0,1.0,,1.0,3.0,0.0,7
110217,4.0,7,7,2.0,0.0,0.0,0.0,4.0,1.0,3.0,0.0,0.0,0.0,3.0,1.0,7
110218,3.0,0,0,,0.0,,0.0,0.0,0.0,,0.0,,0.0,0.0,0.0,0
110219,3.0,8,8,3.0,0.0,0.0,1.0,4.0,0.0,3.0,0.0,0.0,1.0,4.0,0.0,8
110220,3.0,6,8,,2.0,3.0,1.0,0.0,0.0,,3.0,3.0,1.0,0.0,1.0,8
110221,4.0,8,6,3.0,0.0,,1.0,3.0,1.0,2.0,0.0,,0.0,3.0,1.0,8
110222,4.0,7,5,2.0,0.0,0.0,1.0,4.0,0.0,2.0,0.0,0.0,0.0,3.0,0.0,7
110223,4.0,6,7,2.0,0.0,,0.0,4.0,0.0,2.0,0.0,,1.0,4.0,0.0,7
110224,1.0,0,1,,0.0,,0.0,0.0,0.0,,1.0,,0.0,0.0,0.0,1
110225,1.0,10,14,1.0,1.0,1.0,1.0,4.0,2.0,2.0,2.0,1.0,1.0,4.0,4.0,14
110226,2.0,9,6,3.0,1.0,,1.0,4.0,0.0,3.0,0.0,,1.0,2.0,0.0,9
110227,4.0,3,6,,1.0,,1.0,1.0,0.0,,2.0,,1.0,3.0,0.0,6
110228,3.0,9,5,,2.0,4.0,1.0,0.0,2.0,,,4.0,1.0,0.0,,9
110229,4.0,0,0,,0.0,,0.0,0.0,0.0,,0.0,,0.0,0.0,0.0,0
110230,1.0,3,3,,0.0,,1.0,1.0,1.0,,0.0,,1.0,1.0,1.0,3
110231,2.0,8,2,2.0,2.0,,1.0,3.0,0.0,,1.0,,1.0,0.0,0.0,8
110232,4.0,6,1,2.0,0.0,1.0,1.0,2.0,0.0,,1.0,0.0,0.0,0.0,0.0,6
110233,2.0,7,4,1.0,1.0,,1.0,4.0,0.0,,1.0,,1.0,1.0,1.0,7
110234,3.0,14,15,4.0,2.0,0.0,0.0,4.0,4.0,4.0,2.0,1.0,0.0,4.0,4.0,15
110235,2.0,1,1,,0.0,,1.0,0.0,0.0,,0.0,,1.0,0.0,0.0,1
110236,1.0,7,9,3.0,0.0,0.0,0.0,3.0,1.0,4.0,0.0,0.0,1.0,3.0,1.0,9
110237,4.0,3,2,,0.0,,1.0,0.0,2.0,,0.0,,1.0,0.0,1.0,3
110238,4.0,11,7,4.0,0.0,0.0,1.0,4.0,2.0,2.0,0.0,0.0,1.0,3.0,1.0,11
110239,3.0,11,8,4.0,1.0,0.0,1.0,4.0,1.0,3.0,1.0,0.0,0.0,4.0,0.0,11
110240,3.0,4,5,,0.0,0.0,1.0,0.0,3.0,,1.0,0.0,1.0,0.0,3.0,5
110241,2.0,11,9,3.0,2.0,0.0,1.0,4.0,1.0,3.0,2.0,0.0,1.0,2.0,1.0,11
110242,3.0,10,9,2.0,1.0,0.0,1.0,4.0,2.0,2.0,1.0,0.0,1.0,3.0,2.0,10
110243,4.0,0,0,,0.0,,0.0,0.0,0.0,,0.0,,0.0,0.0,0.0,0
110244,3.0,4,4,1.0,,,0.0,3.0,0.0,1.0,,,0.0,3.0,0.0,4
110245,2.0,7,2,2.0,1.0,,1.0,3.0,0.0,,1.0,,1.0,0.0,0.0,7
110246,4.0,6,7,1.0,0.0,1.0,0.0,4.0,0.0,1.0,1.0,1.0,0.0,4.0,0.0,7
110247,3.0,8,6,2.0,0.0,,1.0,4.0,1.0,2.0,,,0.0,3.0,1.0,8
110248,3.0,9,5,4.0,0.0,,1.0,4.0,0.0,2.0,0.0,,1.0,2.0,0.0,9
110249,3.0,6,3,,1.0,2.0,1.0,2.0,0.0,,,2.0,0.0,1.0,0.0,6
110250,3.0,14,12,4.0,2.0,4.0,1.0,3.0,0.0,2.0,2.0,4.0,1.0,3.0,0.0,14
110251,3.0,2,1,,1.0,,1.0,0.0,0.0,,,,1.0,0.0,,2
110252,2.0,8,2,2.0,1.0,,1.0,4.0,0.0,,1.0,,1.0,0.0,0.0,8
110253,4.0,5,5,,2.0,,1.0,0.0,2.0,,2.0,,1.0,0.0,2.0,5
110254,3.0,8,6,2.0,2.0,1.0,0.0,3.0,0.0,,3.0,2.0,0.0,1.0,0.0,8
110255,3.0,4,5,0.0,0.0,0.0,1.0,3.0,0.0,2.0,0.0,0.0,1.0,2.0,0.0,5
110256,4.0,1,1,,0.0,,1.0,0.0,0.0,,0.0,,1.0,0.0,0.0,1
110257,2.0,10,10,3.0,2.0,0.0,1.0,4.0,0.0,3.0,2.0,0.0,1.0,4.0,0.0,10
110258,2.0,9,9,3.0,0.0,1.0,1.0,4.0,0.0,2.0,1.0,1.0,1.0,4.0,0.0,9
110259,4.0,0,0,,0.0,,0.0,0.0,0.0,,0.0,,0.0,0.0,0.0,0
110260,1.0,1,1,,0.0,,0.0,1.0,0.0,,0.0,,1.0,0.0,0.0,1
110261,1.0,1,1,,0.0,,1.0,0.0,0.0,,0.0,,1.0,0.0,0.0,1
110262,4.0,4,2,1.0,0.0,0.0,1.0,2.0,0.0,1.0,0.0,0.0,1.0,0.0,0.0,4
110263,2.0,1,2,,0.0,,,,1.0,,0.0,,,,2.0,2
110264,3.0,9,10,1.0,2.0,3.0,0.0,2.0,1.0,0.0,2.0,3.0,1.0,3.0,1.0,10
110265,4.0,3,3,0.0,0.0,,0.0,3.0,0.0,,0.0,,0.0,3.0,0.0,3
110266,2.0,8,4,2.0,0.0,,1.0,4.0,1.0,,0.0,,1.0,1.0,2.0,8
110267,3.0,1,0,,0.0,,1.0,0.0,0.0,,0.0,,0.0,0.0,0.0,1
110268,2.0,11,8,4.0,2.0,0.0,1.0,4.0,0.0,3.0,1.0,0.0,1.0,3.0,0.0,11
110269,3.0,9,9,4.0,1.0,0.0,1.0,3.0,0.0,4.0,1.0,0.0,1.0,3.0,0.0,9
110270,3.0,7,7,4.0,0.0,0.0,0.0,3.0,0.0,3.0,1.0,0.0,0.0,3.0,0.0,7
110271,3.0,0,1,,0.0,,0.0,0.0,0.0,,0.0,,1.0,0.0,0.0,1
110272,1.0,0,1,,0.0,,0.0,0.0,0.0,,0.0,,1.0,0.0,0.0,1
110273,3.0,4,5,,,2.0,1.0,0.0,1.0,,1.0,2.0,1.0,0.0,1.0,5
110274,1.0,2,8,,0.0,0.0,1.0,1.0,0.0,3.0,0.0,0.0,1.0,4.0,0.0,8
110275,3.0,2,3,,1.0,1.0,0.0,0.0,0.0,,1.0,1.0,0.0,1.0,0.0,3
110276,3.0,4,8,1.0,0.0,,1.0,2.0,0.0,3.0,2.0,,1.0,2.0,0.0,8
110277,4.0,5,3,,1.0,,1.0,3.0,0.0,,0.0,,0.0,3.0,0.0,5
110278,3.0,11,9,2.0,3.0,2.0,0.0,4.0,0.0,2.0,3.0,2.0,0.0,2.0,0.0,11
110279,4.0,9,8,4.0,2.0,0.0,1.0,2.0,0.0,3.0,2.0,0.0,1.0,2.0,0.0,9
110280,2.0,10,6,4.0,1.0,,1.0,4.0,0.0,2.0,1.0,,1.0,2.0,0.0,10
110281,4.0,7,2,2.0,1.0,,1.0,3.0,0.0,,1.0,,1.0,0.0,0.0,7
110282,3.0,1,7,,0.0,,1.0,0.0,0.0,3.0,0.0,,1.0,3.0,0.0,7
110283,4.0,9,6,4.0,1.0,,0.0,4.0,0.0,3.0,1.0,,0.0,2.0,0.0,9
110284,3.0,6,6,2.0,0.0,,1.0,3.0,0.0,2.0,0.0,0.0,1.0,3.0,0.0,6
110285,1.0,1,1,,0.0,,1.0,0.0,0.0,,0.0,,1.0,0.0,0.0,1
110286,2.0,6,9,1.0,0.0,,0.0,4.0,1.0,1.0,2.0,,1.0,4.0,1.0,9
110287,1.0,1,1,,0.0,,1.0,0.0,0.0,,0.0,,1.0,0.0,0.0,1
110288,3.0,4,3,,0.0,0.0,0.0,3.0,1.0,,1.0,0.0,0.0,2.0,0.0,4
110289,4.0,5,4,,2.0,,1.0,2.0,0.0,,2.0,,1.0,1.0,0.0,5
110290,4.0,2,2,,0.0,0.0,0.0,2.0,0.0,,0.0,0.0,1.0,1.0,0.0,2
110291,3.0,5,3,,,,1.0,4.0,,,,,0.0,3.0,0.0,5
110292,3.0,4,7,,3.0,,1.0,0.0,0.0,,2.0,4.0,1.0,0.0,0.0,7
110293,4.0,1,1,,,,1.0,0.0,0.0,,0.0,,1.0,0.0,0.0,1
110294,3.0,2,0,2.0,0.0,,0.0,0.0,0.0,,0.0,,0.0,0.0,0.0,2
110295,3.0,7,5,2.0,0.0,,1.0,4.0,0.0,1.0,0.0,,1.0,3.0,0.0,7
110296,1.0,0,0,,,,,,,,,,,,,0
110297,4.0,7,1,4.0,0.0,,1.0,2.0,0.0,,0.0,,1.0,0.0,0.0,7
110298,1.0,5,3,,0.0,2.0,1.0,0.0,2.0,,0.0,1.0,1.0,0.0,1.0,5
110299,4.0,2,1,,0.0,,1.0,0.0,1.0,,0.0,,0.0,0.0,1.0,2
110300,2.0,10,7,2.0,2.0,,1.0,4.0,1.0,,2.0,,1.0,2.0,2.0,10
110301,1.0,5,7,,1.0,,1.0,3.0,0.0,,0.0,0.0,1.0,3.0,3.0,7
110302,4.0,7,7,2.0,0.0,1.0,1.0,3.0,0.0,2.0,0.0,1.0,1.0,3.0,0.0,7
110303,3.0,6,5,,0.0,2.0,,,4.0,,0.0,2.0,,,3.0,6
110304,3.0,1,4,,0.0,,0.0,1.0,0.0,,0.0,,0.0,4.0,0.0,4
110305,4.0,3,3,,0.0,3.0,0.0,0.0,0.0,,0.0,3.0,0.0,0.0,0.0,3
110306,3.0,1,2,,,,1.0,0.0,0.0,,0.0,0.0,1.0,0.0,1.0,2
110307,2.0,3,2,2.0,0.0,,1.0,0.0,0.0,,1.0,,1.0,0.0,0.0,3
110308,2.0,10,8,4.0,1.0,0.0,1.0,4.0,0.0,3.0,0.0,0.0,1.0,4.0,0.0,10
110309,2.0,9,4,4.0,0.0,,1.0,4.0,0.0,2.0,0.0,,1.0,0.0,1.0,9
110310,4.0,8,10,3.0,0.0,,1.0,4.0,0.0,4.0,1.0,,1.0,4.0,0.0,10
110311,1.0,8,7,3.0,0.0,0.0,1.0,4.0,0.0,3.0,0.0,0.0,1.0,3.0,0.0,8
110312,2.0,7,5,,1.0,,1.0,4.0,1.0,2.0,1.0,,0.0,1.0,1.0,7
110313,2.0,7,8,3.0,1.0,,1.0,2.0,0.0,3.0,2.0,,1.0,2.0,0.0,8
110314,3.0,7,6,2.0,0.0,,1.0,4.0,0.0,1.0,0.0,,1.0,4.0,0.0,7
110315,2.0,5,1,,0.0,,1.0,4.0,0.0,,,,1.0,0.0,0.0,5
110316,3.0,8,6,3.0,1.0,,1.0,2.0,1.0,2.0,1.0,,0.0,3.0,0.0,8
110317,2.0,8,3,3.0,0.0,0.0,1.0,4.0,0.0,2.0,0.0,0.0,1.0,0.0,0.0,8
110318,1.0,6,2,1.0,0.0,,1.0,3.0,1.0,,0.0,,1.0,0.0,1.0,6
110319,2.0,6,2,0.0,1.0,,1.0,4.0,0.0,,1.0,,1.0,0.0,0.0,6
110320,4.0,8,7,3.0,0.0,0.0,1.0,4.0,0.0,3.0,0.0,0.0,0.0,4.0,0.0,8
110321,3.0,2,1,,0.0,,1.0,0.0,1.0,,,,1.0,0.0,,2
110322,4.0,0,1,,0.0,,0.0,0.0,0.0,,0.0,,1.0,0.0,0.0,1
110323,1.0,3,3,,0.0,,1.0,0.0,2.0,,0.0,,1.0,0.0,2.0,3
110324,2.0,10,10,3.0,1.0,,1.0,4.0,1.0,3.0,1.0,0.0,1.0,4.0,1.0,10
110325,3.0,1,1,,0.0,,1.0,0.0,0.0,,0.0,,1.0,0.0,0.0,1
110326,1.0,3,1,,0.0,2.0,1.0,0.0,0.0,,0.0,1.0,0.0,0.0,0.0,3
110327,2.0,10,2,3.0,1.0,,1.0,4.0,1.0,,1.0,,1.0,0.0,0.0,10
110328,3.0,1,0,,0.0,,1.0,0.0,0.0,,0.0,,0.0,0.0,0.0,1
110329,3.0,11,12,4.0,2.0,0.0,1.0,2.0,2.0,3.0,3.0,0.0,1.0,3.0,2.0,12
110330,4.0,7,8,1.0,1.0,,1.0,4.0,0.0,3.0,1.0,,1.0,3.0,0.0,8
110331,2.0,9,7,2.0,2.0,,1.0,4.0,0.0,2.0,2.0,,0.0,3.0,0.0,9
110332,1.0,5,3,,1.0,,1.0,1.0,2.0,,1.0,,1.0,0.0,1.0,5
110333,3.0,13,11,4.0,2.0,2.0,1.0,4.0,0.0,3.0,2.0,2.0,1.0,3.0,0.0,13
110334,3.0,5,6,1.0,0.0,,1.0,3.0,0.0,2.0,0.0,,1.0,3.0,0.0,6
110335,3.0,2,3,,0.0,,1.0,1.0,0.0,,0.0,3.0,0.0,0.0,0.0,3
110336,3.0,10,8,3.0,0.0,0.0,1.0,3.0,3.0,1.0,0.0,0.0,1.0,3.0,3.0,10
110337,2.0,8,3,2.0,1.0,,1.0,4.0,0.0,,1.0,,1.0,1.0,0.0,8
110338,3.0,14,13,3.0,2.0,3.0,1.0,4.0,1.0,3.0,2.0,3.0,1.0,3.0,1.0,14
110339,4.0,4,4,,0.0,,1.0,0.0,3.0,,0.0,,1.0,0.0,3.0,4
110340,2.0,7,2,2.0,0.0,,1.0,4.0,0.0,,1.0,,1.0,0.0,0.0,7
110341,3.0,7,6,2.0,0.0,3.0,0.0,2.0,0.0,2.0,0.0,3.0,0.0,1.0,0.0,7
110342,3.0,2,0,,0.0,,1.0,1.0,0.0,,0.0,,0.0,0.0,0.0,2
110343,3.0,1,2,,,,0.0,0.0,1.0,,2.0,0.0,0.0,0.0,0.0,2
110344,2.0,9,3,2.0,2.0,,1.0,4.0,0.0,,2.0,,1.0,0.0,0.0,9
110345,3.0,5,4,,0.0,0.0,0.0,1.0,4.0,,,0.0,0.0,0.0,4.0,5
110346,2.0,8,3,3.0,1.0,,1.0,2.0,1.0,,0.0,,1.0,1.0,1.0,8
110347,3.0,0,0,,0.0,0.0,,,0.0,,0.0,0.0,,,0.0,0
110348,2.0,7,5,1.0,1.0,,1.0,4.0,0.0,2.0,0.0,0.0,1.0,2.0,0.0,7
110349,4.0,12,8,4.0,2.0,1.0,1.0,4.0,0.0,2.0,2.0,0.0,1.0,3.0,0.0,12
110350,2.0,7,1,2.0,0.0,,1.0,4.0,0.0,,0.0,,1.0,0.0,0.0,7
110351,3.0,5,6,,0.0,0.0,0.0,4.0,1.0,,0.0,0.0,1.0,2.0,3.0,6
110352,3.0,10,11,2.0,3.0,2.0,0.0,3.0,0.0,3.0,3.0,2.0,0.0,3.0,0.0,11
110353,3.0,2,10,,1.0,0.0,1.0,0.0,0.0,3.0,1.0,1.0,1.0,4.0,0.0,10
110354,2.0,8,7,2.0,2.0,,1.0,2.0,1.0,2.0,2.0,,1.0,1.0,1.0,8
110355,4.0,8,5,2.0,1.0,,1.0,0.0,4.0,,0.0,,1.0,0.0,4.0,8
110356,4.0,5,1,1.0,0.0,0.0,1.0,3.0,0.0,,0.0,0.0,0.0,1.0,0.0,5
110357,1.0,8,8,4.0,0.0,,1.0,3.0,0.0,4.0,0.0,,1.0,3.0,0.0,8
110358,2.0,9,4,2.0,2.0,,1.0,4.0,0.0,,2.0,,1.0,0.0,1.0,9
110359,1.0,6,7,1.0,0.0,,1.0,4.0,0.0,2.0,0.0,,1.0,4.0,0.0,7
110360,2.0,6,7,2.0,0.0,,1.0,3.0,0.0,3.0,0.0,0.0,1.0,3.0,0.0,7
110361,3.0,7,7,3.0,0.0,0.0,1.0,3.0,0.0,3.0,0.0,0.0,1.0,3.0,0.0,7
110362,3.0,12,12,2.0,0.0,3.0,1.0,2.0,4.0,2.0,0.0,2.0,1.0,3.0,4.0,12
110363,3.0,4,4,,0.0,0.0,0.0,3.0,1.0,,0.0,1.0,0.0,2.0,1.0,4
110364,3.0,5,3,1.0,0.0,0.0,0.0,4.0,0.0,,0.0,0.0,0.0,3.0,0.0,5
110365,3.0,7,4,2.0,0.0,,1.0,4.0,0.0,,0.0,,1.0,3.0,0.0,7
110366,3.0,6,8,,0.0,2.0,1.0,0.0,3.0,,0.0,2.0,1.0,1.0,4.0,8
110367,4.0,2,2,,0.0,,1.0,1.0,0.0,,0.0,,1.0,1.0,0.0,2
110368,1.0,5,6,,2.0,,1.0,0.0,2.0,,2.0,,1.0,1.0,2.0,6
110369,4.0,11,6,3.0,2.0,,1.0,4.0,1.0,2.0,2.0,,1.0,0.0,1.0,11
110370,2.0,10,10,3.0,2.0,0.0,1.0,4.0,0.0,3.0,2.0,0.0,1.0,4.0,0.0,10
110371,3.0,11,9,2.0,2.0,,0.0,3.0,4.0,2.0,2.0,,0.0,1.0,4.0,11
110372,3.0,3,4,,0.0,1.0,,,2.0,,1.0,1.0,,,2.0,4
110373,1.0,1,9,,0.0,0.0,1.0,0.0,0.0,3.0,1.0,0.0,1.0,4.0,0.0,9
110374,3.0,1,2,,0.0,,1.0,0.0,0.0,,1.0,,1.0,0.0,0.0,2
110375,3.0,7,7,,0.0,4.0,1.0,0.0,2.0,,0.0,4.0,1.0,1.0,1.0,7
110376,1.0,2,9,,1.0,,1.0,0.0,0.0,3.0,1.0,,1.0,4.0,0.0,9
110377,3.0,10,7,2.0,0.0,0.0,1.0,4.0,3.0,2.0,0.0,0.0,1.0,2.0,2.0,10
110378,3.0,9,9,,0.0,4.0,1.0,1.0,3.0,,0.0,4.0,1.0,1.0,3.0,9
110379,4.0,10,8,3.0,1.0,,1.0,4.0,1.0,3.0,1.0,0.0,1.0,3.0,0.0,10
110380,4.0,11,8,2.0,1.0,2.0,1.0,4.0,1.0,3.0,1.0,0.0,0.0,4.0,0.0,11
110381,3.0,4,1,,0.0,,0.0,4.0,0.0,,0.0,,0.0,1.0,0.0,4
110382,2.0,7,1,2.0,0.0,,1.0,4.0,0.0,,0.0,,1.0,0.0,0.0,7
110383,3.0,0,0,,0.0,,0.0,0.0,0.0,,0.0,,0.0,0.0,0.0,0
110384,3.0,1,1,,0.0,,1.0,0.0,0.0,,0.0,,0.0,1.0,0.0,1
110385,2.0,7,2,3.0,1.0,,1.0,2.0,0.0,,1.0,,1.0,0.0,0.0,7
110386,3.0,2,2,,1.0,0.0,0.0,1.0,0.0,,2.0,0.0,0.0,0.0,0.0,2
110387,4.0,4,3,,0.0,1.0,0.0,3.0,0.0,,0.0,1.0,1.0,1.0,0.0,4
110388,4.0,3,2,,1.0,1.0,1.0,0.0,0.0,,1.0,1.0,0.0,0.0,0.0,3
110389,2.0,9,5,2.0,1.0,,1.0,4.0,1.0,2.0,1.0,,1.0,0.0,1.0,9
110390,2.0,7,1,2.0,0.0,,1.0,4.0,0.0,,0.0,,1.0,0.0,0.0,7
110391,3.0,8,8,4.0,0.0,,1.0,3.0,0.0,3.0,0.0,,1.0,3.0,1.0,8
110392,2.0,1,1,,,,1.0,0.0,0.0,,,,1.0,0.0,,1
110393,2.0,10,8,4.0,1.0,,1.0,4.0,0.0,3.0,1.0,,1.0,3.0,0.0,10
110394,3.0,2,1,,0.0,0.0,1.0,1.0,0.0,,,0.0,1.0,0.0,0.0,2
110395,3.0,4,1,2.0,0.0,,0.0,2.0,0.0,,0.0,,0.0,0.0,1.0,4
110396,2.0,9,2,3.0,1.0,,1.0,4.0,0.0,,0.0,,1.0,0.0,1.0,9
110397,4.0,0,2,,0.0,,0.0,0.0,0.0,,0.0,,1.0,1.0,0.0,2
110398,1.0,8,4,0.0,3.0,,1.0,4.0,0.0,,2.0,,1.0,1.0,0.0,8
110399,3.0,11,9,3.0,0.0,4.0,1.0,3.0,0.0,1.0,0.0,4.0,1.0,3.0,0.0,11
110400,3.0,2,2,,0.0,,1.0,0.0,1.0,,0.0,,1.0,0.0,1.0,2
110401,3.0,2,1,,0.0,0.0,1.0,1.0,0.0,,0.0,0.0,1.0,0.0,0.0,2
110402,3.0,7,5,,2.0,2.0,1.0,2.0,0.0,,2.0,2.0,1.0,0.0,0.0,7
110403,3.0,5,4,,0.0,0.0,1.0,1.0,3.0,,0.0,0.0,1.0,0.0,3.0,5
110404,4.0,8,8,1.0,2.0,,1.0,4.0,0.0,2.0,2.0,,1.0,3.0,0.0,8
110405,3.0,3,4,,0.0,2.0,1.0,0.0,0.0,,1.0,2.0,1.0,0.0,0.0,4
110406,4.0,18,18,3.0,3.0,4.0,1.0,3.0,4.0,3.0,2.0,4.0,1.0,4.0,4.0,18
110407,3.0,7,12,,,,0.0,4.0,3.0,4.0,0.0,,0.0,4.0,4.0,12
110408,3.0,0,0,,0.0,,0.0,0.0,0.0,,0.0,,0.0,0.0,0.0,0
110409,2.0,8,1,3.0,0.0,,1.0,4.0,0.0,,0.0,,1.0,0.0,0.0,8
110410,1.0,0,1,,0.0,,0.0,0.0,0.0,,0.0,,1.0,0.0,0.0,1
110411,2.0,1,3,,0.0,,1.0,0.0,0.0,2.0,0.0,,1.0,0.0,0.0,3
110412,3.0,8,8,4.0,0.0,,0.0,3.0,1.0,3.0,0.0,,1.0,3.0,1.0,8
110413,2.0,8,4,3.0,,,1.0,4.0,0.0,2.0,,,0.0,2.0,0.0,8
110414,1.0,7,1,2.0,0.0,,1.0,4.0,0.0,,0.0,,1.0,0.0,0.0,7
110415,4.0,8,9,3.0,1.0,,1.0,3.0,0.0,3.0,2.0,0.0,1.0,3.0,0.0,9
110416,4.0,4,2,0.0,0.0,,0.0,4.0,0.0,,0.0,,0.0,2.0,0.0,4
110417,4.0,5,6,2.0,0.0,,0.0,3.0,0.0,2.0,0.0,,0.0,4.0,0.0,6
110418,1.0,3,2,,0.0,,1.0,0.0,2.0,,0.0,,1.0,0.0,1.0,3
110419,3.0,2,7,,0.0,,1.0,0.0,1.0,1.0,0.0,,1.0,4.0,1.0,7
110420,4.0,4,3,,0.0,,1.0,2.0,1.0,,0.0,,1.0,2.0,0.0,4
110421,2.0,5,5,,0.0,,1.0,4.0,0.0,,0.0,,1.0,4.0,0.0,5
110422,4.0,3,4,,,,1.0,2.0,0.0,,,,1.0,3.0,0.0,4
110423,2.0,7,3,1.0,1.0,,1.0,4.0,0.0,,2.0,,1.0,0.0,0.0,7
110424,3.0,13,14,2.0,1.0,2.0,1.0,4.0,3.0,3.0,2.0,2.0,1.0,3.0,3.0,14
110425,4.0,1,1,,0.0,,1.0,0.0,0.0,,0.0,0.0,1.0,0.0,0.0,1
110426,2.0,5,3,3.0,0.0,,0.0,2.0,0.0,2.0,0.0,,1.0,0.0,0.0,5
110427,4.0,5,6,1.0,0.0,,1.0,3.0,0.0,2.0,1.0,,1.0,2.0,0.0,6
110428,2.0,2,1,,0.0,,0.0,2.0,0.0,,0.0,,0.0,0.0,1.0,2
110429,4.0,1,1,,0.0,,1.0,0.0,0.0,,0.0,,1.0,0.0,0.0,1
110430,4.0,2,3,,0.0,,0.0,1.0,1.0,,0.0,,0.0,2.0,1.0,3
110431,4.0,6,0,2.0,0.0,,1.0,3.0,0.0,,0.0,,0.0,0.0,0.0,6
110432,3.0,9,8,4.0,0.0,0.0,1.0,4.0,0.0,3.0,0.0,0.0,1.0,4.0,0.0,9
110433,2.0,6,2,,1.0,,1.0,4.0,0.0,,1.0,,1.0,0.0,0.0,6
110434,4.0,6,9,2.0,0.0,,1.0,3.0,0.0,4.0,0.0,,1.0,4.0,0.0,9
110435,1.0,5,5,1.0,0.0,,1.0,3.0,0.0,1.0,1.0,,1.0,2.0,0.0,5
110436,4.0,3,3,,0.0,,1.0,2.0,0.0,,0.0,,1.0,2.0,0.0,3
110437,1.0,4,3,,0.0,,1.0,2.0,1.0,,0.0,,1.0,1.0,1.0,4
110438,3.0,9,3,,2.0,2.0,1.0,4.0,0.0,,1.0,2.0,0.0,0.0,0.0,9
110439,3.0,11,8,,3.0,3.0,1.0,3.0,1.0,,4.0,2.0,1.0,1.0,0.0,11
110440,4.0,3,1,2.0,0.0,,1.0,0.0,0.0,,0.0,,1.0,0.0,0.0,3
110441,3.0,12,8,4.0,0.0,0.0,1.0,3.0,4.0,2.0,1.0,0.0,0.0,2.0,3.0,12
110442,2.0,13,12,3.0,2.0,0.0,1.0,4.0,3.0,3.0,2.0,0.0,1.0,4.0,2.0,13
110443,3.0,7,6,,0.0,,1.0,4.0,2.0,,0.0,,1.0,3.0,2.0,7
110444,2.0,8,2,2.0,1.0,,1.0,4.0,0.0,,1.0,,1.0,0.0,0.0,8
110445,3.0,3,1,,0.0,,1.0,2.0,0.0,,0.0,,1.0,0.0,0.0,3
110446,3.0,2,5,,0.0,0.0,1.0,0.0,1.0,,,0.0,1.0,4.0,0.0,5
110447,2.0,2,1,,0.0,,1.0,1.0,0.0,,0.0,,1.0,0.0,0.0,2
110448,2.0,8,2,3.0,0.0,,1.0,4.0,0.0,2.0,0.0,,0.0,0.0,0.0,8
110449,4.0,7,7,,1.0,3.0,1.0,0.0,2.0,,1.0,3.0,1.0,0.0,2.0,7
110450,4.0,1,1,,,,1.0,0.0,,,0.0,,1.0,0.0,0.0,1
110451,4.0,7,6,2.0,0.0,0.0,1.0,4.0,0.0,3.0,0.0,0.0,1.0,2.0,0.0,7
110452,1.0,3,4,,0.0,,1.0,0.0,2.0,,0.0,0.0,1.0,0.0,3.0,4
110453,4.0,7,5,2.0,0.0,,1.0,4.0,0.0,0.0,1.0,,1.0,3.0,0.0,7
110454,1.0,3,5,,1.0,,1.0,0.0,1.0,,1.0,,1.0,1.0,2.0,5
110455,1.0,6,1,3.0,0.0,,0.0,3.0,0.0,,0.0,,0.0,1.0,0.0,6
110456,2.0,7,7,3.0,0.0,,1.0,3.0,0.0,3.0,0.0,,1.0,3.0,0.0,7
110457,3.0,0,0,,,,,,,,0.0,,,,0.0,0
110458,4.0,8,4,3.0,,,1.0,3.0,1.0,1.0,0.0,0.0,0.0,2.0,1.0,8
110459,1.0,3,3,,0.0,,1.0,0.0,2.0,,0.0,,1.0,0.0,2.0,3
110460,4.0,7,6,3.0,0.0,0.0,0.0,4.0,0.0,3.0,1.0,0.0,0.0,2.0,0.0,7
110461,1.0,3,3,,0.0,,1.0,0.0,2.0,,0.0,,1.0,0.0,2.0,3
110462,2.0,10,4,1.0,0.0,,1.0,4.0,4.0,,0.0,,1.0,0.0,3.0,10
110463,3.0,11,9,4.0,0.0,,1.0,4.0,2.0,3.0,0.0,,1.0,3.0,2.0,11
110464,3.0,7,2,3.0,0.0,,1.0,2.0,1.0,,0.0,,1.0,0.0,1.0,7
110465,3.0,5,6,0.0,0.0,0.0,1.0,3.0,1.0,1.0,0.0,0.0,1.0,3.0,1.0,6
110466,4.0,11,3,3.0,0.0,1.0,1.0,3.0,3.0,0.0,0.0,1.0,0.0,2.0,0.0,11
110467,2.0,11,6,2.0,0.0,0.0,1.0,4.0,4.0,,0.0,0.0,1.0,1.0,4.0,11
110468,4.0,5,9,2.0,0.0,2.0,1.0,0.0,0.0,3.0,0.0,2.0,1.0,3.0,0.0,9
110469,4.0,7,9,0.0,2.0,2.0,0.0,3.0,0.0,2.0,2.0,2.0,0.0,3.0,0.0,9
110470,1.0,10,8,3.0,2.0,,1.0,4.0,0.0,2.0,1.0,,1.0,4.0,0.0,10
110471,3.0,12,12,3.0,2.0,,1.0,4.0,2.0,3.0,1.0,2.0,1.0,3.0,2.0,12
110472,4.0,5,4,,2.0,,1.0,2.0,0.0,,2.0,,1.0,1.0,0.0,5
110473,4.0,1,2,,1.0,0.0,0.0,0.0,0.0,,1.0,0.0,0.0,1.0,0.0,2
110474,3.0,3,3,,0.0,0.0,0.0,3.0,0.0,,0.0,0.0,0.0,3.0,0.0,3
110475,4.0,7,4,2.0,0.0,,1.0,4.0,0.0,2.0,0.0,1.0,1.0,0.0,0.0,7
110476,4.0,10,6,4.0,0.0,2.0,0.0,4.0,0.0,2.0,0.0,1.0,0.0,3.0,0.0,10
110477,3.0,3,1,1.0,0.0,0.0,1.0,1.0,0.0,,0.0,0.0,1.0,0.0,0.0,3
110478,1.0,1,1,,0.0,,1.0,0.0,0.0,,0.0,,1.0,0.0,0.0,1
110479,4.0,5,4,1.0,0.0,0.0,1.0,3.0,0.0,1.0,0.0,0.0,0.0,3.0,0.0,5
110480,4.0,10,9,2.0,0.0,0.0,1.0,4.0,3.0,2.0,0.0,0.0,1.0,3.0,3.0,10
110481,4.0,6,0,2.0,0.0,,1.0,3.0,0.0,,0.0,,0.0,0.0,0.0,6
110482,3.0,8,7,3.0,0.0,0.0,1.0,2.0,2.0,1.0,0.0,0.0,1.0,3.0,2.0,8
110483,3.0,5,5,,0.0,,1.0,2.0,2.0,,0.0,,1.0,2.0,2.0,5
110484,2.0,5,1,0.0,0.0,,1.0,4.0,0.0,,0.0,,1.0,0.0,0.0,5
110485,2.0,5,5,,3.0,,,,2.0,,2.0,1.0,,,2.0,5
110486,4.0,7,3,2.0,0.0,,1.0,4.0,0.0,2.0,0.0,,1.0,0.0,0.0,7
110487,2.0,9,1,3.0,1.0,,1.0,4.0,0.0,,0.0,,1.0,0.0,0.0,9
110488,2.0,9,3,3.0,1.0,,1.0,4.0,0.0,,1.0,,1.0,1.0,0.0,9
110489,4.0,9,10,,3.0,,0.0,2.0,4.0,2.0,3.0,,0.0,1.0,4.0,10
110490,4.0,11,9,3.0,1.0,,1.0,4.0,2.0,2.0,1.0,,0.0,4.0,2.0,11
110491,1.0,6,11,4.0,0.0,0.0,0.0,0.0,2.0,4.0,0.0,0.0,1.0,4.0,2.0,11
110492,2.0,9,8,1.0,0.0,,1.0,3.0,4.0,1.0,0.0,,1.0,2.0,4.0,9
110493,4.0,6,3,1.0,0.0,,1.0,4.0,0.0,0.0,0.0,,0.0,3.0,0.0,6
110494,3.0,4,1,3.0,0.0,,1.0,0.0,0.0,,0.0,,1.0,0.0,0.0,4
110495,4.0,5,8,0.0,1.0,0.0,0.0,4.0,0.0,3.0,1.0,0.0,1.0,3.0,0.0,8
110496,3.0,9,11,4.0,0.0,0.0,0.0,3.0,2.0,3.0,0.0,0.0,1.0,3.0,4.0,11
110497,2.0,8,3,2.0,1.0,,1.0,4.0,0.0,,1.0,,1.0,1.0,0.0,8
110498,3.0,6,6,1.0,1.0,,1.0,3.0,0.0,2.0,1.0,,1.0,2.0,0.0,6
110499,3.0,1,2,,,,1.0,0.0,0.0,,,,1.0,1.0,0.0,2
110500,4.0,9,9,4.0,0.0,0.0,1.0,4.0,0.0,3.0,1.0,0.0,1.0,4.0,0.0,9
110501,4.0,10,7,4.0,1.0,1.0,1.0,3.0,0.0,3.0,0.0,1.0,1.0,2.0,0.0,10
110502,3.0,7,6,,4.0,2.0,,,1.0,,3.0,2.0,,,1.0,7
110503,2.0,9,6,,1.0,,1.0,4.0,3.0,,2.0,,1.0,0.0,3.0,9
110504,1.0,2,5,,0.0,,1.0,0.0,1.0,,0.0,2.0,1.0,0.0,2.0,5
110505,3.0,4,1,2.0,0.0,,1.0,1.0,0.0,,0.0,,1.0,0.0,0.0,4
110506,4.0,3,3,,1.0,0.0,1.0,1.0,0.0,,1.0,0.0,1.0,1.0,0.0,3
110507,3.0,0,0,,0.0,,,,0.0,,,,,,,0
110508,3.0,4,5,,3.0,,1.0,0.0,0.0,,3.0,0.0,1.0,1.0,0.0,5
110509,4.0,5,5,,3.0,2.0,0.0,0.0,0.0,,3.0,2.0,0.0,0.0,0.0,5
110510,3.0,2,2,,0.0,,1.0,0.0,1.0,,0.0,,1.0,0.0,1.0,2
110511,2.0,6,3,2.0,0.0,,1.0,3.0,0.0,,1.0,,1.0,0.0,1.0,6
110512,3.0,7,7,3.0,,,1.0,3.0,0.0,3.0,,,1.0,3.0,0.0,7
110513,4.0,7,6,2.0,1.0,,1.0,3.0,0.0,2.0,1.0,,0.0,3.0,0.0,7
110514,3.0,4,3,,2.0,0.0,1.0,1.0,0.0,,2.0,0.0,1.0,0.0,0.0,4
110515,1.0,2,2,,0.0,0.0,1.0,0.0,1.0,,0.0,0.0,1.0,0.0,1.0,2
110516,2.0,9,3,2.0,2.0,,1.0,4.0,0.0,,2.0,,1.0,0.0,0.0,9
110517,3.0,7,5,2.0,0.0,,1.0,4.0,0.0,2.0,,,0.0,3.0,0.0,7
110518,1.0,4,3,,1.0,0.0,1.0,0.0,2.0,,1.0,0.0,1.0,0.0,1.0,4
110519,4.0,8,5,3.0,0.0,,1.0,4.0,0.0,3.0,0.0,,0.0,2.0,0.0,8
110520,3.0,5,6,2.0,0.0,0.0,0.0,2.0,1.0,3.0,0.0,0.0,1.0,1.0,1.0,6
110521,2.0,8,5,2.0,2.0,,1.0,2.0,1.0,3.0,2.0,,0.0,0.0,0.0,8
110522,2.0,11,4,3.0,1.0,,1.0,4.0,2.0,,1.0,,1.0,0.0,2.0,11
110523,1.0,2,3,,0.0,0.0,1.0,1.0,0.0,,1.0,0.0,1.0,1.0,0.0,3
110524,3.0,7,4,,0.0,0.0,0.0,3.0,4.0,,0.0,0.0,0.0,2.0,2.0,7
110525,3.0,10,7,1.0,4.0,2.0,1.0,1.0,1.0,,4.0,1.0,1.0,0.0,1.0,10
110526,4.0,7,6,2.0,0.0,0.0,1.0,3.0,1.0,1.0,0.0,0.0,1.0,4.0,0.0,7
110527,4.0,8,7,3.0,1.0,0.0,1.0,3.0,0.0,2.0,1.0,0.0,1.0,3.0,0.0,8
110528,2.0,7,1,2.0,0.0,,1.0,4.0,0.0,,0.0,,1.0,0.0,0.0,7
110529,1.0,4,4,2.0,0.0,,0.0,2.0,0.0,2.0,0.0,,0.0,2.0,0.0,4
110530,3.0,4,3,,0.0,,1.0,1.0,2.0,,1.0,,1.0,0.0,1.0,4
110531,4.0,8,9,2.0,1.0,,1.0,3.0,1.0,3.0,1.0,,1.0,3.0,1.0,9
110532,1.0,12,14,4.0,0.0,1.0,1.0,4.0,2.0,4.0,0.0,1.0,1.0,4.0,4.0,14
110533,3.0,1,0,,0.0,0.0,1.0,0.0,0.0,,0.0,0.0,0.0,0.0,0.0,1
110534,1.0,2,2,,0.0,0.0,1.0,0.0,1.0,,0.0,0.0,1.0,0.0,1.0,2
110535,2.0,9,8,2.0,2.0,,1.0,4.0,0.0,2.0,1.0,,1.0,3.0,1.0,9
110536,4.0,9,3,2.0,,,1.0,3.0,3.0,0.0,0.0,,1.0,2.0,0.0,9
110537,3.0,7,4,3.0,0.0,,1.0,3.0,0.0,2.0,0.0,,1.0,1.0,0.0,7
110538,4.0,6,6,,1.0,0.0,1.0,1.0,3.0,,0.0,0.0,1.0,2.0,3.0,6
110539,2.0,6,2,2.0,1.0,,1.0,2.0,0.0,,1.0,,1.0,0.0,0.0,6
110540,4.0,5,4,1.0,0.0,,1.0,3.0,0.0,1.0,0.0,,0.0,3.0,0.0,5
110541,4.0,13,9,2.0,3.0,2.0,0.0,4.0,2.0,,2.0,2.0,0.0,2.0,3.0,13
110542,4.0,0,1,,0.0,0.0,0.0,0.0,0.0,,0.0,0.0,1.0,0.0,0.0,1
110543,1.0,3,1,,0.0,,1.0,1.0,1.0,,0.0,,1.0,0.0,0.0,3
110544,1.0,8,8,3.0,0.0,0.0,1.0,3.0,1.0,2.0,1.0,0.0,1.0,3.0,1.0,8
110545,3.0,7,6,2.0,0.0,,1.0,3.0,1.0,1.0,0.0,,1.0,3.0,1.0,7
110546,2.0,9,1,3.0,0.0,0.0,1.0,4.0,1.0,,0.0,0.0,,,1.0,9
110547,4.0,7,8,3.0,2.0,,0.0,2.0,0.0,3.0,2.0,,0.0,3.0,0.0,8
110548,4.0,1,0,,0.0,,0.0,1.0,0.0,,0.0,,0.0,0.0,0.0,1
110549,3.0,2,2,,0.0,,1.0,0.0,1.0,,0.0,,1.0,0.0,1.0,2
110550,4.0,5,1,0.0,0.0,,1.0,4.0,0.0,,0.0,,0.0,1.0,0.0,5
110551,4.0,10,9,,2.0,3.0,1.0,3.0,1.0,0.0,2.0,2.0,1.0,3.0,1.0,10
110552,2.0,6,1,2.0,0.0,,0.0,4.0,0.0,,1.0,,0.0,0.0,0.0,6
110553,2.0,10,6,4.0,1.0,,1.0,4.0,0.0,4.0,1.0,,0.0,0.0,1.0,10
110554,4.0,5,2,1.0,1.0,,1.0,2.0,0.0,,1.0,,1.0,0.0,0.0,5
110555,4.0,5,6,,1.0,,1.0,3.0,0.0,1.0,2.0,,0.0,3.0,0.0,6
110556,3.0,4,0,1.0,,,0.0,3.0,0.0,,,,0.0,0.0,,4
110557,4.0,9,8,3.0,2.0,0.0,0.0,4.0,0.0,2.0,2.0,0.0,1.0,3.0,0.0,9
110558,3.0,7,6,,1.0,2.0,1.0,1.0,2.0,,1.0,2.0,1.0,0.0,2.0,7
110559,2.0,11,7,1.0,1.0,,1.0,4.0,4.0,,1.0,,1.0,2.0,3.0,11
110560,4.0,4,6,0.0,0.0,,0.0,4.0,0.0,2.0,0.0,,0.0,4.0,0.0,6
110561,4.0,1,1,,0.0,,0.0,1.0,0.0,,0.0,,0.0,1.0,0.0,1
110562,3.0,4,4,,0.0,,0.0,4.0,0.0,,0.0,,0.0,4.0,0.0,4
110563,3.0,16,14,4.0,3.0,4.0,1.0,4.0,0.0,3.0,2.0,4.0,1.0,4.0,0.0,16
110564,1.0,1,0,,0.0,,1.0,0.0,0.0,,0.0,,0.0,0.0,0.0,1
110565,3.0,6,7,,3.0,0.0,1.0,1.0,1.0,,3.0,0.0,0.0,1.0,3.0,7
110566,4.0,1,1,,0.0,,1.0,0.0,0.0,,0.0,0.0,1.0,0.0,0.0,1
110567,2.0,8,1,2.0,1.0,,1.0,4.0,0.0,,0.0,,1.0,0.0,0.0,8
110568,1.0,8,6,2.0,1.0,,0.0,4.0,1.0,1.0,1.0,0.0,0.0,3.0,1.0,8
110569,3.0,2,2,,0.0,,1.0,1.0,0.0,,0.0,,1.0,1.0,0.0,2
110570,4.0,5,6,,0.0,,1.0,0.0,4.0,,1.0,,1.0,0.0,4.0,6
110571,2.0,4,1,3.0,0.0,,1.0,0.0,0.0,,0.0,,1.0,0.0,0.0,4
110572,3.0,2,2,,0.0,,1.0,0.0,1.0,,0.0,,1.0,1.0,0.0,2
110573,4.0,5,5,0.0,0.0,,1.0,3.0,1.0,0.0,0.0,,1.0,3.0,1.0,5
110574,3.0,13,11,4.0,2.0,2.0,1.0,4.0,0.0,3.0,2.0,1.0,1.0,4.0,0.0,13
110575,3.0,1,1,,0.0,0.0,0.0,0.0,1.0,,0.0,0.0,0.0,0.0,1.0,1
110576,4.0,7,5,3.0,0.0,,0.0,3.0,1.0,2.0,0.0,0.0,0.0,3.0,0.0,7
110577,3.0,5,4,,3.0,,1.0,1.0,0.0,,4.0,0.0,0.0,0.0,0.0,5
110578,2.0,2,2,,0.0,0.0,1.0,0.0,1.0,,0.0,0.0,1.0,0.0,1.0,2
110579,3.0,7,9,4.0,0.0,0.0,0.0,1.0,2.0,3.0,0.0,0.0,1.0,3.0,2.0,9
110580,1.0,2,1,,0.0,0.0,1.0,1.0,0.0,,,0.0,1.0,0.0,0.0,2
110581,2.0,9,3,2.0,2.0,,1.0,4.0,0.0,,2.0,,1.0,0.0,0.0,9
110582,2.0,6,4,,0.0,,1.0,4.0,1.0,,0.0,,1.0,2.0,1.0,6
110583,3.0,3,4,,0.0,,1.0,2.0,0.0,,0.0,0.0,1.0,3.0,0.0,4
110584,3.0,6,9,0.0,2.0,,1.0,3.0,0.0,3.0,2.0,,1.0,3.0,0.0,9
110585,4.0,9,6,0.0,2.0,2.0,1.0,4.0,0.0,1.0,2.0,1.0,0.0,2.0,0.0,9
110586,3.0,0,0,,0.0,,0.0,0.0,0.0,,0.0,,0.0,0.0,0.0,0
110587,3.0,8,2,,1.0,3.0,1.0,3.0,0.0,,0.0,2.0,0.0,0.0,0.0,8
110588,3.0,4,5,,1.0,0.0,1.0,1.0,1.0,,2.0,0.0,1.0,1.0,1.0,5
110589,3.0,7,9,3.0,0.0,0.0,1.0,3.0,0.0,4.0,1.0,0.0,1.0,3.0,0.0,9
110590,1.0,10,12,3.0,1.0,0.0,1.0,4.0,1.0,4.0,2.0,0.0,1.0,4.0,1.0,12
110591,3.0,8,9,3.0,0.0,0.0,1.0,4.0,0.0,4.0,0.0,0.0,1.0,4.0,0.0,9
110592,2.0,9,8,1.0,0.0,,1.0,3.0,4.0,1.0,0.0,0.0,1.0,2.0,4.0,9
110593,4.0,3,2,,0.0,0.0,1.0,2.0,0.0,,0.0,0.0,0.0,2.0,0.0,3
110594,3.0,5,1,0.0,1.0,,1.0,3.0,0.0,,1.0,,0.0,0.0,0.0,5
110595,4.0,4,7,0.0,0.0,,1.0,3.0,0.0,0.0,0.0,0.0,1.0,3.0,3.0,7
110596,3.0,9,8,3.0,0.0,0.0,1.0,4.0,1.0,3.0,0.0,0.0,1.0,3.0,1.0,9
110597,2.0,7,3,1.0,0.0,,1.0,4.0,1.0,,0.0,0.0,1.0,1.0,1.0,7
110598,3.0,9,8,4.0,0.0,,1.0,4.0,0.0,3.0,0.0,,1.0,4.0,0.0,9
110599,3.0,1,1,,0.0,,1.0,0.0,0.0,,0.0,,1.0,0.0,0.0,1
110600,1.0,4,3,2.0,0.0,0.0,1.0,1.0,0.0,2.0,0.0,0.0,1.0,0.0,0.0,4
110601,1.0,0,1,,0.0,0.0,0.0,0.0,0.0,,0.0,0.0,1.0,0.0,0.0,1
110602,1.0,1,1,,0.0,0.0,1.0,0.0,0.0,,0.0,0.0,1.0,0.0,0.0,1
110603,2.0,8,2,2.0,1.0,,1.0,4.0,0.0,,1.0,,1.0,0.0,0.0,8
110604,4.0,0,0,,0.0,,0.0,0.0,0.0,,0.0,,0.0,0.0,0.0,0
110605,3.0,13,11,4.0,1.0,1.0,1.0,4.0,2.0,4.0,1.0,0.0,0.0,4.0,2.0,13
110606,4.0,8,6,4.0,0.0,,1.0,3.0,0.0,2.0,0.0,,1.0,3.0,0.0,8
110607,1.0,1,2,,0.0,,1.0,0.0,0.0,,1.0,,1.0,0.0,0.0,2
110608,2.0,11,7,2.0,2.0,2.0,1.0,4.0,0.0,2.0,2.0,2.0,0.0,1.0,0.0,11
110609,2.0,6,5,1.0,0.0,0.0,1.0,4.0,0.0,0.0,0.0,0.0,1.0,4.0,0.0,6
110610,2.0,12,9,1.0,2.0,0.0,1.0,4.0,4.0,0.0,0.0,0.0,1.0,4.0,4.0,12
110611,3.0,9,8,,2.0,2.0,1.0,1.0,3.0,,2.0,3.0,0.0,1.0,2.0,9
110612,2.0,8,3,2.0,1.0,,1.0,4.0,0.0,,1.0,,1.0,0.0,1.0,8
110613,4.0,0,0,,0.0,0.0,,,0.0,,0.0,0.0,,,0.0,0
110614,3.0,10,8,2.0,1.0,2.0,1.0,3.0,1.0,0.0,1.0,2.0,1.0,3.0,1.0,10
110615,3.0,9,5,3.0,0.0,,1.0,3.0,2.0,,0.0,,0.0,3.0,2.0,9
110616,3.0,4,11,,0.0,,1.0,0.0,3.0,4.0,0.0,,1.0,3.0,3.0,11
110617,3.0,11,8,3.0,0.0,,1.0,4.0,3.0,3.0,0.0,0.0,0.0,3.0,2.0,11
110618,3.0,3,3,,0.0,0.0,0.0,1.0,2.0,,0.0,0.0,0.0,0.0,3.0,3
110619,4.0,5,1,2.0,0.0,,0.0,3.0,0.0,,0.0,,0.0,1.0,0.0,5
110620,3.0,4,5,,1.0,2.0,1.0,0.0,0.0,,1.0,2.0,1.0,1.0,0.0,5
110621,1.0,2,3,,1.0,0.0,1.0,0.0,0.0,,2.0,0.0,1.0,0.0,0.0,3
110622,1.0,3,2,,0.0,,1.0,0.0,2.0,,0.0,,0.0,0.0,2.0,3
110623,4.0,7,3,0.0,2.0,,1.0,4.0,0.0,,2.0,,1.0,0.0,0.0,7
110624,4.0,7,10,2.0,1.0,,1.0,3.0,0.0,4.0,1.0,0.0,1.0,4.0,0.0,10
110625,4.0,14,16,3.0,2.0,1.0,1.0,4.0,3.0,4.0,2.0,1.0,1.0,4.0,4.0,16
110626,2.0,8,5,3.0,,,1.0,4.0,0.0,2.0,,,1.0,2.0,0.0,8
110627,2.0,5,2,2.0,1.0,,1.0,1.0,0.0,,0.0,,1.0,1.0,0.0,5
110628,1.0,10,3,4.0,1.0,1.0,1.0,3.0,0.0,,1.0,1.0,1.0,0.0,0.0,10
110629,1.0,0,3,,0.0,0.0,0.0,0.0,0.0,,1.0,1.0,1.0,0.0,0.0,3
110630,3.0,1,1,,0.0,0.0,1.0,0.0,0.0,,0.0,0.0,1.0,0.0,0.0,1
110631,3.0,4,5,,0.0,0.0,0.0,3.0,1.0,2.0,0.0,0.0,0.0,3.0,0.0,5
110632,3.0,2,2,,0.0,0.0,1.0,1.0,0.0,,0.0,0.0,1.0,1.0,0.0,2
110633,3.0,5,5,,0.0,,1.0,0.0,4.0,,0.0,,1.0,1.0,3.0,5
110634,3.0,7,6,3.0,0.0,,1.0,3.0,0.0,2.0,0.0,,1.0,3.0,0.0,7
110635,4.0,1,0,,0.0,,0.0,1.0,0.0,,0.0,,0.0,,0.0,1
110636,1.0,8,10,2.0,0.0,,1.0,3.0,2.0,4.0,1.0,,0.0,3.0,2.0,10
110637,2.0,7,2,2.0,0.0,,1.0,4.0,0.0,,1.0,,1.0,0.0,0.0,7
110638,3.0,1,0,,0.0,,1.0,0.0,0.0,,0.0,,0.0,0.0,0.0,1
110639,4.0,6,5,2.0,0.0,,1.0,3.0,0.0,2.0,0.0,0.0,0.0,3.0,0.0,6
110640,4.0,1,2,,0.0,,1.0,0.0,0.0,,0.0,,1.0,1.0,0.0,2
110641,4.0,9,7,1.0,1.0,3.0,1.0,3.0,0.0,0.0,1.0,3.0,1.0,2.0,0.0,9
110642,1.0,11,11,0.0,3.0,2.0,1.0,4.0,1.0,,3.0,2.0,1.0,4.0,1.0,11
110643,1.0,8,7,3.0,0.0,0.0,1.0,3.0,1.0,3.0,0.0,0.0,1.0,3.0,0.0,8
110644,2.0,5,7,,0.0,,1.0,0.0,4.0,,1.0,,1.0,1.0,4.0,7
110645,3.0,6,4,0.0,1.0,0.0,1.0,4.0,0.0,,0.0,0.0,1.0,3.0,0.0,6
110646,4.0,4,3,,0.0,,1.0,3.0,0.0,,0.0,,0.0,3.0,0.0,4
110647,3.0,4,7,2.0,0.0,0.0,0.0,1.0,1.0,4.0,0.0,0.0,0.0,3.0,0.0,7
110648,1.0,12,12,4.0,1.0,0.0,1.0,3.0,3.0,3.0,2.0,0.0,1.0,3.0,3.0,12
110649,1.0,7,2,2.0,0.0,,1.0,4.0,0.0,,0.0,,1.0,1.0,0.0,7
110650,4.0,0,1,,0.0,0.0,0.0,0.0,0.0,,1.0,0.0,0.0,0.0,0.0,1
110651,3.0,4,4,,0.0,0.0,0.0,1.0,3.0,,0.0,0.0,0.0,1.0,3.0,4
110652,4.0,7,11,1.0,0.0,0.0,1.0,4.0,1.0,4.0,0.0,1.0,1.0,4.0,1.0,11
110653,2.0,10,1,4.0,1.0,,1.0,4.0,0.0,,0.0,,1.0,0.0,0.0,10
110654,3.0,0,0,,0.0,0.0,,,0.0,,0.0,0.0,,,0.0,0
110655,3.0,5,3,,1.0,,1.0,3.0,0.0,,0.0,0.0,1.0,2.0,0.0,5
110656,2.0,8,1,3.0,0.0,,1.0,4.0,0.0,,0.0,,1.0,0.0,0.0,8
110657,2.0,7,0,2.0,0.0,,1.0,4.0,0.0,,0.0,,0.0,0.0,0.0,7
110658,4.0,6,7,2.0,0.0,,1.0,3.0,0.0,4.0,0.0,,0.0,3.0,0.0,7
110659,2.0,8,3,2.0,1.0,,1.0,4.0,0.0,,1.0,,1.0,1.0,0.0,8
110660,3.0,8,4,2.0,0.0,0.0,1.0,3.0,2.0,,0.0,0.0,1.0,1.0,2.0,8
110661,3.0,9,7,3.0,0.0,,1.0,4.0,1.0,2.0,1.0,,1.0,2.0,1.0,9
110662,1.0,2,2,,0.0,2.0,0.0,0.0,0.0,,0.0,2.0,0.0,0.0,0.0,2
110663,4.0,4,4,,,,0.0,0.0,4.0,,,,0.0,0.0,4.0,4
110664,1.0,7,1,2.0,0.0,0.0,1.0,3.0,1.0,,0.0,0.0,0.0,1.0,0.0,7
110665,4.0,11,4,1.0,3.0,,1.0,4.0,2.0,,2.0,,0.0,1.0,1.0,11
110666,3.0,1,1,,0.0,,1.0,0.0,0.0,,0.0,,1.0,0.0,0.0,1
110667,2.0,10,3,3.0,2.0,,1.0,4.0,0.0,,2.0,,1.0,0.0,0.0,10
110668,3.0,5,5,,1.0,4.0,0.0,0.0,0.0,,0.0,4.0,1.0,0.0,0.0,5
110669,2.0,9,2,3.0,0.0,,1.0,4.0,1.0,,0.0,,1.0,0.0,1.0,9
110670,3.0,10,9,2.0,0.0,,1.0,3.0,4.0,1.0,0.0,,1.0,3.0,4.0,10
110671,2.0,10,5,3.0,2.0,,1.0,2.0,2.0,,1.0,,1.0,1.0,2.0,10
110672,1.0,1,0,,0.0,,1.0,0.0,0.0,,0.0,0.0,0.0,0.0,0.0,1
110673,2.0,8,2,2.0,0.0,,1.0,4.0,1.0,,0.0,,1.0,0.0,1.0,8
110674,1.0,1,3,,0.0,0.0,0.0,0.0,1.0,,0.0,0.0,1.0,1.0,1.0,3
110675,2.0,9,3,3.0,1.0,,1.0,4.0,0.0,,2.0,,1.0,0.0,0.0,9
110676,1.0,5,5,,2.0,2.0,1.0,0.0,0.0,,2.0,2.0,1.0,0.0,0.0,5
110677,4.0,7,6,2.0,0.0,,1.0,4.0,0.0,2.0,0.0,,1.0,3.0,0.0,7
110678,3.0,6,5,0.0,0.0,0.0,1.0,4.0,1.0,0.0,0.0,0.0,1.0,3.0,1.0,6
110679,1.0,5,5,,1.0,0.0,1.0,0.0,3.0,,1.0,0.0,1.0,0.0,3.0,5
110680,4.0,2,1,,0.0,0.0,1.0,1.0,0.0,,0.0,0.0,1.0,0.0,0.0,2
110681,4.0,4,3,0.0,0.0,,1.0,3.0,0.0,0.0,0.0,,1.0,2.0,0.0,4
110682,3.0,6,5,3.0,0.0,,0.0,3.0,0.0,2.0,0.0,,0.0,3.0,0.0,6
110683,3.0,7,6,3.0,0.0,0.0,1.0,3.0,0.0,4.0,0.0,0.0,0.0,2.0,0.0,7
110684,4.0,10,6,3.0,0.0,2.0,1.0,4.0,0.0,2.0,0.0,2.0,0.0,2.0,0.0,10
110685,2.0,8,10,4.0,0.0,,1.0,3.0,0.0,3.0,0.0,,1.0,3.0,3.0,10
110686,3.0,2,4,,0.0,,1.0,0.0,1.0,,0.0,,1.0,0.0,3.0,4
110687,4.0,1,1,,0.0,,1.0,0.0,0.0,,,,1.0,0.0,0.0,1
110688,2.0,9,6,3.0,0.0,,1.0,4.0,1.0,3.0,0.0,0.0,0.0,2.0,1.0,9
110689,2.0,7,4,2.0,0.0,,1.0,4.0,0.0,,1.0,,1.0,1.0,1.0,7
110690,4.0,5,3,,0.0,,1.0,0.0,4.0,,0.0,,0.0,0.0,3.0,5
110691,2.0,9,5,4.0,1.0,0.0,0.0,4.0,0.0,3.0,1.0,0.0,1.0,0.0,0.0,9
110692,3.0,9,3,2.0,1.0,,1.0,2.0,3.0,0.0,0.0,0.0,1.0,1.0,1.0,9
110693,1.0,6,7,0.0,0.0,1.0,1.0,4.0,0.0,2.0,1.0,1.0,1.0,2.0,0.0,7
110694,3.0,3,2,,0.0,,1.0,2.0,0.0,,1.0,,1.0,0.0,0.0,3
110695,2.0,10,8,2.0,3.0,,1.0,4.0,0.0,2.0,3.0,,1.0,2.0,0.0,10
110696,4.0,6,6,2.0,1.0,,0.0,2.0,1.0,1.0,2.0,,1.0,2.0,0.0,6
110697,1.0,1,2,,0.0,0.0,0.0,1.0,0.0,,0.0,0.0,1.0,1.0,0.0,2
110698,4.0,5,6,1.0,0.0,,0.0,4.0,0.0,2.0,0.0,,1.0,3.0,0.0,6
110699,4.0,2,1,,0.0,,1.0,0.0,1.0,,0.0,,1.0,0.0,0.0,2
110700,3.0,14,12,3.0,3.0,0.0,1.0,4.0,3.0,2.0,3.0,0.0,0.0,4.0,3.0,14
110701,4.0,1,0,,0.0,,0.0,1.0,0.0,,0.0,,0.0,0.0,0.0,1
110702,4.0,2,1,,1.0,0.0,1.0,0.0,0.0,,0.0,0.0,1.0,0.0,0.0,2
110703,1.0,2,2,,1.0,,1.0,0.0,0.0,,0.0,,1.0,0.0,1.0,2
110704,2.0,11,9,,2.0,,1.0,4.0,4.0,,1.0,,1.0,3.0,4.0,11
110705,4.0,4,4,1.0,0.0,0.0,0.0,3.0,0.0,0.0,0.0,0.0,0.0,4.0,0.0,4
110706,4.0,3,3,,0.0,,1.0,2.0,0.0,,0.0,,1.0,2.0,0.0,3
110707,3.0,7,5,,0.0,2.0,1.0,2.0,2.0,,0.0,0.0,1.0,2.0,2.0,7
110708,2.0,9,1,4.0,0.0,,1.0,4.0,0.0,,0.0,,1.0,0.0,0.0,9
110709,2.0,9,2,3.0,1.0,,1.0,4.0,0.0,,1.0,,1.0,0.0,0.0,9
110710,1.0,1,2,,0.0,0.0,1.0,0.0,0.0,,0.0,0.0,1.0,1.0,0.0,2
110711,2.0,4,7,3.0,0.0,0.0,1.0,0.0,0.0,3.0,0.0,0.0,1.0,3.0,0.0,7
110712,1.0,3,4,,0.0,0.0,1.0,0.0,2.0,,0.0,0.0,1.0,0.0,3.0,4
110713,3.0,11,7,4.0,0.0,0.0,1.0,3.0,3.0,3.0,0.0,0.0,1.0,0.0,3.0,11
110714,3.0,2,1,,0.0,1.0,,,1.0,,0.0,1.0,,,0.0,2
110715,3.0,5,8,4.0,,,1.0,0.0,0.0,4.0,,,1.0,3.0,0.0,8
110716,3.0,6,6,2.0,0.0,0.0,0.0,3.0,1.0,2.0,0.0,1.0,0.0,3.0,0.0,6
110717,2.0,1,10,,0.0,0.0,0.0,0.0,1.0,3.0,1.0,0.0,1.0,4.0,1.0,10
110718,1.0,2,10,,0.0,,0.0,0.0,2.0,4.0,1.0,,0.0,2.0,3.0,10
110719,3.0,6,6,2.0,,,1.0,3.0,0.0,,0.0,,1.0,3.0,2.0,6
110720,2.0,8,2,2.0,1.0,,1.0,4.0,0.0,,1.0,,1.0,0.0,0.0,8
110721,3.0,1,2,,0.0,,1.0,0.0,0.0,,0.0,,1.0,1.0,0.0,2
110722,4.0,3,3,,0.0,,1.0,2.0,0.0,,0.0,,1.0,2.0,0.0,3
110723,4.0,1,3,,0.0,,0.0,1.0,0.0,,0.0,,0.0,3.0,0.0,3
110724,4.0,8,9,1.0,2.0,1.0,0.0,4.0,0.0,1.0,2.0,1.0,1.0,4.0,0.0,9
110725,1.0,4,5,,1.0,0.0,0.0,3.0,0.0,1.0,1.0,0.0,0.0,3.0,0.0,5
110726,2.0,2,2,,1.0,,1.0,0.0,0.0,,1.0,,1.0,0.0,0.0,2
110727,2.0,10,6,3.0,2.0,,1.0,4.0,0.0,2.0,0.0,,1.0,2.0,1.0,10
110728,4.0,6,5,0.0,1.0,0.0,1.0,4.0,0.0,0.0,0.0,0.0,1.0,4.0,0.0,6
110729,2.0,7,9,2.0,0.0,,1.0,4.0,0.0,3.0,1.0,,1.0,4.0,0.0,9
110730,4.0,5,2,2.0,0.0,,1.0,2.0,0.0,0.0,0.0,,0.0,2.0,0.0,5
110731,3.0,2,1,,0.0,,1.0,1.0,0.0,,,,1.0,0.0,0.0,2
110732,3.0,4,4,,1.0,,1.0,0.0,2.0,,1.0,,1.0,0.0,2.0,4
110733,2.0,3,2,2.0,0.0,,1.0,0.0,0.0,,0.0,,0.0,2.0,0.0,3
110734,4.0,3,5,,0.0,,1.0,1.0,1.0,,0.0,,1.0,3.0,1.0,5
110735,4.0,1,4,,0.0,0.0,0.0,1.0,0.0,0.0,0.0,0.0,1.0,3.0,0.0,4
110736,1.0,0,0,,0.0,0.0,0.0,0.0,0.0,,0.0,0.0,0.0,0.0,0.0,0
110737,3.0,11,8,4.0,0.0,,1.0,4.0,2.0,2.0,0.0,,1.0,2.0,3.0,11
110738,4.0,6,7,2.0,0.0,,1.0,3.0,0.0,2.0,0.0,2.0,0.0,2.0,1.0,7
110739,2.0,4,2,,1.0,,1.0,2.0,0.0,,1.0,,1.0,0.0,0.0,4
110740,3.0,7,3,2.0,0.0,0.0,0.0,3.0,2.0,,0.0,0.0,0.0,2.0,1.0,7
110741,4.0,1,1,,0.0,,1.0,0.0,0.0,,0.0,,1.0,0.0,0.0,1
110742,4.0,10,8,3.0,1.0,0.0,1.0,2.0,3.0,2.0,1.0,0.0,1.0,2.0,2.0,10
110743,3.0,2,3,,0.0,0.0,1.0,1.0,0.0,,1.0,0.0,1.0,1.0,0.0,3
110744,3.0,7,6,,0.0,3.0,1.0,1.0,2.0,,0.0,2.0,1.0,1.0,2.0,7
110745,4.0,7,9,2.0,1.0,,1.0,3.0,0.0,3.0,1.0,,1.0,4.0,0.0,9
110746,1.0,1,1,,0.0,0.0,1.0,0.0,0.0,,0.0,0.0,1.0,0.0,0.0,1
110747,1.0,7,7,2.0,0.0,,1.0,3.0,1.0,2.0,0.0,,1.0,3.0,1.0,7
110748,3.0,7,6,3.0,0.0,0.0,1.0,3.0,0.0,3.0,0.0,0.0,1.0,2.0,0.0,7
110749,3.0,9,5,2.0,0.0,,1.0,3.0,3.0,1.0,0.0,,1.0,3.0,0.0,9
110750,3.0,0,0,,0.0,0.0,0.0,0.0,0.0,,0.0,0.0,0.0,0.0,0.0,0
110751,2.0,9,4,3.0,1.0,,1.0,4.0,0.0,,2.0,,1.0,0.0,1.0,9
110752,4.0,17,16,3.0,3.0,4.0,1.0,4.0,2.0,3.0,3.0,4.0,1.0,3.0,2.0,17
110753,3.0,3,2,0.0,1.0,0.0,0.0,2.0,0.0,,1.0,0.0,0.0,1.0,0.0,3
110754,1.0,0,0,,,,,,,,,,,,,0
110755,3.0,4,4,,0.0,0.0,0.0,3.0,1.0,,0.0,0.0,1.0,3.0,0.0,4
110756,3.0,7,6,,2.0,2.0,1.0,1.0,1.0,,2.0,2.0,1.0,0.0,1.0,7
110757,2.0,9,3,3.0,1.0,,1.0,4.0,0.0,,1.0,,1.0,1.0,0.0,9
110758,3.0,1,1,,0.0,,1.0,0.0,0.0,,0.0,,1.0,0.0,0.0,1
110759,3.0,3,3,,2.0,0.0,1.0,0.0,0.0,,2.0,0.0,1.0,0.0,0.0,3
110760,1.0,2,2,,0.0,0.0,0.0,1.0,1.0,,0.0,0.0,1.0,1.0,0.0,2
110761,2.0,5,6,,0.0,,1.0,0.0,4.0,,1.0,,1.0,0.0,4.0,6
110762,3.0,3,3,,0.0,,1.0,0.0,2.0,,0.0,,1.0,0.0,2.0,3
110763,3.0,9,11,2.0,3.0,3.0,1.0,0.0,0.0,4.0,3.0,3.0,1.0,0.0,0.0,11
110764,3.0,1,1,,0.0,0.0,1.0,0.0,0.0,,0.0,0.0,1.0,0.0,0.0,1
110765,3.0,1,2,,,,0.0,1.0,0.0,,,,1.0,1.0,0.0,2
110766,4.0,6,7,,1.0,4.0,1.0,0.0,0.0,,2.0,4.0,1.0,0.0,0.0,7
110767,2.0,3,6,2.0,0.0,,1.0,0.0,0.0,2.0,0.0,,0.0,4.0,0.0,6
110768,4.0,5,4,1.0,0.0,,0.0,3.0,1.0,0.0,0.0,,0.0,3.0,1.0,5
110769,1.0,8,12,3.0,0.0,,1.0,3.0,1.0,3.0,2.0,2.0,1.0,4.0,0.0,12
110770,3.0,2,3,,0.0,,1.0,0.0,1.0,,0.0,2.0,0.0,1.0,0.0,3
110771,2.0,8,4,2.0,1.0,,1.0,4.0,0.0,,1.0,,1.0,1.0,1.0,8
110772,1.0,6,6,2.0,0.0,,1.0,3.0,0.0,2.0,0.0,,1.0,3.0,0.0,6
110773,4.0,9,7,4.0,0.0,,1.0,4.0,0.0,3.0,0.0,,0.0,4.0,0.0,9
110774,1.0,8,8,2.0,0.0,0.0,1.0,4.0,1.0,3.0,0.0,0.0,1.0,3.0,1.0,8
110775,4.0,7,8,3.0,1.0,0.0,1.0,2.0,0.0,3.0,1.0,0.0,1.0,3.0,0.0,8
110776,4.0,2,2,,0.0,,1.0,1.0,0.0,,0.0,,1.0,1.0,0.0,2
110777,4.0,5,3,2.0,0.0,,0.0,3.0,0.0,,0.0,,0.0,3.0,0.0,5
110778,4.0,7,7,3.0,0.0,,1.0,3.0,0.0,3.0,0.0,,1.0,3.0,0.0,7
110779,3.0,3,4,,0.0,,0.0,3.0,0.0,,0.0,,1.0,3.0,0.0,4
110780,4.0,4,4,0.0,0.0,,0.0,4.0,0.0,0.0,0.0,,0.0,4.0,0.0,4
110781,3.0,1,0,,0.0,0.0,0.0,1.0,0.0,,0.0,0.0,0.0,0.0,0.0,1
110782,1.0,0,1,,0.0,0.0,0.0,0.0,0.0,,0.0,0.0,1.0,0.0,0.0,1
110783,1.0,5,4,1.0,0.0,,1.0,3.0,0.0,0.0,0.0,,1.0,3.0,0.0,5
110784,3.0,1,1,,0.0,,1.0,0.0,0.0,,0.0,,1.0,0.0,0.0,1
110785,2.0,7,4,3.0,1.0,,1.0,2.0,0.0,,3.0,,1.0,0.0,0.0,7
110786,4.0,4,0,1.0,0.0,,1.0,2.0,0.0,,0.0,,0.0,0.0,0.0,4
110787,1.0,6,3,2.0,0.0,,1.0,3.0,0.0,,0.0,,1.0,2.0,0.0,6
110788,3.0,11,9,,3.0,2.0,1.0,4.0,1.0,,3.0,2.0,1.0,3.0,0.0,11
110789,4.0,7,4,2.0,0.0,0.0,1.0,4.0,0.0,2.0,0.0,0.0,0.0,2.0,0.0,7
110790,2.0,8,1,3.0,,,1.0,4.0,0.0,,,,0.0,1.0,0.0,8
110791,2.0,2,10,,0.0,0.0,1.0,0.0,1.0,2.0,2.0,0.0,1.0,4.0,1.0,10
110792,2.0,5,2,,1.0,2.0,1.0,0.0,1.0,,1.0,1.0,0.0,0.0,0.0,5
110793,2.0,11,2,4.0,2.0,,1.0,4.0,0.0,,1.0,,1.0,0.0,0.0,11
110794,1.0,7,8,2.0,0.0,,1.0,3.0,1.0,2.0,0.0,,1.0,4.0,1.0,8
110795,4.0,3,2,,0.0,0.0,1.0,1.0,1.0,,,0.0,1.0,1.0,,3
110796,3.0,5,5,0.0,0.0,0.0,1.0,4.0,0.0,,0.0,1.0,1.0,3.0,0.0,5
110797,2.0,7,2,2.0,0.0,,1.0,4.0,0.0,,1.0,,1.0,0.0,0.0,7
110798,2.0,6,2,,1.0,,1.0,4.0,0.0,,1.0,,1.0,0.0,0.0,6
110799,1.0,2,4,,0.0,,0.0,0.0,2.0,,0.0,,1.0,1.0,2.0,4
110800,4.0,9,6,4.0,0.0,0.0,1.0,4.0,0.0,2.0,0.0,0.0,1.0,3.0,0.0,9
110801,1.0,3,1,,1.0,,1.0,0.0,1.0,,,,1.0,0.0,0.0,3
110802,3.0,9,2,2.0,1.0,0.0,1.0,3.0,2.0,,1.0,0.0,0.0,0.0,1.0,9
110803,1.0,8,8,3.0,0.0,0.0,1.0,3.0,1.0,3.0,0.0,0.0,0.0,3.0,2.0,8
110804,4.0,5,5,0.0,0.0,,1.0,4.0,0.0,2.0,0.0,,0.0,3.0,0.0,5
110805,4.0,9,9,3.0,0.0,0.0,1.0,3.0,2.0,3.0,0.0,0.0,1.0,4.0,1.0,9
110806,3.0,6,11,3.0,,,1.0,2.0,0.0,2.0,2.0,3.0,1.0,3.0,0.0,11
110807,4.0,6,4,2.0,0.0,,1.0,3.0,0.0,0.0,0.0,,1.0,3.0,0.0,6
110808,3.0,3,2,,1.0,0.0,1.0,1.0,0.0,,1.0,0.0,1.0,0.0,0.0,3
110809,1.0,1,11,,1.0,0.0,0.0,0.0,0.0,3.0,2.0,0.0,1.0,4.0,1.0,11
110810,1.0,2,3,,0.0,,1.0,0.0,1.0,,0.0,,1.0,0.0,2.0,3
110811,1.0,7,5,3.0,0.0,,1.0,3.0,0.0,1.0,0.0,,1.0,3.0,0.0,7
110812,1.0,6,7,1.0,0.0,,1.0,3.0,1.0,2.0,1.0,0.0,0.0,3.0,1.0,7
110813,3.0,0,0,,0.0,,0.0,0.0,0.0,,0.0,,0.0,0.0,0.0,0
110814,4.0,0,0,,0.0,,0.0,0.0,0.0,,0.0,,0.0,0.0,0.0,0
110815,3.0,8,7,3.0,0.0,,1.0,4.0,0.0,3.0,0.0,,1.0,3.0,0.0,8
110816,4.0,0,2,,0.0,,0.0,0.0,0.0,,1.0,,0.0,1.0,0.0,2
110817,4.0,1,8,,0.0,0.0,0.0,1.0,0.0,3.0,1.0,1.0,1.0,2.0,0.0,8
110818,1.0,8,9,2.0,0.0,,1.0,4.0,1.0,1.0,0.0,,1.0,4.0,3.0,9
110819,4.0,1,3,,0.0,,1.0,0.0,0.0,,0.0,,0.0,3.0,0.0,3
110820,2.0,9,5,3.0,1.0,,1.0,4.0,0.0,2.0,0.0,,1.0,2.0,0.0,9
110821,1.0,5,3,,0.0,,0.0,1.0,4.0,,0.0,,0.0,0.0,3.0,5
110822,4.0,7,8,3.0,0.0,0.0,1.0,2.0,1.0,3.0,0.0,0.0,1.0,3.0,1.0,8
110823,4.0,4,5,1.0,0.0,,0.0,3.0,0.0,1.0,0.0,,1.0,3.0,0.0,5
110824,3.0,10,10,3.0,0.0,,0.0,3.0,4.0,4.0,0.0,,0.0,2.0,4.0,10
110825,4.0,3,1,,0.0,2.0,1.0,0.0,0.0,,0.0,0.0,1.0,0.0,0.0,3
110826,4.0,2,2,,1.0,,1.0,0.0,0.0,,1.0,,1.0,0.0,0.0,2
110827,2.0,6,0,2.0,0.0,,0.0,4.0,0.0,,0.0,,0.0,0.0,0.0,6
110828,1.0,2,1,,0.0,,1.0,0.0,1.0,,0.0,0.0,0.0,0.0,1.0,2
110829,2.0,7,4,1.0,1.0,,1.0,4.0,0.0,,2.0,,1.0,0.0,1.0,7
110830,4.0,7,2,3.0,0.0,,1.0,3.0,0.0,,0.0,,0.0,2.0,0.0,7
110831,1.0,6,5,3.0,0.0,0.0,1.0,2.0,0.0,2.0,0.0,0.0,1.0,2.0,0.0,6
110832,3.0,5,4,,0.0,,1.0,1.0,3.0,,0.0,,1.0,1.0,2.0,5
110833,3.0,0,2,,0.0,,,,0.0,,2.0,,,,0.0,2
110834,4.0,6,9,0.0,2.0,,1.0,3.0,0.0,3.0,2.0,,1.0,3.0,0.0,9
110835,3.0,3,2,,2.0,0.0,1.0,0.0,0.0,,2.0,0.0,0.0,0.0,0.0,3
110836,1.0,2,2,,1.0,,1.0,0.0,0.0,,1.0,,1.0,0.0,0.0,2
110837,4.0,10,8,2.0,2.0,,1.0,4.0,1.0,2.0,2.0,,1.0,3.0,0.0,10
110838,1.0,4,5,,0.0,0.0,1.0,3.0,0.0,,0.0,0.0,1.0,3.0,1.0,5
110839,1.0,7,4,2.0,0.0,,1.0,4.0,0.0,1.0,0.0,,1.0,2.0,0.0,7
110840,4.0,4,7,0.0,0.0,,0.0,4.0,0.0,2.0,1.0,,0.0,4.0,0.0,7
110841,3.0,1,1,,0.0,,1.0,0.0,0.0,,0.0,,1.0,0.0,0.0,1
110842,2.0,2,1,,0.0,,1.0,0.0,1.0,,1.0,,0.0,0.0,0.0,2
110843,2.0,8,7,3.0,0.0,,1.0,4.0,0.0,4.0,0.0,,0.0,3.0,0.0,8
110844,3.0,9,8,,2.0,1.0,1.0,3.0,2.0,,2.0,0.0,1.0,3.0,2.0,9
110845,4.0,6,5,3.0,0.0,,1.0,2.0,0.0,2.0,0.0,,1.0,2.0,0.0,6
110846,1.0,2,1,,0.0,,1.0,0.0,1.0,,0.0,,1.0,0.0,0.0,2
110847,4.0,4,3,1.0,0.0,0.0,1.0,2.0,0.0,,0.0,0.0,1.0,2.0,0.0,4
110848,3.0,3,6,,1.0,1.0,0.0,1.0,0.0,,2.0,0.0,1.0,3.0,0.0,6
110849,2.0,10,9,4.0,1.0,,1.0,4.0,0.0,3.0,1.0,,1.0,4.0,0.0,10
110850,1.0,0,2,,0.0,0.0,0.0,0.0,0.0,,1.0,0.0,1.0,0.0,,2
110851,3.0,12,10,3.0,0.0,,1.0,4.0,4.0,2.0,1.0,,1.0,3.0,3.0,12
110852,1.0,6,7,2.0,0.0,0.0,1.0,3.0,0.0,3.0,0.0,0.0,1.0,3.0,0.0,7
110853,1.0,1,1,,0.0,0.0,0.0,0.0,1.0,,0.0,0.0,1.0,0.0,0.0,1
110854,3.0,4,3,1.0,0.0,,1.0,2.0,0.0,,0.0,,1.0,2.0,0.0,4
110855,3.0,6,3,,1.0,0.0,1.0,1.0,3.0,,1.0,0.0,1.0,0.0,1.0,6
110856,4.0,7,3,4.0,0.0,,1.0,2.0,0.0,2.0,0.0,,1.0,0.0,0.0,7
110857,4.0,9,7,3.0,0.0,0.0,1.0,4.0,1.0,3.0,0.0,0.0,0.0,4.0,0.0,9
110858,1.0,2,1,,0.0,0.0,1.0,0.0,1.0,,0.0,0.0,1.0,0.0,0.0,2
110859,1.0,3,0,,0.0,0.0,1.0,1.0,1.0,,0.0,0.0,0.0,0.0,0.0,3
110860,4.0,5,1,1.0,0.0,,1.0,3.0,0.0,,0.0,,1.0,0.0,0.0,5
110861,1.0,1,0,,0.0,,1.0,0.0,0.0,,0.0,,0.0,0.0,0.0,1
110862,4.0,3,1,,0.0,,1.0,2.0,0.0,,0.0,,0.0,1.0,0.0,3
110863,3.0,4,7,,1.0,0.0,0.0,1.0,2.0,,1.0,0.0,1.0,3.0,2.0,7
110864,1.0,6,1,1.0,0.0,0.0,1.0,4.0,0.0,,0.0,0.0,1.0,0.0,0.0,6
110865,4.0,5,4,2.0,0.0,1.0,1.0,0.0,1.0,,0.0,1.0,1.0,1.0,1.0,5
110866,1.0,0,1,,0.0,,0.0,0.0,0.0,,0.0,1.0,0.0,0.0,0.0,1
110867,2.0,9,6,4.0,0.0,,1.0,4.0,0.0,4.0,0.0,,0.0,2.0,0.0,9
110868,3.0,2,2,2.0,0.0,,0.0,0.0,0.0,2.0,0.0,,0.0,0.0,0.0,2
110869,2.0,0,6,,0.0,,0.0,0.0,0.0,3.0,0.0,,1.0,2.0,0.0,6
110870,1.0,8,12,1.0,2.0,0.0,1.0,2.0,2.0,2.0,2.0,0.0,1.0,4.0,3.0,12
110871,3.0,3,6,0.0,0.0,0.0,1.0,2.0,0.0,3.0,0.0,0.0,0.0,3.0,0.0,6
110872,3.0,8,5,4.0,0.0,,1.0,3.0,0.0,2.0,0.0,,1.0,2.0,0.0,8
110873,3.0,10,7,4.0,2.0,,0.0,3.0,1.0,3.0,1.0,0.0,0.0,3.0,0.0,10
110874,1.0,4,2,,0.0,0.0,1.0,2.0,1.0,,0.0,0.0,1.0,1.0,0.0,4
110875,1.0,8,9,3.0,0.0,,1.0,3.0,1.0,3.0,0.0,,1.0,4.0,1.0,9
110876,4.0,6,6,3.0,,,1.0,2.0,0.0,1.0,2.0,,1.0,2.0,0.0,6
110877,4.0,7,2,3.0,0.0,,0.0,3.0,1.0,,0.0,,0.0,1.0,1.0,7
110878,2.0,6,6,3.0,0.0,,1.0,2.0,0.0,3.0,0.0,,1.0,2.0,0.0,6
110879,2.0,10,4,3.0,2.0,,1.0,4.0,0.0,,2.0,,1.0,1.0,0.0,10
110880,2.0,10,11,4.0,1.0,0.0,1.0,4.0,0.0,4.0,2.0,0.0,1.0,4.0,0.0,11
110881,4.0,5,2,,2.0,,0.0,3.0,0.0,,1.0,,0.0,1.0,0.0,5
110882,2.0,8,7,2.0,1.0,,1.0,3.0,1.0,2.0,1.0,,1.0,2.0,1.0,8
110883,2.0,11,3,4.0,1.0,0.0,0.0,4.0,2.0,,1.0,0.0,0.0,0.0,2.0,11
110884,4.0,3,4,,0.0,,1.0,2.0,0.0,,0.0,,1.0,3.0,0.0,4
110885,4.0,3,4,,0.0,,1.0,2.0,0.0,1.0,0.0,,0.0,3.0,0.0,4
110886,2.0,5,2,2.0,1.0,,1.0,1.0,0.0,,0.0,,1.0,1.0,0.0,5
110887,4.0,5,4,0.0,0.0,,1.0,4.0,0.0,,0.0,,1.0,3.0,0.0,5
110888,1.0,8,7,1.0,2.0,1.0,1.0,3.0,0.0,1.0,2.0,1.0,1.0,2.0,0.0,8
110889,4.0,11,9,3.0,2.0,0.0,1.0,3.0,2.0,4.0,2.0,0.0,0.0,3.0,0.0,11
110890,1.0,3,5,,0.0,,0.0,2.0,1.0,,0.0,2.0,0.0,2.0,1.0,5
110891,4.0,8,8,3.0,0.0,2.0,1.0,2.0,0.0,3.0,0.0,2.0,1.0,2.0,0.0,8
110892,4.0,8,1,2.0,0.0,2.0,1.0,3.0,0.0,,0.0,1.0,0.0,0.0,0.0,8
110893,4.0,5,8,,0.0,,0.0,1.0,4.0,,0.0,,1.0,3.0,4.0,8
110894,2.0,10,7,4.0,0.0,,1.0,4.0,1.0,4.0,0.0,,0.0,2.0,1.0,10
110895,2.0,10,3,3.0,2.0,,1.0,4.0,0.0,,1.0,,1.0,0.0,1.0,10
110896,4.0,0,0,,0.0,,0.0,0.0,0.0,,0.0,,0.0,0.0,0.0,0
110897,2.0,14,13,4.0,3.0,,1.0,4.0,2.0,4.0,2.0,0.0,1.0,4.0,2.0,14
110898,3.0,8,7,2.0,,0.0,1.0,4.0,1.0,3.0,0.0,0.0,0.0,4.0,0.0,8
110899,4.0,4,6,2.0,2.0,,0.0,0.0,0.0,2.0,2.0,,0.0,2.0,0.0,6
110900,2.0,7,3,2.0,0.0,,1.0,4.0,0.0,,0.0,,1.0,2.0,0.0,7
110901,3.0,6,7,3.0,0.0,,0.0,3.0,0.0,4.0,0.0,,0.0,3.0,0.0,7
110902,3.0,8,5,3.0,0.0,1.0,0.0,3.0,1.0,2.0,0.0,0.0,0.0,2.0,1.0,8
110903,3.0,5,4,0.0,2.0,0.0,1.0,2.0,0.0,,2.0,0.0,1.0,1.0,0.0,5
110904,2.0,11,9,4.0,1.0,0.0,1.0,4.0,1.0,3.0,0.0,0.0,1.0,4.0,1.0,11
110905,4.0,1,8,,0.0,0.0,1.0,0.0,0.0,4.0,0.0,0.0,1.0,3.0,0.0,8
110906,2.0,10,4,3.0,1.0,0.0,1.0,4.0,1.0,,1.0,0.0,1.0,1.0,1.0,10
110907,1.0,6,7,2.0,0.0,,1.0,3.0,0.0,2.0,1.0,,1.0,3.0,0.0,7
110908,4.0,8,1,2.0,1.0,,1.0,4.0,0.0,,0.0,,1.0,0.0,0.0,8
110909,4.0,5,7,,0.0,,1.0,3.0,1.0,2.0,0.0,,1.0,3.0,1.0,7
110910,4.0,8,9,3.0,1.0,,1.0,3.0,0.0,3.0,2.0,,1.0,3.0,0.0,9
110911,2.0,9,0,4.0,0.0,,1.0,4.0,0.0,,0.0,,0.0,0.0,0.0,9
110912,4.0,1,1,,0.0,,0.0,1.0,0.0,,0.0,,0.0,1.0,0.0,1
110913,3.0,7,7,4.0,0.0,,0.0,3.0,0.0,3.0,0.0,,1.0,3.0,0.0,7
110914,1.0,1,2,,0.0,,1.0,0.0,0.0,,0.0,,1.0,1.0,0.0,2
110915,3.0,7,6,,2.0,2.0,1.0,0.0,2.0,,2.0,1.0,1.0,0.0,2.0,7
110916,3.0,7,6,3.0,0.0,0.0,0.0,4.0,0.0,2.0,0.0,0.0,0.0,4.0,0.0,7
110917,4.0,3,1,,0.0,,0.0,3.0,0.0,,,,0.0,1.0,0.0,3
110918,4.0,2,4,,0.0,1.0,0.0,1.0,0.0,,1.0,1.0,1.0,1.0,0.0,4
110919,2.0,10,11,3.0,2.0,0.0,1.0,4.0,0.0,3.0,3.0,0.0,1.0,4.0,0.0,11
110920,4.0,2,5,,0.0,,1.0,1.0,0.0,,0.0,,1.0,3.0,1.0,5
110921,4.0,1,4,,0.0,,0.0,1.0,0.0,0.0,0.0,,1.0,3.0,0.0,4
110922,1.0,10,9,4.0,0.0,,1.0,4.0,1.0,3.0,0.0,0.0,1.0,3.0,2.0,10
110923,1.0,1,0,,0.0,0.0,1.0,0.0,0.0,,0.0,0.0,0.0,0.0,0.0,1
110924,4.0,7,7,3.0,0.0,,0.0,3.0,1.0,3.0,0.0,,0.0,3.0,1.0,7
110925,3.0,5,2,0.0,1.0,,1.0,3.0,0.0,,1.0,,0.0,1.0,0.0,5
110926,2.0,6,3,1.0,2.0,,1.0,2.0,0.0,,2.0,,1.0,0.0,0.0,6
110927,2.0,7,1,3.0,0.0,,1.0,3.0,0.0,,0.0,,1.0,0.0,0.0,7
110928,3.0,1,0,,0.0,0.0,1.0,0.0,0.0,,0.0,0.0,0.0,0.0,0.0,1
110929,2.0,13,6,4.0,0.0,,1.0,4.0,4.0,,0.0,,1.0,1.0,4.0,13
110930,4.0,7,3,2.0,0.0,,1.0,4.0,0.0,,0.0,,1.0,2.0,0.0,7
110931,4.0,0,5,,0.0,,0.0,0.0,0.0,0.0,0.0,,1.0,4.0,0.0,5
110932,4.0,6,4,2.0,0.0,,1.0,2.0,1.0,2.0,0.0,,1.0,1.0,0.0,6
110933,3.0,5,5,,0.0,0.0,1.0,2.0,2.0,,0.0,0.0,1.0,3.0,1.0,5
110934,3.0,10,9,4.0,0.0,1.0,1.0,4.0,0.0,3.0,0.0,1.0,1.0,4.0,0.0,10
110935,3.0,6,7,1.0,0.0,,1.0,4.0,0.0,2.0,0.0,,1.0,4.0,0.0,7
110936,4.0,1,2,,0.0,,0.0,1.0,0.0,,0.0,,0.0,2.0,0.0,2
110937,4.0,10,7,2.0,2.0,1.0,1.0,4.0,0.0,2.0,2.0,1.0,0.0,2.0,0.0,10
110938,2.0,11,8,3.0,2.0,,1.0,4.0,1.0,2.0,2.0,,1.0,2.0,1.0,11
110939,3.0,6,4,1.0,0.0,1.0,1.0,3.0,0.0,,0.0,1.0,0.0,3.0,0.0,6
110940,2.0,10,8,4.0,1.0,0.0,1.0,4.0,0.0,3.0,0.0,0.0,1.0,4.0,0.0,10
110941,3.0,7,1,4.0,0.0,,0.0,3.0,0.0,,0.0,,0.0,1.0,0.0,7
110942,1.0,9,7,4.0,0.0,,1.0,4.0,0.0,4.0,0.0,,1.0,2.0,0.0,9
110943,1.0,9,9,0.0,2.0,1.0,1.0,3.0,2.0,,1.0,2.0,1.0,3.0,2.0,9
110944,2.0,9,4,2.0,1.0,,1.0,4.0,1.0,,2.0,,1.0,0.0,1.0,9
110945,2.0,2,1,,0.0,,1.0,1.0,0.0,,0.0,,0.0,1.0,0.0,2
110946,1.0,4,1,0.0,0.0,0.0,1.0,3.0,0.0,,0.0,0.0,1.0,0.0,0.0,4
110947,2.0,8,4,3.0,0.0,,1.0,4.0,0.0,3.0,0.0,,0.0,1.0,0.0,8
110948,2.0,5,2,2.0,0.0,,1.0,2.0,0.0,,1.0,,1.0,0.0,0.0,5
110949,3.0,13,13,3.0,0.0,4.0,1.0,3.0,2.0,3.0,0.0,4.0,1.0,4.0,1.0,13
110950,4.0,4,4,0.0,0.0,,1.0,3.0,0.0,0.0,1.0,,0.0,3.0,0.0,4
110951,3.0,1,1,,0.0,0.0,1.0,0.0,0.0,,0.0,0.0,1.0,0.0,0.0,1
110952,4.0,7,12,2.0,0.0,0.0,1.0,0.0,4.0,4.0,0.0,0.0,1.0,3.0,4.0,12
110953,4.0,0,1,,0.0,,0.0,0.0,0.0,,0.0,,0.0,1.0,0.0,1
110954,3.0,3,2,0.0,0.0,,0.0,3.0,0.0,,0.0,,1.0,1.0,0.0,3
110955,3.0,7,7,,1.0,,1.0,1.0,4.0,,1.0,,1.0,1.0,4.0,7
110956,2.0,1,3,,0.0,,1.0,0.0,0.0,,1.0,0.0,1.0,0.0,1.0,3
110957,3.0,8,6,2.0,0.0,0.0,1.0,3.0,2.0,2.0,0.0,0.0,0.0,3.0,1.0,8
110958,3.0,7,9,3.0,0.0,,1.0,3.0,0.0,4.0,0.0,,1.0,3.0,1.0,9
110959,2.0,9,9,2.0,2.0,,1.0,4.0,0.0,2.0,2.0,,1.0,3.0,1.0,9
110960,3.0,3,3,,2.0,,1.0,0.0,0.0,,2.0,,1.0,0.0,0.0,3
110961,3.0,3,5,,0.0,,1.0,2.0,0.0,1.0,0.0,,1.0,3.0,0.0,5
110962,4.0,7,6,2.0,0.0,,1.0,4.0,0.0,2.0,0.0,,1.0,3.0,0.0,7
110963,2.0,2,9,,1.0,0.0,1.0,0.0,0.0,3.0,1.0,0.0,1.0,4.0,0.0,9
110964,4.0,0,2,,0.0,,0.0,0.0,0.0,,0.0,0.0,1.0,1.0,0.0,2
110965,2.0,8,1,3.0,0.0,,1.0,4.0,0.0,,0.0,,1.0,0.0,0.0,8
110966,3.0,12,11,3.0,1.0,0.0,1.0,4.0,3.0,4.0,0.0,0.0,1.0,4.0,2.0,12
110967,2.0,9,6,3.0,0.0,,1.0,4.0,1.0,3.0,0.0,,1.0,2.0,0.0,9
110968,4.0,10,9,4.0,2.0,,1.0,3.0,0.0,3.0,2.0,0.0,1.0,3.0,0.0,10
110969,1.0,3,2,2.0,,,0.0,1.0,0.0,,,,1.0,1.0,0.0,3
110970,1.0,9,6,2.0,2.0,0.0,1.0,4.0,0.0,3.0,1.0,0.0,0.0,2.0,0.0,9
110971,1.0,10,6,3.0,0.0,0.0,1.0,4.0,2.0,3.0,0.0,0.0,0.0,3.0,0.0,10
110972,1.0,9,7,3.0,0.0,,1.0,3.0,2.0,1.0,0.0,,1.0,2.0,3.0,9
110973,4.0,5,7,0.0,0.0,,1.0,4.0,0.0,2.0,1.0,,0.0,4.0,0.0,7
110974,4.0,4,1,1.0,0.0,,0.0,3.0,0.0,,0.0,,0.0,1.0,0.0,4
110975,3.0,5,4,,0.0,,1.0,0.0,4.0,,0.0,0.0,0.0,1.0,3.0,5
110976,2.0,9,8,2.0,2.0,,1.0,3.0,1.0,3.0,1.0,,1.0,2.0,1.0,9
110977,4.0,6,3,,1.0,2.0,1.0,1.0,1.0,,1.0,2.0,0.0,0.0,0.0,6
110978,1.0,4,3,,1.0,0.0,1.0,0.0,2.0,,0.0,0.0,1.0,0.0,2.0,4
110979,2.0,8,8,2.0,1.0,0.0,1.0,4.0,0.0,2.0,1.0,0.0,1.0,4.0,0.0,8
110980,3.0,14,16,4.0,1.0,,1.0,4.0,4.0,4.0,3.0,0.0,1.0,4.0,4.0,16
110981,3.0,7,6,3.0,0.0,,1.0,3.0,0.0,3.0,0.0,0.0,0.0,3.0,0.0,7
110982,4.0,4,2,1.0,0.0,,0.0,3.0,0.0,0.0,0.0,,0.0,2.0,0.0,4
110983,3.0,2,1,,1.0,,1.0,0.0,0.0,,1.0,,0.0,0.0,0.0,2
110984,3.0,7,4,,1.0,0.0,1.0,2.0,3.0,,0.0,0.0,1.0,1.0,2.0,7
110985,4.0,2,0,2.0,,,0.0,0.0,0.0,,0.0,,0.0,0.0,0.0,2
110986,4.0,7,0,3.0,0.0,,0.0,4.0,0.0,,0.0,,0.0,0.0,0.0,7
110987,2.0,10,3,3.0,1.0,,1.0,4.0,1.0,,1.0,,1.0,0.0,1.0,10
110988,3.0,1,1,,0.0,0.0,1.0,0.0,0.0,,0.0,0.0,1.0,0.0,0.0,1
110989,4.0,4,4,,0.0,1.0,1.0,1.0,1.0,,0.0,1.0,1.0,1.0,1.0,4
110990,4.0,3,3,,0.0,,0.0,3.0,0.0,,0.0,,0.0,3.0,0.0,3
110991,1.0,5,1,2.0,0.0,,1.0,2.0,0.0,,1.0,,0.0,0.0,0.0,5
110992,4.0,5,5,,3.0,,1.0,1.0,0.0,,4.0,,1.0,0.0,0.0,5
110993,3.0,2,1,,0.0,0.0,1.0,1.0,0.0,,,0.0,1.0,0.0,0.0,2
110994,3.0,13,20,,3.0,4.0,1.0,2.0,3.0,4.0,3.0,4.0,1.0,4.0,4.0,20
110995,3.0,3,2,,0.0,,1.0,1.0,1.0,,1.0,0.0,1.0,0.0,0.0,3
110996,1.0,2,2,,0.0,,1.0,0.0,1.0,,0.0,,1.0,0.0,1.0,2
110997,3.0,7,2,2.0,0.0,0.0,1.0,4.0,0.0,,0.0,0.0,1.0,1.0,0.0,7
110998,3.0,3,3,,0.0,,1.0,2.0,0.0,,,,1.0,2.0,0.0,3
110999,2.0,9,0,3.0,1.0,,1.0,4.0,0.0,,0.0,,0.0,0.0,0.0,9
111000,4.0,0,1,,0.0,,0.0,0.0,0.0,,0.0,,0.0,1.0,0.0,1
111001,4.0,3,1,,0.0,,1.0,2.0,0.0,,0.0,,1.0,0.0,0.0,3
111002,3.0,16,14,4.0,2.0,2.0,1.0,3.0,4.0,2.0,2.0,2.0,1.0,3.0,4.0,16
111003,3.0,10,7,3.0,0.0,0.0,1.0,4.0,2.0,,0.0,0.0,1.0,4.0,2.0,10
111004,3.0,9,12,3.0,0.0,0.0,1.0,4.0,1.0,3.0,0.0,0.0,1.0,4.0,4.0,12
111005,3.0,10,6,3.0,1.0,1.0,1.0,4.0,0.0,,1.0,0.0,1.0,4.0,0.0,10
111006,1.0,0,1,,0.0,0.0,0.0,0.0,0.0,,0.0,1.0,0.0,0.0,0.0,1
111007,1.0,0,0,,,,0.0,0.0,0.0,,0.0,,0.0,0.0,0.0,0
111008,3.0,8,7,3.0,0.0,0.0,1.0,3.0,1.0,3.0,0.0,0.0,1.0,3.0,0.0,8
111009,1.0,2,3,,0.0,,1.0,0.0,1.0,,0.0,2.0,1.0,0.0,0.0,3
111010,2.0,7,5,,2.0,,1.0,4.0,0.0,1.0,2.0,,1.0,1.0,0.0,7
111011,1.0,1,0,,0.0,,1.0,0.0,0.0,,0.0,,0.0,0.0,0.0,1
111012,3.0,6,7,2.0,0.0,,0.0,4.0,0.0,2.0,0.0,,1.0,4.0,0.0,7
111013,3.0,2,3,,2.0,,0.0,0.0,0.0,,2.0,,0.0,1.0,0.0,3
111014,2.0,8,2,2.0,1.0,,1.0,4.0,0.0,,0.0,,1.0,1.0,0.0,8
111015,3.0,13,9,4.0,3.0,0.0,0.0,3.0,3.0,1.0,3.0,0.0,0.0,3.0,2.0,13
111016,2.0,8,5,2.0,1.0,,1.0,3.0,1.0,2.0,1.0,,1.0,0.0,1.0,8
111017,2.0,9,4,3.0,1.0,,1.0,4.0,0.0,2.0,1.0,,1.0,0.0,0.0,9
111018,4.0,9,8,2.0,2.0,2.0,0.0,3.0,0.0,2.0,2.0,2.0,0.0,2.0,0.0,9
111019,3.0,3,3,,0.0,,1.0,0.0,2.0,,0.0,,1.0,1.0,1.0,3
111020,3.0,8,4,4.0,0.0,0.0,1.0,3.0,0.0,2.0,0.0,0.0,0.0,2.0,0.0,8
111021,3.0,10,14,,3.0,4.0,1.0,1.0,1.0,3.0,2.0,4.0,1.0,4.0,0.0,14
111022,4.0,9,1,3.0,0.0,,1.0,4.0,1.0,,0.0,,0.0,1.0,0.0,9
111023,2.0,9,3,3.0,1.0,,1.0,4.0,0.0,,1.0,,1.0,1.0,0.0,9
111024,3.0,5,0,3.0,,,0.0,2.0,0.0,,,,0.0,0.0,0.0,5
111025,4.0,5,2,1.0,0.0,0.0,1.0,2.0,1.0,,0.0,0.0,1.0,0.0,1.0,5
111026,2.0,11,5,3.0,1.0,,1.0,4.0,2.0,,1.0,,0.0,3.0,1.0,11
111027,3.0,14,11,3.0,3.0,2.0,1.0,4.0,1.0,1.0,3.0,2.0,1.0,3.0,1.0,14
111028,1.0,2,2,,1.0,,,,1.0,,1.0,,,,1.0,2
111029,1.0,2,3,,0.0,0.0,1.0,1.0,0.0,,0.0,0.0,1.0,1.0,1.0,3
111030,3.0,3,7,,0.0,0.0,0.0,3.0,0.0,3.0,0.0,0.0,1.0,3.0,0.0,7
111031,4.0,7,7,2.0,0.0,,1.0,4.0,0.0,3.0,0.0,,1.0,3.0,0.0,7
111032,2.0,8,3,3.0,0.0,,1.0,4.0,0.0,,0.0,,1.0,1.0,1.0,8
111033,4.0,11,8,4.0,0.0,1.0,1.0,4.0,1.0,2.0,0.0,1.0,1.0,3.0,1.0,11
111034,3.0,5,9,,0.0,,1.0,2.0,2.0,4.0,0.0,,0.0,3.0,2.0,9
111035,2.0,10,12,1.0,3.0,,1.0,2.0,3.0,2.0,4.0,,1.0,2.0,3.0,12
111036,2.0,9,5,4.0,0.0,,1.0,4.0,0.0,3.0,0.0,,0.0,2.0,0.0,9
111037,3.0,3,3,0.0,0.0,,1.0,2.0,0.0,,0.0,,1.0,2.0,0.0,3
111038,3.0,6,6,1.0,1.0,,0.0,4.0,0.0,1.0,1.0,,0.0,4.0,0.0,6
111039,2.0,6,10,3.0,3.0,,0.0,0.0,0.0,3.0,2.0,0.0,1.0,4.0,0.0,10
111040,3.0,7,7,,0.0,3.0,1.0,0.0,3.0,,1.0,3.0,1.0,0.0,2.0,7
111041,1.0,9,5,,1.0,1.0,1.0,3.0,3.0,,1.0,0.0,1.0,1.0,2.0,9
111042,2.0,9,2,3.0,1.0,,1.0,4.0,0.0,,1.0,,1.0,0.0,0.0,9
111043,4.0,0,0,,0.0,,0.0,0.0,0.0,,0.0,,0.0,0.0,0.0,0
111044,3.0,6,4,1.0,1.0,,1.0,3.0,0.0,,2.0,,1.0,1.0,0.0,6
111045,1.0,1,8,,0.0,,1.0,0.0,0.0,3.0,0.0,,1.0,4.0,0.0,8
111046,1.0,5,5,,0.0,,1.0,0.0,4.0,,0.0,0.0,1.0,0.0,4.0,5
111047,3.0,2,2,,1.0,,1.0,0.0,0.0,,1.0,,1.0,0.0,0.0,2
111048,4.0,5,3,2.0,0.0,,0.0,2.0,1.0,2.0,0.0,0.0,1.0,0.0,0.0,5
111049,4.0,2,2,,0.0,0.0,1.0,1.0,0.0,,0.0,0.0,1.0,1.0,0.0,2
111050,2.0,7,1,2.0,0.0,,1.0,4.0,0.0,,0.0,,1.0,0.0,0.0,7
111051,2.0,11,8,2.0,0.0,,1.0,4.0,4.0,2.0,0.0,,1.0,1.0,4.0,11
111052,3.0,6,8,3.0,0.0,0.0,1.0,2.0,0.0,4.0,0.0,0.0,1.0,3.0,0.0,8
111053,2.0,9,6,3.0,1.0,,1.0,4.0,0.0,3.0,0.0,,1.0,2.0,0.0,9
111054,2.0,8,3,2.0,1.0,,1.0,4.0,0.0,,1.0,,1.0,0.0,1.0,8
111055,3.0,10,4,2.0,2.0,1.0,1.0,4.0,0.0,,3.0,0.0,0.0,1.0,0.0,10
111056,1.0,1,9,,0.0,0.0,0.0,0.0,1.0,3.0,1.0,0.0,1.0,4.0,0.0,9
111057,4.0,14,15,4.0,2.0,3.0,1.0,3.0,1.0,3.0,2.0,3.0,1.0,4.0,2.0,15
111058,1.0,1,2,,0.0,,0.0,0.0,1.0,,0.0,,1.0,0.0,1.0,2
111059,4.0,4,4,0.0,0.0,,0.0,4.0,0.0,0.0,0.0,,0.0,4.0,0.0,4
111060,1.0,7,7,3.0,0.0,0.0,1.0,3.0,0.0,2.0,1.0,0.0,1.0,3.0,0.0,7
111061,3.0,6,6,,0.0,,1.0,2.0,3.0,,0.0,,1.0,2.0,3.0,6
111062,4.0,4,4,0.0,0.0,,1.0,3.0,0.0,0.0,0.0,,1.0,3.0,0.0,4
111063,3.0,8,5,3.0,0.0,,1.0,4.0,0.0,,1.0,,1.0,3.0,0.0,8
111064,3.0,6,5,2.0,0.0,,1.0,3.0,0.0,2.0,0.0,0.0,1.0,2.0,0.0,6
111065,2.0,7,1,1.0,1.0,,1.0,4.0,0.0,,0.0,,1.0,0.0,0.0,7
111066,2.0,7,5,3.0,0.0,,1.0,3.0,0.0,2.0,0.0,,1.0,2.0,0.0,7
111067,3.0,2,2,,0.0,0.0,1.0,1.0,0.0,,0.0,0.0,1.0,1.0,0.0,2
111068,1.0,2,3,,0.0,,1.0,0.0,1.0,,0.0,,1.0,0.0,2.0,3
111069,3.0,4,4,,0.0,3.0,0.0,1.0,0.0,,0.0,3.0,0.0,1.0,0.0,4
111070,1.0,11,10,2.0,0.0,0.0,1.0,4.0,4.0,2.0,1.0,0.0,1.0,2.0,4.0,11
111071,3.0,3,6,,0.0,,1.0,1.0,1.0,,0.0,,1.0,4.0,1.0,6
111072,3.0,4,5,,0.0,,0.0,0.0,4.0,,0.0,,1.0,0.0,4.0,5
111073,1.0,1,2,,0.0,0.0,0.0,0.0,1.0,,0.0,0.0,1.0,0.0,1.0,2
111074,3.0,2,2,,,,1.0,1.0,,,,,1.0,1.0,0.0,2
111075,3.0,7,5,1.0,0.0,0.0,1.0,4.0,1.0,0.0,,0.0,1.0,4.0,0.0,7
111076,3.0,0,0,,0.0,,,,0.0,,0.0,,,,0.0,0
111077,3.0,6,6,,1.0,3.0,0.0,0.0,2.0,,2.0,3.0,0.0,0.0,1.0,6
111078,4.0,11,11,1.0,1.0,0.0,1.0,4.0,4.0,3.0,1.0,0.0,1.0,2.0,4.0,11
111079,4.0,8,5,3.0,0.0,2.0,1.0,2.0,0.0,2.0,0.0,1.0,0.0,2.0,0.0,8
111080,2.0,6,1,1.0,0.0,0.0,1.0,4.0,0.0,,0.0,0.0,1.0,0.0,0.0,6
111081,4.0,1,4,,1.0,,0.0,0.0,0.0,,2.0,,1.0,1.0,0.0,4
111082,4.0,8,6,3.0,0.0,,1.0,4.0,0.0,3.0,0.0,,0.0,3.0,0.0,8
111083,3.0,2,2,,0.0,0.0,1.0,1.0,0.0,,0.0,0.0,1.0,1.0,0.0,2
111084,2.0,9,2,3.0,1.0,,1.0,4.0,0.0,,2.0,,0.0,0.0,0.0,9
111085,1.0,3,3,,0.0,0.0,1.0,1.0,1.0,,1.0,0.0,1.0,0.0,1.0,3
111086,2.0,8,4,3.0,0.0,,1.0,4.0,0.0,2.0,1.0,,1.0,0.0,0.0,8
111087,3.0,9,10,,1.0,4.0,1.0,3.0,0.0,,2.0,4.0,1.0,3.0,0.0,10
111088,3.0,6,5,,3.0,2.0,1.0,0.0,0.0,,2.0,2.0,1.0,0.0,0.0,6
111089,3.0,0,0,,0.0,0.0,0.0,0.0,0.0,,0.0,0.0,0.0,0.0,0.0,0
111090,4.0,13,11,3.0,3.0,1.0,1.0,3.0,2.0,2.0,2.0,1.0,1.0,3.0,2.0,13
111091,2.0,10,7,4.0,0.0,,1.0,4.0,1.0,3.0,0.0,,1.0,2.0,1.0,10
111092,3.0,9,8,3.0,0.0,1.0,1.0,3.0,1.0,3.0,0.0,1.0,1.0,3.0,0.0,9
111093,1.0,7,7,3.0,0.0,0.0,1.0,3.0,0.0,2.0,0.0,0.0,1.0,4.0,0.0,7
111094,3.0,1,1,,0.0,0.0,0.0,1.0,0.0,,0.0,0.0,0.0,1.0,0.0,1
111095,1.0,0,1,,0.0,0.0,0.0,0.0,0.0,,0.0,0.0,1.0,0.0,0.0,1
111096,3.0,5,1,2.0,0.0,,0.0,3.0,0.0,,0.0,,0.0,1.0,0.0,5
111097,3.0,10,9,2.0,0.0,,1.0,3.0,4.0,2.0,0.0,,0.0,3.0,4.0,10
111098,2.0,9,8,2.0,1.0,,1.0,4.0,1.0,1.0,1.0,0.0,1.0,4.0,1.0,9
111099,3.0,8,6,2.0,0.0,1.0,1.0,4.0,0.0,2.0,0.0,0.0,1.0,2.0,1.0,8
111100,1.0,9,11,3.0,0.0,,0.0,3.0,3.0,3.0,0.0,,1.0,4.0,3.0,11
111101,3.0,5,7,1.0,0.0,,1.0,3.0,0.0,3.0,0.0,,1.0,3.0,0.0,7
111102,1.0,6,2,3.0,0.0,,1.0,2.0,0.0,2.0,0.0,,0.0,0.0,0.0,6
111103,3.0,5,5,,0.0,2.0,0.0,1.0,2.0,,0.0,2.0,0.0,1.0,2.0,5
111104,2.0,7,2,2.0,0.0,,1.0,4.0,0.0,,1.0,,1.0,0.0,0.0,7
111105,3.0,10,6,3.0,2.0,0.0,1.0,4.0,0.0,,2.0,0.0,1.0,3.0,0.0,10
111106,3.0,6,7,1.0,0.0,,1.0,2.0,2.0,1.0,1.0,,1.0,3.0,1.0,7
111107,3.0,10,9,3.0,2.0,1.0,1.0,3.0,0.0,3.0,2.0,0.0,0.0,4.0,0.0,10
111108,3.0,6,0,2.0,0.0,0.0,1.0,3.0,0.0,,0.0,0.0,0.0,0.0,0.0,6
111109,3.0,5,4,,0.0,0.0,1.0,1.0,3.0,,0.0,0.0,0.0,1.0,3.0,5
111110,4.0,3,3,,0.0,,0.0,3.0,0.0,,0.0,,0.0,3.0,0.0,3
111111,3.0,2,2,,0.0,,,,2.0,,0.0,,,,2.0,2
111112,3.0,2,1,,0.0,0.0,1.0,0.0,1.0,,0.0,0.0,1.0,0.0,0.0,2
111113,3.0,3,1,,1.0,,1.0,0.0,1.0,,1.0,,0.0,0.0,0.0,3
111114,4.0,9,10,2.0,2.0,,1.0,4.0,0.0,3.0,2.0,,1.0,4.0,0.0,10
111115,3.0,7,6,2.0,0.0,,1.0,4.0,0.0,1.0,0.0,,1.0,4.0,0.0,7
111116,1.0,1,8,,0.0,,0.0,0.0,1.0,2.0,1.0,,1.0,4.0,0.0,8
111117,3.0,7,5,3.0,0.0,0.0,0.0,4.0,0.0,3.0,0.0,0.0,0.0,2.0,0.0,7
111118,3.0,5,4,1.0,1.0,1.0,0.0,0.0,2.0,,1.0,1.0,0.0,0.0,2.0,5
111119,4.0,1,1,,0.0,,1.0,0.0,0.0,1.0,0.0,,0.0,0.0,0.0,1
111120,1.0,6,6,,0.0,,0.0,2.0,4.0,,1.0,,0.0,1.0,4.0,6
111121,2.0,0,0,,,,,,,,,,,,,0
111122,3.0,14,16,3.0,2.0,2.0,0.0,3.0,4.0,2.0,2.0,3.0,1.0,4.0,4.0,16
111123,4.0,2,6,,0.0,,1.0,0.0,1.0,3.0,0.0,,1.0,2.0,0.0,6
111124,4.0,7,7,,3.0,0.0,1.0,0.0,3.0,,3.0,0.0,1.0,0.0,3.0,7
111125,4.0,3,12,,2.0,,0.0,1.0,0.0,3.0,2.0,2.0,1.0,4.0,0.0,12
111126,4.0,2,2,,0.0,,0.0,0.0,2.0,,0.0,0.0,0.0,0.0,2.0,2
111127,3.0,2,1,,0.0,,1.0,1.0,0.0,,0.0,,1.0,0.0,0.0,2
111128,3.0,1,0,,0.0,,1.0,0.0,0.0,,,,0.0,0.0,,1
111129,4.0,7,7,2.0,1.0,,1.0,2.0,1.0,2.0,1.0,,1.0,2.0,1.0,7
111130,1.0,5,1,,0.0,0.0,1.0,4.0,0.0,,0.0,0.0,1.0,0.0,0.0,5
111131,4.0,8,1,3.0,1.0,,1.0,3.0,0.0,,,,0.0,1.0,0.0,8
111132,4.0,14,13,4.0,2.0,2.0,1.0,4.0,1.0,3.0,2.0,2.0,1.0,4.0,1.0,14
111133,4.0,9,5,2.0,0.0,,1.0,4.0,2.0,2.0,0.0,,1.0,2.0,0.0,9
111134,1.0,1,0,,0.0,,1.0,0.0,0.0,,0.0,,0.0,0.0,0.0,1
111135,2.0,9,8,3.0,1.0,,1.0,4.0,0.0,3.0,2.0,,0.0,3.0,0.0,9
111136,3.0,15,14,4.0,1.0,3.0,1.0,4.0,2.0,3.0,2.0,3.0,1.0,4.0,1.0,15
111137,3.0,1,1,,0.0,,1.0,0.0,0.0,,0.0,,1.0,0.0,0.0,1
111138,3.0,6,4,,0.0,2.0,0.0,1.0,3.0,,0.0,2.0,,,2.0,6
111139,4.0,5,5,1.0,0.0,1.0,0.0,3.0,0.0,0.0,1.0,1.0,0.0,3.0,0.0,5
111140,4.0,3,4,0.0,0.0,,0.0,3.0,0.0,1.0,0.0,,0.0,3.0,0.0,4
111141,2.0,8,5,3.0,0.0,,1.0,4.0,0.0,2.0,0.0,,1.0,2.0,0.0,8
111142,3.0,3,7,,0.0,0.0,1.0,0.0,2.0,,1.0,1.0,1.0,3.0,1.0,7
111143,4.0,3,3,2.0,0.0,,0.0,1.0,0.0,2.0,0.0,,0.0,1.0,0.0,3
111144,2.0,8,4,2.0,1.0,,1.0,4.0,0.0,2.0,0.0,0.0,1.0,0.0,1.0,8
111145,3.0,4,4,,0.0,0.0,1.0,0.0,3.0,,0.0,0.0,1.0,0.0,3.0,4
111146,3.0,4,2,2.0,0.0,,1.0,1.0,0.0,,0.0,,1.0,1.0,0.0,4
111147,2.0,10,7,3.0,1.0,,1.0,4.0,1.0,3.0,,,1.0,2.0,1.0,10
111148,3.0,2,1,,0.0,,1.0,0.0,1.0,,0.0,,0.0,0.0,1.0,2
111149,2.0,2,2,,0.0,,1.0,0.0,1.0,,0.0,,1.0,0.0,1.0,2
111150,2.0,7,3,2.0,1.0,,1.0,3.0,0.0,,1.0,,1.0,1.0,0.0,7
111151,3.0,8,9,,3.0,2.0,1.0,1.0,1.0,,3.0,2.0,1.0,2.0,1.0,9
111152,4.0,5,8,0.0,0.0,,1.0,4.0,0.0,1.0,0.0,,1.0,3.0,3.0,8
111153,2.0,3,0,,0.0,,1.0,2.0,0.0,,0.0,,0.0,0.0,0.0,3
111154,4.0,7,8,3.0,0.0,,1.0,3.0,0.0,3.0,1.0,,1.0,3.0,0.0,8
111155,4.0,1,2,,1.0,0.0,0.0,0.0,0.0,,1.0,0.0,0.0,1.0,0.0,2
111156,2.0,9,6,2.0,2.0,,1.0,4.0,0.0,0.0,2.0,,1.0,3.0,0.0,9
111157,3.0,5,4,,0.0,,1.0,0.0,4.0,,0.0,,1.0,0.0,3.0,5
111158,3.0,6,4,2.0,0.0,3.0,0.0,1.0,0.0,2.0,0.0,2.0,0.0,0.0,0.0,6
111159,3.0,7,6,0.0,2.0,0.0,1.0,3.0,1.0,1.0,2.0,0.0,0.0,3.0,0.0,7
111160,3.0,0,0,,,,0.0,0.0,0.0,,0.0,,0.0,0.0,0.0,0
111161,4.0,0,0,,0.0,,0.0,0.0,0.0,,0.0,,0.0,0.0,0.0,0
111162,3.0,10,9,2.0,0.0,0.0,0.0,4.0,4.0,2.0,0.0,0.0,0.0,3.0,4.0,10
111163,4.0,8,6,3.0,2.0,,0.0,3.0,0.0,3.0,1.0,,0.0,2.0,0.0,8
111164,2.0,9,4,2.0,2.0,,1.0,4.0,0.0,,2.0,,1.0,1.0,0.0,9
111165,4.0,4,3,,0.0,,1.0,3.0,0.0,,0.0,,1.0,2.0,0.0,4
111166,3.0,7,7,3.0,1.0,,0.0,2.0,1.0,3.0,1.0,,0.0,2.0,1.0,7
111167,3.0,5,6,2.0,,,0.0,2.0,1.0,4.0,0.0,,1.0,1.0,0.0,6
111168,1.0,7,2,3.0,0.0,0.0,1.0,3.0,0.0,,0.0,0.0,1.0,1.0,0.0,7
111169,3.0,7,7,,4.0,2.0,1.0,0.0,0.0,,4.0,2.0,1.0,0.0,0.0,7
111170,4.0,9,8,3.0,2.0,0.0,1.0,3.0,0.0,3.0,1.0,0.0,0.0,4.0,0.0,9
111171,4.0,5,1,0.0,0.0,,1.0,4.0,0.0,,0.0,,1.0,0.0,0.0,5
111172,4.0,2,3,,,,1.0,1.0,,,0.0,,1.0,2.0,0.0,3
111173,2.0,5,1,,0.0,,1.0,4.0,0.0,,0.0,,1.0,0.0,0.0,5
111174,3.0,10,5,3.0,0.0,,0.0,3.0,4.0,,0.0,,1.0,0.0,4.0,10
111175,2.0,5,2,,0.0,,1.0,4.0,0.0,,1.0,,1.0,0.0,0.0,5
111176,4.0,11,9,3.0,0.0,,1.0,4.0,3.0,3.0,0.0,,1.0,3.0,2.0,11
111177,3.0,7,7,,2.0,4.0,0.0,1.0,0.0,,3.0,4.0,0.0,0.0,0.0,7
111178,1.0,2,1,,0.0,,1.0,0.0,1.0,,0.0,,1.0,0.0,0.0,2
111179,1.0,10,5,2.0,0.0,,1.0,3.0,4.0,,0.0,,1.0,2.0,2.0,10
111180,2.0,3,12,,1.0,,0.0,0.0,2.0,4.0,2.0,0.0,1.0,3.0,2.0,12
111181,3.0,9,10,,2.0,1.0,1.0,4.0,1.0,,2.0,1.0,1.0,4.0,2.0,10
111182,4.0,5,1,1.0,0.0,,1.0,3.0,0.0,,0.0,,1.0,0.0,0.0,5
111183,3.0,7,6,2.0,0.0,0.0,1.0,4.0,0.0,2.0,0.0,0.0,1.0,3.0,0.0,7
111184,4.0,2,5,,0.0,0.0,1.0,0.0,1.0,,2.0,0.0,1.0,1.0,1.0,5
111185,4.0,3,4,,0.0,,1.0,1.0,1.0,,0.0,,1.0,2.0,1.0,4
111186,1.0,7,7,2.0,0.0,0.0,1.0,4.0,0.0,2.0,0.0,0.0,1.0,4.0,0.0,7
111187,4.0,5,5,,1.0,0.0,1.0,3.0,0.0,,1.0,0.0,1.0,3.0,0.0,5
111188,2.0,9,7,3.0,1.0,,1.0,4.0,0.0,2.0,2.0,,1.0,2.0,0.0,9
111189,4.0,0,1,,0.0,0.0,0.0,0.0,0.0,,0.0,0.0,1.0,0.0,0.0,1
111190,3.0,10,9,4.0,0.0,1.0,1.0,4.0,0.0,4.0,0.0,1.0,1.0,3.0,0.0,10
111191,3.0,4,3,,2.0,,1.0,1.0,0.0,,1.0,,1.0,1.0,0.0,4
111192,3.0,4,3,,1.0,0.0,1.0,0.0,2.0,,1.0,0.0,0.0,0.0,2.0,4
111193,2.0,11,9,2.0,1.0,2.0,1.0,4.0,1.0,1.0,1.0,2.0,1.0,3.0,1.0,11
111194,4.0,9,3,3.0,0.0,,1.0,4.0,1.0,2.0,0.0,,0.0,0.0,1.0,9
111195,3.0,10,12,3.0,0.0,2.0,1.0,4.0,0.0,2.0,2.0,2.0,1.0,4.0,1.0,12
111196,2.0,9,3,2.0,2.0,,1.0,4.0,0.0,,2.0,,1.0,0.0,0.0,9
111197,3.0,12,10,3.0,3.0,,1.0,3.0,2.0,,3.0,,1.0,4.0,2.0,12
111198,1.0,5,2,2.0,0.0,,1.0,1.0,1.0,,0.0,0.0,1.0,0.0,1.0,5
111199,1.0,8,8,3.0,0.0,0.0,1.0,4.0,0.0,3.0,1.0,0.0,1.0,3.0,0.0,8
111200,2.0,10,4,3.0,1.0,,1.0,4.0,1.0,,2.0,,1.0,0.0,1.0,10
111201,4.0,4,2,2.0,0.0,,1.0,1.0,0.0,,0.0,,1.0,1.0,0.0,4
111202,1.0,6,11,,2.0,1.0,1.0,0.0,2.0,1.0,2.0,1.0,1.0,4.0,2.0,11
111203,1.0,9,6,4.0,0.0,0.0,1.0,4.0,0.0,2.0,0.0,0.0,1.0,3.0,0.0,9
111204,3.0,9,6,4.0,0.0,,1.0,3.0,1.0,2.0,0.0,,1.0,3.0,0.0,9
111205,4.0,5,4,0.0,0.0,,1.0,4.0,0.0,0.0,0.0,,0.0,4.0,0.0,5
111206,1.0,0,0,,,,,,,,,,,,,0
111207,1.0,5,5,,0.0,,0.0,3.0,2.0,,0.0,,0.0,4.0,1.0,5
111208,4.0,2,2,,0.0,,0.0,2.0,0.0,,0.0,,0.0,2.0,0.0,2
111209,3.0,5,4,1.0,0.0,0.0,1.0,2.0,1.0,2.0,0.0,0.0,0.0,2.0,0.0,5
111210,3.0,9,2,4.0,0.0,,1.0,3.0,1.0,,0.0,,0.0,1.0,1.0,9
111211,3.0,4,4,,3.0,0.0,0.0,0.0,1.0,,3.0,0.0,1.0,0.0,0.0,4
111212,3.0,4,3,2.0,0.0,,0.0,1.0,1.0,,0.0,,1.0,1.0,1.0,4
111213,3.0,4,3,,0.0,,1.0,2.0,1.0,,,,1.0,2.0,,4
111214,1.0,2,3,,1.0,,1.0,0.0,0.0,,1.0,,1.0,1.0,0.0,3
111215,1.0,4,5,,0.0,,1.0,0.0,3.0,,0.0,,1.0,0.0,4.0,5
111216,3.0,10,10,,2.0,2.0,1.0,1.0,4.0,,2.0,2.0,1.0,1.0,4.0,10
111217,2.0,11,11,3.0,1.0,,1.0,4.0,2.0,3.0,1.0,,1.0,4.0,2.0,11
111218,3.0,6,5,,0.0,,0.0,3.0,3.0,,0.0,0.0,0.0,2.0,3.0,6
111219,3.0,7,7,,4.0,2.0,1.0,0.0,0.0,,3.0,3.0,1.0,0.0,0.0,7
111220,3.0,1,0,,0.0,,1.0,0.0,0.0,,,,0.0,0.0,0.0,1
111221,3.0,10,7,4.0,0.0,0.0,1.0,4.0,1.0,3.0,0.0,0.0,1.0,3.0,0.0,10
111222,4.0,4,0,0.0,0.0,,0.0,4.0,0.0,,0.0,,0.0,0.0,0.0,4
111223,2.0,7,1,2.0,0.0,,1.0,4.0,0.0,,0.0,,1.0,0.0,0.0,7
111224,2.0,8,3,3.0,0.0,,1.0,4.0,0.0,2.0,0.0,,1.0,0.0,0.0,8
111225,1.0,3,2,,1.0,,1.0,1.0,0.0,,,,1.0,1.0,,3
111226,4.0,10,11,2.0,2.0,,1.0,4.0,1.0,1.0,2.0,,1.0,4.0,3.0,11
111227,1.0,4,5,,1.0,,0.0,1.0,2.0,,1.0,,1.0,1.0,2.0,5
111228,2.0,8,3,3.0,0.0,,1.0,4.0,0.0,2.0,0.0,,1.0,0.0,0.0,8
111229,3.0,1,1,,0.0,,1.0,0.0,0.0,,0.0,,1.0,0.0,0.0,1
111230,1.0,3,1,2.0,0.0,0.0,1.0,0.0,0.0,,0.0,0.0,1.0,0.0,0.0,3
111231,1.0,6,4,,0.0,,1.0,1.0,4.0,,0.0,,0.0,0.0,4.0,6
111232,4.0,6,8,2.0,0.0,,1.0,3.0,0.0,3.0,1.0,,1.0,3.0,0.0,8
111233,2.0,9,9,3.0,0.0,,1.0,4.0,1.0,3.0,1.0,0.0,1.0,3.0,1.0,9
111234,1.0,8,5,2.0,1.0,0.0,1.0,4.0,0.0,1.0,0.0,0.0,0.0,4.0,0.0,8
111235,4.0,7,7,1.0,1.0,2.0,0.0,3.0,0.0,1.0,1.0,2.0,0.0,3.0,0.0,7
111236,3.0,11,10,3.0,2.0,0.0,1.0,4.0,1.0,3.0,2.0,0.0,1.0,3.0,1.0,11
111237,1.0,0,0,,0.0,,,,0.0,,0.0,,,,0.0,0
111238,3.0,2,2,,0.0,,,,2.0,,0.0,,,,2.0,2
111239,3.0,7,6,3.0,0.0,,1.0,3.0,0.0,3.0,0.0,,0.0,3.0,0.0,7
111240,2.0,7,1,2.0,0.0,,1.0,4.0,0.0,,0.0,,1.0,0.0,0.0,7
111241,2.0,8,0,2.0,0.0,0.0,1.0,4.0,1.0,,0.0,0.0,0.0,0.0,0.0,8
111242,4.0,1,1,,0.0,,1.0,0.0,0.0,,0.0,,1.0,0.0,0.0,1
111243,1.0,13,9,3.0,0.0,2.0,0.0,4.0,4.0,2.0,0.0,2.0,1.0,0.0,4.0,13
111244,1.0,2,3,,0.0,0.0,0.0,0.0,2.0,,1.0,0.0,0.0,0.0,2.0,3
111245,3.0,3,2,,0.0,1.0,1.0,1.0,0.0,,0.0,1.0,1.0,0.0,0.0,3
111246,4.0,5,3,2.0,0.0,,0.0,3.0,0.0,,0.0,,0.0,3.0,0.0,5
111247,4.0,6,6,,0.0,3.0,1.0,0.0,2.0,,0.0,3.0,1.0,0.0,2.0,6
111248,4.0,5,8,1.0,0.0,,1.0,3.0,0.0,2.0,1.0,,1.0,4.0,0.0,8
111249,4.0,14,16,4.0,2.0,1.0,1.0,4.0,2.0,4.0,2.0,2.0,1.0,4.0,3.0,16
111250,1.0,0,6,,0.0,,,,0.0,2.0,1.0,,0.0,3.0,0.0,6
111251,3.0,6,5,3.0,,,0.0,3.0,0.0,2.0,,,0.0,3.0,0.0,6
111252,3.0,1,0,,1.0,,0.0,0.0,0.0,,,,0.0,0.0,0.0,1
111253,4.0,1,0,,0.0,,1.0,0.0,0.0,,0.0,,0.0,0.0,0.0,1
111254,2.0,10,10,3.0,1.0,,1.0,4.0,1.0,3.0,2.0,0.0,1.0,4.0,0.0,10
111255,3.0,3,3,,,,0.0,0.0,3.0,,1.0,,1.0,1.0,0.0,3
111256,4.0,6,8,2.0,1.0,,1.0,2.0,0.0,2.0,0.0,,1.0,2.0,3.0,8
111257,2.0,10,8,4.0,1.0,,1.0,4.0,0.0,3.0,,,1.0,3.0,1.0,10
111258,3.0,5,4,,4.0,0.0,1.0,0.0,0.0,,3.0,0.0,1.0,0.0,0.0,5
111259,4.0,4,5,,0.0,,1.0,2.0,1.0,,0.0,,1.0,3.0,1.0,5
111260,4.0,9,8,2.0,1.0,1.0,1.0,4.0,0.0,3.0,1.0,1.0,0.0,3.0,0.0,9
111261,4.0,5,3,,1.0,0.0,1.0,3.0,0.0,,0.0,0.0,1.0,2.0,0.0,5
111262,2.0,8,4,2.0,1.0,,1.0,4.0,0.0,2.0,1.0,,1.0,0.0,0.0,8
111263,1.0,1,1,,0.0,,1.0,0.0,0.0,,0.0,,1.0,0.0,0.0,1
111264,4.0,6,3,2.0,1.0,0.0,1.0,0.0,2.0,,0.0,0.0,1.0,0.0,2.0,6
111265,3.0,9,10,2.0,0.0,0.0,1.0,4.0,2.0,2.0,1.0,0.0,1.0,4.0,2.0,10
111266,3.0,1,1,,0.0,,1.0,0.0,0.0,,0.0,,1.0,0.0,0.0,1
111267,2.0,9,6,3.0,0.0,0.0,1.0,4.0,1.0,3.0,0.0,0.0,1.0,0.0,2.0,9
111268,2.0,9,3,2.0,1.0,,1.0,4.0,1.0,,1.0,,1.0,0.0,1.0,9
111269,2.0,0,0,,0.0,0.0,,,0.0,,0.0,0.0,,,0.0,0
111270,3.0,0,0,,0.0,0.0,0.0,0.0,0.0,,0.0,0.0,0.0,0.0,0.0,0
111271,2.0,7,3,1.0,1.0,,1.0,4.0,0.0,,1.0,,1.0,0.0,1.0,7
111272,3.0,2,2,,0.0,0.0,1.0,1.0,0.0,,0.0,0.0,1.0,1.0,0.0,2
111273,3.0,1,1,,0.0,,1.0,0.0,0.0,,0.0,,0.0,1.0,0.0,1
111274,2.0,9,9,3.0,1.0,,1.0,4.0,0.0,3.0,1.0,,1.0,4.0,0.0,9
111275,4.0,8,5,2.0,0.0,0.0,1.0,3.0,2.0,2.0,0.0,0.0,0.0,1.0,2.0,8
111276,3.0,6,5,,1.0,0.0,1.0,4.0,0.0,,1.0,0.0,1.0,3.0,0.0,6
111277,3.0,3,2,,0.0,0.0,1.0,0.0,2.0,,0.0,0.0,1.0,0.0,1.0,3
111278,4.0,3,4,,1.0,,1.0,1.0,0.0,,1.0,,0.0,3.0,0.0,4
111279,3.0,2,3,0.0,0.0,,0.0,2.0,0.0,,0.0,,1.0,2.0,0.0,3
111280,3.0,1,1,,0.0,,1.0,0.0,0.0,,0.0,,1.0,0.0,0.0,1
111281,4.0,7,8,3.0,0.0,,1.0,3.0,0.0,3.0,0.0,,1.0,4.0,0.0,8
111282,3.0,0,0,,0.0,,0.0,0.0,0.0,,0.0,,0.0,0.0,0.0,0
111283,1.0,8,8,3.0,0.0,,1.0,3.0,1.0,3.0,0.0,,1.0,3.0,1.0,8
111284,2.0,8,4,3.0,,,1.0,4.0,0.0,2.0,,,1.0,1.0,0.0,8
111285,2.0,7,1,2.0,0.0,,1.0,4.0,0.0,,0.0,,1.0,0.0,0.0,7
111286,4.0,11,10,4.0,0.0,1.0,1.0,4.0,1.0,3.0,1.0,1.0,1.0,4.0,0.0,11
111287,1.0,9,7,2.0,0.0,,1.0,4.0,2.0,2.0,0.0,0.0,1.0,3.0,1.0,9
111288,3.0,11,8,4.0,2.0,1.0,1.0,3.0,0.0,1.0,2.0,1.0,1.0,2.0,1.0,11
111289,3.0,1,7,,0.0,,1.0,0.0,0.0,4.0,0.0,,0.0,3.0,0.0,7
111290,3.0,2,2,,1.0,,0.0,0.0,1.0,,1.0,,1.0,0.0,0.0,2
111291,2.0,10,2,3.0,1.0,,1.0,4.0,1.0,,1.0,,0.0,0.0,1.0,10
111292,3.0,5,4,2.0,0.0,,1.0,2.0,0.0,,0.0,,1.0,3.0,0.0,5
111293,2.0,8,9,2.0,1.0,,1.0,4.0,0.0,3.0,2.0,,1.0,3.0,0.0,9
111294,4.0,1,1,,0.0,,1.0,0.0,0.0,,0.0,,1.0,0.0,0.0,1
111295,2.0,2,3,,0.0,0.0,1.0,0.0,1.0,,0.0,0.0,1.0,1.0,1.0,3
111296,3.0,14,14,3.0,2.0,4.0,0.0,3.0,2.0,3.0,2.0,4.0,0.0,3.0,2.0,14
111297,4.0,3,1,,0.0,,0.0,3.0,0.0,,0.0,,0.0,1.0,0.0,3
111298,3.0,2,1,,0.0,,1.0,1.0,0.0,,,,1.0,0.0,0.0,2
111299,3.0,5,2,2.0,0.0,,1.0,1.0,1.0,,0.0,,1.0,0.0,1.0,5
111300,1.0,9,9,2.0,1.0,0.0,1.0,3.0,2.0,2.0,1.0,0.0,1.0,3.0,2.0,9
111301,1.0,9,6,3.0,2.0,,0.0,4.0,0.0,,1.0,2.0,0.0,3.0,0.0,9
111302,2.0,10,8,2.0,2.0,0.0,1.0,4.0,1.0,2.0,2.0,0.0,1.0,2.0,1.0,10
111303,4.0,7,5,2.0,0.0,,1.0,4.0,0.0,2.0,0.0,,1.0,1.0,1.0,7
111304,4.0,9,9,4.0,0.0,0.0,1.0,4.0,0.0,4.0,0.0,0.0,1.0,4.0,0.0,9
111305,4.0,1,1,,0.0,,1.0,0.0,0.0,,0.0,,1.0,0.0,0.0,1
111306,1.0,8,9,3.0,0.0,0.0,1.0,3.0,1.0,2.0,0.0,0.0,1.0,3.0,3.0,9
111307,3.0,11,9,4.0,0.0,,1.0,4.0,2.0,3.0,0.0,,1.0,3.0,2.0,11
111308,4.0,6,5,1.0,0.0,,1.0,4.0,0.0,,,,1.0,4.0,0.0,6
111309,3.0,4,1,2.0,0.0,,1.0,0.0,1.0,,0.0,,1.0,0.0,0.0,4
111310,4.0,10,9,3.0,1.0,,1.0,4.0,1.0,3.0,3.0,,0.0,2.0,1.0,10
111311,2.0,4,5,,,,0.0,4.0,0.0,,,,1.0,4.0,0.0,5
111312,2.0,7,2,1.0,2.0,,1.0,3.0,0.0,,1.0,,1.0,0.0,0.0,7
111313,3.0,10,7,2.0,2.0,2.0,1.0,3.0,0.0,1.0,,2.0,1.0,3.0,0.0,10
111314,2.0,12,11,4.0,3.0,,1.0,3.0,1.0,4.0,3.0,2.0,1.0,,1.0,12
111315,4.0,9,10,4.0,2.0,,0.0,3.0,0.0,3.0,2.0,,1.0,4.0,0.0,10
111316,4.0,5,5,,2.0,2.0,1.0,0.0,0.0,,2.0,2.0,1.0,0.0,0.0,5
111317,2.0,7,3,2.0,0.0,,1.0,4.0,0.0,,1.0,,1.0,0.0,1.0,7
111318,4.0,1,0,,0.0,,1.0,0.0,0.0,,0.0,,0.0,0.0,0.0,1
111319,3.0,0,0,,0.0,,,,0.0,,0.0,,,,0.0,0
111320,2.0,2,8,2.0,0.0,,0.0,,,2.0,1.0,,1.0,4.0,0.0,8
111321,4.0,3,6,,0.0,1.0,0.0,2.0,0.0,2.0,0.0,1.0,0.0,3.0,0.0,6
111322,1.0,6,5,,0.0,,1.0,1.0,4.0,,0.0,,1.0,1.0,3.0,6
111323,2.0,7,2,1.0,1.0,,1.0,4.0,0.0,,1.0,,1.0,0.0,0.0,7
111324,3.0,11,15,4.0,3.0,,1.0,3.0,0.0,4.0,3.0,4.0,1.0,3.0,0.0,15
111325,4.0,12,12,4.0,2.0,1.0,1.0,4.0,0.0,3.0,3.0,1.0,1.0,4.0,0.0,12
111326,1.0,1,0,,,,1.0,0.0,,,,,0.0,0.0,0.0,1
111327,2.0,3,1,2.0,0.0,,1.0,0.0,0.0,,,,1.0,0.0,0.0,3
111328,2.0,8,7,,0.0,,1.0,3.0,4.0,,0.0,,1.0,3.0,3.0,8
111329,1.0,6,2,4.0,0.0,0.0,1.0,1.0,0.0,,0.0,0.0,1.0,0.0,1.0,6
111330,3.0,5,7,,1.0,,1.0,3.0,0.0,2.0,1.0,,1.0,3.0,0.0,7
111331,2.0,5,1,,0.0,,1.0,4.0,0.0,,0.0,,1.0,0.0,0.0,5
111332,3.0,12,14,0.0,3.0,2.0,0.0,4.0,3.0,3.0,2.0,2.0,0.0,4.0,3.0,14
111333,3.0,10,8,1.0,2.0,,1.0,4.0,2.0,1.0,2.0,,0.0,3.0,2.0,10
111334,4.0,1,1,,0.0,,1.0,0.0,0.0,,0.0,,1.0,0.0,0.0,1
111335,4.0,3,7,,0.0,0.0,1.0,2.0,0.0,3.0,0.0,0.0,1.0,3.0,0.0,7
111336,3.0,3,1,,,,1.0,2.0,,,,,1.0,0.0,,3
111337,2.0,11,3,4.0,2.0,,1.0,4.0,0.0,,1.0,,1.0,1.0,0.0,11
111338,3.0,3,2,,0.0,,1.0,1.0,1.0,,0.0,,1.0,1.0,0.0,3
111339,3.0,13,10,4.0,4.0,1.0,1.0,3.0,0.0,2.0,4.0,1.0,1.0,2.0,0.0,13
111340,3.0,2,0,,0.0,0.0,1.0,1.0,0.0,,0.0,0.0,0.0,0.0,0.0,2
111341,3.0,4,3,,1.0,,1.0,1.0,1.0,,1.0,,1.0,0.0,1.0,4
111342,1.0,7,1,3.0,0.0,0.0,1.0,3.0,0.0,,0.0,0.0,1.0,0.0,0.0,7
111343,2.0,8,10,2.0,1.0,0.0,1.0,4.0,0.0,3.0,2.0,0.0,1.0,4.0,0.0,10
111344,1.0,6,7,2.0,0.0,0.0,1.0,1.0,2.0,2.0,1.0,0.0,1.0,1.0,2.0,7
111345,4.0,5,3,,2.0,,0.0,2.0,1.0,,2.0,,0.0,1.0,0.0,5
111346,3.0,2,1,,1.0,0.0,1.0,0.0,0.0,,0.0,0.0,1.0,0.0,0.0,2
111347,3.0,0,0,,0.0,,,,0.0,,0.0,,,,0.0,0
111348,2.0,6,1,1.0,0.0,,1.0,4.0,0.0,,0.0,,1.0,0.0,0.0,6
111349,2.0,7,6,1.0,2.0,,0.0,4.0,0.0,2.0,1.0,,1.0,2.0,0.0,7
111350,4.0,8,7,2.0,2.0,,0.0,4.0,0.0,2.0,2.0,,0.0,3.0,0.0,8
111351,4.0,0,1,,0.0,,0.0,0.0,0.0,,0.0,,1.0,0.0,0.0,1
111352,2.0,6,5,,1.0,,1.0,4.0,0.0,2.0,1.0,,1.0,1.0,0.0,6
111353,2.0,11,6,3.0,1.0,,1.0,4.0,2.0,2.0,1.0,,1.0,0.0,2.0,11
111354,2.0,9,3,4.0,2.0,,1.0,2.0,0.0,,1.0,,1.0,0.0,1.0,9
111355,3.0,7,7,1.0,0.0,,1.0,3.0,2.0,2.0,0.0,0.0,0.0,3.0,2.0,7
111356,4.0,9,8,,0.0,3.0,1.0,1.0,4.0,,1.0,3.0,1.0,0.0,3.0,9
111357,3.0,1,1,,0.0,,1.0,0.0,0.0,,0.0,,1.0,0.0,0.0,1
111358,3.0,9,5,2.0,3.0,,1.0,3.0,0.0,,3.0,0.0,1.0,1.0,0.0,9
111359,2.0,8,6,2.0,1.0,,1.0,4.0,0.0,2.0,2.0,,0.0,2.0,0.0,8
111360,2.0,1,2,,0.0,,1.0,0.0,0.0,,0.0,,1.0,0.0,1.0,2
111361,1.0,10,10,3.0,0.0,,1.0,4.0,2.0,3.0,0.0,,1.0,4.0,2.0,10
111362,4.0,2,1,,0.0,,1.0,1.0,0.0,,0.0,,0.0,1.0,0.0,2
111363,2.0,6,1,,1.0,,1.0,4.0,0.0,,0.0,,1.0,0.0,0.0,6
111364,3.0,1,3,,0.0,0.0,1.0,0.0,0.0,2.0,0.0,0.0,1.0,0.0,0.0,3
111365,3.0,9,8,4.0,0.0,,1.0,3.0,1.0,3.0,0.0,,1.0,3.0,1.0,9
111366,4.0,10,9,4.0,0.0,,1.0,4.0,1.0,3.0,0.0,,1.0,4.0,1.0,10
111367,4.0,9,7,2.0,0.0,,1.0,2.0,4.0,2.0,0.0,,1.0,0.0,4.0,9
111368,3.0,5,6,,1.0,,1.0,1.0,2.0,,2.0,0.0,1.0,1.0,2.0,6
111369,1.0,1,0,,0.0,0.0,1.0,0.0,0.0,,0.0,0.0,0.0,0.0,0.0,1
111370,1.0,8,10,,1.0,2.0,1.0,0.0,4.0,,1.0,2.0,1.0,2.0,4.0,10
111371,1.0,3,3,,0.0,0.0,1.0,0.0,2.0,,0.0,0.0,1.0,0.0,2.0,3
111372,1.0,4,6,2.0,0.0,,1.0,1.0,0.0,2.0,0.0,,1.0,3.0,0.0,6
111373,3.0,1,1,,,,1.0,0.0,0.0,,0.0,0.0,1.0,0.0,0.0,1
111374,2.0,6,3,0.0,1.0,,1.0,4.0,0.0,,2.0,,1.0,0.0,0.0,6
111375,4.0,1,0,,0.0,,1.0,0.0,0.0,,0.0,,0.0,0.0,0.0,1
111376,2.0,5,2,2.0,0.0,,1.0,2.0,0.0,,1.0,,0.0,1.0,0.0,5
111377,2.0,8,8,2.0,1.0,,1.0,4.0,0.0,1.0,1.0,2.0,1.0,3.0,0.0,8
111378,4.0,7,5,3.0,0.0,,1.0,3.0,0.0,1.0,0.0,,1.0,3.0,0.0,7
111379,3.0,2,1,,1.0,0.0,1.0,0.0,0.0,,,0.0,1.0,0.0,0.0,2
111380,3.0,2,2,,0.0,0.0,1.0,1.0,0.0,,0.0,1.0,1.0,0.0,0.0,2
111381,2.0,8,1,3.0,0.0,,1.0,4.0,0.0,,0.0,,0.0,1.0,0.0,8
111382,4.0,6,5,2.0,1.0,0.0,1.0,2.0,0.0,2.0,0.0,0.0,0.0,3.0,0.0,6
111383,4.0,11,10,3.0,2.0,2.0,0.0,4.0,0.0,3.0,2.0,2.0,0.0,3.0,0.0,11
111384,2.0,8,2,3.0,0.0,,1.0,4.0,0.0,,0.0,,0.0,2.0,0.0,8
111385,2.0,6,3,,1.0,,1.0,4.0,0.0,,2.0,,1.0,0.0,0.0,6
111386,3.0,8,8,3.0,0.0,,0.0,3.0,2.0,3.0,0.0,0.0,1.0,2.0,2.0,8
111387,4.0,2,2,,0.0,,0.0,2.0,0.0,,0.0,,1.0,1.0,0.0,2
111388,3.0,5,4,2.0,0.0,,1.0,1.0,1.0,2.0,0.0,,1.0,1.0,0.0,5
111389,3.0,8,8,2.0,0.0,2.0,1.0,3.0,0.0,1.0,1.0,2.0,0.0,3.0,1.0,8
111390,2.0,9,2,2.0,1.0,,1.0,4.0,1.0,,1.0,,1.0,0.0,0.0,9
111391,3.0,10,8,4.0,0.0,,1.0,4.0,1.0,1.0,0.0,1.0,1.0,4.0,1.0,10
111392,3.0,13,15,4.0,1.0,2.0,1.0,4.0,1.0,3.0,2.0,2.0,1.0,4.0,3.0,15
111393,3.0,5,5,,0.0,0.0,1.0,0.0,4.0,,1.0,0.0,1.0,1.0,2.0,5
111394,3.0,11,11,4.0,1.0,0.0,1.0,3.0,2.0,3.0,2.0,0.0,1.0,4.0,1.0,11
111395,3.0,9,10,3.0,0.0,,1.0,3.0,2.0,3.0,0.0,,1.0,3.0,3.0,10
111396,3.0,5,3,,2.0,0.0,0.0,1.0,2.0,,2.0,0.0,0.0,0.0,1.0,5
111397,3.0,9,4,4.0,0.0,0.0,1.0,4.0,0.0,,0.0,0.0,1.0,3.0,0.0,9
111398,4.0,3,2,,0.0,,1.0,1.0,1.0,,0.0,,1.0,0.0,1.0,3
111399,3.0,12,6,4.0,0.0,,0.0,4.0,4.0,0.0,0.0,0.0,0.0,2.0,4.0,12
111400,2.0,10,10,3.0,0.0,,1.0,2.0,4.0,3.0,0.0,,1.0,2.0,4.0,10
111401,3.0,3,2,,0.0,,1.0,1.0,1.0,,0.0,,1.0,0.0,1.0,3
111402,1.0,1,1,,0.0,,1.0,0.0,0.0,,0.0,,1.0,0.0,0.0,1
111403,4.0,1,4,,0.0,,1.0,0.0,0.0,,0.0,,1.0,3.0,0.0,4
111404,4.0,0,9,,0.0,,0.0,0.0,0.0,4.0,0.0,,1.0,4.0,0.0,9
111405,3.0,7,12,1.0,1.0,0.0,1.0,2.0,2.0,4.0,2.0,0.0,1.0,2.0,3.0,12
111406,3.0,9,4,4.0,0.0,,1.0,4.0,0.0,,0.0,0.0,1.0,3.0,0.0,9
111407,3.0,1,2,,0.0,,1.0,0.0,0.0,,0.0,,1.0,0.0,1.0,2
111408,3.0,6,3,,2.0,0.0,0.0,4.0,0.0,,,0.0,0.0,3.0,0.0,6
111409,4.0,12,6,1.0,2.0,3.0,1.0,4.0,1.0,,2.0,2.0,0.0,0.0,2.0,12
111410,2.0,7,1,2.0,0.0,,1.0,4.0,0.0,,0.0,,1.0,0.0,0.0,7
111411,4.0,2,1,,0.0,,1.0,1.0,0.0,,0.0,,0.0,1.0,0.0,2
111412,4.0,12,10,3.0,2.0,3.0,0.0,4.0,0.0,2.0,2.0,3.0,0.0,3.0,0.0,12
111413,1.0,7,5,2.0,0.0,0.0,1.0,0.0,4.0,,0.0,0.0,1.0,0.0,4.0,7
111414,2.0,9,8,4.0,0.0,0.0,1.0,4.0,0.0,2.0,1.0,0.0,1.0,4.0,0.0,9
111415,3.0,3,1,,0.0,0.0,1.0,2.0,0.0,,0.0,0.0,1.0,0.0,0.0,3
111416,4.0,5,11,,0.0,,1.0,1.0,3.0,4.0,0.0,0.0,1.0,3.0,3.0,11
111417,1.0,1,1,,0.0,,1.0,0.0,0.0,,0.0,,1.0,0.0,0.0,1
111418,4.0,5,6,2.0,1.0,,0.0,2.0,0.0,2.0,2.0,,0.0,2.0,0.0,6
111419,1.0,5,1,1.0,0.0,0.0,1.0,3.0,0.0,,0.0,0.0,1.0,0.0,0.0,5
111420,1.0,1,2,,0.0,,1.0,0.0,0.0,,0.0,,1.0,1.0,0.0,2
111421,3.0,6,6,,4.0,1.0,1.0,0.0,0.0,,4.0,1.0,1.0,0.0,0.0,6
111422,1.0,3,2,,0.0,,1.0,0.0,2.0,,0.0,,1.0,0.0,1.0,3
111423,2.0,7,1,1.0,1.0,,1.0,4.0,0.0,,0.0,,1.0,0.0,0.0,7
111424,3.0,3,4,,0.0,0.0,1.0,0.0,2.0,,1.0,0.0,1.0,0.0,2.0,4
111425,4.0,4,3,2.0,0.0,0.0,1.0,1.0,0.0,2.0,0.0,0.0,0.0,1.0,0.0,4
111426,3.0,6,7,,0.0,0.0,1.0,1.0,4.0,,0.0,0.0,1.0,2.0,4.0,7
111427,3.0,9,7,4.0,0.0,0.0,1.0,4.0,0.0,3.0,0.0,0.0,1.0,3.0,0.0,9
111428,4.0,2,2,,0.0,,1.0,1.0,0.0,,0.0,,1.0,1.0,0.0,2
111429,4.0,9,9,3.0,1.0,,1.0,4.0,0.0,3.0,1.0,,1.0,4.0,0.0,9
111430,3.0,7,6,3.0,1.0,0.0,0.0,3.0,0.0,3.0,1.0,0.0,0.0,2.0,0.0,7
111431,4.0,7,1,2.0,0.0,,1.0,3.0,1.0,,0.0,,1.0,0.0,0.0,7
111432,4.0,7,5,3.0,0.0,,0.0,4.0,0.0,1.0,0.0,,0.0,4.0,0.0,7
111433,2.0,3,2,,0.0,,1.0,2.0,0.0,,1.0,,1.0,0.0,0.0,3
111434,2.0,9,2,3.0,0.0,,1.0,4.0,1.0,,1.0,,1.0,0.0,0.0,9
111435,3.0,12,12,4.0,0.0,0.0,1.0,4.0,3.0,4.0,0.0,0.0,1.0,4.0,3.0,12
111436,4.0,3,1,,0.0,,1.0,2.0,0.0,,0.0,,0.0,1.0,0.0,3
111437,3.0,12,9,4.0,1.0,,1.0,4.0,2.0,1.0,2.0,,0.0,4.0,2.0,12
111438,4.0,4,2,,,,1.0,3.0,0.0,,0.0,,1.0,1.0,0.0,4
111439,1.0,8,9,1.0,0.0,0.0,1.0,4.0,2.0,1.0,0.0,0.0,1.0,4.0,3.0,9
111440,2.0,10,2,3.0,2.0,,1.0,4.0,0.0,,1.0,,1.0,0.0,0.0,10
111441,2.0,6,2,1.0,0.0,,1.0,4.0,0.0,,0.0,,1.0,0.0,1.0,6
111442,3.0,1,1,,0.0,,1.0,0.0,0.0,,0.0,,1.0,0.0,0.0,1
111443,2.0,5,2,1.0,0.0,,1.0,3.0,0.0,,1.0,,1.0,0.0,0.0,5
111444,4.0,8,3,3.0,0.0,,1.0,4.0,0.0,,0.0,,1.0,2.0,0.0,8
111445,3.0,7,1,3.0,0.0,,1.0,3.0,0.0,,0.0,,1.0,0.0,0.0,7
111446,4.0,10,7,3.0,0.0,0.0,1.0,4.0,2.0,2.0,0.0,0.0,1.0,2.0,2.0,10
111447,3.0,4,4,2.0,0.0,0.0,0.0,2.0,0.0,2.0,0.0,0.0,0.0,2.0,0.0,4
111448,1.0,5,5,1.0,0.0,,0.0,4.0,0.0,1.0,0.0,,0.0,4.0,0.0,5
111449,4.0,9,6,2.0,3.0,0.0,1.0,3.0,0.0,2.0,2.0,0.0,0.0,2.0,0.0,9
111450,4.0,1,0,,0.0,,1.0,0.0,0.0,,0.0,,,,0.0,1
111451,3.0,5,5,,0.0,,1.0,2.0,2.0,,0.0,,1.0,1.0,3.0,5
111452,3.0,6,6,2.0,0.0,0.0,1.0,3.0,0.0,2.0,0.0,0.0,1.0,3.0,0.0,6
111453,2.0,7,9,,0.0,,1.0,4.0,2.0,4.0,0.0,,1.0,3.0,1.0,9
111454,3.0,1,2,,0.0,0.0,1.0,0.0,0.0,,,0.0,1.0,1.0,0.0,2
111455,4.0,6,5,0.0,0.0,,1.0,3.0,2.0,1.0,0.0,,0.0,2.0,2.0,6
111456,2.0,8,2,3.0,0.0,,1.0,4.0,0.0,,1.0,,1.0,0.0,0.0,8
111457,2.0,8,4,3.0,0.0,,1.0,4.0,0.0,1.0,,,1.0,2.0,0.0,8
111458,4.0,5,5,,1.0,,0.0,4.0,0.0,1.0,0.0,,0.0,4.0,0.0,5
111459,2.0,8,2,2.0,1.0,,1.0,4.0,0.0,,,,1.0,1.0,0.0,8
111460,3.0,9,9,4.0,0.0,0.0,1.0,4.0,0.0,4.0,0.0,0.0,1.0,4.0,0.0,9
111461,4.0,1,4,,0.0,,1.0,0.0,0.0,2.0,0.0,,1.0,1.0,0.0,4
111462,3.0,7,3,,3.0,0.0,1.0,0.0,3.0,,2.0,0.0,0.0,0.0,1.0,7
111463,4.0,3,2,,0.0,,1.0,1.0,1.0,,0.0,,1.0,0.0,1.0,3
111464,3.0,9,11,3.0,0.0,,1.0,3.0,2.0,4.0,0.0,,1.0,3.0,3.0,11
111465,2.0,7,9,1.0,1.0,,1.0,4.0,0.0,2.0,2.0,,1.0,4.0,0.0,9
111466,2.0,7,4,,1.0,0.0,1.0,4.0,1.0,,1.0,0.0,1.0,2.0,0.0,7
111467,4.0,2,2,,0.0,,1.0,1.0,0.0,,0.0,0.0,1.0,1.0,0.0,2
111468,3.0,3,1,,0.0,0.0,1.0,1.0,1.0,,0.0,0.0,0.0,0.0,1.0,3
111469,2.0,8,2,2.0,1.0,,1.0,4.0,0.0,,1.0,,1.0,0.0,0.0,8
111470,3.0,5,5,,3.0,1.0,1.0,0.0,0.0,,3.0,2.0,0.0,0.0,0.0,5
111471,1.0,11,8,3.0,2.0,0.0,1.0,4.0,1.0,3.0,2.0,0.0,1.0,2.0,0.0,11
111472,3.0,15,15,3.0,2.0,4.0,1.0,4.0,1.0,3.0,2.0,4.0,1.0,4.0,1.0,15
111473,3.0,2,2,0.0,0.0,0.0,0.0,2.0,0.0,0.0,0.0,0.0,0.0,2.0,0.0,2
111474,4.0,4,4,1.0,0.0,0.0,0.0,3.0,0.0,1.0,1.0,0.0,0.0,2.0,0.0,4
111475,3.0,2,2,,0.0,,1.0,0.0,1.0,,0.0,,1.0,0.0,1.0,2
111476,1.0,1,8,,0.0,,1.0,0.0,0.0,3.0,0.0,,1.0,4.0,0.0,8
111477,1.0,4,5,,1.0,0.0,1.0,0.0,2.0,,1.0,0.0,1.0,0.0,3.0,5
111478,4.0,13,10,2.0,2.0,3.0,0.0,4.0,2.0,2.0,2.0,2.0,1.0,0.0,3.0,13
111479,4.0,4,3,1.0,0.0,,0.0,3.0,0.0,0.0,0.0,,0.0,3.0,0.0,4
111480,2.0,7,7,3.0,0.0,0.0,1.0,3.0,0.0,3.0,0.0,0.0,1.0,3.0,0.0,7
111481,1.0,0,2,,0.0,,0.0,0.0,0.0,,,,1.0,1.0,0.0,2
111482,2.0,0,0,,0.0,0.0,,,0.0,,0.0,0.0,,,0.0,0
111483,3.0,4,2,,,,0.0,4.0,0.0,,,,0.0,2.0,0.0,4
111484,1.0,5,6,1.0,0.0,0.0,0.0,4.0,0.0,2.0,0.0,0.0,0.0,4.0,0.0,6
111485,3.0,6,4,2.0,0.0,,1.0,3.0,0.0,,0.0,,1.0,3.0,0.0,6
111486,4.0,0,1,,0.0,,0.0,0.0,0.0,,,,1.0,0.0,0.0,1
111487,1.0,7,6,3.0,0.0,0.0,1.0,3.0,0.0,3.0,0.0,0.0,1.0,2.0,0.0,7
111488,2.0,8,2,3.0,0.0,,1.0,4.0,0.0,,0.0,,1.0,0.0,1.0,8
111489,4.0,8,8,2.0,2.0,,1.0,3.0,0.0,2.0,2.0,,1.0,3.0,0.0,8
111490,2.0,3,3,,1.0,,1.0,1.0,0.0,,1.0,,1.0,1.0,0.0,3
111491,4.0,6,5,0.0,0.0,,1.0,4.0,1.0,0.0,0.0,,1.0,3.0,1.0,6
111492,2.0,8,5,3.0,,,1.0,4.0,0.0,0.0,,,1.0,4.0,0.0,8
111493,2.0,7,3,1.0,1.0,,1.0,4.0,0.0,,1.0,,1.0,1.0,0.0,7
111494,4.0,6,6,1.0,0.0,0.0,0.0,3.0,2.0,1.0,0.0,0.0,0.0,3.0,2.0,6
111495,3.0,4,5,,1.0,2.0,1.0,0.0,0.0,,2.0,1.0,1.0,1.0,0.0,5
111496,1.0,4,3,,1.0,0.0,1.0,1.0,1.0,,1.0,0.0,1.0,0.0,1.0,4
111497,4.0,1,0,,0.0,,1.0,0.0,0.0,,0.0,,0.0,0.0,0.0,1
111498,4.0,8,6,3.0,1.0,,1.0,3.0,0.0,2.0,0.0,,1.0,3.0,0.0,8
111499,3.0,7,6,2.0,1.0,0.0,1.0,3.0,0.0,2.0,0.0,0.0,1.0,3.0,0.0,7
111500,2.0,8,4,2.0,1.0,,1.0,4.0,0.0,,1.0,,1.0,1.0,1.0,8
111501,4.0,0,1,,0.0,,0.0,0.0,0.0,,0.0,,0.0,1.0,0.0,1
111502,3.0,5,6,,0.0,,1.0,1.0,3.0,,0.0,,1.0,1.0,4.0,6
111503,3.0,9,3,1.0,1.0,2.0,1.0,3.0,1.0,,0.0,0.0,1.0,2.0,0.0,9
111504,4.0,5,4,2.0,0.0,,1.0,1.0,1.0,2.0,1.0,,1.0,0.0,0.0,5
111505,4.0,3,6,,1.0,2.0,0.0,0.0,0.0,,2.0,2.0,1.0,1.0,0.0,6
111506,4.0,2,2,,,,1.0,1.0,0.0,,,,1.0,1.0,0.0,2
111507,2.0,8,3,2.0,1.0,,1.0,4.0,0.0,,2.0,,1.0,0.0,0.0,8
111508,2.0,9,2,3.0,0.0,,1.0,4.0,1.0,,0.0,,1.0,0.0,1.0,9
111509,2.0,5,1,3.0,1.0,,1.0,0.0,0.0,,0.0,,1.0,0.0,0.0,5
111510,3.0,10,12,4.0,0.0,0.0,0.0,3.0,3.0,3.0,1.0,0.0,1.0,3.0,4.0,12
111511,3.0,6,7,2.0,0.0,,1.0,1.0,2.0,3.0,0.0,,1.0,1.0,2.0,7
111512,4.0,9,9,2.0,2.0,,1.0,3.0,1.0,3.0,2.0,,1.0,2.0,1.0,9
111513,3.0,10,8,3.0,2.0,,1.0,3.0,1.0,2.0,2.0,,0.0,3.0,1.0,10
111514,3.0,9,9,4.0,1.0,0.0,0.0,3.0,1.0,4.0,0.0,0.0,1.0,3.0,1.0,9
111515,3.0,10,9,4.0,0.0,2.0,1.0,3.0,0.0,3.0,0.0,2.0,0.0,4.0,0.0,10
111516,3.0,8,11,,0.0,3.0,1.0,3.0,1.0,3.0,0.0,3.0,1.0,3.0,1.0,11
111517,4.0,8,8,2.0,2.0,1.0,0.0,3.0,0.0,3.0,2.0,0.0,0.0,3.0,0.0,8
111518,4.0,7,5,1.0,0.0,1.0,1.0,4.0,0.0,0.0,0.0,1.0,0.0,4.0,0.0,7
111519,3.0,6,1,2.0,0.0,0.0,0.0,3.0,1.0,,0.0,0.0,0.0,1.0,0.0,6
111520,3.0,1,1,,0.0,0.0,1.0,0.0,0.0,,,0.0,0.0,1.0,,1
111521,3.0,4,0,,0.0,0.0,1.0,3.0,0.0,,0.0,0.0,0.0,0.0,0.0,4
111522,3.0,10,8,4.0,0.0,0.0,1.0,4.0,1.0,2.0,0.0,0.0,1.0,4.0,1.0,10
111523,3.0,8,5,2.0,2.0,0.0,1.0,3.0,0.0,,2.0,0.0,0.0,3.0,0.0,8
111524,3.0,9,7,4.0,2.0,,0.0,3.0,0.0,3.0,1.0,,0.0,3.0,0.0,9
111525,4.0,5,7,1.0,,,0.0,4.0,0.0,2.0,,,1.0,4.0,0.0,7
111526,4.0,8,6,4.0,0.0,,0.0,4.0,0.0,2.0,0.0,,0.0,4.0,0.0,8
111527,3.0,7,6,2.0,1.0,0.0,0.0,3.0,1.0,2.0,1.0,0.0,0.0,2.0,1.0,7
111528,1.0,1,9,,1.0,0.0,0.0,0.0,0.0,2.0,2.0,0.0,1.0,4.0,0.0,9
111529,4.0,11,12,4.0,1.0,,1.0,4.0,1.0,3.0,2.0,1.0,1.0,4.0,1.0,12
111530,3.0,5,5,,0.0,0.0,1.0,3.0,1.0,3.0,0.0,0.0,0.0,2.0,0.0,5
111531,3.0,3,3,,0.0,,0.0,3.0,0.0,0.0,0.0,,0.0,3.0,0.0,3
111532,4.0,6,5,2.0,0.0,0.0,1.0,3.0,0.0,2.0,0.0,0.0,0.0,3.0,0.0,6
111533,1.0,1,1,,0.0,0.0,1.0,0.0,0.0,,0.0,0.0,1.0,0.0,0.0,1
111534,2.0,1,10,,0.0,,1.0,0.0,0.0,4.0,1.0,,1.0,4.0,0.0,10
111535,3.0,3,1,,2.0,0.0,0.0,0.0,1.0,,1.0,0.0,0.0,0.0,0.0,3
111536,4.0,3,2,,0.0,0.0,1.0,1.0,1.0,,0.0,0.0,1.0,0.0,1.0,3
111537,3.0,14,11,4.0,3.0,2.0,1.0,4.0,0.0,,,2.0,1.0,4.0,4.0,14
111538,3.0,9,5,4.0,0.0,,1.0,4.0,0.0,3.0,0.0,,0.0,2.0,0.0,9
111539,3.0,4,6,,0.0,,1.0,3.0,0.0,,1.0,,1.0,4.0,0.0,6
111540,4.0,5,3,1.0,1.0,,1.0,2.0,0.0,1.0,1.0,,1.0,0.0,0.0,5
111541,3.0,9,8,4.0,0.0,,1.0,4.0,0.0,3.0,0.0,,1.0,4.0,0.0,9
111542,2.0,6,2,,1.0,0.0,1.0,4.0,0.0,,1.0,0.0,1.0,0.0,0.0,6
111543,2.0,9,3,3.0,0.0,,1.0,4.0,1.0,,1.0,,1.0,0.0,1.0,9
111544,1.0,3,0,2.0,0.0,,1.0,0.0,0.0,,0.0,0.0,0.0,0.0,0.0,3
111545,3.0,3,3,,0.0,,1.0,0.0,2.0,,0.0,,1.0,0.0,2.0,3
111546,3.0,9,10,3.0,1.0,0.0,1.0,4.0,0.0,4.0,1.0,0.0,1.0,4.0,0.0,10
111547,1.0,8,8,,0.0,4.0,1.0,1.0,2.0,,0.0,4.0,1.0,1.0,2.0,8
111548,3.0,5,6,,2.0,,1.0,2.0,0.0,,2.0,,1.0,3.0,0.0,6
111549,3.0,9,11,,3.0,3.0,1.0,2.0,0.0,2.0,3.0,2.0,1.0,3.0,0.0,11
111550,4.0,5,7,2.0,0.0,,1.0,0.0,2.0,2.0,0.0,,1.0,1.0,3.0,7
111551,4.0,11,11,3.0,3.0,1.0,1.0,2.0,1.0,3.0,3.0,2.0,1.0,2.0,0.0,11
111552,1.0,6,5,2.0,,,1.0,3.0,0.0,2.0,,,1.0,2.0,0.0,6
111553,1.0,0,1,,0.0,,0.0,0.0,0.0,,0.0,,1.0,0.0,0.0,1
111554,3.0,4,5,,0.0,0.0,1.0,3.0,0.0,1.0,0.0,0.0,1.0,3.0,0.0,5
111555,1.0,2,0,,0.0,,1.0,1.0,0.0,,0.0,,0.0,0.0,0.0,2
111556,3.0,2,4,,0.0,1.0,0.0,1.0,0.0,,0.0,1.0,1.0,1.0,1.0,4
111557,4.0,7,7,3.0,0.0,,1.0,3.0,0.0,3.0,0.0,,1.0,3.0,0.0,7
111558,1.0,1,1,,0.0,,1.0,0.0,0.0,,0.0,,1.0,0.0,0.0,1
111559,3.0,7,7,,0.0,4.0,0.0,1.0,2.0,,0.0,4.0,0.0,1.0,2.0,7
111560,3.0,4,3,,0.0,,1.0,3.0,0.0,,0.0,,0.0,3.0,0.0,4
111561,3.0,5,8,,0.0,0.0,1.0,3.0,1.0,3.0,0.0,0.0,1.0,3.0,1.0,8
111562,4.0,3,3,0.0,0.0,,0.0,3.0,0.0,,0.0,,0.0,3.0,0.0,3
111563,3.0,0,1,,0.0,0.0,0.0,0.0,0.0,,0.0,0.0,1.0,0.0,0.0,1
111564,4.0,1,1,,0.0,,1.0,0.0,0.0,,0.0,,1.0,0.0,0.0,1
111565,4.0,9,4,1.0,1.0,3.0,1.0,3.0,0.0,,2.0,2.0,0.0,0.0,0.0,9
111566,4.0,6,3,2.0,0.0,,1.0,3.0,0.0,1.0,0.0,,0.0,2.0,0.0,6
111567,4.0,8,5,2.0,1.0,2.0,0.0,3.0,0.0,2.0,0.0,0.0,1.0,2.0,0.0,8
111568,3.0,7,6,,0.0,0.0,1.0,2.0,4.0,,0.0,0.0,1.0,1.0,4.0,7
111569,1.0,5,5,2.0,0.0,,1.0,1.0,1.0,2.0,0.0,,1.0,1.0,1.0,5
111570,4.0,7,9,1.0,1.0,,1.0,4.0,0.0,3.0,2.0,,1.0,3.0,0.0,9
111571,1.0,8,5,1.0,0.0,1.0,1.0,3.0,2.0,1.0,0.0,0.0,1.0,3.0,0.0,8
111572,3.0,6,4,2.0,1.0,,1.0,2.0,0.0,1.0,0.0,,1.0,2.0,0.0,6
111573,1.0,10,4,4.0,0.0,0.0,1.0,4.0,1.0,2.0,0.0,0.0,0.0,1.0,1.0,10
111574,1.0,2,4,,0.0,1.0,1.0,0.0,0.0,,1.0,1.0,1.0,1.0,0.0,4
111575,1.0,2,3,,0.0,0.0,1.0,0.0,1.0,,0.0,0.0,1.0,1.0,1.0,3
111576,3.0,4,4,,,0.0,1.0,3.0,0.0,,0.0,0.0,1.0,3.0,0.0,4
111577,3.0,12,11,3.0,2.0,2.0,1.0,3.0,1.0,3.0,2.0,1.0,1.0,3.0,1.0,12
111578,2.0,6,3,,1.0,,1.0,4.0,0.0,,2.0,,1.0,0.0,0.0,6
111579,3.0,1,1,,0.0,0.0,1.0,0.0,0.0,,0.0,0.0,1.0,0.0,0.0,1
111580,4.0,1,2,,0.0,,0.0,1.0,0.0,,1.0,,0.0,1.0,0.0,2
111581,2.0,3,1,,0.0,,1.0,2.0,0.0,,0.0,,1.0,0.0,0.0,3
111582,1.0,8,5,2.0,0.0,0.0,1.0,4.0,1.0,2.0,0.0,0.0,0.0,2.0,1.0,8
111583,2.0,8,3,2.0,1.0,,1.0,4.0,0.0,,1.0,,1.0,0.0,1.0,8
111584,4.0,4,3,0.0,0.0,0.0,0.0,4.0,0.0,0.0,0.0,0.0,0.0,3.0,0.0,4
111585,3.0,4,4,,3.0,0.0,1.0,0.0,0.0,,3.0,0.0,1.0,0.0,0.0,4
111586,3.0,8,4,3.0,0.0,0.0,0.0,4.0,1.0,2.0,0.0,0.0,0.0,2.0,0.0,8
111587,4.0,6,6,3.0,0.0,,1.0,2.0,0.0,3.0,0.0,,1.0,2.0,0.0,6
111588,1.0,2,4,,0.0,2.0,0.0,0.0,0.0,,1.0,2.0,1.0,0.0,0.0,4
111589,4.0,12,7,2.0,2.0,2.0,1.0,4.0,1.0,2.0,2.0,1.0,0.0,0.0,2.0,12
111590,3.0,5,4,,0.0,,1.0,4.0,0.0,,0.0,0.0,1.0,3.0,0.0,5
111591,2.0,7,0,2.0,0.0,,1.0,4.0,0.0,,0.0,,0.0,0.0,0.0,7
111592,2.0,11,12,3.0,1.0,2.0,1.0,4.0,0.0,1.0,1.0,2.0,1.0,4.0,3.0,12
111593,3.0,8,9,4.0,2.0,,0.0,2.0,0.0,1.0,2.0,3.0,1.0,2.0,0.0,9
111594,2.0,8,1,2.0,1.0,,1.0,4.0,0.0,,0.0,,1.0,0.0,0.0,8
111595,4.0,5,6,,0.0,0.0,1.0,1.0,3.0,2.0,0.0,0.0,1.0,0.0,3.0,6
111596,4.0,1,2,,0.0,,0.0,1.0,0.0,,0.0,,0.0,2.0,0.0,2
111597,1.0,10,10,2.0,0.0,0.0,1.0,4.0,3.0,3.0,0.0,0.0,1.0,3.0,3.0,10
111598,4.0,3,3,0.0,0.0,0.0,0.0,3.0,0.0,,0.0,0.0,0.0,3.0,0.0,3
111599,1.0,1,1,,0.0,,0.0,0.0,1.0,,0.0,,0.0,0.0,1.0,1
111600,3.0,2,0,,1.0,,1.0,0.0,0.0,,0.0,,0.0,0.0,0.0,2
111601,2.0,10,12,3.0,0.0,1.0,1.0,4.0,1.0,3.0,1.0,1.0,1.0,4.0,2.0,12
111602,2.0,0,1,,0.0,,0.0,0.0,0.0,,0.0,,1.0,0.0,0.0,1
111603,2.0,7,2,2.0,0.0,,1.0,4.0,0.0,,1.0,,1.0,0.0,0.0,7
111604,3.0,7,6,3.0,0.0,,1.0,3.0,0.0,3.0,0.0,,0.0,3.0,0.0,7
111605,4.0,7,4,2.0,0.0,0.0,1.0,4.0,0.0,0.0,0.0,0.0,1.0,3.0,0.0,7
111606,2.0,9,3,3.0,1.0,,1.0,4.0,0.0,,1.0,,1.0,1.0,0.0,9
111607,3.0,10,8,4.0,0.0,2.0,1.0,3.0,0.0,2.0,0.0,2.0,1.0,3.0,0.0,10
111608,4.0,9,6,2.0,1.0,3.0,0.0,3.0,0.0,,2.0,3.0,0.0,1.0,0.0,9
111609,4.0,8,2,2.0,0.0,2.0,0.0,4.0,0.0,,0.0,2.0,0.0,0.0,0.0,8
111610,1.0,9,9,3.0,0.0,,1.0,3.0,2.0,3.0,0.0,,1.0,3.0,2.0,9
111611,4.0,7,4,2.0,0.0,,0.0,4.0,1.0,,0.0,,0.0,3.0,1.0,7
111612,3.0,8,5,3.0,1.0,0.0,1.0,3.0,0.0,,1.0,0.0,1.0,3.0,0.0,8
111613,3.0,2,2,,2.0,0.0,,,0.0,,2.0,0.0,,,0.0,2
111614,4.0,8,0,3.0,0.0,1.0,1.0,3.0,0.0,,0.0,0.0,0.0,0.0,0.0,8
111615,3.0,6,7,3.0,0.0,,0.0,3.0,0.0,1.0,1.0,,1.0,4.0,0.0,7
111616,4.0,9,1,3.0,1.0,0.0,1.0,4.0,0.0,,1.0,0.0,0.0,0.0,0.0,9
111617,2.0,8,4,2.0,0.0,,1.0,4.0,1.0,,1.0,,1.0,0.0,2.0,8
111618,3.0,6,5,2.0,0.0,,1.0,1.0,2.0,2.0,0.0,,1.0,0.0,2.0,6
111619,2.0,6,9,3.0,0.0,,1.0,2.0,0.0,3.0,1.0,,1.0,4.0,0.0,9
111620,2.0,7,1,2.0,0.0,,1.0,4.0,0.0,,0.0,,1.0,0.0,0.0,7
111621,2.0,6,2,1.0,0.0,,1.0,4.0,0.0,,1.0,,1.0,0.0,0.0,6
111622,3.0,10,10,,2.0,2.0,1.0,3.0,2.0,,2.0,2.0,1.0,2.0,3.0,10
111623,2.0,9,9,3.0,1.0,,1.0,4.0,0.0,3.0,2.0,,1.0,3.0,0.0,9
111624,3.0,0,0,,0.0,,0.0,0.0,0.0,,0.0,,0.0,0.0,0.0,0
111625,3.0,14,8,3.0,2.0,1.0,1.0,4.0,3.0,1.0,2.0,0.0,1.0,2.0,2.0,14
111626,4.0,2,7,,0.0,,1.0,1.0,0.0,2.0,1.0,,1.0,3.0,0.0,7
111627,2.0,8,3,2.0,1.0,,1.0,4.0,0.0,,1.0,,1.0,0.0,1.0,8
111628,1.0,1,1,,0.0,0.0,1.0,0.0,0.0,,,0.0,1.0,0.0,0.0,1
111629,4.0,5,5,,0.0,0.0,1.0,0.0,4.0,,0.0,0.0,1.0,0.0,4.0,5
111630,1.0,8,2,2.0,1.0,0.0,1.0,4.0,0.0,,1.0,0.0,1.0,0.0,0.0,8
111631,2.0,3,3,,,,1.0,2.0,,,,,0.0,3.0,,3
111632,2.0,10,5,2.0,3.0,,1.0,4.0,0.0,2.0,2.0,,1.0,0.0,0.0,10
111633,1.0,9,11,3.0,0.0,,1.0,3.0,2.0,3.0,0.0,,1.0,3.0,4.0,11
111634,1.0,5,10,,1.0,,1.0,3.0,0.0,3.0,1.0,0.0,1.0,4.0,1.0,10
111635,1.0,1,1,,0.0,0.0,1.0,0.0,0.0,,0.0,0.0,1.0,0.0,0.0,1
111636,3.0,1,1,,0.0,,1.0,0.0,0.0,,0.0,,1.0,0.0,0.0,1
111637,3.0,3,5,,0.0,0.0,0.0,0.0,3.0,,0.0,0.0,1.0,0.0,4.0,5
111638,4.0,2,11,,0.0,0.0,1.0,1.0,0.0,2.0,0.0,1.0,1.0,4.0,3.0,11
111639,3.0,4,4,,0.0,0.0,0.0,0.0,4.0,,0.0,0.0,0.0,0.0,4.0,4
111640,2.0,9,2,4.0,0.0,,1.0,4.0,0.0,,1.0,0.0,1.0,0.0,0.0,9
111641,2.0,9,2,3.0,1.0,,1.0,4.0,0.0,,1.0,,1.0,0.0,0.0,9
111642,4.0,18,15,3.0,2.0,4.0,1.0,4.0,4.0,2.0,2.0,3.0,1.0,3.0,4.0,18
111643,4.0,7,6,3.0,0.0,,1.0,3.0,0.0,3.0,0.0,,0.0,3.0,0.0,7
111644,3.0,1,3,,,,1.0,0.0,0.0,,2.0,0.0,1.0,0.0,0.0,3
111645,3.0,15,14,4.0,2.0,2.0,1.0,4.0,2.0,3.0,2.0,2.0,1.0,4.0,2.0,15
111646,3.0,7,9,3.0,0.0,0.0,1.0,2.0,1.0,4.0,0.0,1.0,1.0,2.0,1.0,9
111647,3.0,12,10,3.0,0.0,3.0,1.0,4.0,1.0,1.0,1.0,3.0,0.0,4.0,1.0,12
111648,4.0,2,0,,0.0,,1.0,1.0,0.0,,0.0,,0.0,0.0,0.0,2
111649,3.0,10,9,,2.0,3.0,1.0,4.0,0.0,,2.0,3.0,1.0,3.0,0.0,10
111650,3.0,11,8,,3.0,2.0,0.0,2.0,4.0,,3.0,0.0,0.0,2.0,3.0,11
111651,3.0,1,4,,,,1.0,0.0,0.0,3.0,,,0.0,1.0,0.0,4
111652,1.0,3,3,,0.0,,1.0,0.0,2.0,,0.0,,0.0,1.0,2.0,3
111653,3.0,5,11,,0.0,2.0,1.0,2.0,0.0,4.0,0.0,2.0,1.0,4.0,0.0,11
111654,3.0,2,2,,0.0,0.0,0.0,0.0,2.0,2.0,0.0,0.0,0.0,0.0,0.0,2
111655,4.0,1,1,,0.0,,1.0,0.0,0.0,,0.0,,1.0,0.0,0.0,1
111656,3.0,5,6,,3.0,,1.0,0.0,1.0,,3.0,,1.0,0.0,2.0,6
111657,2.0,7,1,3.0,0.0,,0.0,4.0,0.0,,0.0,,1.0,0.0,0.0,7
111658,4.0,6,6,3.0,0.0,,1.0,2.0,0.0,3.0,0.0,,0.0,3.0,0.0,6
111659,4.0,9,9,3.0,1.0,,1.0,1.0,3.0,2.0,0.0,,1.0,2.0,4.0,9
111660,3.0,5,9,,2.0,,1.0,0.0,2.0,1.0,2.0,,1.0,3.0,2.0,9
111661,2.0,5,1,0.0,0.0,,1.0,4.0,0.0,,,,1.0,0.0,0.0,5
111662,1.0,4,4,,0.0,1.0,1.0,0.0,2.0,,0.0,1.0,1.0,0.0,2.0,4
111663,4.0,6,3,2.0,0.0,,0.0,4.0,0.0,,0.0,,0.0,3.0,0.0,6
111664,3.0,3,3,,1.0,,1.0,0.0,1.0,,2.0,,1.0,0.0,0.0,3
111665,3.0,7,6,,1.0,,1.0,1.0,4.0,,2.0,,1.0,0.0,3.0,7
111666,2.0,8,2,2.0,1.0,,1.0,4.0,0.0,,1.0,,1.0,0.0,0.0,8
111667,3.0,8,8,,2.0,,1.0,1.0,4.0,,2.0,,1.0,1.0,4.0,8
111668,2.0,11,9,3.0,2.0,0.0,1.0,4.0,1.0,2.0,2.0,0.0,1.0,3.0,1.0,11
111669,3.0,1,1,,0.0,0.0,0.0,1.0,0.0,,0.0,0.0,0.0,1.0,0.0,1
111670,2.0,6,2,1.0,0.0,,1.0,4.0,0.0,,1.0,,1.0,0.0,0.0,6
111671,4.0,5,5,0.0,0.0,0.0,1.0,4.0,0.0,0.0,0.0,0.0,1.0,4.0,0.0,5
111672,1.0,1,2,,0.0,,0.0,0.0,1.0,,0.0,,1.0,0.0,1.0,2
111673,4.0,14,14,3.0,2.0,,1.0,4.0,4.0,3.0,2.0,,1.0,4.0,4.0,14
111674,4.0,14,12,3.0,2.0,0.0,1.0,4.0,4.0,2.0,1.0,0.0,1.0,4.0,4.0,14
111675,3.0,4,1,1.0,0.0,0.0,0.0,3.0,0.0,,0.0,0.0,0.0,1.0,0.0,4
111676,4.0,8,6,2.0,0.0,0.0,1.0,4.0,1.0,1.0,0.0,0.0,1.0,3.0,1.0,8
111677,3.0,6,4,2.0,0.0,2.0,1.0,1.0,0.0,,0.0,2.0,1.0,1.0,0.0,6
111678,1.0,7,1,3.0,0.0,0.0,0.0,3.0,1.0,,0.0,0.0,0.0,0.0,1.0,7
111679,1.0,0,0,,0.0,,0.0,0.0,0.0,,0.0,,0.0,0.0,0.0,0
111680,4.0,7,7,2.0,0.0,,1.0,4.0,0.0,3.0,0.0,,1.0,3.0,0.0,7
111681,4.0,4,5,1.0,0.0,,0.0,3.0,0.0,2.0,0.0,,0.0,3.0,0.0,5
111682,4.0,7,6,2.0,0.0,,1.0,3.0,1.0,1.0,0.0,,1.0,3.0,1.0,7
111683,1.0,7,6,,1.0,0.0,1.0,4.0,1.0,,0.0,0.0,1.0,4.0,1.0,7
111684,2.0,3,1,3.0,0.0,,0.0,0.0,0.0,,0.0,,1.0,0.0,0.0,3
111685,4.0,7,7,2.0,1.0,0.0,0.0,4.0,0.0,2.0,1.0,0.0,0.0,4.0,0.0,7
111686,4.0,9,8,3.0,2.0,,1.0,3.0,0.0,3.0,1.0,,1.0,3.0,0.0,9
111687,3.0,0,0,,0.0,0.0,0.0,0.0,0.0,,0.0,0.0,0.0,0.0,0.0,0
111688,3.0,2,0,,0.0,,1.0,1.0,0.0,,0.0,,0.0,0.0,0.0,2
111689,1.0,10,6,2.0,,,1.0,3.0,4.0,,0.0,,1.0,1.0,4.0,10
111690,4.0,5,4,0.0,0.0,,1.0,4.0,0.0,,0.0,,1.0,3.0,0.0,5
111691,2.0,11,11,3.0,1.0,2.0,1.0,4.0,0.0,2.0,2.0,2.0,1.0,4.0,0.0,11
111692,1.0,6,5,1.0,0.0,,1.0,4.0,0.0,1.0,0.0,,0.0,4.0,0.0,6
111693,3.0,8,8,,0.0,4.0,1.0,1.0,2.0,,0.0,4.0,1.0,2.0,1.0,8
111694,1.0,5,6,,1.0,,0.0,0.0,4.0,,1.0,,1.0,0.0,4.0,6
111695,2.0,8,3,2.0,0.0,,1.0,4.0,1.0,,0.0,,1.0,0.0,2.0,8
111696,3.0,5,5,,0.0,0.0,0.0,1.0,4.0,,0.0,0.0,0.0,1.0,4.0,5
111697,3.0,7,6,,0.0,0.0,1.0,2.0,4.0,,0.0,0.0,1.0,3.0,2.0,7
111698,3.0,5,7,,0.0,,1.0,4.0,0.0,3.0,0.0,,1.0,3.0,0.0,7
111699,4.0,9,8,4.0,1.0,,0.0,3.0,1.0,1.0,1.0,2.0,0.0,3.0,1.0,9
111700,2.0,9,7,3.0,1.0,,0.0,4.0,1.0,3.0,1.0,,0.0,2.0,1.0,9
111701,4.0,5,6,1.0,0.0,0.0,1.0,3.0,0.0,2.0,0.0,0.0,1.0,3.0,0.0,6
111702,3.0,4,4,,2.0,0.0,1.0,1.0,0.0,,2.0,0.0,0.0,2.0,0.0,4
111703,2.0,9,3,2.0,1.0,,1.0,4.0,1.0,1.0,2.0,,0.0,0.0,0.0,9
111704,1.0,5,5,,0.0,,1.0,0.0,4.0,,0.0,,1.0,0.0,4.0,5
111705,2.0,10,11,2.0,0.0,0.0,1.0,4.0,3.0,3.0,0.0,0.0,1.0,4.0,3.0,11
111706,4.0,6,7,3.0,0.0,0.0,1.0,2.0,0.0,3.0,0.0,0.0,1.0,3.0,0.0,7
111707,3.0,2,1,,0.0,0.0,0.0,2.0,0.0,,0.0,0.0,0.0,1.0,0.0,2
111708,3.0,1,2,,0.0,,0.0,1.0,0.0,,0.0,,1.0,1.0,0.0,2
111709,2.0,9,2,3.0,1.0,,1.0,4.0,0.0,,0.0,,1.0,0.0,1.0,9
111710,2.0,9,3,2.0,2.0,,1.0,4.0,0.0,,1.0,,1.0,0.0,1.0,9
111711,4.0,2,4,,0.0,2.0,0.0,0.0,0.0,2.0,0.0,1.0,1.0,0.0,0.0,4
111712,4.0,3,2,,0.0,,1.0,1.0,1.0,,0.0,,1.0,1.0,0.0,3
111713,2.0,9,5,3.0,1.0,,1.0,4.0,0.0,3.0,1.0,,1.0,0.0,0.0,9
111714,4.0,7,5,2.0,1.0,,1.0,3.0,0.0,1.0,1.0,,0.0,3.0,0.0,7
111715,3.0,1,5,,,,1.0,0.0,0.0,2.0,,,1.0,2.0,0.0,5
111716,3.0,3,3,,0.0,1.0,1.0,0.0,1.0,,0.0,1.0,1.0,0.0,1.0,3
111717,4.0,7,6,2.0,0.0,,1.0,3.0,1.0,1.0,0.0,,1.0,3.0,1.0,7
111718,4.0,7,5,2.0,0.0,0.0,1.0,4.0,0.0,2.0,0.0,0.0,0.0,3.0,0.0,7
111719,4.0,1,0,,0.0,,1.0,0.0,0.0,,0.0,,0.0,0.0,0.0,1
111720,2.0,10,2,4.0,1.0,,1.0,4.0,0.0,,1.0,,1.0,0.0,0.0,10
111721,2.0,8,2,2.0,1.0,,1.0,4.0,0.0,,0.0,,1.0,1.0,0.0,8
111722,3.0,4,4,,1.0,,1.0,1.0,1.0,,1.0,0.0,1.0,2.0,0.0,4
111723,3.0,2,2,,0.0,,1.0,1.0,0.0,,0.0,,1.0,1.0,0.0,2
111724,4.0,6,2,2.0,0.0,,1.0,3.0,0.0,,0.0,,1.0,1.0,0.0,6
111725,1.0,7,7,2.0,0.0,0.0,1.0,4.0,0.0,3.0,0.0,0.0,0.0,4.0,0.0,7
111726,3.0,8,7,3.0,0.0,0.0,1.0,2.0,2.0,2.0,0.0,0.0,1.0,2.0,2.0,8
111727,4.0,6,6,1.0,0.0,,1.0,4.0,0.0,1.0,0.0,,1.0,4.0,0.0,6
111728,4.0,7,6,3.0,0.0,,1.0,2.0,1.0,2.0,0.0,,1.0,2.0,1.0,7
111729,3.0,10,5,4.0,0.0,,1.0,3.0,2.0,2.0,0.0,,0.0,3.0,0.0,10
111730,4.0,1,1,,0.0,0.0,1.0,0.0,0.0,,0.0,0.0,1.0,0.0,0.0,1
111731,4.0,7,2,3.0,0.0,,1.0,3.0,0.0,,0.0,,1.0,1.0,0.0,7
111732,2.0,8,2,2.0,1.0,,1.0,4.0,0.0,,1.0,,1.0,0.0,0.0,8
111733,3.0,2,1,,0.0,,1.0,1.0,0.0,,,0.0,0.0,1.0,0.0,2
111734,4.0,4,3,,2.0,1.0,1.0,0.0,0.0,,0.0,1.0,1.0,1.0,0.0,4
111735,3.0,9,8,2.0,0.0,,1.0,4.0,2.0,2.0,0.0,,1.0,2.0,3.0,9
111736,4.0,14,13,4.0,2.0,3.0,1.0,4.0,0.0,3.0,2.0,3.0,1.0,4.0,0.0,14
111737,3.0,7,5,0.0,3.0,,1.0,3.0,0.0,,2.0,,0.0,3.0,0.0,7
111738,2.0,8,3,2.0,0.0,,1.0,4.0,1.0,,1.0,,1.0,0.0,1.0,8
111739,3.0,10,9,3.0,0.0,,1.0,4.0,2.0,3.0,0.0,,0.0,4.0,2.0,10
111740,4.0,6,8,1.0,0.0,,1.0,4.0,0.0,4.0,0.0,,1.0,3.0,0.0,8
111741,3.0,5,2,1.0,0.0,0.0,0.0,4.0,0.0,,0.0,0.0,1.0,1.0,0.0,5
111742,4.0,9,5,4.0,0.0,0.0,1.0,4.0,0.0,2.0,0.0,0.0,0.0,3.0,0.0,9
111743,3.0,3,5,,1.0,,0.0,0.0,2.0,,2.0,,0.0,1.0,2.0,5
111744,4.0,1,2,,0.0,,0.0,0.0,1.0,,1.0,,0.0,1.0,0.0,2
111745,4.0,2,2,,0.0,,1.0,1.0,0.0,,0.0,,1.0,1.0,0.0,2
111746,3.0,4,4,,1.0,,1.0,0.0,2.0,,1.0,,1.0,0.0,2.0,4
111747,4.0,9,9,3.0,2.0,,1.0,3.0,0.0,3.0,2.0,,1.0,3.0,0.0,9
111748,3.0,5,4,1.0,0.0,,0.0,4.0,0.0,,,,0.0,4.0,0.0,5
111749,4.0,2,3,,0.0,,1.0,0.0,1.0,,0.0,,1.0,1.0,1.0,3
111750,2.0,1,7,,0.0,0.0,1.0,0.0,0.0,2.0,,0.0,1.0,4.0,0.0,7
111751,4.0,0,2,,0.0,,0.0,0.0,0.0,,0.0,,0.0,2.0,0.0,2
111752,3.0,3,1,,0.0,,1.0,2.0,0.0,,0.0,,0.0,1.0,0.0,3
111753,4.0,9,3,3.0,0.0,,1.0,3.0,2.0,,0.0,,1.0,0.0,2.0,9
111754,2.0,7,2,1.0,1.0,,1.0,4.0,0.0,,1.0,,0.0,1.0,0.0,7
111755,3.0,7,6,3.0,0.0,,1.0,3.0,0.0,3.0,0.0,,1.0,2.0,0.0,7
111756,3.0,2,2,,1.0,,1.0,0.0,0.0,,1.0,,1.0,0.0,0.0,2
111757,4.0,6,2,,1.0,2.0,1.0,1.0,1.0,,,2.0,0.0,0.0,0.0,6
111758,3.0,7,5,3.0,0.0,,0.0,4.0,0.0,2.0,0.0,0.0,0.0,3.0,0.0,7
111759,1.0,3,3,,2.0,0.0,1.0,0.0,0.0,,2.0,0.0,1.0,0.0,0.0,3
111760,1.0,4,3,,1.0,,1.0,0.0,2.0,,1.0,,1.0,0.0,1.0,4
111761,4.0,3,4,,0.0,0.0,1.0,2.0,0.0,,1.0,0.0,1.0,2.0,0.0,4
111762,3.0,1,0,,0.0,0.0,1.0,0.0,0.0,,,0.0,,,,1
111763,3.0,0,0,,0.0,,0.0,0.0,0.0,,0.0,,0.0,0.0,0.0,0
111764,3.0,2,2,,0.0,0.0,1.0,0.0,1.0,,0.0,0.0,1.0,0.0,1.0,2
111765,1.0,1,1,,0.0,0.0,1.0,0.0,0.0,,1.0,0.0,0.0,0.0,0.0,1
111766,1.0,5,13,2.0,3.0,0.0,0.0,0.0,0.0,4.0,4.0,1.0,1.0,3.0,0.0,13
111767,3.0,2,1,,0.0,,1.0,0.0,1.0,,0.0,,1.0,0.0,0.0,2
111768,4.0,6,7,1.0,1.0,0.0,1.0,3.0,0.0,2.0,1.0,0.0,1.0,3.0,0.0,7
111769,3.0,7,6,1.0,1.0,,1.0,4.0,0.0,1.0,0.0,,1.0,4.0,0.0,7
111770,4.0,0,0,,0.0,,0.0,0.0,0.0,,0.0,,0.0,0.0,0.0,0
111771,3.0,3,2,,0.0,,1.0,1.0,1.0,,0.0,,1.0,0.0,1.0,3
111772,3.0,8,10,,1.0,4.0,0.0,1.0,2.0,,2.0,4.0,0.0,0.0,4.0,10
111773,1.0,0,1,,0.0,,0.0,0.0,0.0,,1.0,,0.0,0.0,0.0,1
111774,2.0,6,2,2.0,1.0,,1.0,2.0,0.0,,1.0,,1.0,0.0,0.0,6
111775,1.0,3,1,,2.0,,1.0,0.0,0.0,,1.0,,0.0,0.0,0.0,3
111776,3.0,9,9,,2.0,2.0,1.0,0.0,4.0,,2.0,2.0,1.0,0.0,4.0,9
111777,4.0,6,0,2.0,0.0,,1.0,3.0,0.0,,0.0,,0.0,0.0,0.0,6
111778,3.0,6,3,3.0,0.0,0.0,0.0,3.0,0.0,,0.0,0.0,1.0,2.0,0.0,6
111779,3.0,8,4,3.0,0.0,0.0,1.0,3.0,1.0,,0.0,0.0,1.0,2.0,1.0,8
111780,4.0,3,1,0.0,0.0,0.0,1.0,2.0,0.0,,0.0,0.0,0.0,1.0,0.0,3
111781,2.0,6,2,,1.0,,1.0,4.0,0.0,,1.0,,1.0,0.0,0.0,6
111782,2.0,8,1,3.0,0.0,,1.0,4.0,0.0,,0.0,,1.0,0.0,0.0,8
111783,4.0,3,1,2.0,,,0.0,1.0,0.0,,0.0,,0.0,0.0,1.0,3
111784,1.0,8,6,3.0,0.0,,1.0,3.0,1.0,1.0,0.0,,1.0,4.0,0.0,8
111785,1.0,8,8,3.0,0.0,,1.0,3.0,1.0,2.0,0.0,,1.0,3.0,2.0,8
111786,4.0,4,1,1.0,0.0,,1.0,2.0,0.0,,0.0,,1.0,0.0,0.0,4
111787,3.0,6,3,,1.0,,1.0,4.0,0.0,,0.0,,0.0,3.0,0.0,6
111788,3.0,5,5,,0.0,4.0,1.0,0.0,0.0,,0.0,4.0,1.0,0.0,0.0,5
111789,3.0,7,6,3.0,0.0,,1.0,2.0,1.0,2.0,0.0,,1.0,2.0,1.0,7
111790,1.0,3,6,,0.0,,0.0,3.0,0.0,,0.0,,0.0,3.0,3.0,6
111791,4.0,1,2,,0.0,,0.0,1.0,0.0,,0.0,,1.0,1.0,0.0,2
111792,1.0,10,7,3.0,0.0,,1.0,4.0,2.0,3.0,,,1.0,2.0,1.0,10
111793,4.0,1,3,,0.0,,1.0,0.0,0.0,,1.0,0.0,1.0,1.0,0.0,3
111794,3.0,2,3,,0.0,0.0,1.0,1.0,0.0,,0.0,0.0,1.0,1.0,1.0,3
111795,4.0,2,3,,0.0,0.0,1.0,0.0,1.0,2.0,0.0,0.0,0.0,0.0,1.0,3
111796,4.0,7,5,1.0,0.0,0.0,1.0,4.0,1.0,1.0,0.0,0.0,1.0,3.0,0.0,7
111797,3.0,11,6,2.0,0.0,0.0,1.0,4.0,4.0,,0.0,0.0,1.0,2.0,3.0,11
111798,4.0,6,2,2.0,3.0,0.0,1.0,0.0,0.0,,1.0,0.0,1.0,0.0,0.0,6
111799,2.0,8,7,2.0,1.0,,1.0,4.0,0.0,3.0,1.0,,1.0,2.0,0.0,8
111800,2.0,9,3,2.0,0.0,,1.0,4.0,2.0,,0.0,,1.0,0.0,2.0,9
111801,2.0,9,10,3.0,0.0,0.0,1.0,4.0,1.0,3.0,1.0,0.0,1.0,4.0,1.0,10
111802,3.0,9,4,2.0,0.0,0.0,1.0,4.0,2.0,,,0.0,0.0,4.0,,9
111803,2.0,3,1,,2.0,,,,1.0,,1.0,,,,0.0,3
111804,2.0,9,1,3.0,2.0,,1.0,3.0,0.0,,1.0,,0.0,0.0,0.0,9
111805,3.0,9,6,2.0,1.0,0.0,1.0,4.0,1.0,1.0,1.0,0.0,1.0,2.0,1.0,9
111806,2.0,8,3,1.0,2.0,,1.0,4.0,0.0,,2.0,,1.0,0.0,0.0,8
111807,2.0,9,5,2.0,1.0,,1.0,4.0,1.0,,2.0,,1.0,0.0,2.0,9
111808,3.0,7,5,3.0,,,1.0,3.0,,2.0,,,0.0,3.0,0.0,7
111809,2.0,12,9,4.0,2.0,,1.0,4.0,1.0,3.0,2.0,,1.0,2.0,1.0,12
111810,4.0,11,9,4.0,2.0,,1.0,4.0,0.0,3.0,1.0,,1.0,4.0,0.0,11
111811,2.0,8,9,2.0,1.0,,1.0,4.0,0.0,2.0,1.0,,1.0,4.0,1.0,9
111812,4.0,8,7,3.0,2.0,,0.0,2.0,1.0,1.0,1.0,0.0,1.0,3.0,1.0,8
111813,4.0,4,2,,0.0,,1.0,0.0,3.0,,0.0,,1.0,0.0,1.0,4
111814,4.0,5,4,1.0,0.0,0.0,1.0,3.0,0.0,0.0,0.0,0.0,1.0,3.0,0.0,5
111815,2.0,8,7,2.0,1.0,,1.0,4.0,0.0,2.0,2.0,,1.0,2.0,0.0,8
111816,3.0,0,7,,0.0,0.0,0.0,0.0,0.0,3.0,0.0,0.0,0.0,4.0,0.0,7
111817,4.0,9,7,4.0,0.0,,1.0,4.0,0.0,3.0,1.0,,0.0,3.0,0.0,9
111818,3.0,1,2,,,,1.0,0.0,,,0.0,0.0,1.0,0.0,1.0,2
111819,4.0,9,10,2.0,1.0,2.0,1.0,3.0,0.0,2.0,2.0,2.0,1.0,3.0,0.0,10
111820,4.0,6,6,1.0,0.0,,1.0,3.0,1.0,2.0,0.0,,1.0,2.0,1.0,6
111821,2.0,7,1,2.0,0.0,,1.0,4.0,0.0,,0.0,,1.0,0.0,0.0,7
111822,3.0,6,2,3.0,0.0,0.0,0.0,3.0,0.0,,,0.0,0.0,2.0,0.0,6
111823,4.0,4,3,,0.0,,1.0,3.0,0.0,,0.0,,0.0,3.0,0.0,4
111824,2.0,8,6,0.0,1.0,,1.0,4.0,2.0,0.0,2.0,,0.0,2.0,2.0,8
111825,3.0,2,1,,0.0,,1.0,1.0,0.0,,0.0,,0.0,1.0,0.0,2
111826,2.0,7,1,2.0,0.0,,1.0,4.0,0.0,,0.0,,1.0,0.0,0.0,7
111827,4.0,1,1,,0.0,,1.0,0.0,0.0,,,,0.0,1.0,0.0,1
111828,3.0,3,4,,0.0,,0.0,3.0,0.0,,0.0,,1.0,3.0,0.0,4
111829,3.0,2,2,,0.0,,0.0,2.0,0.0,,0.0,,0.0,2.0,0.0,2
111830,4.0,8,9,3.0,0.0,0.0,1.0,4.0,0.0,3.0,0.0,2.0,1.0,3.0,0.0,9
111831,2.0,8,9,3.0,0.0,,1.0,4.0,0.0,2.0,2.0,,1.0,4.0,0.0,9
111832,3.0,7,3,3.0,0.0,,0.0,3.0,1.0,,0.0,,0.0,3.0,0.0,7
111833,2.0,6,2,0.0,1.0,,1.0,4.0,0.0,,0.0,,1.0,1.0,0.0,6
111834,3.0,7,7,3.0,0.0,0.0,1.0,3.0,0.0,3.0,0.0,0.0,1.0,3.0,0.0,7
111835,2.0,7,3,3.0,1.0,,1.0,2.0,0.0,,1.0,,1.0,1.0,0.0,7
111836,1.0,0,1,,0.0,0.0,0.0,0.0,0.0,,0.0,0.0,0.0,1.0,0.0,1
111837,3.0,9,2,3.0,1.0,0.0,1.0,3.0,1.0,,0.0,0.0,0.0,1.0,1.0,9
111838,3.0,8,6,4.0,0.0,0.0,1.0,3.0,0.0,3.0,0.0,0.0,0.0,3.0,0.0,8
111839,4.0,8,1,2.0,0.0,,1.0,4.0,1.0,,0.0,,0.0,1.0,0.0,8
111840,4.0,3,4,,0.0,,0.0,3.0,0.0,,0.0,,1.0,3.0,0.0,4
111841,3.0,13,9,4.0,2.0,2.0,1.0,3.0,1.0,2.0,2.0,1.0,1.0,2.0,1.0,13
111842,4.0,4,3,,0.0,2.0,0.0,1.0,1.0,,0.0,2.0,0.0,1.0,0.0,4
111843,4.0,4,4,,0.0,,1.0,3.0,0.0,,0.0,,1.0,3.0,0.0,4
111844,2.0,11,10,3.0,2.0,1.0,1.0,4.0,0.0,2.0,2.0,1.0,1.0,3.0,1.0,11
111845,1.0,7,7,,1.0,2.0,1.0,1.0,2.0,,1.0,2.0,1.0,1.0,2.0,7
111846,2.0,8,4,3.0,0.0,,1.0,4.0,0.0,2.0,0.0,,1.0,1.0,0.0,8
111847,2.0,10,6,4.0,1.0,,1.0,4.0,0.0,3.0,0.0,,1.0,2.0,0.0,10
111848,4.0,9,11,3.0,0.0,0.0,1.0,4.0,1.0,3.0,0.0,1.0,1.0,4.0,2.0,11
111849,3.0,9,7,3.0,0.0,0.0,1.0,4.0,1.0,3.0,0.0,0.0,1.0,2.0,1.0,9
111850,1.0,0,0,,,,,,0.0,,0.0,,,,0.0,0
111851,3.0,6,3,,1.0,,1.0,3.0,1.0,,1.0,,1.0,1.0,0.0,6
111852,3.0,7,2,2.0,2.0,1.0,0.0,1.0,1.0,,2.0,0.0,0.0,0.0,0.0,7
111853,3.0,5,1,3.0,0.0,,1.0,1.0,0.0,,0.0,,1.0,0.0,0.0,5
111854,1.0,2,3,,1.0,0.0,0.0,1.0,0.0,,1.0,0.0,0.0,1.0,1.0,3
111855,2.0,9,4,3.0,1.0,,1.0,4.0,0.0,2.0,1.0,,1.0,0.0,0.0,9
111856,1.0,2,2,,0.0,,1.0,1.0,0.0,,0.0,,1.0,1.0,0.0,2
111857,4.0,5,6,1.0,0.0,1.0,1.0,2.0,0.0,1.0,1.0,1.0,1.0,2.0,0.0,6
111858,1.0,7,2,3.0,1.0,,1.0,2.0,0.0,,1.0,,1.0,0.0,0.0,7
111859,3.0,10,8,3.0,0.0,0.0,1.0,4.0,2.0,3.0,0.0,0.0,1.0,4.0,0.0,10
111860,3.0,1,1,,0.0,,0.0,1.0,0.0,,0.0,,0.0,1.0,0.0,1
111861,4.0,7,6,1.0,0.0,,1.0,4.0,1.0,1.0,0.0,,1.0,3.0,1.0,7
111862,3.0,5,7,,0.0,2.0,1.0,1.0,1.0,,0.0,2.0,1.0,1.0,3.0,7
111863,4.0,8,2,3.0,0.0,0.0,1.0,4.0,0.0,,1.0,0.0,1.0,0.0,0.0,8
111864,1.0,3,3,,0.0,,1.0,1.0,1.0,,0.0,,1.0,1.0,1.0,3
111865,3.0,1,1,,0.0,0.0,1.0,0.0,0.0,,0.0,0.0,1.0,0.0,0.0,1
111866,3.0,6,2,1.0,,,1.0,4.0,0.0,,,,1.0,1.0,,6
111867,4.0,7,7,3.0,0.0,,1.0,3.0,0.0,3.0,0.0,,1.0,3.0,0.0,7
111868,3.0,2,10,,0.0,,0.0,0.0,2.0,4.0,2.0,,0.0,4.0,0.0,10
111869,3.0,10,12,3.0,3.0,0.0,1.0,3.0,0.0,4.0,3.0,0.0,1.0,4.0,0.0,12
111870,4.0,4,4,,0.0,0.0,1.0,3.0,0.0,,0.0,0.0,1.0,3.0,0.0,4
111871,4.0,4,3,,0.0,,1.0,3.0,0.0,,0.0,,0.0,3.0,0.0,4
111872,3.0,8,4,3.0,0.0,,1.0,3.0,1.0,2.0,0.0,,0.0,2.0,0.0,8
111873,3.0,1,1,,0.0,,1.0,0.0,0.0,,,,1.0,0.0,,1
111874,4.0,7,6,0.0,2.0,,1.0,4.0,0.0,2.0,1.0,,0.0,3.0,0.0,7
111875,2.0,10,3,2.0,2.0,,1.0,4.0,1.0,,1.0,,1.0,0.0,1.0,10
111876,3.0,3,3,,1.0,0.0,1.0,1.0,0.0,,2.0,0.0,1.0,0.0,0.0,3
111877,2.0,8,2,2.0,1.0,,1.0,4.0,0.0,,0.0,,1.0,0.0,1.0,8
111878,1.0,1,9,,0.0,0.0,0.0,0.0,1.0,3.0,0.0,0.0,1.0,4.0,1.0,9
111879,2.0,5,9,,0.0,,1.0,4.0,0.0,3.0,1.0,,1.0,3.0,1.0,9
111880,4.0,10,9,3.0,0.0,3.0,1.0,3.0,0.0,3.0,0.0,3.0,1.0,2.0,0.0,10
111881,2.0,12,13,4.0,1.0,2.0,1.0,4.0,0.0,3.0,2.0,2.0,1.0,4.0,1.0,13
111882,4.0,1,1,,0.0,,1.0,0.0,0.0,,0.0,,1.0,0.0,0.0,1
111883,4.0,0,4,,0.0,,0.0,0.0,0.0,,,,0.0,4.0,0.0,4
111884,2.0,9,2,3.0,1.0,,1.0,4.0,0.0,,0.0,,1.0,0.0,1.0,9
111885,3.0,1,0,,0.0,,0.0,1.0,0.0,,0.0,0.0,0.0,0.0,0.0,1
111886,3.0,2,2,,0.0,,1.0,1.0,0.0,,0.0,,1.0,1.0,0.0,2
111887,2.0,10,7,3.0,1.0,,1.0,4.0,1.0,2.0,1.0,,1.0,2.0,1.0,10
111888,2.0,8,2,2.0,1.0,,1.0,4.0,0.0,,1.0,,1.0,0.0,0.0,8
111889,4.0,7,4,2.0,0.0,,1.0,4.0,0.0,1.0,0.0,0.0,1.0,2.0,0.0,7
111890,3.0,2,1,,,,0.0,2.0,0.0,,0.0,0.0,0.0,1.0,0.0,2
111891,1.0,0,8,,0.0,,0.0,0.0,0.0,4.0,0.0,,1.0,3.0,0.0,8
111892,3.0,1,0,,0.0,,1.0,0.0,0.0,,0.0,,,,0.0,1
111893,4.0,11,12,4.0,0.0,1.0,1.0,4.0,1.0,4.0,1.0,1.0,1.0,4.0,1.0,12
111894,2.0,6,2,3.0,0.0,,1.0,2.0,0.0,,1.0,,1.0,0.0,0.0,6
111895,1.0,1,2,,1.0,0.0,0.0,0.0,0.0,,1.0,0.0,1.0,0.0,0.0,2
111896,3.0,1,5,,0.0,,0.0,0.0,1.0,,0.0,,1.0,3.0,1.0,5
111897,2.0,4,6,,0.0,,1.0,3.0,0.0,2.0,0.0,,1.0,3.0,0.0,6
111898,3.0,9,6,4.0,0.0,,1.0,4.0,0.0,2.0,0.0,,1.0,3.0,0.0,9
111899,2.0,9,8,3.0,1.0,,1.0,4.0,0.0,3.0,2.0,,1.0,2.0,0.0,9
111900,1.0,1,1,,0.0,,1.0,0.0,0.0,,0.0,,0.0,1.0,0.0,1
111901,4.0,13,12,3.0,2.0,2.0,1.0,4.0,1.0,3.0,3.0,2.0,1.0,2.0,1.0,13
111902,4.0,6,6,,1.0,,1.0,0.0,4.0,,1.0,,1.0,0.0,4.0,6
111903,4.0,4,2,,0.0,,1.0,0.0,3.0,,,,1.0,0.0,1.0,4
111904,4.0,4,2,,0.0,,1.0,3.0,0.0,,0.0,,1.0,1.0,0.0,4
111905,4.0,13,8,3.0,2.0,3.0,1.0,4.0,0.0,3.0,0.0,2.0,1.0,2.0,0.0,13
111906,1.0,6,3,3.0,0.0,0.0,1.0,2.0,0.0,2.0,0.0,0.0,1.0,0.0,0.0,6
111907,4.0,4,3,0.0,0.0,0.0,1.0,3.0,0.0,0.0,0.0,0.0,1.0,2.0,0.0,4
111908,3.0,10,10,,3.0,4.0,1.0,1.0,1.0,,3.0,4.0,1.0,0.0,2.0,10
111909,3.0,3,5,,0.0,0.0,0.0,1.0,2.0,,0.0,0.0,0.0,3.0,2.0,5
111910,2.0,10,11,3.0,1.0,,1.0,4.0,1.0,4.0,1.0,,1.0,4.0,1.0,11
111911,4.0,3,3,,0.0,2.0,1.0,0.0,0.0,,,2.0,1.0,0.0,,3
111912,3.0,8,5,3.0,1.0,0.0,1.0,3.0,0.0,,1.0,0.0,1.0,3.0,0.0,8
111913,3.0,11,10,,3.0,3.0,1.0,1.0,3.0,,3.0,3.0,1.0,1.0,2.0,11
111914,3.0,2,2,,0.0,,1.0,0.0,1.0,,0.0,,1.0,0.0,1.0,2
111915,1.0,4,1,1.0,0.0,,1.0,2.0,0.0,,0.0,,1.0,0.0,0.0,4
111916,3.0,4,7,,0.0,,1.0,3.0,0.0,2.0,0.0,,1.0,3.0,1.0,7
111917,2.0,7,1,2.0,0.0,,1.0,4.0,0.0,,0.0,,1.0,0.0,0.0,7
111918,1.0,4,5,2.0,0.0,0.0,0.0,0.0,2.0,,0.0,0.0,1.0,0.0,4.0,5
111919,4.0,3,3,,0.0,,1.0,2.0,0.0,,0.0,,1.0,2.0,0.0,3
111920,4.0,5,3,1.0,0.0,,0.0,4.0,0.0,0.0,0.0,,0.0,3.0,0.0,5
111921,3.0,9,8,1.0,0.0,,1.0,4.0,3.0,1.0,0.0,0.0,1.0,3.0,3.0,9
111922,2.0,6,1,2.0,1.0,,1.0,2.0,0.0,,0.0,,1.0,0.0,0.0,6
111923,1.0,1,0,,0.0,,0.0,0.0,1.0,,0.0,,0.0,0.0,0.0,1
111924,3.0,7,4,3.0,0.0,,1.0,2.0,1.0,,0.0,,1.0,2.0,1.0,7
111925,4.0,2,0,,0.0,0.0,1.0,1.0,0.0,,0.0,0.0,0.0,0.0,0.0,2
111926,4.0,8,7,3.0,0.0,,0.0,4.0,1.0,3.0,0.0,,1.0,3.0,0.0,8
111927,3.0,7,6,3.0,0.0,,1.0,3.0,0.0,2.0,0.0,,1.0,3.0,0.0,7
111928,3.0,5,7,,0.0,0.0,1.0,3.0,1.0,,1.0,0.0,1.0,3.0,2.0,7
111929,4.0,6,3,2.0,0.0,,1.0,2.0,1.0,,1.0,,1.0,0.0,1.0,6
111930,4.0,1,1,,0.0,,1.0,0.0,0.0,,0.0,,1.0,0.0,0.0,1
111931,3.0,7,8,3.0,0.0,0.0,1.0,3.0,0.0,3.0,0.0,0.0,1.0,4.0,0.0,8
111932,3.0,6,6,2.0,0.0,0.0,1.0,3.0,0.0,2.0,0.0,0.0,1.0,3.0,0.0,6
111933,3.0,4,2,,0.0,,1.0,0.0,3.0,,0.0,,0.0,0.0,2.0,4
111934,3.0,5,4,2.0,0.0,,0.0,3.0,0.0,2.0,0.0,,0.0,2.0,0.0,5
111935,2.0,5,6,2.0,0.0,,1.0,2.0,0.0,2.0,1.0,,1.0,2.0,0.0,6
111936,2.0,11,10,3.0,2.0,,1.0,4.0,1.0,3.0,2.0,,1.0,3.0,1.0,11
111937,3.0,4,2,2.0,0.0,,1.0,0.0,1.0,,0.0,,1.0,0.0,1.0,4
111938,2.0,8,2,3.0,0.0,,1.0,4.0,0.0,,0.0,,1.0,1.0,0.0,8
111939,2.0,5,3,0.0,1.0,,1.0,2.0,1.0,,1.0,,1.0,0.0,1.0,5
111940,2.0,7,1,3.0,0.0,,1.0,3.0,0.0,,0.0,,1.0,0.0,0.0,7
111941,4.0,1,2,,1.0,,0.0,0.0,0.0,,1.0,,0.0,1.0,0.0,2
111942,4.0,2,1,,1.0,,0.0,1.0,0.0,,1.0,,0.0,0.0,0.0,2
111943,3.0,3,4,0.0,,,0.0,3.0,0.0,0.0,0.0,,1.0,3.0,0.0,4
111944,2.0,8,2,2.0,0.0,,1.0,4.0,1.0,,0.0,,1.0,0.0,1.0,8
111945,4.0,1,2,,1.0,,0.0,0.0,0.0,,2.0,,0.0,0.0,0.0,2
111946,3.0,3,3,,0.0,,1.0,1.0,1.0,,0.0,,1.0,1.0,1.0,3
111947,2.0,7,8,2.0,0.0,0.0,1.0,4.0,0.0,3.0,0.0,0.0,1.0,4.0,0.0,8
111948,3.0,9,9,3.0,1.0,1.0,1.0,3.0,0.0,3.0,1.0,1.0,1.0,3.0,0.0,9
111949,3.0,2,6,,0.0,,0.0,1.0,1.0,3.0,0.0,,1.0,1.0,1.0,6
111950,4.0,5,1,0.0,0.0,1.0,0.0,4.0,0.0,,0.0,1.0,0.0,0.0,0.0,5
111951,4.0,6,7,2.0,0.0,,1.0,3.0,0.0,2.0,1.0,,0.0,3.0,1.0,7
111952,4.0,8,7,3.0,0.0,,1.0,4.0,0.0,3.0,0.0,,0.0,4.0,0.0,8
111953,2.0,7,1,2.0,0.0,,1.0,4.0,0.0,,0.0,,1.0,0.0,0.0,7
111954,1.0,1,2,,1.0,0.0,0.0,0.0,0.0,,0.0,0.0,1.0,0.0,1.0,2
111955,3.0,8,7,4.0,0.0,,1.0,3.0,0.0,3.0,0.0,,1.0,3.0,0.0,8
111956,1.0,7,6,,2.0,,1.0,4.0,0.0,,2.0,,1.0,3.0,0.0,7
111957,1.0,0,0,,0.0,0.0,0.0,0.0,0.0,,0.0,0.0,0.0,0.0,0.0,0
111958,1.0,7,10,1.0,0.0,0.0,1.0,4.0,1.0,2.0,2.0,0.0,1.0,4.0,1.0,10
111959,2.0,9,2,3.0,1.0,,1.0,4.0,0.0,,1.0,,1.0,0.0,0.0,9
111960,2.0,11,7,3.0,2.0,0.0,1.0,4.0,1.0,2.0,1.0,0.0,1.0,1.0,2.0,11
111961,1.0,2,3,,1.0,,1.0,0.0,0.0,,2.0,,1.0,0.0,0.0,3
111962,3.0,14,12,3.0,3.0,2.0,1.0,4.0,1.0,2.0,3.0,2.0,1.0,3.0,1.0,14
111963,2.0,10,12,3.0,0.0,0.0,1.0,4.0,2.0,3.0,1.0,0.0,1.0,4.0,3.0,12
111964,1.0,9,7,3.0,0.0,,0.0,4.0,2.0,2.0,0.0,,1.0,2.0,2.0,9
111965,4.0,13,15,4.0,1.0,3.0,1.0,4.0,0.0,4.0,3.0,3.0,1.0,4.0,0.0,15
111966,3.0,3,3,,1.0,,0.0,2.0,0.0,,1.0,,0.0,2.0,0.0,3
111967,1.0,2,3,,0.0,0.0,1.0,0.0,1.0,,0.0,0.0,1.0,1.0,1.0,3
111968,3.0,4,6,2.0,0.0,,1.0,1.0,0.0,2.0,0.0,,1.0,3.0,0.0,6
111969,4.0,3,3,0.0,0.0,0.0,0.0,3.0,0.0,,0.0,0.0,0.0,3.0,0.0,3
111970,2.0,12,2,4.0,3.0,,1.0,4.0,0.0,,1.0,,1.0,0.0,0.0,12
111971,4.0,7,7,3.0,,,1.0,3.0,0.0,3.0,,,1.0,3.0,0.0,7
111972,3.0,1,5,,0.0,,0.0,0.0,1.0,1.0,0.0,,0.0,3.0,1.0,5
111973,3.0,2,3,,0.0,,1.0,1.0,0.0,2.0,0.0,,1.0,0.0,0.0,3
111974,3.0,0,0,,0.0,0.0,0.0,0.0,0.0,,0.0,0.0,0.0,0.0,0.0,0
111975,3.0,11,7,4.0,2.0,0.0,1.0,3.0,1.0,2.0,1.0,0.0,1.0,3.0,0.0,11
111976,4.0,4,3,,0.0,0.0,1.0,3.0,0.0,,0.0,0.0,1.0,2.0,0.0,4
111977,2.0,9,3,3.0,1.0,,1.0,4.0,0.0,,2.0,,1.0,0.0,0.0,9
111978,2.0,8,3,2.0,1.0,,1.0,4.0,0.0,,2.0,,1.0,0.0,0.0,8
111979,3.0,6,5,1.0,1.0,,1.0,3.0,0.0,1.0,1.0,,0.0,3.0,0.0,6
111980,1.0,7,4,,1.0,1.0,1.0,1.0,3.0,,2.0,1.0,1.0,0.0,0.0,7
111981,4.0,10,8,3.0,2.0,,1.0,4.0,0.0,3.0,2.0,,1.0,2.0,0.0,10
111982,3.0,3,3,,0.0,,1.0,1.0,1.0,,0.0,,1.0,1.0,1.0,3
111983,3.0,6,4,,0.0,0.0,1.0,3.0,2.0,,0.0,0.0,1.0,1.0,2.0,6
111984,1.0,3,2,,1.0,,1.0,0.0,1.0,,1.0,,1.0,0.0,0.0,3
111985,4.0,9,3,4.0,0.0,,1.0,4.0,0.0,2.0,0.0,,0.0,1.0,0.0,9
111986,1.0,2,2,,1.0,,1.0,0.0,0.0,,1.0,,1.0,0.0,0.0,2
111987,2.0,9,0,3.0,1.0,,1.0,4.0,0.0,,0.0,,0.0,0.0,0.0,9
111988,3.0,7,4,3.0,0.0,,0.0,3.0,1.0,1.0,0.0,,0.0,3.0,0.0,7
111989,4.0,9,10,2.0,2.0,0.0,1.0,4.0,0.0,3.0,2.0,0.0,1.0,4.0,0.0,10
111990,1.0,12,11,4.0,1.0,0.0,1.0,4.0,2.0,4.0,0.0,0.0,1.0,4.0,2.0,12
111991,2.0,7,8,2.0,0.0,,1.0,4.0,0.0,3.0,0.0,,1.0,3.0,1.0,8
111992,1.0,7,9,2.0,0.0,,1.0,4.0,0.0,4.0,0.0,,1.0,4.0,0.0,9
111993,1.0,2,1,,0.0,,1.0,0.0,1.0,,0.0,,1.0,0.0,0.0,2
111994,3.0,0,0,,,,,,,,,,,,,0
111995,4.0,8,6,4.0,0.0,,0.0,4.0,0.0,2.0,1.0,,0.0,3.0,0.0,8
111996,1.0,5,7,2.0,0.0,,0.0,1.0,2.0,2.0,0.0,,1.0,2.0,2.0,7
111997,2.0,5,2,,0.0,,1.0,4.0,0.0,,0.0,,1.0,1.0,0.0,5
111998,1.0,1,0,,0.0,0.0,1.0,0.0,0.0,,0.0,0.0,0.0,0.0,0.0,1
111999,3.0,7,7,3.0,0.0,,1.0,3.0,0.0,2.0,0.0,,1.0,4.0,0.0,7
112000,4.0,1,0,,0.0,,1.0,0.0,0.0,,0.0,,0.0,0.0,0.0,1
