RecordID,split,has_sofa,strat_key
100001,train,True,0-2|d0
100002,train,True,6-8|d1
100003,val,True,9-11|d0
100004,val,True,9-11|d1
100005,train,True,9-11|d0
100006,train,True,12-14|d0
100007,test,True,0-2|d0
100008,train,True,0-2|d0
100009,train,False,na|d0
100010,train,False,na|d0
100011,train,True,3-5|d0
100012,train,True,0-2|d0
100013,train,True,3-5|d0
100014,train,True,6-8|d0
100015,val,True,0-2|d0
100016,val,True,9-11|d0
100017,test,True,6-8|d0
100018,test,True,3-5|d0
100019,train,True,0-2|d0
100020,train,True,6-8|d0
100021,train,True,0-2|d0
100022,train,True,9-11|d1
100023,train,True,6-8|d0
100024,train,True,12-14|d0
100025,train,True,0-2|d0
100026,train,True,6-8|d0
100027,train,True,9-11|d0
100028,train,True,3-5|d0
100029,test,True,3-5|d0
100030,train,True,6-8|d1
100031,test,True,0-2|d0
100032,train,True,3-5|d0
100033,train,True,3-5|d0
100034,train,True,15+|d0
100035,train,True,0-2|d0
100036,train,True,9-11|d0
100037,test,True,3-5|d0
100038,train,True,3-5|d0
100039,test,True,3-5|d0
100040,train,True,6-8|d0
100041,train,True,0-2|d0
100042,train,True,9-11|d0
100043,train,True,3-5|d0
100044,train,True,12-14|d0
100045,train,True,12-14|d1
100046,train,True,12-14|d0
100047,val,True,0-2|d0
100048,train,True,9-11|d0
100049,train,True,3-5|d0
100050,train,True,6-8|d0
100051,train,True,6-8|d0
100052,train,True,9-11|d0
100053,test,True,9-11|d0
100054,test,True,9-11|d0
100055,val,True,12-14|d1
100056,train,True,3-5|d0
100057,train,True,9-11|d0
100058,train,True,0-2|d0
100059,train,True,3-5|d0
100060,train,True,0-2|d0
100061,test,True,3-5|d0
100062,train,True,6-8|d0
100063,train,True,0-2|d0
100064,train,True,3-5|d0
100065,train,True,12-14|d1
100066,train,True,6-8|d1
100067,train,True,6-8|d0
100068,train,True,12-14|d0
100069,train,True,0-2|d0
100070,train,True,12-14|d0
100071,train,True,6-8|d0
100072,val,True,9-11|d1
100073,val,True,12-14|d0
100074,val,True,3-5|d0
100075,val,True,0-2|d0
100076,train,True,3-5|d0
100077,train,True,6-8|d0
100078,train,True,6-8|d0
100079,train,True,9-11|d0
100080,train,True,12-14|d0
100081,train,True,6-8|d0
100082,val,True,9-11|d0
100083,val,True,0-2|d0
100084,train,True,6-8|d0
100085,val,True,9-11|d0
100086,train,True,12-14|d0
100087,train,True,9-11|d0
100088,train,True,6-8|d0
100089,train,True,6-8|d0
100090,train,True,0-2|d0
100091,train,True,9-11|d0
100092,train,True,9-11|d0
100093,train,True,6-8|d1
100094,val,True,0-2|d0
100095,train,True,9-11|d0
100096,train,True,3-5|d1
100097,train,True,6-8|d0
100098,train,True,12-14|d0
100099,test,True,3-5|d0
100100,train,True,12-14|d0
100101,train,True,6-8|d0
100102,train,True,0-2|d0
100103,train,True,6-8|d0
100104,train,True,3-5|d0
100105,train,True,3-5|d1
100106,train,True,15+|d0
100107,test,True,12-14|d0
100108,test,True,9-11|d1
100109,train,True,6-8|d0
100110,test,True,9-11|d0
100111,val,True,0-2|d0
100112,val,True,9-11|d0
100113,train,True,9-11|d0
100114,test,True,0-2|d0
100115,train,True,6-8|d0
100116,train,True,9-11|d1
100117,train,True,3-5|d0
100118,train,True,6-8|d0
100119,train,True,6-8|d0
100120,train,True,12-14|d1
100121,train,True,0-2|d0
100122,train,True,9-11|d0
100123,train,True,3-5|d0
100124,train,True,6-8|d0
100125,test,True,9-11|d0
100126,train,True,3-5|d1
100127,train,True,6-8|d0
100128,train,True,15+|d0
100129,test,True,3-5|d0
100130,val,True,6-8|d0
100131,test,True,9-11|d0
100132,val,True,12-14|d0
100133,train,True,0-2|d0
100134,train,True,3-5|d0
100135,train,True,0-2|d0
100136,val,True,6-8|d0
100137,val,True,15+|d0
100138,train,True,3-5|d0
100139,val,True,0-2|d0
100140,train,True,3-5|d1
100141,val,True,6-8|d0
100142,test,True,3-5|d0
100143,train,True,3-5|d0
100144,train,True,6-8|d1
100145,val,True,6-8|d1
100146,train,True,6-8|d0
100147,train,True,3-5|d0
100148,train,True,9-11|d0
100149,train,True,3-5|d0
100150,val,True,9-11|d0
100151,train,True,3-5|d0
100152,train,True,0-2|d0
100153,train,True,12-14|d1
100154,train,True,6-8|d0
100155,train,True,0-2|d0
100156,train,False,na|d0
100157,train,True,9-11|d0
100158,train,True,3-5|d0
100159,train,True,9-11|d0
100160,train,True,12-14|d0
100161,train,False,na|d0
100162,train,True,9-11|d0
100163,train,True,12-14|d0
100164,train,False,na|d1
100165,train,True,6-8|d0
100166,train,True,0-2|d0
100167,train,True,9-11|d0
100168,train,True,0-2|d0
100169,train,True,0-2|d0
100170,train,True,12-14|d0
100171,train,True,9-11|d0
100172,train,True,9-11|d0
100173,test,True,3-5|d0
100174,test,True,3-5|d0
100175,train,True,0-2|d0
100176,val,True,9-11|d0
100177,test,True,15+|d1
100178,train,True,3-5|d0
100179,test,True,12-14|d0
100180,train,True,3-5|d0
100181,train,True,6-8|d0
100182,train,True,6-8|d0
100183,test,True,6-8|d0
100184,train,True,6-8|d0
100185,train,True,6-8|d0
100186,train,True,3-5|d0
100187,train,True,12-14|d0
100188,train,True,6-8|d0
100189,train,True,0-2|d0
100190,train,True,15+|d0
100191,train,True,9-11|d0
100192,train,True,6-8|d0
100193,train,True,6-8|d0
100194,val,True,6-8|d0
100195,val,True,0-2|d0
100196,train,True,12-14|d1
100197,val,True,15+|d0
100198,train,True,6-8|d0
100199,val,False,na|d0
100200,train,True,3-5|d0
100201,train,True,3-5|d0
100202,train,True,12-14|d0
100203,val,True,0-2|d0
100204,val,True,9-11|d1
100205,train,True,9-11|d0
100206,train,True,3-5|d0
100207,test,True,3-5|d0
100208,train,True,9-11|d0
100209,train,True,0-2|d1
100210,val,True,9-11|d0
100211,val,True,0-2|d0
100212,train,True,15+|d1
100213,train,False,na|d0
100214,train,True,6-8|d0
100215,train,True,3-5|d1
100216,val,True,0-2|d0
100217,train,True,12-14|d0
100218,train,True,6-8|d0
100219,train,True,12-14|d1
100220,train,False,na|d0
100221,val,True,6-8|d0
100222,val,True,12-14|d0
100223,train,True,9-11|d0
100224,train,True,3-5|d0
100225,train,True,6-8|d0
100226,train,True,0-2|d0
100227,train,True,9-11|d0
100228,train,True,3-5|d1
100229,train,True,6-8|d0
100230,train,True,12-14|d0
100231,train,True,6-8|d0
100232,train,True,0-2|d0
100233,train,True,3-5|d0
100234,train,True,9-11|d0
100235,train,True,6-8|d0
100236,train,True,6-8|d0
100237,train,True,6-8|d0
100238,train,True,12-14|d0
100239,train,True,0-2|d0
100240,train,True,0-2|d0
100241,val,True,3-5|d0
100242,val,True,6-8|d0
100243,train,True,6-8|d0
100244,train,True,6-8|d0
100245,train,True,6-8|d0
100246,train,True,3-5|d1
100247,train,True,3-5|d0
100248,train,False,na|d0
100249,test,True,9-11|d0
100250,test,False,na|d0
100251,train,True,3-5|d0
100252,train,False,na|d0
100253,test,True,6-8|d1
100254,train,True,3-5|d0
100255,test,True,6-8|d0
100256,train,True,6-8|d0
100257,val,True,6-8|d0
100258,test,True,9-11|d0
100259,test,True,9-11|d0
100260,test,True,3-5|d1
100261,train,True,0-2|d0
100262,test,True,15+|d1
100263,train,True,9-11|d1
100264,train,True,12-14|d0
100265,val,True,15+|d1
100266,train,True,9-11|d0
100267,train,False,na|d0
100268,train,True,15+|d1
100269,train,True,6-8|d0
100270,train,True,3-5|d0
100271,val,True,12-14|d0
100272,train,True,0-2|d0
100273,train,True,0-2|d0
100274,train,True,3-5|d0
100275,train,True,15+|d1
100276,train,True,15+|d1
100277,val,True,15+|d1
100278,train,True,6-8|d0
100279,train,True,0-2|d0
100280,train,True,3-5|d0
100281,val,True,6-8|d0
100282,train,True,6-8|d0
100283,test,True,12-14|d1
100284,train,True,6-8|d0
100285,val,True,6-8|d0
100286,val,True,6-8|d0
100287,test,True,0-2|d0
100288,test,True,3-5|d0
100289,train,True,6-8|d0
100290,train,True,9-11|d0
100291,train,True,6-8|d1
100292,test,True,15+|d0
100293,train,True,12-14|d0
100294,train,True,9-11|d0
100295,train,True,0-2|d0
100296,train,True,0-2|d0
100297,train,True,6-8|d1
100298,train,True,0-2|d0
100299,test,True,6-8|d0
100300,train,True,9-11|d0
100301,train,True,9-11|d1
100302,test,True,0-2|d0
100303,val,True,6-8|d0
100304,train,True,9-11|d0
100305,train,True,0-2|d0
100306,train,True,0-2|d0
100307,train,True,3-5|d0
100308,train,True,3-5|d0
100309,val,True,0-2|d0
100310,train,True,3-5|d0
100311,train,False,na|d0
100312,train,True,6-8|d1
100313,train,True,6-8|d0
100314,val,True,9-11|d0
100315,train,True,9-11|d0
100316,train,True,9-11|d0
100317,train,True,0-2|d0
100318,train,True,6-8|d0
100319,train,True,3-5|d0
100320,test,True,12-14|d1
100321,val,True,0-2|d1
100322,train,True,9-11|d0
100323,train,True,6-8|d0
100324,test,False,na|d0
100325,train,True,0-2|d0
100326,train,True,6-8|d0
100327,test,True,9-11|d0
100328,train,True,12-14|d0
100329,train,True,3-5|d0
100330,train,True,3-5|d0
100331,test,True,6-8|d0
100332,train,True,6-8|d0
100333,train,True,6-8|d0
100334,train,True,0-2|d0
100335,train,True,3-5|d0
100336,train,True,9-11|d0
100337,train,True,6-8|d0
100338,train,True,6-8|d0
100339,test,True,6-8|d0
100340,test,True,6-8|d0
100341,train,True,6-8|d0
100342,val,True,6-8|d1
100343,train,True,0-2|d0
100344,train,True,9-11|d0
100345,val,True,9-11|d0
100346,val,True,9-11|d0
100347,train,True,9-11|d0
100348,train,True,6-8|d0
100349,train,True,3-5|d0
100350,train,True,15+|d0
100351,train,True,15+|d0
100352,train,True,6-8|d1
100353,train,True,9-11|d0
100354,train,True,3-5|d0
100355,train,True,6-8|d0
100356,train,True,6-8|d1
100357,train,True,9-11|d1
100358,val,True,9-11|d0
100359,test,True,6-8|d0
100360,train,True,0-2|d0
100361,test,True,15+|d1
100362,val,True,6-8|d0
100363,train,False,na|d0
100364,test,True,9-11|d0
100365,val,True,6-8|d0
100366,train,True,9-11|d0
100367,train,True,3-5|d0
100368,train,True,0-2|d0
100369,train,True,0-2|d0
100370,train,True,15+|d1
100371,train,True,6-8|d0
100372,val,True,6-8|d0
100373,train,True,6-8|d0
100374,val,True,0-2|d0
100375,train,False,na|d0
100376,train,True,0-2|d0
100377,train,True,6-8|d1
100378,train,True,6-8|d0
100379,val,True,9-11|d0
100380,train,False,na|d1
100381,train,True,0-2|d0
100382,test,True,9-11|d0
100383,train,True,6-8|d1
100384,test,True,6-8|d0
100385,test,True,0-2|d0
100386,train,True,3-5|d0
100387,train,True,12-14|d1
100388,train,True,12-14|d0
100389,train,True,3-5|d0
100390,val,True,12-14|d1
100391,test,True,9-11|d1
100392,train,True,0-2|d0
100393,test,True,6-8|d1
100394,train,True,3-5|d0
100395,train,True,6-8|d0
100396,train,False,na|d0
100397,train,True,3-5|d0
100398,test,True,6-8|d0
100399,train,True,6-8|d0
100400,train,True,0-2|d1
100401,train,True,6-8|d0
100402,val,True,3-5|d0
100403,train,True,6-8|d0
100404,train,True,9-11|d0
100405,train,True,6-8|d0
100406,train,True,9-11|d0
100407,train,True,0-2|d0
100408,train,True,15+|d1
100409,train,True,9-11|d0
100410,train,True,9-11|d0
100411,train,True,9-11|d1
100412,train,True,3-5|d0
100413,train,True,3-5|d0
100414,train,True,3-5|d0
100415,test,False,na|d0
100416,train,True,15+|d0
100417,train,True,9-11|d0
100418,train,True,6-8|d0
100419,train,True,6-8|d0
100420,train,True,6-8|d0
100421,train,True,3-5|d1
100422,train,True,6-8|d1
100423,train,True,6-8|d0
100424,test,True,6-8|d0
100425,train,True,3-5|d0
100426,train,True,0-2|d0
100427,train,True,6-8|d0
100428,train,True,0-2|d0
100429,train,True,9-11|d0
100430,train,True,12-14|d0
100431,train,True,3-5|d0
100432,train,True,6-8|d0
100433,test,True,9-11|d1
100434,train,True,0-2|d0
100435,train,True,9-11|d0
100436,train,True,9-11|d0
100437,train,True,0-2|d0
100438,val,True,9-11|d0
100439,train,True,6-8|d0
100440,train,True,0-2|d0
100441,train,True,6-8|d0
100442,train,True,9-11|d0
100443,train,True,3-5|d0
100444,train,True,3-5|d1
100445,train,True,3-5|d0
100446,train,True,6-8|d0
100447,train,True,0-2|d0
100448,train,True,12-14|d0
100449,train,True,0-2|d0
100450,val,True,6-8|d0
100451,train,True,6-8|d1
100452,train,True,6-8|d0
100453,test,True,3-5|d0
100454,val,True,6-8|d1
100455,train,True,6-8|d0
100456,test,True,6-8|d1
100457,train,True,6-8|d0
100458,train,True,3-5|d1
100459,train,True,9-11|d0
100460,test,True,6-8|d0
100461,train,True,6-8|d1
100462,train,True,6-8|d0
100463,train,True,12-14|d0
100464,val,True,0-2|d1
100465,train,True,15+|d1
100466,test,True,3-5|d0
100467,train,True,0-2|d0
100468,train,True,3-5|d0
100469,val,True,9-11|d0
100470,train,True,12-14|d0
100471,val,True,9-11|d0
100472,train,True,3-5|d0
100473,train,False,na|d0
100474,train,True,9-11|d0
100475,train,True,9-11|d0
100476,train,True,3-5|d0
100477,test,True,0-2|d0
100478,val,True,3-5|d0
100479,train,True,3-5|d0
100480,train,True,3-5|d0
100481,train,True,9-11|d0
100482,train,True,0-2|d0
100483,train,True,6-8|d0
100484,train,True,9-11|d0
100485,train,True,9-11|d0
100486,test,True,3-5|d1
100487,train,True,6-8|d0
100488,train,True,0-2|d0
100489,train,True,9-11|d1
100490,val,True,9-11|d0
100491,train,True,12-14|d0
100492,train,True,3-5|d1
100493,train,True,12-14|d0
100494,train,True,6-8|d0
100495,test,True,6-8|d0
100496,train,True,3-5|d0
100497,val,False,na|d0
100498,train,True,9-11|d1
100499,train,True,12-14|d0
100500,train,True,9-11|d0
100501,train,True,3-5|d0
100502,test,False,na|d0
100503,train,True,0-2|d0
100504,val,True,6-8|d0
100505,train,True,3-5|d0
100506,val,True,9-11|d0
100507,train,True,9-11|d0
100508,train,True,9-11|d0
100509,test,True,9-11|d0
100510,train,True,6-8|d0
100511,train,True,6-8|d0
100512,train,True,9-11|d0
100513,train,True,0-2|d0
100514,train,True,0-2|d0
100515,train,True,9-11|d0
100516,test,True,3-5|d0
100517,val,True,9-11|d0
100518,train,True,9-11|d0
100519,train,True,0-2|d0
100520,train,True,3-5|d1
100521,train,True,6-8|d0
100522,train,True,6-8|d0
100523,train,True,0-2|d0
100524,train,True,3-5|d0
100525,test,True,12-14|d0
100526,val,True,6-8|d0
100527,val,True,6-8|d1
100528,val,True,3-5|d0
100529,train,True,3-5|d0
100530,train,True,12-14|d0
100531,test,True,6-8|d0
100532,train,True,6-8|d0
100533,train,True,3-5|d0
100534,val,True,6-8|d0
100535,train,True,6-8|d0
100536,val,True,6-8|d0
100537,train,True,3-5|d0
100538,train,True,12-14|d0
100539,train,True,0-2|d0
100540,train,True,3-5|d0
100541,train,True,12-14|d0
100542,train,True,3-5|d0
100543,train,True,6-8|d0
100544,train,True,0-2|d0
100545,train,True,0-2|d0
100546,train,True,12-14|d0
100547,train,True,0-2|d0
100548,train,True,15+|d1
100549,train,True,3-5|d0
100550,test,True,3-5|d0
100551,val,True,6-8|d1
100552,train,True,3-5|d0
100553,train,True,9-11|d0
100554,train,True,3-5|d0
100555,val,True,12-14|d1
100556,train,True,12-14|d0
100557,train,True,3-5|d0
100558,train,True,6-8|d1
100559,train,True,3-5|d0
100560,train,True,0-2|d0
100561,train,True,0-2|d0
100562,test,True,0-2|d0
100563,val,True,6-8|d0
100564,test,True,6-8|d0
100565,train,True,3-5|d0
100566,train,True,6-8|d0
100567,val,True,6-8|d0
100568,train,True,0-2|d0
100569,val,True,3-5|d0
100570,train,True,6-8|d0
100571,test,True,6-8|d0
100572,test,True,12-14|d0
100573,train,True,6-8|d0
100574,val,True,12-14|d0
100575,train,True,6-8|d0
100576,val,True,9-11|d0
100577,train,True,3-5|d0
100578,train,True,6-8|d0
100579,train,True,12-14|d0
100580,train,True,9-11|d0
100581,train,True,0-2|d0
100582,train,True,9-11|d0
100583,train,True,6-8|d1
100584,train,True,12-14|d0
100585,train,True,15+|d0
100586,train,True,3-5|d0
100587,train,True,6-8|d0
100588,train,True,12-14|d0
100589,train,True,6-8|d0
100590,train,False,na|d0
100591,train,True,3-5|d0
100592,train,True,3-5|d0
100593,test,True,3-5|d0
100594,train,True,6-8|d0
100595,train,True,3-5|d1
100596,val,True,3-5|d0
100597,train,True,3-5|d0
100598,train,True,9-11|d1
100599,train,True,3-5|d0
100600,train,True,6-8|d1
100601,train,True,6-8|d0
100602,train,True,6-8|d0
100603,train,True,3-5|d0
100604,train,True,15+|d0
100605,val,True,9-11|d1
100606,test,True,6-8|d0
100607,train,True,0-2|d0
100608,train,True,9-11|d0
100609,val,True,6-8|d0
100610,val,True,3-5|d0
100611,train,True,9-11|d0
100612,test,True,9-11|d1
100613,train,True,6-8|d0
100614,test,True,6-8|d0
100615,val,True,9-11|d0
100616,train,True,6-8|d0
100617,train,False,na|d0
100618,train,True,3-5|d0
100619,train,True,3-5|d0
100620,val,True,6-8|d0
100621,train,True,9-11|d0
100622,test,True,0-2|d0
100623,train,True,12-14|d0
100624,train,True,9-11|d0
100625,test,True,3-5|d0
100626,train,True,0-2|d0
100627,train,False,na|d0
100628,test,True,3-5|d1
100629,train,True,6-8|d0
100630,train,True,12-14|d0
100631,test,True,0-2|d0
100632,train,True,3-5|d1
100633,train,False,na|d0
100634,test,True,3-5|d0
100635,train,True,3-5|d1
100636,train,True,6-8|d0
100637,train,True,6-8|d0
100638,train,True,0-2|d0
100639,val,True,3-5|d1
100640,train,True,0-2|d0
100641,test,True,3-5|d0
100642,test,True,6-8|d0
100643,train,True,3-5|d0
100644,test,True,6-8|d0
100645,val,True,6-8|d0
100646,train,True,0-2|d1
100647,train,True,9-11|d0
100648,test,True,3-5|d0
100649,test,True,6-8|d0
100650,val,True,0-2|d0
100651,train,True,3-5|d0
100652,train,False,na|d0
100653,train,True,0-2|d1
100654,train,True,6-8|d0
100655,train,True,9-11|d0
100656,train,True,12-14|d1
100657,test,True,9-11|d0
100658,test,True,9-11|d0
100659,val,True,6-8|d0
100660,val,True,3-5|d0
100661,train,False,na|d0
100662,train,True,6-8|d0
100663,train,True,0-2|d0
100664,val,True,9-11|d0
100665,val,True,3-5|d0
100666,train,True,12-14|d0
100667,train,True,12-14|d1
100668,train,True,6-8|d0
100669,train,True,15+|d0
100670,train,True,12-14|d0
100671,train,True,0-2|d0
100672,train,False,na|d0
100673,train,True,9-11|d1
100674,train,True,9-11|d0
100675,train,True,9-11|d0
100676,train,True,6-8|d0
100677,train,True,3-5|d0
100678,train,True,3-5|d0
100679,train,False,na|d0
100680,train,True,3-5|d0
100681,train,True,0-2|d0
100682,train,True,6-8|d0
100683,train,True,3-5|d0
100684,train,True,3-5|d0
100685,test,True,3-5|d0
100686,train,True,3-5|d0
100687,train,True,6-8|d0
100688,train,True,3-5|d0
100689,train,True,9-11|d0
100690,train,True,6-8|d1
100691,test,True,9-11|d0
100692,val,True,9-11|d0
100693,test,True,3-5|d0
100694,train,True,6-8|d0
100695,train,True,9-11|d0
100696,test,True,12-14|d1
100697,train,True,9-11|d0
100698,train,True,12-14|d0
100699,test,True,0-2|d1
100700,train,True,6-8|d0
100701,train,True,6-8|d0
100702,train,True,0-2|d0
100703,train,True,6-8|d0
100704,val,True,0-2|d0
100705,train,True,6-8|d0
100706,test,True,6-8|d0
100707,val,True,3-5|d0
100708,train,True,9-11|d0
100709,train,True,9-11|d0
100710,train,True,6-8|d1
100711,train,True,6-8|d0
100712,train,True,9-11|d0
100713,train,True,6-8|d0
100714,val,True,6-8|d0
100715,train,True,0-2|d0
100716,train,True,9-11|d0
100717,train,True,0-2|d0
100718,train,True,0-2|d0
100719,train,True,3-5|d0
100720,train,True,12-14|d0
100721,train,True,0-2|d0
100722,train,True,3-5|d0
100723,val,True,6-8|d0
100724,val,True,3-5|d0
100725,train,True,3-5|d0
100726,train,True,6-8|d0
100727,train,True,3-5|d0
100728,train,True,6-8|d0
100729,val,True,6-8|d0
100730,train,True,3-5|d0
100731,train,True,6-8|d0
100732,test,True,0-2|d0
100733,train,True,0-2|d0
100734,val,False,na|d0
100735,val,True,6-8|d0
100736,train,True,0-2|d0
100737,train,True,9-11|d1
100738,train,True,12-14|d0
100739,train,True,9-11|d0
100740,train,True,3-5|d0
100741,train,False,na|d0
100742,train,True,9-11|d0
100743,train,True,0-2|d0
100744,val,True,0-2|d0
100745,train,True,9-11|d0
100746,train,True,9-11|d0
100747,train,True,0-2|d0
100748,val,True,3-5|d0
100749,train,True,6-8|d0
100750,train,True,3-5|d0
100751,val,True,0-2|d0
100752,val,True,6-8|d0
100753,val,True,9-11|d0
100754,train,True,12-14|d0
100755,val,True,6-8|d0
100756,train,True,6-8|d0
100757,val,True,9-11|d0
100758,train,True,9-11|d0
100759,train,True,0-2|d0
100760,train,True,9-11|d0
100761,train,True,6-8|d1
100762,val,True,12-14|d1
100763,train,True,6-8|d0
100764,train,True,9-11|d0
100765,val,True,3-5|d1
100766,train,True,3-5|d1
100767,train,True,3-5|d0
100768,val,True,0-2|d0
100769,val,True,3-5|d0
100770,train,True,6-8|d0
100771,train,True,3-5|d0
100772,train,True,6-8|d1
100773,test,True,6-8|d1
100774,train,True,0-2|d0
100775,train,True,9-11|d0
100776,train,True,6-8|d0
100777,train,True,9-11|d0
100778,train,True,9-11|d0
100779,test,True,6-8|d0
100780,test,True,12-14|d0
100781,train,True,9-11|d0
100782,train,True,0-2|d0
100783,train,True,9-11|d0
100784,val,True,0-2|d0
100785,val,True,12-14|d0
100786,train,True,3-5|d0
100787,train,True,9-11|d0
100788,train,True,12-14|d0
100789,val,True,9-11|d0
100790,train,True,6-8|d1
100791,train,True,0-2|d0
100792,train,True,6-8|d0
100793,train,True,9-11|d1
100794,train,True,3-5|d0
100795,val,True,6-8|d1
100796,train,True,9-11|d0
100797,test,True,15+|d1
100798,test,False,na|d0
100799,train,True,0-2|d0
100800,train,True,9-11|d0
100801,train,False,na|d0
100802,test,True,0-2|d0
100803,train,True,6-8|d0
100804,train,True,6-8|d0
100805,val,True,6-8|d0
100806,train,True,3-5|d0
100807,train,True,3-5|d0
100808,train,True,0-2|d0
100809,train,True,3-5|d0
100810,train,True,3-5|d0
100811,train,True,0-2|d0
100812,train,False,na|d0
100813,train,True,0-2|d0
100814,train,True,0-2|d0
100815,train,True,6-8|d0
100816,test,True,0-2|d0
100817,train,True,6-8|d1
100818,train,True,0-2|d0
100819,train,True,9-11|d0
100820,val,True,12-14|d0
100821,val,True,6-8|d0
100822,train,True,12-14|d1
100823,train,True,0-2|d0
100824,train,True,6-8|d0
100825,train,True,6-8|d1
100826,val,True,6-8|d0
100827,train,True,3-5|d0
100828,val,True,0-2|d0
100829,train,True,0-2|d0
100830,train,True,3-5|d0
100831,train,True,3-5|d0
100832,train,True,6-8|d1
100833,train,True,3-5|d0
100834,train,True,3-5|d0
100835,val,True,3-5|d0
100836,val,True,6-8|d1
100837,test,True,3-5|d0
100838,train,True,9-11|d0
100839,train,True,0-2|d0
100840,train,True,0-2|d0
100841,train,True,3-5|d1
100842,train,True,12-14|d0
100843,train,True,0-2|d0
100844,test,True,12-14|d0
100845,test,True,6-8|d1
100846,train,True,0-2|d0
100847,val,True,6-8|d1
100848,train,True,6-8|d0
100849,train,True,3-5|d1
100850,train,True,12-14|d0
100851,train,True,3-5|d0
100852,train,True,6-8|d0
100853,train,True,3-5|d0
100854,test,True,9-11|d0
100855,train,True,3-5|d0
100856,train,True,3-5|d0
100857,test,True,3-5|d0
100858,test,True,9-11|d1
100859,train,True,12-14|d0
100860,test,True,12-14|d0
100861,train,True,0-2|d0
100862,train,True,9-11|d0
100863,train,True,6-8|d0
100864,train,True,6-8|d0
100865,train,True,6-8|d0
100866,train,True,9-11|d1
100867,val,True,6-8|d0
100868,train,True,3-5|d0
100869,train,True,0-2|d0
100870,train,True,3-5|d0
100871,train,True,0-2|d0
100872,val,True,3-5|d0
100873,train,True,3-5|d0
100874,train,True,6-8|d0
100875,train,True,9-11|d1
100876,train,True,6-8|d0
100877,train,True,6-8|d0
100878,train,True,0-2|d0
100879,train,True,6-8|d0
100880,train,True,0-2|d0
100881,train,True,6-8|d1
100882,train,True,12-14|d1
100883,train,True,3-5|d1
100884,train,True,3-5|d0
100885,train,True,9-11|d0
100886,train,False,na|d0
100887,train,True,0-2|d0
100888,train,True,3-5|d0
100889,train,True,0-2|d0
100890,val,True,0-2|d0
100891,train,True,3-5|d0
100892,train,True,6-8|d0
100893,train,False,na|d0
100894,train,True,9-11|d1
100895,train,True,0-2|d0
100896,train,True,6-8|d0
100897,train,True,15+|d0
100898,test,True,9-11|d1
100899,train,True,9-11|d0
100900,train,True,6-8|d0
100901,train,True,6-8|d1
100902,train,True,12-14|d0
100903,train,True,15+|d0
100904,val,True,12-14|d0
100905,train,True,12-14|d0
100906,train,True,0-2|d0
100907,train,True,6-8|d0
100908,test,True,0-2|d0
100909,train,False,na|d1
100910,val,True,9-11|d0
100911,test,True,3-5|d0
100912,train,True,15+|d1
100913,train,True,0-2|d0
100914,train,True,0-2|d0
100915,train,True,15+|d0
100916,test,True,12-14|d0
100917,train,True,9-11|d0
100918,train,True,15+|d0
100919,train,True,6-8|d0
100920,val,True,9-11|d0
100921,train,True,3-5|d0
100922,train,True,3-5|d0
100923,test,True,9-11|d1
100924,val,True,3-5|d0
100925,train,True,3-5|d1
100926,test,True,9-11|d0
100927,val,True,9-11|d0
100928,test,True,3-5|d0
100929,val,True,0-2|d1
100930,train,True,3-5|d0
100931,train,False,na|d0
100932,val,True,6-8|d0
100933,train,True,6-8|d0
100934,train,True,12-14|d0
100935,test,True,9-11|d0
100936,train,True,6-8|d0
100937,train,True,6-8|d0
100938,train,True,3-5|d0
100939,val,True,12-14|d1
100940,val,True,9-11|d0
100941,test,True,0-2|d0
100942,train,True,9-11|d0
100943,train,True,9-11|d1
100944,train,True,3-5|d0
100945,train,True,12-14|d0
100946,test,True,0-2|d0
100947,train,True,6-8|d0
100948,train,True,6-8|d0
100949,val,True,3-5|d0
100950,val,True,12-14|d0
100951,train,True,3-5|d0
100952,test,True,0-2|d0
100953,train,True,9-11|d1
100954,val,True,0-2|d0
100955,test,True,0-2|d0
100956,train,True,6-8|d0
100957,val,True,9-11|d0
100958,train,True,0-2|d1
100959,test,True,6-8|d0
100960,train,True,12-14|d0
100961,train,True,3-5|d0
100962,train,True,6-8|d1
100963,val,True,6-8|d0
100964,train,True,3-5|d0
100965,train,True,6-8|d1
100966,train,True,6-8|d1
100967,test,True,0-2|d0
100968,train,True,3-5|d0
100969,train,True,12-14|d0
100970,train,True,0-2|d0
100971,train,True,6-8|d0
100972,train,True,3-5|d0
100973,train,True,6-8|d0
100974,val,True,3-5|d0
100975,train,True,3-5|d0
100976,test,True,3-5|d0
100977,train,True,6-8|d1
100978,train,True,6-8|d1
100979,train,True,0-2|d0
100980,test,False,na|d0
100981,train,True,3-5|d0
100982,train,True,9-11|d1
100983,train,True,9-11|d1
100984,train,True,0-2|d1
100985,train,True,6-8|d0
100986,val,True,6-8|d0
100987,train,True,6-8|d0
100988,val,True,0-2|d0
100989,train,True,9-11|d0
100990,train,True,6-8|d0
100991,train,True,9-11|d1
100992,test,True,9-11|d0
100993,test,True,12-14|d0
100994,test,True,9-11|d1
100995,train,True,6-8|d0
100996,train,True,3-5|d0
100997,train,True,0-2|d0
100998,train,True,9-11|d0
100999,test,True,9-11|d1
101000,train,True,12-14|d0
101001,train,True,9-11|d1
101002,train,True,15+|d0
101003,train,True,3-5|d0
101004,test,True,0-2|d0
101005,test,True,3-5|d0
101006,train,True,6-8|d0
101007,train,True,9-11|d0
101008,test,True,0-2|d0
101009,test,True,0-2|d0
101010,train,False,na|d0
101011,test,True,6-8|d0
101012,train,False,na|d0
101013,test,True,6-8|d1
101014,train,True,9-11|d0
101015,test,False,na|d0
101016,train,True,6-8|d0
101017,test,True,6-8|d0
101018,train,True,9-11|d0
101019,val,True,9-11|d0
101020,val,True,6-8|d0
101021,val,False,na|d0
101022,train,True,3-5|d0
101023,train,True,9-11|d0
101024,train,True,0-2|d0
101025,val,True,3-5|d0
101026,train,True,3-5|d0
101027,val,True,15+|d0
101028,train,True,0-2|d0
101029,train,True,6-8|d1
101030,train,True,6-8|d0
101031,train,True,3-5|d0
101032,train,True,6-8|d0
101033,train,True,0-2|d0
101034,train,True,0-2|d0
101035,train,True,15+|d0
101036,train,False,na|d0
101037,val,True,3-5|d0
101038,val,True,12-14|d1
101039,test,True,3-5|d0
101040,train,True,12-14|d0
101041,val,True,9-11|d0
101042,test,True,6-8|d0
101043,train,True,3-5|d0
101044,train,True,12-14|d0
101045,train,True,9-11|d0
101046,train,True,9-11|d0
101047,train,True,6-8|d1
101048,train,True,9-11|d0
101049,test,True,3-5|d0
101050,train,True,3-5|d0
101051,test,True,3-5|d0
101052,train,True,6-8|d0
101053,train,True,0-2|d0
101054,train,True,12-14|d0
101055,train,True,3-5|d0
101056,val,True,3-5|d0
101057,train,True,6-8|d0
101058,train,True,9-11|d0
101059,train,True,12-14|d0
101060,train,True,3-5|d0
101061,train,True,3-5|d0
101062,test,True,9-11|d0
101063,test,True,9-11|d1
101064,train,True,15+|d1
101065,train,True,6-8|d1
101066,train,True,12-14|d1
101067,val,True,12-14|d0
101068,val,True,3-5|d0
101069,train,True,6-8|d0
101070,train,True,6-8|d0
101071,train,True,3-5|d0
101072,test,True,9-11|d0
101073,train,True,6-8|d0
101074,train,True,9-11|d0
101075,test,True,6-8|d0
101076,train,False,na|d0
101077,train,True,9-11|d0
101078,val,True,9-11|d0
101079,train,True,3-5|d0
101080,test,True,9-11|d0
101081,train,True,15+|d0
101082,val,True,12-14|d0
101083,train,True,0-2|d0
101084,train,True,9-11|d0
101085,train,True,12-14|d0
101086,train,True,0-2|d0
101087,train,True,12-14|d0
101088,test,True,3-5|d1
101089,train,True,9-11|d0
101090,train,True,9-11|d0
101091,train,True,12-14|d1
101092,train,True,9-11|d0
101093,train,True,3-5|d0
101094,train,True,12-14|d1
101095,train,True,9-11|d0
101096,train,True,6-8|d1
101097,train,True,0-2|d0
101098,train,True,0-2|d0
101099,train,True,6-8|d0
101100,train,True,6-8|d0
101101,train,True,9-11|d1
101102,train,True,0-2|d1
101103,val,True,3-5|d0
101104,train,True,9-11|d0
101105,train,True,9-11|d0
101106,train,True,3-5|d0
101107,val,True,12-14|d0
101108,train,True,3-5|d0
101109,val,True,6-8|d0
101110,test,True,12-14|d0
101111,test,True,9-11|d0
101112,val,True,9-11|d0
101113,train,True,6-8|d0
101114,train,True,6-8|d0
101115,test,True,6-8|d1
101116,train,True,9-11|d0
101117,train,True,9-11|d1
101118,train,True,3-5|d0
101119,train,True,0-2|d0
101120,train,True,12-14|d0
101121,val,True,3-5|d0
101122,train,True,3-5|d0
101123,test,True,3-5|d0
101124,train,True,6-8|d0
101125,train,True,12-14|d0
101126,train,True,0-2|d0
101127,train,True,9-11|d1
101128,test,True,3-5|d0
101129,train,True,9-11|d0
101130,train,True,3-5|d0
101131,train,True,0-2|d0
101132,train,True,9-11|d0
101133,train,True,9-11|d0
101134,train,True,9-11|d0
101135,test,True,3-5|d0
101136,val,True,3-5|d0
101137,test,True,6-8|d0
101138,train,True,12-14|d0
101139,train,True,9-11|d0
101140,train,False,na|d0
101141,val,True,6-8|d1
101142,train,True,6-8|d0
101143,train,True,6-8|d1
101144,train,True,0-2|d0
101145,train,True,0-2|d0
101146,test,True,0-2|d0
101147,train,True,12-14|d1
101148,train,True,3-5|d1
101149,test,True,6-8|d0
101150,train,True,0-2|d0
101151,train,True,6-8|d0
101152,train,True,9-11|d0
101153,train,True,3-5|d0
101154,train,True,0-2|d0
101155,test,True,9-11|d0
101156,test,True,3-5|d0
101157,train,True,9-11|d0
101158,train,True,0-2|d0
101159,test,True,9-11|d0
101160,train,True,3-5|d0
101161,train,True,3-5|d1
101162,train,True,9-11|d1
101163,train,True,3-5|d0
101164,test,True,6-8|d1
101165,test,True,3-5|d0
101166,train,True,6-8|d0
101167,train,True,3-5|d0
101168,test,True,0-2|d0
101169,train,True,3-5|d0
101170,test,True,3-5|d1
101171,train,True,3-5|d0
101172,train,True,6-8|d0
101173,train,True,3-5|d1
101174,val,True,3-5|d0
101175,train,True,6-8|d0
101176,train,True,12-14|d0
101177,train,True,3-5|d1
101178,train,True,6-8|d0
101179,val,True,6-8|d1
101180,train,True,15+|d1
101181,train,True,15+|d1
101182,train,True,0-2|d0
101183,train,True,0-2|d0
101184,train,True,9-11|d0
101185,train,True,6-8|d0
101186,train,True,3-5|d0
101187,test,True,3-5|d0
101188,train,True,3-5|d0
101189,train,False,na|d0
101190,train,True,9-11|d0
101191,train,True,6-8|d0
101192,train,True,9-11|d0
101193,train,True,6-8|d0
101194,train,True,6-8|d0
101195,val,True,9-11|d0
101196,train,True,12-14|d1
101197,train,True,3-5|d1
101198,train,True,9-11|d0
101199,train,True,9-11|d1
101200,train,True,6-8|d0
101201,train,True,6-8|d0
101202,train,True,6-8|d0
101203,train,True,0-2|d1
101204,train,True,6-8|d0
101205,train,True,9-11|d0
101206,train,True,3-5|d1
101207,train,True,3-5|d1
101208,val,True,15+|d1
101209,train,True,6-8|d1
101210,val,True,9-11|d1
101211,train,True,12-14|d0
101212,train,True,3-5|d0
101213,train,True,0-2|d0
101214,train,True,9-11|d0
101215,train,True,3-5|d1
101216,train,True,6-8|d0
101217,test,True,0-2|d1
101218,val,True,9-11|d0
101219,train,True,3-5|d0
101220,train,True,3-5|d0
101221,train,True,12-14|d1
101222,train,True,15+|d0
101223,train,True,0-2|d0
101224,train,True,3-5|d0
101225,train,True,9-11|d0
101226,val,True,3-5|d0
101227,train,True,15+|d1
101228,test,True,15+|d1
101229,train,True,3-5|d0
101230,train,True,6-8|d0
101231,train,True,0-2|d0
101232,train,False,na|d0
101233,train,True,6-8|d0
101234,train,True,12-14|d0
101235,train,True,6-8|d0
101236,test,True,3-5|d0
101237,val,True,6-8|d0
101238,train,True,6-8|d0
101239,train,True,3-5|d0
101240,train,True,6-8|d0
101241,test,False,na|d0
101242,train,True,9-11|d0
101243,train,True,6-8|d0
101244,train,True,9-11|d0
101245,train,True,6-8|d0
101246,val,True,0-2|d0
101247,test,True,6-8|d1
101248,train,True,3-5|d0
101249,train,True,3-5|d0
101250,train,True,3-5|d0
101251,train,True,0-2|d0
101252,train,True,3-5|d0
101253,train,True,0-2|d0
101254,val,True,0-2|d0
101255,train,True,15+|d0
101256,train,True,9-11|d0
101257,train,True,6-8|d0
101258,train,True,12-14|d0
101259,train,True,15+|d1
101260,train,True,6-8|d0
101261,train,True,9-11|d0
101262,test,True,9-11|d0
101263,val,True,12-14|d0
101264,test,True,0-2|d0
101265,val,True,0-2|d0
101266,train,True,12-14|d0
101267,train,True,0-2|d0
101268,train,True,9-11|d0
101269,train,True,0-2|d0
101270,train,True,9-11|d0
101271,train,True,3-5|d0
101272,val,True,6-8|d0
101273,train,True,3-5|d0
101274,val,True,6-8|d0
101275,train,True,0-2|d0
101276,train,True,6-8|d1
101277,train,True,6-8|d1
101278,train,True,12-14|d0
101279,test,True,6-8|d0
101280,train,True,0-2|d0
101281,train,True,6-8|d0
101282,train,True,3-5|d1
101283,train,True,3-5|d0
101284,train,True,6-8|d0
101285,test,True,9-11|d0
101286,train,True,9-11|d0
101287,train,True,3-5|d0
101288,train,True,3-5|d1
101289,train,True,6-8|d1
101290,train,True,0-2|d0
101291,train,True,12-14|d1
101292,test,True,12-14|d0
101293,train,True,12-14|d1
101294,train,True,6-8|d0
101295,train,True,12-14|d0
101296,train,True,12-14|d0
101297,train,True,3-5|d1
101298,val,True,6-8|d0
101299,val,True,0-2|d0
101300,train,True,9-11|d0
101301,test,True,3-5|d0
101302,train,True,3-5|d0
101303,train,True,3-5|d0
101304,train,True,0-2|d0
101305,train,True,6-8|d0
101306,train,True,0-2|d0
101307,train,True,6-8|d0
101308,train,True,9-11|d0
101309,train,True,9-11|d0
101310,test,True,3-5|d1
101311,train,True,6-8|d0
101312,val,True,3-5|d0
101313,test,True,6-8|d0
101314,test,True,9-11|d1
101315,train,True,6-8|d0
101316,train,True,9-11|d0
101317,val,True,0-2|d0
101318,val,True,6-8|d0
101319,val,True,0-2|d0
101320,test,True,0-2|d0
101321,train,True,9-11|d1
101322,val,True,6-8|d1
101323,train,True,0-2|d0
101324,train,True,3-5|d0
101325,train,True,0-2|d1
101326,train,True,9-11|d0
101327,train,True,15+|d0
101328,train,True,3-5|d0
101329,train,True,12-14|d0
101330,train,True,3-5|d0
101331,train,True,6-8|d0
101332,train,True,3-5|d0
101333,train,True,9-11|d0
101334,train,False,na|d0
101335,train,True,12-14|d1
101336,train,True,0-2|d0
101337,train,True,3-5|d0
101338,train,True,6-8|d0
101339,train,True,6-8|d0
101340,train,True,6-8|d1
101341,val,True,3-5|d0
101342,train,True,0-2|d0
101343,val,True,0-2|d0
101344,train,True,6-8|d0
101345,train,False,na|d0
101346,train,True,6-8|d0
101347,val,True,9-11|d0
101348,test,True,0-2|d0
101349,test,True,12-14|d0
101350,train,True,12-14|d0
101351,val,True,9-11|d0
101352,train,True,15+|d0
101353,train,False,na|d1
101354,train,True,0-2|d0
101355,train,True,9-11|d0
101356,train,True,3-5|d0
101357,train,True,3-5|d0
101358,train,True,9-11|d1
101359,val,True,12-14|d0
101360,train,True,3-5|d0
101361,val,True,6-8|d1
101362,train,True,9-11|d0
101363,train,True,6-8|d0
101364,train,True,6-8|d0
101365,train,True,3-5|d0
101366,train,True,3-5|d0
101367,train,True,6-8|d0
101368,train,True,0-2|d0
101369,train,True,3-5|d0
101370,train,True,12-14|d0
101371,train,True,6-8|d0
101372,train,True,12-14|d0
101373,train,True,0-2|d1
101374,train,True,9-11|d1
101375,train,True,3-5|d0
101376,train,True,0-2|d0
101377,val,True,6-8|d0
101378,test,True,12-14|d1
101379,test,True,6-8|d0
101380,train,True,0-2|d0
101381,train,True,6-8|d1
101382,test,True,12-14|d0
101383,val,True,15+|d1
101384,train,True,0-2|d0
101385,train,True,0-2|d0
101386,val,True,6-8|d0
101387,train,True,15+|d1
101388,test,True,3-5|d0
101389,train,True,6-8|d1
101390,train,True,9-11|d0
101391,train,True,3-5|d0
101392,val,True,6-8|d1
101393,val,True,12-14|d0
101394,test,True,6-8|d0
101395,train,True,9-11|d0
101396,train,True,6-8|d0
101397,train,True,3-5|d0
101398,train,True,6-8|d0
101399,train,True,15+|d0
101400,train,True,3-5|d1
101401,train,True,0-2|d0
101402,train,True,6-8|d0
101403,train,True,9-11|d1
101404,test,True,6-8|d0
101405,test,True,6-8|d0
101406,train,True,9-11|d0
101407,train,True,6-8|d0
101408,val,True,6-8|d0
101409,train,True,6-8|d0
101410,test,True,6-8|d0
101411,train,True,0-2|d0
101412,train,True,6-8|d0
101413,train,True,3-5|d0
101414,test,True,0-2|d0
101415,train,True,6-8|d0
101416,train,True,3-5|d0
101417,train,True,12-14|d1
101418,val,True,0-2|d0
101419,train,True,9-11|d0
101420,train,True,3-5|d1
101421,test,True,3-5|d1
101422,test,True,0-2|d1
101423,train,True,6-8|d0
101424,train,True,6-8|d1
101425,train,True,6-8|d0
101426,train,True,0-2|d0
101427,train,True,12-14|d0
101428,train,True,9-11|d0
101429,val,True,0-2|d0
101430,train,True,9-11|d0
101431,val,True,9-11|d0
101432,val,True,3-5|d1
101433,train,True,12-14|d0
101434,test,False,na|d0
101435,train,True,9-11|d1
101436,train,True,6-8|d0
101437,train,True,6-8|d0
101438,train,True,12-14|d0
101439,test,True,6-8|d0
101440,val,True,3-5|d0
101441,train,True,9-11|d0
101442,train,True,0-2|d0
101443,train,True,3-5|d0
101444,train,True,6-8|d0
101445,train,False,na|d0
101446,train,True,6-8|d1
101447,train,True,6-8|d0
101448,train,True,6-8|d0
101449,train,True,3-5|d0
101450,train,True,3-5|d0
101451,train,False,na|d1
101452,train,True,0-2|d0
101453,val,True,3-5|d0
101454,test,True,9-11|d0
101455,train,True,9-11|d0
101456,train,True,0-2|d0
101457,train,True,6-8|d0
101458,train,True,6-8|d0
101459,test,True,3-5|d0
101460,train,True,9-11|d0
101461,train,False,na|d0
101462,train,False,na|d0
101463,train,True,3-5|d0
101464,train,True,12-14|d0
101465,val,True,12-14|d0
101466,train,True,6-8|d0
101467,val,True,3-5|d0
101468,train,True,3-5|d0
101469,train,True,3-5|d0
101470,train,True,6-8|d1
101471,test,True,15+|d1
101472,val,True,3-5|d0
101473,train,True,6-8|d0
101474,val,True,9-11|d0
101475,train,True,12-14|d0
101476,train,True,12-14|d1
101477,train,True,6-8|d1
101478,val,False,na|d0
101479,train,True,12-14|d1
101480,train,True,6-8|d0
101481,train,True,6-8|d0
101482,val,True,3-5|d0
101483,train,True,9-11|d0
101484,val,True,9-11|d1
101485,train,False,na|d0
101486,val,True,6-8|d0
101487,train,True,12-14|d0
101488,val,True,3-5|d0
101489,train,True,0-2|d0
101490,train,False,na|d0
101491,train,True,3-5|d0
101492,train,True,3-5|d0
101493,train,True,6-8|d0
101494,test,True,6-8|d0
101495,test,True,3-5|d0
101496,val,True,3-5|d0
101497,train,True,12-14|d0
101498,train,True,6-8|d0
101499,test,True,9-11|d1
101500,val,True,12-14|d0
101501,train,True,0-2|d0
101502,val,True,6-8|d0
101503,train,True,9-11|d0
101504,train,True,3-5|d0
101505,train,True,9-11|d0
101506,train,True,6-8|d0
101507,train,True,6-8|d0
101508,train,True,6-8|d0
101509,train,True,3-5|d0
101510,train,True,12-14|d0
101511,train,True,9-11|d0
101512,test,True,0-2|d0
101513,train,True,0-2|d0
101514,train,True,3-5|d0
101515,train,True,3-5|d0
101516,train,True,3-5|d0
101517,train,True,9-11|d0
101518,train,True,9-11|d0
101519,train,True,6-8|d1
101520,train,True,9-11|d0
101521,val,True,3-5|d1
101522,train,True,6-8|d0
101523,val,True,9-11|d0
101524,train,True,9-11|d0
101525,val,True,12-14|d0
101526,train,True,0-2|d0
101527,train,True,12-14|d1
101528,test,False,na|d0
101529,train,True,9-11|d0
101530,train,True,0-2|d0
101531,val,True,9-11|d0
101532,train,True,3-5|d1
101533,test,True,12-14|d0
101534,val,True,3-5|d0
101535,val,True,0-2|d0
101536,val,True,3-5|d0
101537,test,True,0-2|d0
101538,train,True,6-8|d0
101539,train,True,0-2|d0
101540,train,True,0-2|d0
101541,train,True,6-8|d0
101542,train,True,6-8|d0
101543,train,True,9-11|d0
101544,train,True,0-2|d0
101545,train,True,6-8|d0
101546,train,True,12-14|d0
101547,train,True,6-8|d0
101548,val,True,12-14|d1
101549,test,True,15+|d1
101550,train,True,9-11|d0
101551,train,True,12-14|d0
101552,train,True,3-5|d0
101553,test,True,3-5|d1
101554,train,True,6-8|d0
101555,train,True,0-2|d1
101556,train,True,0-2|d0
101557,train,True,9-11|d0
101558,train,True,12-14|d0
101559,test,True,6-8|d0
101560,train,True,9-11|d0
101561,train,True,0-2|d0
101562,test,False,na|d0
101563,train,True,3-5|d0
101564,train,True,0-2|d0
101565,train,True,3-5|d0
101566,train,True,6-8|d0
101567,train,True,9-11|d0
101568,train,False,na|d0
101569,train,True,0-2|d0
101570,train,True,3-5|d0
101571,val,True,6-8|d1
101572,train,True,12-14|d0
101573,train,True,6-8|d1
101574,train,True,3-5|d0
101575,train,True,12-14|d0
101576,train,True,15+|d1
101577,train,True,0-2|d0
101578,train,True,0-2|d0
101579,train,True,12-14|d0
101580,val,True,6-8|d0
101581,train,True,3-5|d0
101582,val,True,9-11|d0
101583,train,True,0-2|d0
101584,train,True,6-8|d0
101585,val,True,9-11|d0
101586,train,True,3-5|d1
101587,train,True,3-5|d0
101588,train,True,6-8|d0
101589,train,True,9-11|d0
101590,train,True,3-5|d0
101591,train,True,15+|d0
101592,train,True,3-5|d0
101593,val,True,0-2|d0
101594,train,True,3-5|d0
101595,train,False,na|d1
101596,train,True,6-8|d0
101597,train,True,3-5|d0
101598,test,True,6-8|d0
101599,train,True,9-11|d0
101600,train,False,na|d0
101601,val,True,6-8|d0
101602,test,True,3-5|d0
101603,train,True,3-5|d0
101604,train,True,15+|d1
101605,train,True,3-5|d0
101606,train,True,3-5|d0
101607,train,True,0-2|d0
101608,test,True,3-5|d0
101609,val,True,3-5|d0
101610,train,True,6-8|d0
101611,train,True,3-5|d0
101612,test,True,9-11|d0
101613,train,True,3-5|d0
101614,train,True,9-11|d0
101615,train,True,0-2|d0
101616,train,True,0-2|d0
101617,train,True,6-8|d0
101618,val,True,3-5|d0
101619,train,True,6-8|d0
101620,train,True,6-8|d0
101621,train,True,9-11|d0
101622,train,True,6-8|d1
101623,train,True,3-5|d1
101624,train,True,6-8|d1
101625,train,True,9-11|d0
101626,train,True,15+|d0
101627,train,True,6-8|d0
101628,train,True,6-8|d0
101629,test,True,0-2|d0
101630,test,True,0-2|d0
101631,test,True,6-8|d0
101632,val,True,0-2|d1
101633,train,True,6-8|d0
101634,test,True,3-5|d0
101635,test,True,9-11|d0
101636,train,True,6-8|d0
101637,train,True,15+|d0
101638,train,True,3-5|d0
101639,train,True,6-8|d0
101640,train,True,6-8|d0
101641,train,True,0-2|d0
101642,train,True,6-8|d0
101643,train,True,6-8|d0
101644,train,True,3-5|d1
101645,test,True,12-14|d0
101646,train,True,0-2|d0
101647,val,False,na|d0
101648,val,True,3-5|d0
101649,train,True,9-11|d0
101650,train,True,15+|d1
101651,train,True,9-11|d0
101652,train,True,9-11|d0
101653,train,True,3-5|d0
101654,train,True,6-8|d0
101655,train,True,6-8|d0
101656,test,True,3-5|d0
101657,train,True,6-8|d0
101658,train,True,12-14|d0
101659,train,True,9-11|d0
101660,train,True,0-2|d0
101661,train,True,3-5|d0
101662,train,True,9-11|d0
101663,train,True,0-2|d0
101664,train,True,0-2|d0
101665,train,True,6-8|d1
101666,train,True,9-11|d0
101667,val,False,na|d0
101668,train,True,6-8|d0
101669,train,True,12-14|d0
101670,val,True,0-2|d0
101671,val,True,15+|d1
101672,train,True,6-8|d0
101673,train,True,6-8|d0
101674,train,True,6-8|d0
101675,test,True,0-2|d0
101676,test,True,6-8|d0
101677,train,True,0-2|d0
101678,train,True,0-2|d0
101679,train,True,3-5|d0
101680,train,True,0-2|d0
101681,val,True,0-2|d0
101682,val,True,6-8|d0
101683,val,True,6-8|d0
101684,train,True,3-5|d0
101685,train,True,12-14|d1
101686,train,True,3-5|d0
101687,train,True,0-2|d0
101688,train,True,12-14|d0
101689,train,True,9-11|d0
101690,train,True,12-14|d1
101691,train,True,0-2|d0
101692,train,True,15+|d1
101693,train,True,9-11|d0
101694,train,True,6-8|d0
101695,train,True,3-5|d0
101696,train,True,3-5|d0
101697,val,True,3-5|d0
101698,val,True,15+|d0
101699,train,True,9-11|d0
101700,train,True,3-5|d0
101701,test,True,12-14|d0
101702,train,True,9-11|d0
101703,train,True,6-8|d1
101704,train,True,6-8|d0
101705,train,True,6-8|d0
101706,test,True,3-5|d0
101707,val,True,6-8|d0
101708,train,True,3-5|d0
101709,val,True,9-11|d0
101710,train,True,3-5|d0
101711,train,True,9-11|d1
101712,test,True,3-5|d0
101713,train,True,6-8|d0
101714,train,True,0-2|d0
101715,val,True,6-8|d0
101716,train,True,12-14|d0
101717,train,True,12-14|d1
101718,train,True,3-5|d0
101719,train,True,6-8|d0
101720,test,True,6-8|d0
101721,train,True,9-11|d1
101722,train,True,0-2|d0
101723,test,True,9-11|d0
101724,test,True,6-8|d1
101725,train,True,9-11|d0
101726,test,True,0-2|d0
101727,val,True,3-5|d0
101728,val,True,6-8|d1
101729,train,True,6-8|d0
101730,train,True,3-5|d0
101731,train,True,6-8|d0
101732,train,True,9-11|d0
101733,val,True,6-8|d0
101734,test,True,9-11|d1
101735,train,True,6-8|d0
101736,test,True,3-5|d0
101737,test,True,6-8|d0
101738,train,True,3-5|d0
101739,train,True,9-11|d1
101740,val,True,0-2|d0
101741,train,True,6-8|d0
101742,val,True,3-5|d0
101743,train,True,9-11|d0
101744,train,True,9-11|d0
101745,test,True,12-14|d0
101746,test,True,0-2|d0
101747,val,False,na|d0
101748,train,True,0-2|d0
101749,train,True,12-14|d0
101750,val,True,6-8|d0
101751,train,True,0-2|d0
101752,train,True,3-5|d0
101753,val,True,15+|d0
101754,test,True,0-2|d1
101755,test,True,9-11|d0
101756,val,True,9-11|d0
101757,test,True,9-11|d0
101758,train,True,9-11|d0
101759,train,True,3-5|d1
101760,train,True,9-11|d0
101761,train,True,3-5|d0
101762,val,True,6-8|d0
101763,train,True,6-8|d0
101764,train,True,3-5|d0
101765,train,True,0-2|d0
101766,train,True,6-8|d0
101767,val,True,6-8|d0
101768,train,True,6-8|d0
101769,test,True,0-2|d0
101770,train,False,na|d0
101771,train,True,0-2|d0
101772,val,True,9-11|d0
101773,train,True,3-5|d1
101774,train,True,3-5|d0
101775,test,True,3-5|d0
101776,val,True,3-5|d0
101777,train,True,0-2|d0
101778,train,True,0-2|d0
101779,train,True,9-11|d0
101780,train,True,3-5|d0
101781,train,True,3-5|d0
101782,train,True,6-8|d0
101783,test,True,3-5|d0
101784,val,True,9-11|d0
101785,train,True,6-8|d1
101786,train,True,0-2|d0
101787,train,True,6-8|d1
101788,train,True,9-11|d0
101789,train,True,3-5|d0
101790,train,False,na|d0
101791,train,True,3-5|d0
101792,train,False,na|d0
101793,train,True,0-2|d0
101794,train,True,6-8|d0
101795,test,True,6-8|d0
101796,test,True,6-8|d0
101797,train,True,6-8|d0
101798,train,True,12-14|d1
101799,train,True,12-14|d0
101800,train,True,6-8|d0
101801,train,True,6-8|d0
101802,train,True,3-5|d0
101803,train,True,9-11|d1
101804,train,True,3-5|d0
101805,val,True,3-5|d1
101806,train,True,3-5|d0
101807,train,True,0-2|d0
101808,val,True,9-11|d0
101809,train,True,0-2|d0
101810,train,True,3-5|d0
101811,train,True,6-8|d0
101812,train,True,6-8|d0
101813,test,True,3-5|d0
101814,train,True,15+|d1
101815,train,True,0-2|d0
101816,train,True,9-11|d0
101817,train,True,3-5|d0
101818,train,True,12-14|d0
101819,train,False,na|d0
101820,train,True,9-11|d1
101821,train,True,9-11|d0
101822,train,True,9-11|d0
101823,val,True,6-8|d0
101824,train,True,0-2|d0
101825,train,True,3-5|d0
101826,train,True,3-5|d0
101827,train,True,6-8|d0
101828,train,True,3-5|d0
101829,train,True,9-11|d0
101830,train,True,6-8|d0
101831,test,True,3-5|d0
101832,train,True,9-11|d0
101833,train,True,6-8|d0
101834,train,True,3-5|d0
101835,train,True,6-8|d0
101836,val,True,0-2|d0
101837,val,True,12-14|d0
101838,test,True,0-2|d0
101839,val,True,3-5|d0
101840,train,True,0-2|d0
101841,test,True,3-5|d0
101842,train,True,0-2|d0
101843,train,True,6-8|d0
101844,train,True,9-11|d1
101845,train,True,3-5|d0
101846,train,True,3-5|d0
101847,train,True,12-14|d0
101848,train,True,0-2|d0
101849,test,True,0-2|d0
101850,train,True,3-5|d0
101851,train,True,9-11|d0
101852,val,True,0-2|d0
101853,train,True,9-11|d0
101854,val,True,9-11|d1
101855,train,True,9-11|d0
101856,test,True,3-5|d0
101857,train,True,9-11|d0
101858,train,True,0-2|d0
101859,train,True,0-2|d0
101860,train,True,6-8|d0
101861,train,True,6-8|d0
101862,train,True,9-11|d0
101863,train,True,6-8|d0
101864,train,True,0-2|d0
101865,train,True,3-5|d1
101866,train,True,0-2|d0
101867,test,True,3-5|d0
101868,train,True,3-5|d0
101869,train,True,0-2|d0
101870,train,True,15+|d1
101871,train,True,12-14|d1
101872,train,True,0-2|d0
101873,train,True,6-8|d0
101874,train,True,0-2|d0
101875,train,True,9-11|d0
101876,train,True,0-2|d0
101877,train,True,3-5|d0
101878,val,True,6-8|d0
101879,test,True,0-2|d0
101880,train,True,0-2|d0
101881,train,True,3-5|d0
101882,train,True,0-2|d0
101883,train,True,6-8|d0
101884,test,True,9-11|d0
101885,train,True,3-5|d0
101886,train,True,6-8|d0
101887,train,True,0-2|d0
101888,train,True,9-11|d1
101889,train,True,0-2|d0
101890,train,True,9-11|d0
101891,train,True,6-8|d0
101892,train,True,0-2|d0
101893,train,True,3-5|d0
101894,train,True,0-2|d0
101895,train,True,6-8|d0
101896,train,True,3-5|d0
101897,val,True,12-14|d1
101898,train,True,6-8|d1
101899,train,True,6-8|d0
101900,train,False,na|d0
101901,train,True,0-2|d0
101902,test,True,3-5|d0
101903,val,True,15+|d1
101904,val,True,3-5|d1
101905,train,True,6-8|d0
101906,train,True,3-5|d0
101907,train,True,15+|d0
101908,train,True,9-11|d0
101909,train,True,3-5|d0
101910,train,True,9-11|d0
101911,test,True,0-2|d0
101912,train,True,12-14|d0
101913,val,True,6-8|d0
101914,train,True,12-14|d0
101915,train,True,9-11|d0
101916,train,True,9-11|d0
101917,train,True,6-8|d0
101918,train,True,3-5|d0
101919,train,True,9-11|d1
101920,train,True,12-14|d0
101921,train,True,3-5|d1
101922,train,True,6-8|d1
101923,train,True,3-5|d0
101924,train,True,6-8|d0
101925,train,True,0-2|d0
101926,train,True,6-8|d0
101927,train,True,0-2|d0
101928,train,True,12-14|d1
101929,train,True,3-5|d0
101930,val,True,6-8|d0
101931,val,True,9-11|d0
101932,val,False,na|d0
101933,train,True,12-14|d1
101934,train,True,12-14|d0
101935,train,True,12-14|d0
101936,test,True,6-8|d0
101937,train,True,12-14|d0
101938,train,True,6-8|d0
101939,test,True,3-5|d0
101940,train,True,6-8|d0
101941,train,True,3-5|d0
101942,train,True,6-8|d0
101943,train,True,9-11|d0
101944,train,True,6-8|d0
101945,train,True,3-5|d1
101946,test,True,0-2|d0
101947,train,True,12-14|d0
101948,train,True,3-5|d0
101949,train,True,3-5|d0
101950,train,True,0-2|d1
101951,test,True,12-14|d0
101952,train,True,0-2|d0
101953,train,True,3-5|d0
101954,train,True,12-14|d1
101955,train,True,3-5|d0
101956,val,True,9-11|d0
101957,train,True,0-2|d0
101958,train,True,12-14|d0
101959,test,True,15+|d1
101960,train,True,3-5|d0
101961,train,True,15+|d0
101962,train,True,9-11|d0
101963,train,True,0-2|d0
101964,train,True,0-2|d0
101965,train,True,0-2|d0
101966,train,True,9-11|d1
101967,train,True,3-5|d0
101968,train,True,9-11|d0
101969,train,True,6-8|d0
101970,test,True,15+|d0
101971,val,True,15+|d1
101972,train,True,0-2|d0
101973,val,True,6-8|d0
101974,train,True,9-11|d0
101975,val,True,6-8|d0
101976,train,True,3-5|d0
101977,train,True,6-8|d0
101978,train,True,0-2|d0
101979,test,True,6-8|d0
101980,train,True,6-8|d0
101981,train,True,0-2|d0
101982,train,True,12-14|d0
101983,train,True,9-11|d0
101984,train,True,6-8|d0
101985,val,True,3-5|d0
101986,train,True,3-5|d0
101987,val,True,0-2|d0
101988,train,True,3-5|d0
101989,train,True,0-2|d0
101990,train,True,12-14|d0
101991,train,True,0-2|d0
101992,val,True,3-5|d0
101993,train,True,6-8|d0
101994,train,True,3-5|d0
101995,train,True,6-8|d0
101996,train,True,3-5|d0
101997,train,False,na|d0
101998,val,True,3-5|d0
101999,train,True,6-8|d0
102000,test,True,6-8|d0
102001,train,True,6-8|d0
102002,val,True,3-5|d0
102003,train,True,6-8|d0
102004,train,True,3-5|d0
102005,train,True,3-5|d1
102006,test,True,6-8|d0
102007,train,True,12-14|d0
102008,test,True,6-8|d1
102009,val,True,3-5|d1
102010,val,True,6-8|d0
102011,train,True,12-14|d0
102012,train,True,6-8|d0
102013,val,True,3-5|d0
102014,train,True,3-5|d0
102015,train,False,na|d0
102016,train,True,6-8|d0
102017,train,True,3-5|d0
102018,train,True,9-11|d0
102019,test,True,12-14|d1
102020,train,True,3-5|d0
102021,test,True,3-5|d0
102022,train,True,0-2|d0
102023,train,True,12-14|d1
102024,train,True,3-5|d1
102025,val,True,3-5|d0
102026,train,True,9-11|d0
102027,train,True,9-11|d0
102028,test,True,6-8|d0
102029,train,True,9-11|d0
102030,train,True,6-8|d0
102031,test,True,0-2|d0
102032,train,True,0-2|d0
102033,val,True,9-11|d0
102034,train,True,9-11|d0
102035,test,True,12-14|d0
102036,val,True,6-8|d0
102037,train,True,6-8|d0
102038,train,True,3-5|d1
102039,train,True,0-2|d0
102040,test,True,6-8|d1
102041,test,True,0-2|d0
102042,train,True,6-8|d0
102043,train,True,6-8|d1
102044,train,True,6-8|d1
102045,val,True,6-8|d0
102046,train,True,6-8|d1
102047,test,True,9-11|d0
102048,val,True,9-11|d0
102049,train,True,3-5|d0
102050,val,True,6-8|d1
102051,train,True,9-11|d0
102052,train,True,6-8|d0
102053,train,True,0-2|d0
102054,val,False,na|d0
102055,train,True,0-2|d0
102056,train,True,9-11|d1
102057,train,True,9-11|d0
102058,train,True,3-5|d0
102059,train,True,6-8|d0
102060,train,True,9-11|d0
102061,train,True,0-2|d0
102062,test,True,9-11|d0
102063,train,True,9-11|d0
102064,test,True,6-8|d0
102065,train,True,0-2|d0
102066,train,True,12-14|d0
102067,test,True,6-8|d1
102068,train,True,3-5|d0
102069,val,True,6-8|d0
102070,test,True,9-11|d0
102071,train,True,0-2|d0
102072,train,True,9-11|d0
102073,train,False,na|d0
102074,train,True,6-8|d0
102075,val,True,12-14|d1
102076,train,True,3-5|d1
102077,train,True,3-5|d0
102078,train,True,12-14|d0
102079,train,True,0-2|d0
102080,train,True,0-2|d0
102081,train,True,0-2|d0
102082,train,True,9-11|d0
102083,val,True,3-5|d0
102084,train,True,0-2|d0
102085,train,True,6-8|d1
102086,test,True,9-11|d0
102087,test,True,9-11|d0
102088,train,True,12-14|d0
102089,train,True,12-14|d0
102090,val,True,9-11|d1
102091,train,True,6-8|d0
102092,test,True,3-5|d0
102093,train,True,6-8|d0
102094,train,True,6-8|d0
102095,val,True,3-5|d0
102096,train,True,9-11|d0
102097,val,False,na|d0
102098,train,True,6-8|d0
102099,train,True,6-8|d0
102100,train,True,6-8|d0
102101,val,True,0-2|d0
102102,train,False,na|d0
102103,train,True,3-5|d0
102104,test,True,6-8|d0
102105,train,True,6-8|d0
102106,train,True,9-11|d0
102107,val,True,6-8|d1
102108,train,True,6-8|d0
102109,train,True,0-2|d0
102110,train,True,9-11|d0
102111,train,True,3-5|d1
102112,val,True,3-5|d0
102113,train,True,6-8|d0
102114,train,True,6-8|d0
102115,test,True,6-8|d0
102116,train,False,na|d0
102117,train,False,na|d0
102118,train,True,0-2|d0
102119,train,True,3-5|d0
102120,train,True,12-14|d0
102121,train,True,0-2|d0
102122,train,True,3-5|d0
102123,train,True,6-8|d0
102124,train,True,3-5|d0
102125,train,True,0-2|d0
102126,val,True,12-14|d0
102127,train,True,9-11|d0
102128,train,True,3-5|d1
102129,train,True,6-8|d1
102130,test,True,12-14|d0
102131,train,True,12-14|d0
102132,val,True,12-14|d0
102133,train,True,6-8|d0
102134,train,True,12-14|d0
102135,train,True,6-8|d0
102136,test,True,0-2|d0
102137,train,True,0-2|d0
102138,train,True,3-5|d0
102139,train,True,9-11|d0
102140,train,True,9-11|d0
102141,train,True,3-5|d0
102142,train,True,9-11|d0
102143,train,True,6-8|d1
102144,val,True,0-2|d0
102145,val,True,9-11|d0
102146,train,True,3-5|d0
102147,test,True,12-14|d0
102148,train,True,3-5|d0
102149,test,True,6-8|d0
102150,test,False,na|d1
102151,test,True,6-8|d1
102152,train,True,0-2|d0
102153,val,True,12-14|d0
102154,train,False,na|d0
102155,train,True,15+|d0
102156,train,True,6-8|d0
102157,train,True,0-2|d0
102158,train,True,6-8|d1
102159,val,True,6-8|d0
102160,train,True,12-14|d0
102161,val,True,15+|d1
102162,val,True,9-11|d0
102163,train,True,15+|d0
102164,train,False,na|d0
102165,train,True,9-11|d0
102166,train,True,6-8|d0
102167,test,True,6-8|d0
102168,test,True,0-2|d0
102169,train,True,3-5|d1
102170,train,True,0-2|d0
102171,train,True,3-5|d0
102172,train,True,0-2|d0
102173,train,True,0-2|d0
102174,train,True,0-2|d0
102175,train,True,9-11|d0
102176,train,True,3-5|d1
102177,test,True,9-11|d0
102178,test,True,0-2|d0
102179,train,True,3-5|d1
102180,train,True,12-14|d0
102181,train,True,9-11|d0
102182,train,True,9-11|d0
102183,train,True,6-8|d0
102184,val,True,12-14|d0
102185,train,True,0-2|d0
102186,train,True,3-5|d0
102187,train,True,6-8|d0
102188,train,True,3-5|d0
102189,train,True,9-11|d0
102190,train,True,3-5|d0
102191,train,True,6-8|d0
102192,train,False,na|d0
102193,train,True,3-5|d1
102194,val,True,12-14|d1
102195,train,True,12-14|d0
102196,train,True,3-5|d1
102197,train,True,6-8|d0
102198,train,True,6-8|d0
102199,train,True,0-2|d0
102200,train,True,6-8|d0
102201,train,True,12-14|d0
102202,test,False,na|d0
102203,train,True,3-5|d0
102204,train,True,9-11|d1
102205,val,True,6-8|d0
102206,train,True,0-2|d0
102207,val,True,6-8|d0
102208,train,True,9-11|d0
102209,train,True,0-2|d0
102210,test,True,6-8|d0
102211,val,False,na|d0
102212,val,True,3-5|d0
102213,train,True,0-2|d0
102214,train,True,6-8|d0
102215,test,True,9-11|d0
102216,train,True,6-8|d0
102217,train,True,0-2|d0
102218,train,True,9-11|d0
102219,test,True,3-5|d0
102220,train,True,0-2|d0
102221,val,True,9-11|d0
102222,train,True,9-11|d0
102223,train,True,0-2|d0
102224,test,True,3-5|d0
102225,test,True,12-14|d0
102226,val,True,0-2|d1
102227,train,True,0-2|d0
102228,train,True,9-11|d0
102229,train,True,12-14|d0
102230,train,True,3-5|d0
102231,train,True,3-5|d0
102232,train,True,6-8|d0
102233,train,True,3-5|d1
102234,train,True,12-14|d0
102235,train,True,9-11|d1
102236,val,True,3-5|d0
102237,train,True,0-2|d0
102238,train,True,6-8|d0
102239,test,True,9-11|d1
102240,train,True,0-2|d1
102241,train,True,6-8|d0
102242,val,True,6-8|d0
102243,train,True,12-14|d0
102244,train,True,3-5|d0
102245,train,True,9-11|d0
102246,train,True,6-8|d0
102247,train,True,3-5|d0
102248,val,True,9-11|d1
102249,train,True,6-8|d0
102250,val,True,0-2|d0
102251,train,True,9-11|d0
102252,val,True,3-5|d0
102253,val,True,15+|d0
102254,train,True,3-5|d0
102255,train,True,6-8|d1
102256,train,True,9-11|d0
102257,train,True,9-11|d0
102258,train,True,0-2|d0
102259,train,True,9-11|d0
102260,train,True,6-8|d0
102261,train,True,9-11|d0
102262,test,True,6-8|d1
102263,test,True,6-8|d0
102264,train,True,3-5|d0
102265,train,True,0-2|d0
102266,train,True,12-14|d0
102267,train,False,na|d0
102268,test,True,12-14|d0
102269,train,False,na|d0
102270,val,True,6-8|d1
102271,val,True,6-8|d0
102272,test,True,3-5|d0
102273,train,True,15+|d1
102274,val,True,12-14|d0
102275,test,True,9-11|d0
102276,val,True,9-11|d0
102277,train,True,9-11|d0
102278,val,True,9-11|d0
102279,test,True,6-8|d0
102280,train,True,9-11|d0
102281,val,True,9-11|d0
102282,train,True,6-8|d1
102283,train,True,6-8|d0
102284,train,True,3-5|d0
102285,train,True,6-8|d1
102286,train,True,0-2|d0
102287,train,True,9-11|d0
102288,train,True,0-2|d1
102289,val,True,3-5|d0
102290,val,True,6-8|d0
102291,test,True,6-8|d0
102292,train,True,0-2|d0
102293,val,True,3-5|d0
102294,train,True,6-8|d0
102295,test,True,9-11|d0
102296,val,True,6-8|d0
102297,train,True,3-5|d0
102298,train,True,12-14|d0
102299,train,True,9-11|d0
102300,test,True,6-8|d0
102301,train,True,9-11|d0
102302,train,True,12-14|d0
102303,train,True,6-8|d0
102304,train,True,0-2|d0
102305,train,True,6-8|d0
102306,test,True,3-5|d0
102307,train,True,15+|d1
102308,train,True,0-2|d0
102309,train,True,15+|d1
102310,train,True,9-11|d0
102311,train,True,3-5|d0
102312,train,True,12-14|d0
102313,train,True,3-5|d0
102314,train,True,12-14|d0
102315,train,True,0-2|d1
102316,train,True,0-2|d0
102317,train,True,3-5|d0
102318,train,True,3-5|d0
102319,train,True,3-5|d1
102320,train,True,3-5|d0
102321,train,True,12-14|d0
102322,train,True,9-11|d0
102323,train,True,0-2|d0
102324,train,True,12-14|d1
102325,train,True,12-14|d0
102326,val,True,12-14|d0
102327,train,True,9-11|d0
102328,val,True,6-8|d1
102329,train,True,0-2|d0
102330,train,True,9-11|d0
102331,train,True,9-11|d0
102332,train,True,0-2|d0
102333,train,True,6-8|d0
102334,train,True,0-2|d0
102335,train,True,9-11|d1
102336,test,False,na|d0
102337,val,True,9-11|d0
102338,train,True,0-2|d1
102339,train,True,12-14|d0
102340,train,True,6-8|d0
102341,train,True,9-11|d0
102342,train,True,6-8|d0
102343,train,True,3-5|d0
102344,train,False,na|d0
102345,val,True,3-5|d0
102346,train,True,6-8|d0
102347,train,True,0-2|d0
102348,val,True,0-2|d0
102349,train,True,6-8|d1
102350,train,True,3-5|d0
102351,train,True,9-11|d0
102352,val,True,9-11|d1
102353,train,True,6-8|d0
102354,train,True,0-2|d0
102355,val,True,15+|d0
102356,train,True,3-5|d0
102357,test,True,3-5|d0
102358,train,True,3-5|d0
102359,train,True,0-2|d0
102360,train,True,15+|d1
102361,train,True,3-5|d0
102362,train,True,3-5|d0
102363,val,True,3-5|d0
102364,train,True,0-2|d0
102365,train,True,9-11|d0
102366,train,True,9-11|d0
102367,val,True,12-14|d1
102368,train,True,12-14|d0
102369,train,True,6-8|d0
102370,train,True,9-11|d0
102371,val,True,6-8|d0
102372,train,True,6-8|d0
102373,val,True,6-8|d1
102374,val,True,3-5|d0
102375,train,True,0-2|d0
102376,train,True,0-2|d0
102377,train,True,15+|d0
102378,train,True,9-11|d1
102379,test,True,3-5|d0
102380,train,True,0-2|d0
102381,train,True,0-2|d0
102382,train,True,0-2|d0
102383,train,True,6-8|d0
102384,train,True,9-11|d1
102385,test,True,0-2|d0
102386,test,True,3-5|d0
102387,train,True,6-8|d0
102388,train,True,9-11|d0
102389,train,True,6-8|d0
102390,val,True,6-8|d0
102391,test,True,0-2|d0
102392,train,True,0-2|d0
102393,train,True,0-2|d0
102394,train,True,3-5|d0
102395,train,True,0-2|d0
102396,val,True,9-11|d0
102397,test,True,15+|d1
102398,train,True,6-8|d0
102399,train,True,12-14|d1
102400,train,True,6-8|d0
102401,val,True,12-14|d0
102402,train,False,na|d0
102403,train,True,12-14|d0
102404,train,True,9-11|d0
102405,train,True,3-5|d1
102406,train,True,0-2|d0
102407,val,True,6-8|d0
102408,train,True,9-11|d0
102409,train,True,3-5|d0
102410,val,True,0-2|d0
102411,val,True,3-5|d0
102412,train,True,6-8|d0
102413,train,True,0-2|d0
102414,train,True,0-2|d0
102415,val,True,3-5|d0
102416,train,True,9-11|d0
102417,train,True,9-11|d0
102418,train,True,3-5|d0
102419,test,True,3-5|d0
102420,train,True,3-5|d0
102421,val,True,6-8|d0
102422,train,True,12-14|d0
102423,train,True,6-8|d0
102424,train,True,6-8|d1
102425,train,True,6-8|d0
102426,val,True,6-8|d0
102427,test,True,3-5|d1
102428,val,True,9-11|d0
102429,train,True,9-11|d0
102430,train,True,0-2|d0
102431,test,True,9-11|d0
102432,train,True,0-2|d0
102433,train,True,6-8|d0
102434,train,True,6-8|d0
102435,train,True,6-8|d1
102436,test,True,6-8|d0
102437,train,True,0-2|d0
102438,train,True,9-11|d0
102439,train,True,6-8|d1
102440,test,True,3-5|d0
102441,train,True,12-14|d0
102442,train,True,12-14|d0
102443,val,True,3-5|d0
102444,train,True,3-5|d0
102445,test,True,9-11|d0
102446,train,True,6-8|d0
102447,val,True,3-5|d0
102448,test,True,9-11|d0
102449,train,True,6-8|d0
102450,train,True,6-8|d0
102451,train,True,0-2|d0
102452,test,True,9-11|d1
102453,test,True,9-11|d0
102454,val,True,3-5|d1
102455,test,True,9-11|d1
102456,train,True,9-11|d0
102457,train,True,12-14|d0
102458,train,True,3-5|d0
102459,train,True,3-5|d0
102460,test,True,0-2|d0
102461,test,True,0-2|d0
102462,val,True,6-8|d0
102463,test,False,na|d0
102464,train,True,6-8|d0
102465,train,True,3-5|d0
102466,train,True,6-8|d0
102467,train,True,9-11|d0
102468,train,True,0-2|d0
102469,train,True,12-14|d0
102470,test,True,9-11|d0
102471,test,True,6-8|d1
102472,train,True,0-2|d0
102473,test,True,6-8|d0
102474,train,True,6-8|d0
102475,train,True,3-5|d0
102476,train,True,6-8|d0
102477,train,True,3-5|d0
102478,train,True,6-8|d0
102479,val,True,6-8|d0
102480,train,True,9-11|d1
102481,train,True,3-5|d0
102482,val,True,6-8|d0
102483,train,True,6-8|d0
102484,test,True,12-14|d0
102485,train,True,12-14|d0
102486,val,True,3-5|d0
102487,train,True,3-5|d0
102488,val,True,0-2|d0
102489,train,True,3-5|d0
102490,val,True,0-2|d0
102491,test,True,0-2|d0
102492,val,True,6-8|d0
102493,train,True,6-8|d0
102494,train,True,3-5|d0
102495,train,True,0-2|d0
102496,test,True,0-2|d0
102497,train,True,9-11|d0
102498,test,True,3-5|d0
102499,test,True,0-2|d0
102500,val,True,12-14|d1
102501,train,True,6-8|d0
102502,test,True,9-11|d0
102503,train,True,0-2|d0
102504,test,True,12-14|d0
102505,train,True,9-11|d0
102506,train,True,9-11|d0
102507,train,True,0-2|d1
102508,val,True,0-2|d0
102509,train,True,6-8|d0
102510,train,True,6-8|d0
102511,train,True,3-5|d0
102512,test,True,0-2|d0
102513,train,True,6-8|d0
102514,train,True,12-14|d0
102515,train,True,0-2|d0
102516,test,True,3-5|d0
102517,train,True,6-8|d0
102518,train,True,0-2|d0
102519,test,True,3-5|d0
102520,train,True,6-8|d0
102521,val,True,12-14|d1
102522,test,True,6-8|d0
102523,train,True,15+|d0
102524,train,True,9-11|d0
102525,train,True,6-8|d0
102526,train,True,0-2|d0
102527,train,True,3-5|d0
102528,train,True,9-11|d0
102529,val,True,6-8|d0
102530,val,True,9-11|d1
102531,val,False,na|d0
102532,train,True,6-8|d1
102533,val,True,6-8|d0
102534,train,True,9-11|d0
102535,test,True,9-11|d0
102536,test,True,0-2|d0
102537,test,True,6-8|d0
102538,train,True,0-2|d0
102539,train,True,0-2|d0
102540,train,True,0-2|d0
102541,train,True,3-5|d0
102542,train,True,6-8|d0
102543,train,True,15+|d0
102544,train,False,na|d0
102545,val,True,0-2|d1
102546,val,True,9-11|d0
102547,train,True,3-5|d0
102548,train,True,0-2|d0
102549,train,True,3-5|d0
102550,test,True,0-2|d0
102551,train,True,3-5|d0
102552,train,True,6-8|d0
102553,train,True,6-8|d0
102554,train,True,12-14|d0
102555,test,True,3-5|d0
102556,train,True,9-11|d0
102557,val,True,15+|d0
102558,train,True,6-8|d0
102559,train,True,3-5|d0
102560,train,True,3-5|d0
102561,train,True,3-5|d0
102562,train,True,6-8|d0
102563,train,True,0-2|d0
102564,train,True,0-2|d0
102565,test,True,6-8|d0
102566,test,True,3-5|d0
102567,train,True,12-14|d0
102568,val,True,9-11|d0
102569,train,True,6-8|d1
102570,train,True,15+|d0
102571,val,True,12-14|d0
102572,val,True,3-5|d0
102573,train,True,3-5|d0
102574,val,True,3-5|d0
102575,train,True,0-2|d0
102576,train,True,9-11|d0
102577,val,True,6-8|d0
102578,train,True,0-2|d0
102579,train,True,12-14|d0
102580,val,True,0-2|d0
102581,val,True,0-2|d1
102582,test,True,0-2|d0
102583,test,True,6-8|d0
102584,train,True,0-2|d0
102585,train,True,3-5|d0
102586,train,True,9-11|d0
102587,test,True,6-8|d0
102588,train,True,0-2|d0
102589,train,True,12-14|d1
102590,train,True,6-8|d0
102591,val,True,3-5|d0
102592,train,True,0-2|d0
102593,train,True,9-11|d0
102594,train,True,15+|d0
102595,train,True,12-14|d1
102596,val,True,6-8|d0
102597,train,True,3-5|d0
102598,val,True,3-5|d0
102599,train,True,6-8|d1
102600,test,True,3-5|d0
102601,train,True,0-2|d0
102602,train,True,3-5|d0
102603,train,True,6-8|d1
102604,test,True,6-8|d0
102605,train,True,3-5|d0
102606,train,True,0-2|d0
102607,train,True,3-5|d0
102608,test,True,3-5|d0
102609,train,True,9-11|d0
102610,train,True,3-5|d0
102611,val,True,6-8|d0
102612,train,True,6-8|d0
102613,train,True,6-8|d0
102614,train,True,15+|d1
102615,train,True,12-14|d0
102616,train,True,3-5|d0
102617,train,True,9-11|d0
102618,train,True,0-2|d0
102619,train,True,12-14|d0
102620,test,True,9-11|d0
102621,train,True,9-11|d0
102622,val,True,6-8|d0
102623,train,True,3-5|d1
102624,train,True,12-14|d1
102625,train,True,12-14|d0
102626,train,True,3-5|d0
102627,test,True,3-5|d0
102628,train,True,9-11|d0
102629,train,False,na|d0
102630,val,True,3-5|d0
102631,train,True,12-14|d0
102632,train,True,12-14|d0
102633,train,True,3-5|d0
102634,val,True,6-8|d0
102635,val,True,6-8|d1
102636,val,True,15+|d0
102637,train,True,9-11|d0
102638,train,True,6-8|d0
102639,train,True,9-11|d0
102640,train,True,12-14|d0
102641,val,True,3-5|d0
102642,train,True,3-5|d0
102643,train,True,6-8|d0
102644,train,True,0-2|d0
102645,test,True,3-5|d0
102646,train,True,3-5|d0
102647,train,True,9-11|d0
102648,train,True,3-5|d0
102649,train,True,6-8|d0
102650,train,True,9-11|d0
102651,train,True,0-2|d0
102652,train,True,0-2|d0
102653,train,True,0-2|d0
102654,train,True,6-8|d0
102655,test,True,6-8|d0
102656,train,True,6-8|d0
102657,train,True,0-2|d0
102658,train,True,12-14|d0
102659,train,True,3-5|d0
102660,test,True,0-2|d1
102661,val,True,6-8|d0
102662,train,True,9-11|d0
102663,train,True,0-2|d0
102664,test,True,9-11|d0
102665,train,True,3-5|d0
102666,train,True,6-8|d0
102667,train,True,3-5|d0
102668,test,True,0-2|d0
102669,train,True,9-11|d0
102670,train,True,6-8|d0
102671,train,True,0-2|d0
102672,train,True,12-14|d0
102673,train,True,6-8|d0
102674,train,True,6-8|d0
102675,train,True,3-5|d0
102676,val,True,3-5|d0
102677,train,True,6-8|d0
102678,train,True,9-11|d0
102679,test,True,3-5|d0
102680,train,True,0-2|d0
102681,val,True,12-14|d0
102682,train,True,6-8|d0
102683,test,True,3-5|d0
102684,train,True,9-11|d0
102685,train,True,6-8|d0
102686,val,True,3-5|d0
102687,train,True,9-11|d0
102688,train,True,0-2|d0
102689,train,True,15+|d0
102690,val,True,3-5|d1
102691,train,True,9-11|d0
102692,train,True,6-8|d0
102693,val,False,na|d0
102694,train,True,6-8|d1
102695,val,True,3-5|d0
102696,train,True,6-8|d1
102697,test,True,3-5|d0
102698,test,True,9-11|d1
102699,train,True,12-14|d0
102700,test,True,9-11|d0
102701,test,True,9-11|d0
102702,train,True,6-8|d0
102703,train,True,6-8|d0
102704,train,True,6-8|d0
102705,val,True,15+|d0
102706,train,True,3-5|d0
102707,test,True,6-8|d0
102708,test,True,12-14|d0
102709,train,True,0-2|d0
102710,train,True,6-8|d0
102711,val,True,6-8|d0
102712,test,True,9-11|d0
102713,train,True,0-2|d0
102714,train,True,3-5|d1
102715,test,True,6-8|d0
102716,val,True,0-2|d0
102717,train,True,6-8|d0
102718,train,True,6-8|d0
102719,train,True,0-2|d0
102720,val,True,3-5|d0
102721,train,True,0-2|d0
102722,val,False,na|d0
102723,train,True,6-8|d0
102724,train,True,6-8|d0
102725,train,True,3-5|d0
102726,test,True,3-5|d0
102727,train,True,3-5|d0
102728,val,True,6-8|d0
102729,train,True,9-11|d0
102730,train,True,3-5|d0
102731,train,True,6-8|d1
102732,train,True,9-11|d0
102733,val,True,9-11|d0
102734,val,True,9-11|d0
102735,val,True,12-14|d0
102736,train,True,6-8|d0
102737,val,True,9-11|d1
102738,val,True,6-8|d1
102739,train,True,15+|d1
102740,train,True,0-2|d0
102741,train,True,12-14|d0
102742,train,True,9-11|d0
102743,train,True,12-14|d1
102744,train,True,9-11|d0
102745,train,True,3-5|d0
102746,val,True,6-8|d0
102747,train,True,3-5|d0
102748,train,True,3-5|d0
102749,train,True,3-5|d0
102750,train,True,3-5|d0
102751,train,True,12-14|d0
102752,val,True,3-5|d1
102753,val,True,0-2|d0
102754,val,True,3-5|d0
102755,train,True,12-14|d0
102756,val,True,12-14|d0
102757,test,True,6-8|d0
102758,train,True,0-2|d0
102759,test,True,0-2|d0
102760,train,True,3-5|d0
102761,train,True,3-5|d1
102762,train,True,3-5|d0
102763,val,False,na|d0
102764,train,True,12-14|d0
102765,train,True,6-8|d0
102766,train,True,12-14|d1
102767,test,True,6-8|d1
102768,test,True,6-8|d0
102769,test,True,3-5|d0
102770,train,True,6-8|d1
102771,train,True,9-11|d0
102772,train,True,6-8|d1
102773,train,True,12-14|d0
102774,train,True,6-8|d0
102775,train,True,6-8|d0
102776,test,True,0-2|d0
102777,test,True,12-14|d0
102778,test,True,3-5|d0
102779,train,True,3-5|d0
102780,train,True,6-8|d0
102781,train,True,3-5|d0
102782,train,True,12-14|d0
102783,train,True,6-8|d0
102784,train,True,6-8|d0
102785,val,True,3-5|d0
102786,val,True,9-11|d0
102787,train,True,9-11|d0
102788,train,True,9-11|d0
102789,train,True,9-11|d0
102790,train,True,12-14|d1
102791,val,True,9-11|d1
102792,train,True,0-2|d0
102793,train,True,9-11|d0
102794,val,True,9-11|d0
102795,train,True,9-11|d1
102796,train,True,6-8|d0
102797,val,True,0-2|d1
102798,train,True,6-8|d0
102799,train,True,9-11|d1
102800,train,True,6-8|d0
102801,test,True,6-8|d0
102802,val,True,9-11|d0
102803,val,True,3-5|d0
102804,val,True,6-8|d1
102805,train,True,12-14|d0
102806,train,True,9-11|d0
102807,train,True,9-11|d0
102808,train,True,0-2|d0
102809,test,True,6-8|d0
102810,train,True,9-11|d0
102811,train,True,12-14|d0
102812,test,True,6-8|d0
102813,val,True,6-8|d0
102814,train,True,12-14|d0
102815,train,True,3-5|d0
102816,train,True,0-2|d0
102817,train,True,6-8|d0
102818,train,True,0-2|d0
102819,val,False,na|d0
102820,train,True,15+|d0
102821,train,True,0-2|d0
102822,test,True,9-11|d0
102823,train,True,0-2|d0
102824,train,True,6-8|d0
102825,train,True,9-11|d1
102826,train,True,9-11|d0
102827,train,True,6-8|d0
102828,test,True,12-14|d0
102829,train,True,6-8|d0
102830,train,True,3-5|d0
102831,train,True,0-2|d0
102832,val,True,6-8|d0
102833,test,True,0-2|d0
102834,test,True,9-11|d0
102835,train,True,3-5|d0
102836,train,True,3-5|d0
102837,train,True,0-2|d0
102838,test,True,0-2|d0
102839,val,True,6-8|d0
102840,val,True,15+|d0
102841,train,True,6-8|d0
102842,test,True,9-11|d0
102843,train,True,6-8|d0
102844,test,True,3-5|d0
102845,train,True,3-5|d0
102846,val,True,6-8|d0
102847,train,True,6-8|d0
102848,train,True,6-8|d0
102849,train,True,9-11|d0
102850,train,True,3-5|d0
102851,test,True,9-11|d0
102852,test,True,6-8|d0
102853,train,True,12-14|d0
102854,train,True,3-5|d1
102855,train,True,6-8|d0
102856,train,True,6-8|d0
102857,train,True,3-5|d0
102858,train,True,12-14|d0
102859,train,True,3-5|d0
102860,train,True,9-11|d0
102861,train,True,9-11|d0
102862,train,True,6-8|d0
102863,test,True,6-8|d0
102864,train,True,9-11|d0
102865,val,True,0-2|d0
102866,train,True,6-8|d0
102867,train,True,6-8|d0
102868,train,True,6-8|d0
102869,train,True,3-5|d0
102870,test,True,0-2|d0
102871,train,True,6-8|d0
102872,train,True,0-2|d0
102873,train,True,0-2|d0
102874,train,True,6-8|d0
102875,test,True,9-11|d0
102876,val,True,9-11|d0
102877,train,True,6-8|d0
102878,train,True,3-5|d1
102879,val,True,3-5|d0
102880,test,True,3-5|d0
102881,train,True,9-11|d1
102882,val,True,0-2|d0
102883,train,False,na|d0
102884,train,True,3-5|d0
102885,train,True,3-5|d0
102886,train,True,6-8|d0
102887,train,True,6-8|d0
102888,train,True,12-14|d0
102889,train,True,12-14|d1
102890,train,True,3-5|d0
102891,train,True,6-8|d0
102892,train,True,9-11|d0
102893,train,True,3-5|d0
102894,train,False,na|d0
102895,train,False,na|d0
102896,test,True,3-5|d0
102897,train,True,3-5|d1
102898,train,True,6-8|d0
102899,train,True,9-11|d0
102900,train,True,9-11|d0
102901,train,True,12-14|d0
102902,train,True,12-14|d0
102903,test,True,9-11|d0
102904,test,True,3-5|d0
102905,train,True,6-8|d0
102906,test,True,6-8|d1
102907,train,True,9-11|d0
102908,test,True,12-14|d0
102909,test,True,3-5|d0
102910,test,True,3-5|d0
102911,val,True,6-8|d0
102912,train,True,0-2|d0
102913,train,True,0-2|d0
102914,train,True,6-8|d0
102915,train,True,0-2|d0
102916,train,True,6-8|d1
102917,train,True,3-5|d0
102918,train,True,12-14|d0
102919,val,True,3-5|d0
102920,train,True,12-14|d0
102921,train,True,6-8|d0
102922,val,True,0-2|d0
102923,test,True,3-5|d0
102924,train,True,0-2|d0
102925,train,True,3-5|d0
102926,train,True,0-2|d0
102927,test,True,3-5|d0
102928,train,True,3-5|d0
102929,train,True,3-5|d0
102930,train,True,9-11|d0
102931,train,False,na|d0
102932,val,True,3-5|d0
102933,val,True,9-11|d0
102934,train,True,9-11|d0
102935,train,True,3-5|d0
102936,train,True,6-8|d0
102937,train,False,na|d0
102938,val,True,6-8|d0
102939,test,True,0-2|d0
102940,train,False,na|d0
102941,train,True,0-2|d0
102942,train,True,6-8|d0
102943,val,True,12-14|d0
102944,val,True,12-14|d0
102945,train,True,0-2|d0
102946,train,True,3-5|d0
102947,train,True,3-5|d1
102948,train,True,3-5|d0
102949,test,True,0-2|d0
102950,train,True,6-8|d0
102951,train,False,na|d0
102952,val,True,0-2|d0
102953,train,True,3-5|d0
102954,train,True,0-2|d0
102955,train,True,9-11|d0
102956,test,True,0-2|d0
102957,train,True,12-14|d0
102958,train,True,3-5|d0
102959,test,True,9-11|d0
102960,train,True,6-8|d0
102961,train,True,3-5|d0
102962,test,True,3-5|d1
102963,val,True,0-2|d1
102964,val,True,9-11|d0
102965,train,True,6-8|d0
102966,train,True,12-14|d0
102967,train,True,6-8|d0
102968,test,True,12-14|d1
102969,test,True,6-8|d0
102970,train,True,9-11|d0
102971,train,True,6-8|d0
102972,test,True,0-2|d0
102973,val,True,0-2|d0
102974,train,True,3-5|d0
102975,train,True,3-5|d0
102976,train,True,9-11|d0
102977,train,True,6-8|d0
102978,train,True,6-8|d0
102979,val,True,6-8|d0
102980,train,True,9-11|d0
102981,val,True,9-11|d1
102982,train,False,na|d0
102983,train,True,6-8|d0
102984,train,True,6-8|d0
102985,train,True,6-8|d0
102986,val,True,6-8|d0
102987,train,True,0-2|d0
102988,train,True,12-14|d0
102989,train,True,3-5|d0
102990,val,True,0-2|d0
102991,train,True,0-2|d0
102992,train,True,9-11|d0
102993,train,True,0-2|d0
102994,val,True,9-11|d1
102995,train,True,6-8|d0
102996,train,True,3-5|d0
102997,train,True,0-2|d0
102998,train,True,0-2|d0
102999,train,True,9-11|d0
103000,train,True,6-8|d0
103001,train,True,6-8|d0
103002,train,True,12-14|d0
103003,train,True,9-11|d0
103004,test,True,6-8|d0
103005,train,True,6-8|d0
103006,train,True,12-14|d0
103007,train,True,0-2|d0
103008,val,True,9-11|d0
103009,train,True,9-11|d1
103010,train,True,0-2|d0
103011,test,True,6-8|d0
103012,train,True,6-8|d0
103013,train,True,6-8|d0
103014,train,True,0-2|d0
103015,train,True,6-8|d1
103016,test,True,12-14|d0
103017,train,True,9-11|d0
103018,test,True,12-14|d1
103019,train,False,na|d1
103020,test,True,12-14|d0
103021,train,True,9-11|d0
103022,val,True,6-8|d0
103023,val,True,6-8|d0
103024,test,True,12-14|d0
103025,test,True,0-2|d0
103026,train,True,9-11|d0
103027,train,True,0-2|d0
103028,train,True,3-5|d1
103029,train,True,0-2|d0
103030,train,True,6-8|d0
103031,test,True,0-2|d0
103032,test,True,12-14|d1
103033,train,True,6-8|d0
103034,test,True,3-5|d0
103035,val,True,0-2|d0
103036,test,True,3-5|d0
103037,val,True,3-5|d0
103038,train,True,6-8|d1
103039,test,True,6-8|d0
103040,test,True,0-2|d0
103041,train,True,3-5|d0
103042,train,True,3-5|d0
103043,train,True,12-14|d0
103044,train,True,9-11|d0
103045,train,True,0-2|d0
103046,train,True,6-8|d0
103047,train,True,6-8|d0
103048,train,True,0-2|d0
103049,train,True,12-14|d0
103050,test,True,9-11|d0
103051,train,True,6-8|d0
103052,train,True,3-5|d1
103053,train,True,3-5|d0
103054,val,True,0-2|d0
103055,train,True,9-11|d0
103056,test,True,6-8|d0
103057,train,True,6-8|d0
103058,train,True,3-5|d0
103059,train,True,9-11|d0
103060,train,True,9-11|d0
103061,train,True,9-11|d0
103062,train,True,0-2|d0
103063,train,True,6-8|d0
103064,train,True,3-5|d0
103065,train,True,0-2|d0
103066,val,True,12-14|d0
103067,train,True,6-8|d0
103068,train,True,9-11|d0
103069,train,True,9-11|d0
103070,train,True,0-2|d0
103071,val,True,0-2|d0
103072,train,True,6-8|d0
103073,train,True,0-2|d0
103074,val,True,0-2|d0
103075,train,True,6-8|d1
103076,test,True,3-5|d0
103077,train,True,9-11|d1
103078,train,True,6-8|d0
103079,train,True,0-2|d1
103080,val,True,15+|d0
103081,train,True,9-11|d0
103082,test,True,6-8|d0
103083,test,True,15+|d0
103084,train,True,3-5|d0
103085,train,True,12-14|d0
103086,train,True,3-5|d0
103087,train,True,6-8|d0
103088,test,True,6-8|d0
103089,val,True,9-11|d0
103090,train,True,0-2|d0
103091,train,True,0-2|d0
103092,train,True,0-2|d0
103093,train,False,na|d0
103094,train,True,3-5|d0
103095,train,True,3-5|d0
103096,train,True,9-11|d0
103097,train,True,6-8|d0
103098,train,False,na|d0
103099,val,True,0-2|d0
103100,test,True,3-5|d0
103101,test,True,12-14|d0
103102,train,True,15+|d0
103103,train,True,9-11|d0
103104,train,True,3-5|d0
103105,train,True,9-11|d0
103106,test,True,9-11|d1
103107,test,True,6-8|d1
103108,val,True,3-5|d0
103109,train,True,6-8|d0
103110,test,True,6-8|d0
103111,train,True,6-8|d1
103112,train,True,3-5|d0
103113,train,True,6-8|d0
103114,train,True,9-11|d0
103115,train,True,6-8|d0
103116,train,True,3-5|d0
103117,test,True,9-11|d0
103118,test,True,3-5|d0
103119,train,True,9-11|d0
103120,train,True,0-2|d0
103121,test,False,na|d0
103122,train,True,0-2|d0
103123,train,True,12-14|d0
103124,train,True,9-11|d0
103125,train,True,3-5|d0
103126,test,True,3-5|d1
103127,val,True,6-8|d0
103128,train,True,3-5|d0
103129,train,True,0-2|d0
103130,train,True,0-2|d0
103131,train,True,6-8|d0
103132,test,True,6-8|d0
103133,train,True,6-8|d0
103134,train,True,0-2|d0
103135,test,True,3-5|d0
103136,val,True,6-8|d0
103137,train,True,9-11|d0
103138,train,True,6-8|d0
103139,train,True,6-8|d0
103140,train,True,0-2|d0
103141,test,True,0-2|d0
103142,train,True,0-2|d0
103143,test,True,6-8|d1
103144,test,True,15+|d1
103145,train,True,9-11|d0
103146,train,True,3-5|d0
103147,val,True,9-11|d0
103148,test,True,12-14|d0
103149,test,True,0-2|d0
103150,val,True,6-8|d0
103151,test,False,na|d0
103152,train,True,0-2|d1
103153,train,True,9-11|d0
103154,train,True,3-5|d1
103155,train,True,9-11|d0
103156,train,True,9-11|d0
103157,train,True,3-5|d0
103158,train,True,3-5|d0
103159,test,True,0-2|d0
103160,train,True,12-14|d0
103161,test,True,12-14|d0
103162,train,True,6-8|d0
103163,train,True,0-2|d0
103164,train,True,0-2|d0
103165,val,True,0-2|d0
103166,train,True,0-2|d0
103167,test,True,3-5|d0
103168,train,True,9-11|d0
103169,train,True,3-5|d0
103170,test,True,0-2|d0
103171,train,True,3-5|d0
103172,train,True,9-11|d0
103173,train,True,6-8|d1
103174,train,True,6-8|d1
103175,test,False,na|d0
103176,train,True,9-11|d0
103177,train,True,6-8|d0
103178,train,True,6-8|d0
103179,train,True,0-2|d0
103180,train,True,12-14|d0
103181,val,True,3-5|d0
103182,train,True,3-5|d0
103183,train,True,9-11|d0
103184,train,True,0-2|d0
103185,train,False,na|d0
103186,val,True,9-11|d0
103187,test,True,6-8|d0
103188,train,True,0-2|d0
103189,train,True,6-8|d1
103190,train,True,9-11|d0
103191,train,True,3-5|d0
103192,train,True,6-8|d1
103193,train,True,9-11|d0
103194,train,True,6-8|d0
103195,train,True,6-8|d0
103196,train,True,3-5|d0
103197,val,True,6-8|d0
103198,train,True,3-5|d0
103199,train,True,15+|d1
103200,test,True,3-5|d0
103201,train,True,3-5|d0
103202,train,True,9-11|d0
103203,test,True,3-5|d0
103204,train,True,12-14|d0
103205,train,True,6-8|d0
103206,val,True,3-5|d0
103207,val,True,6-8|d0
103208,test,True,6-8|d0
103209,train,True,6-8|d0
103210,train,True,3-5|d0
103211,train,True,3-5|d0
103212,test,True,9-11|d0
103213,train,True,6-8|d0
103214,val,True,6-8|d0
103215,train,True,9-11|d0
103216,val,True,3-5|d0
103217,test,True,6-8|d1
103218,train,False,na|d0
103219,val,True,6-8|d1
103220,train,True,6-8|d0
103221,train,True,12-14|d0
103222,train,True,3-5|d1
103223,train,True,12-14|d0
103224,val,True,3-5|d0
103225,test,True,9-11|d1
103226,train,True,6-8|d0
103227,val,True,12-14|d0
103228,train,True,3-5|d0
103229,train,True,6-8|d0
103230,train,True,6-8|d0
103231,train,True,3-5|d0
103232,train,True,9-11|d0
103233,val,True,0-2|d0
103234,train,True,0-2|d0
103235,val,True,9-11|d1
103236,train,True,9-11|d0
103237,train,True,3-5|d0
103238,train,False,na|d0
103239,val,True,15+|d1
103240,train,True,9-11|d0
103241,train,True,3-5|d0
103242,train,True,0-2|d0
103243,train,True,6-8|d0
103244,val,True,0-2|d0
103245,train,True,3-5|d0
103246,train,True,9-11|d0
103247,val,True,9-11|d0
103248,train,True,6-8|d0
103249,train,True,6-8|d0
103250,train,True,9-11|d0
103251,train,True,15+|d0
103252,train,True,6-8|d0
103253,train,True,9-11|d0
103254,train,True,6-8|d0
103255,train,True,3-5|d0
103256,train,True,6-8|d1
103257,train,True,0-2|d0
103258,val,True,6-8|d0
103259,test,True,9-11|d0
103260,val,True,9-11|d0
103261,train,True,0-2|d0
103262,train,True,6-8|d0
103263,train,True,0-2|d0
103264,test,True,6-8|d0
103265,train,True,0-2|d0
103266,train,True,3-5|d0
103267,test,True,12-14|d0
103268,train,True,0-2|d0
103269,val,True,3-5|d0
103270,test,True,3-5|d0
103271,train,True,6-8|d0
103272,train,True,3-5|d0
103273,train,True,9-11|d0
103274,train,True,6-8|d0
103275,val,True,6-8|d0
103276,test,True,3-5|d0
103277,test,True,12-14|d1
103278,test,True,3-5|d1
103279,train,True,9-11|d0
103280,val,True,9-11|d1
103281,val,True,6-8|d0
103282,train,True,3-5|d0
103283,train,True,6-8|d0
103284,train,True,12-14|d0
103285,val,True,12-14|d1
103286,train,True,0-2|d0
103287,train,True,6-8|d0
103288,train,True,0-2|d0
103289,train,True,6-8|d0
103290,test,True,6-8|d0
103291,train,True,3-5|d0
103292,train,True,15+|d0
103293,test,True,6-8|d0
103294,train,True,9-11|d0
103295,train,True,6-8|d1
103296,train,True,0-2|d0
103297,val,True,6-8|d0
103298,train,True,3-5|d0
103299,train,True,0-2|d0
103300,train,True,0-2|d0
103301,train,True,6-8|d0
103302,train,True,15+|d0
103303,test,True,0-2|d1
103304,train,True,0-2|d0
103305,train,True,0-2|d0
103306,test,True,0-2|d0
103307,val,True,6-8|d0
103308,train,True,0-2|d0
103309,train,True,15+|d1
103310,train,False,na|d0
103311,train,True,3-5|d0
103312,train,True,6-8|d0
103313,train,True,6-8|d0
103314,train,True,9-11|d0
103315,train,True,12-14|d0
103316,train,False,na|d0
103317,train,True,9-11|d0
103318,test,True,6-8|d0
103319,train,True,3-5|d0
103320,train,True,0-2|d0
103321,train,True,6-8|d0
103322,train,True,3-5|d0
103323,train,True,3-5|d0
103324,train,True,12-14|d0
103325,train,True,6-8|d0
103326,test,True,0-2|d0
103327,train,True,12-14|d0
103328,val,True,12-14|d0
103329,train,True,6-8|d0
103330,train,True,0-2|d0
103331,train,True,6-8|d1
103332,train,True,0-2|d0
103333,test,True,6-8|d1
103334,train,True,3-5|d0
103335,test,True,3-5|d1
103336,train,True,6-8|d0
103337,test,True,0-2|d1
103338,train,True,6-8|d0
103339,train,True,6-8|d0
103340,train,True,9-11|d0
103341,train,True,9-11|d0
103342,train,True,0-2|d0
103343,val,True,6-8|d1
103344,train,True,9-11|d1
103345,test,False,na|d0
103346,train,True,6-8|d0
103347,train,True,9-11|d0
103348,train,True,0-2|d0
103349,train,True,6-8|d0
103350,train,True,9-11|d0
103351,train,True,9-11|d0
103352,train,True,6-8|d0
103353,train,True,6-8|d1
103354,train,True,6-8|d0
103355,test,True,9-11|d0
103356,train,True,12-14|d1
103357,test,True,12-14|d0
103358,train,True,12-14|d0
103359,train,True,0-2|d0
103360,test,True,6-8|d0
103361,train,True,9-11|d1
103362,val,True,0-2|d0
103363,test,True,9-11|d0
103364,train,True,0-2|d0
103365,train,True,3-5|d0
103366,train,True,0-2|d0
103367,train,True,6-8|d0
103368,val,False,na|d0
103369,train,True,3-5|d0
103370,train,True,3-5|d0
103371,val,True,9-11|d1
103372,train,True,3-5|d0
103373,train,True,12-14|d1
103374,train,True,3-5|d1
103375,test,False,na|d0
103376,val,True,6-8|d0
103377,val,True,3-5|d0
103378,test,True,9-11|d1
103379,train,True,0-2|d0
103380,val,True,9-11|d0
103381,test,True,0-2|d1
103382,train,True,3-5|d0
103383,train,True,3-5|d0
103384,train,True,6-8|d0
103385,train,True,9-11|d0
103386,train,True,3-5|d0
103387,train,False,na|d0
103388,train,True,3-5|d0
103389,train,True,6-8|d0
103390,val,True,3-5|d0
103391,train,True,3-5|d0
103392,val,True,6-8|d0
103393,val,True,0-2|d0
103394,train,True,6-8|d0
103395,train,True,9-11|d0
103396,test,True,6-8|d0
103397,test,True,6-8|d1
103398,train,True,6-8|d0
103399,val,True,12-14|d0
103400,train,True,0-2|d0
103401,train,True,6-8|d0
103402,test,True,3-5|d0
103403,val,True,9-11|d0
103404,train,True,9-11|d0
103405,train,True,9-11|d0
103406,train,True,0-2|d0
103407,train,True,6-8|d0
103408,test,True,12-14|d1
103409,train,True,3-5|d0
103410,train,True,9-11|d0
103411,val,True,6-8|d0
103412,train,True,3-5|d0
103413,train,True,9-11|d0
103414,train,True,3-5|d0
103415,train,True,3-5|d0
103416,train,True,3-5|d0
103417,train,True,3-5|d0
103418,train,True,6-8|d0
103419,train,True,6-8|d0
103420,train,True,3-5|d0
103421,train,True,9-11|d0
103422,train,True,0-2|d0
103423,test,True,3-5|d0
103424,test,True,15+|d0
103425,train,True,6-8|d0
103426,test,True,9-11|d0
103427,train,True,9-11|d0
103428,train,True,3-5|d0
103429,train,True,6-8|d0
103430,train,True,6-8|d0
103431,train,True,9-11|d1
103432,train,True,6-8|d0
103433,train,True,0-2|d0
103434,train,True,6-8|d0
103435,train,True,9-11|d0
103436,train,True,3-5|d1
103437,test,True,12-14|d1
103438,train,True,6-8|d1
103439,test,True,12-14|d0
103440,train,True,3-5|d1
103441,val,True,3-5|d0
103442,train,True,3-5|d0
103443,train,True,9-11|d0
103444,train,True,3-5|d1
103445,train,True,3-5|d0
103446,train,True,0-2|d0
103447,test,True,0-2|d0
103448,test,True,12-14|d0
103449,train,True,6-8|d0
103450,train,True,3-5|d0
103451,val,True,6-8|d1
103452,train,True,6-8|d0
103453,test,True,15+|d0
103454,train,True,0-2|d0
103455,train,True,6-8|d0
103456,train,True,0-2|d0
103457,train,True,9-11|d0
103458,train,True,12-14|d0
103459,train,True,12-14|d1
103460,test,True,0-2|d0
103461,train,True,9-11|d0
103462,train,True,6-8|d0
103463,train,True,15+|d1
103464,train,True,0-2|d0
103465,val,True,3-5|d0
103466,train,True,9-11|d0
103467,train,True,3-5|d0
103468,train,True,6-8|d1
103469,test,True,12-14|d0
103470,test,True,3-5|d0
103471,train,True,3-5|d0
103472,train,True,6-8|d0
103473,train,False,na|d0
103474,train,True,3-5|d0
103475,train,True,9-11|d0
103476,train,True,9-11|d0
103477,train,True,3-5|d0
103478,train,True,3-5|d0
103479,train,True,0-2|d0
103480,train,True,6-8|d0
103481,test,True,0-2|d0
103482,train,True,0-2|d1
103483,val,True,9-11|d0
103484,test,True,6-8|d0
103485,test,True,0-2|d0
103486,train,True,6-8|d0
103487,train,True,9-11|d0
103488,train,True,3-5|d0
103489,train,True,0-2|d0
103490,train,True,3-5|d0
103491,val,True,0-2|d0
103492,train,True,6-8|d0
103493,train,True,6-8|d0
103494,train,True,6-8|d0
103495,val,True,3-5|d0
103496,test,True,3-5|d1
103497,train,False,na|d0
103498,train,True,6-8|d0
103499,train,True,9-11|d0
103500,train,True,6-8|d0
103501,test,True,3-5|d1
103502,train,True,12-14|d0
103503,train,True,0-2|d0
103504,val,True,6-8|d0
103505,test,True,3-5|d0
103506,train,True,9-11|d0
103507,train,True,15+|d0
103508,train,True,6-8|d0
103509,train,True,6-8|d0
103510,train,True,3-5|d0
103511,train,True,3-5|d0
103512,train,True,3-5|d0
103513,train,True,12-14|d0
103514,train,True,0-2|d0
103515,train,True,6-8|d1
103516,val,True,15+|d0
103517,val,True,0-2|d0
103518,val,True,9-11|d1
103519,train,True,3-5|d1
103520,test,True,6-8|d0
103521,train,True,3-5|d0
103522,train,True,12-14|d0
103523,train,True,6-8|d0
103524,test,True,3-5|d0
103525,val,True,3-5|d0
103526,val,True,0-2|d0
103527,train,True,6-8|d0
103528,train,True,3-5|d0
103529,val,True,6-8|d0
103530,train,True,6-8|d0
103531,train,True,6-8|d0
103532,train,True,12-14|d0
103533,val,True,6-8|d0
103534,test,True,6-8|d0
103535,train,True,9-11|d0
103536,train,True,0-2|d0
103537,train,True,6-8|d0
103538,train,True,12-14|d0
103539,val,True,9-11|d0
103540,train,True,12-14|d0
103541,train,True,6-8|d0
103542,train,True,0-2|d0
103543,test,True,6-8|d0
103544,train,True,3-5|d0
103545,train,True,15+|d0
103546,train,True,6-8|d0
103547,train,True,6-8|d0
103548,train,True,6-8|d0
103549,train,True,3-5|d0
103550,train,True,9-11|d1
103551,test,True,3-5|d0
103552,train,True,0-2|d1
103553,train,True,0-2|d0
103554,val,True,9-11|d0
103555,train,True,6-8|d0
103556,train,True,0-2|d0
103557,test,True,0-2|d0
103558,train,True,6-8|d0
103559,train,True,6-8|d0
103560,train,True,9-11|d0
103561,train,True,12-14|d0
103562,train,True,6-8|d0
103563,train,True,15+|d1
103564,train,True,15+|d1
103565,test,True,6-8|d0
103566,train,True,9-11|d0
103567,train,True,6-8|d0
103568,train,True,9-11|d0
103569,train,True,6-8|d0
103570,train,True,0-2|d0
103571,test,True,3-5|d0
103572,train,True,0-2|d0
103573,test,True,0-2|d0
103574,train,True,0-2|d0
103575,train,True,0-2|d0
103576,test,True,0-2|d0
103577,train,True,9-11|d0
103578,train,True,12-14|d0
103579,test,True,9-11|d1
103580,train,True,12-14|d0
103581,test,True,6-8|d0
103582,val,True,3-5|d1
103583,train,True,6-8|d1
103584,test,True,9-11|d0
103585,train,True,3-5|d0
103586,train,True,6-8|d0
103587,train,True,6-8|d0
103588,train,True,6-8|d0
103589,train,True,0-2|d0
103590,train,True,6-8|d1
103591,train,True,0-2|d0
103592,test,True,6-8|d0
103593,train,True,12-14|d0
103594,train,True,6-8|d0
103595,train,True,12-14|d0
103596,train,True,15+|d1
103597,train,True,0-2|d0
103598,train,True,0-2|d0
103599,train,True,9-11|d0
103600,train,True,0-2|d0
103601,train,True,6-8|d1
103602,val,True,9-11|d0
103603,train,True,6-8|d0
103604,test,True,0-2|d0
103605,train,True,3-5|d0
103606,train,True,3-5|d0
103607,train,True,3-5|d0
103608,test,True,12-14|d1
103609,train,True,3-5|d0
103610,train,True,15+|d1
103611,train,True,6-8|d1
103612,train,True,12-14|d0
103613,train,True,3-5|d0
103614,val,True,12-14|d0
103615,train,True,9-11|d1
103616,val,True,3-5|d0
103617,train,True,6-8|d0
103618,train,True,0-2|d0
103619,val,True,9-11|d0
103620,test,True,6-8|d0
103621,test,True,6-8|d0
103622,train,True,9-11|d0
103623,train,True,9-11|d0
103624,train,True,6-8|d0
103625,train,True,0-2|d0
103626,train,True,3-5|d0
103627,train,True,0-2|d0
103628,test,True,9-11|d0
103629,train,True,12-14|d1
103630,test,True,9-11|d0
103631,train,True,9-11|d0
103632,train,True,0-2|d0
103633,val,True,15+|d1
103634,train,True,0-2|d0
103635,train,True,15+|d0
103636,test,True,6-8|d0
103637,test,True,6-8|d0
103638,val,True,3-5|d1
103639,train,True,12-14|d0
103640,train,True,0-2|d0
103641,train,True,12-14|d0
103642,train,True,6-8|d0
103643,val,True,9-11|d0
103644,train,True,6-8|d0
103645,train,True,12-14|d0
103646,test,True,9-11|d0
103647,train,True,3-5|d0
103648,test,True,3-5|d0
103649,train,True,0-2|d0
103650,train,True,0-2|d0
103651,train,True,6-8|d0
103652,train,True,9-11|d0
103653,train,False,na|d0
103654,train,True,3-5|d0
103655,train,True,3-5|d1
103656,val,True,6-8|d0
103657,train,True,6-8|d0
103658,train,True,9-11|d0
103659,train,True,9-11|d0
103660,train,False,na|d0
103661,test,True,0-2|d0
103662,test,True,6-8|d0
103663,train,True,9-11|d1
103664,train,True,6-8|d0
103665,test,True,0-2|d1
103666,test,True,12-14|d1
103667,val,True,6-8|d0
103668,train,True,9-11|d0
103669,train,True,0-2|d0
103670,train,True,0-2|d0
103671,train,True,9-11|d0
103672,train,True,3-5|d0
103673,train,True,6-8|d0
103674,train,True,12-14|d0
103675,train,True,6-8|d0
103676,train,True,3-5|d0
103677,train,True,0-2|d0
103678,train,True,0-2|d0
103679,test,True,0-2|d0
103680,train,True,3-5|d1
103681,val,True,6-8|d0
103682,val,False,na|d0
103683,test,True,3-5|d0
103684,train,True,0-2|d0
103685,train,True,12-14|d1
103686,train,True,0-2|d0
103687,train,True,0-2|d1
103688,val,True,3-5|d0
103689,test,True,3-5|d1
103690,train,True,0-2|d0
103691,train,False,na|d1
103692,train,False,na|d0
103693,train,True,9-11|d1
103694,train,True,9-11|d0
103695,test,True,6-8|d0
103696,test,True,9-11|d0
103697,val,True,6-8|d0
103698,train,True,9-11|d1
103699,test,True,0-2|d0
103700,train,True,9-11|d0
103701,train,True,0-2|d0
103702,train,True,6-8|d0
103703,train,True,6-8|d0
103704,test,True,0-2|d0
103705,val,True,3-5|d0
103706,train,True,0-2|d0
103707,test,True,0-2|d0
103708,train,True,9-11|d0
103709,val,True,6-8|d1
103710,train,True,6-8|d0
103711,train,True,3-5|d0
103712,train,False,na|d0
103713,train,True,9-11|d0
103714,train,True,15+|d1
103715,test,True,6-8|d1
103716,train,True,12-14|d1
103717,test,True,6-8|d0
103718,train,True,0-2|d0
103719,train,True,3-5|d0
103720,train,True,12-14|d0
103721,train,True,15+|d1
103722,train,True,6-8|d1
103723,train,True,3-5|d0
103724,train,True,3-5|d0
103725,train,True,6-8|d0
103726,train,True,6-8|d0
103727,train,True,0-2|d0
103728,val,True,3-5|d0
103729,train,True,6-8|d0
103730,test,True,6-8|d1
103731,train,True,6-8|d0
103732,val,True,6-8|d0
103733,train,True,3-5|d0
103734,train,True,9-11|d0
103735,train,True,9-11|d0
103736,test,True,9-11|d0
103737,train,True,6-8|d0
103738,train,True,9-11|d1
103739,test,True,3-5|d0
103740,train,True,9-11|d0
103741,train,True,6-8|d0
103742,train,True,3-5|d0
103743,test,True,6-8|d1
103744,train,True,9-11|d0
103745,train,True,9-11|d0
103746,test,True,6-8|d0
103747,train,True,0-2|d0
103748,test,True,6-8|d0
103749,test,True,9-11|d0
103750,train,True,6-8|d1
103751,train,True,12-14|d0
103752,train,True,3-5|d0
103753,test,True,0-2|d0
103754,train,True,0-2|d0
103755,train,True,0-2|d0
103756,train,True,0-2|d0
103757,val,True,9-11|d0
103758,train,True,3-5|d0
103759,train,True,6-8|d0
103760,train,True,6-8|d0
103761,train,True,3-5|d1
103762,val,True,6-8|d0
103763,val,False,na|d0
103764,train,True,3-5|d0
103765,val,True,0-2|d0
103766,train,True,6-8|d0
103767,train,True,0-2|d0
103768,val,True,3-5|d0
103769,train,True,0-2|d0
103770,train,True,9-11|d0
103771,train,True,9-11|d0
103772,train,True,3-5|d0
103773,test,True,3-5|d0
103774,val,True,12-14|d1
103775,test,True,9-11|d0
103776,train,True,6-8|d0
103777,train,True,9-11|d0
103778,train,True,0-2|d0
103779,train,True,6-8|d0
103780,train,True,6-8|d0
103781,train,False,na|d0
103782,train,True,3-5|d0
103783,train,True,15+|d0
103784,train,False,na|d0
103785,test,True,3-5|d0
103786,train,True,0-2|d0
103787,train,True,0-2|d0
103788,train,True,0-2|d0
103789,val,True,15+|d1
103790,test,True,6-8|d0
103791,test,True,9-11|d0
103792,test,True,3-5|d1
103793,val,True,9-11|d0
103794,test,True,0-2|d0
103795,train,True,9-11|d0
103796,train,True,6-8|d0
103797,val,True,12-14|d0
103798,val,True,9-11|d0
103799,train,True,0-2|d1
103800,val,False,na|d0
103801,val,True,6-8|d0
103802,train,True,9-11|d0
103803,train,True,9-11|d0
103804,train,True,6-8|d0
103805,train,True,9-11|d0
103806,train,True,3-5|d0
103807,train,True,6-8|d0
103808,train,True,0-2|d0
103809,train,True,12-14|d1
103810,val,True,3-5|d0
103811,train,False,na|d0
103812,train,True,3-5|d0
103813,train,True,6-8|d0
103814,test,True,12-14|d0
103815,train,True,3-5|d0
103816,train,True,6-8|d0
103817,train,True,6-8|d0
103818,train,True,9-11|d0
103819,val,True,0-2|d0
103820,train,True,0-2|d0
103821,train,True,9-11|d1
103822,train,True,6-8|d0
103823,val,True,9-11|d0
103824,train,True,6-8|d0
103825,train,True,9-11|d0
103826,train,True,9-11|d0
103827,train,True,9-11|d1
103828,train,False,na|d0
103829,val,True,0-2|d0
103830,train,True,0-2|d0
103831,train,True,9-11|d0
103832,train,True,3-5|d0
103833,train,True,0-2|d0
103834,test,True,6-8|d0
103835,train,True,6-8|d0
103836,train,True,3-5|d1
103837,train,True,3-5|d0
103838,train,False,na|d0
103839,val,True,6-8|d0
103840,train,True,3-5|d0
103841,train,True,3-5|d1
103842,train,True,0-2|d0
103843,train,True,0-2|d0
103844,test,True,3-5|d0
103845,train,True,6-8|d0
103846,train,False,na|d0
103847,test,True,0-2|d0
103848,test,True,0-2|d0
103849,train,True,3-5|d1
103850,train,True,6-8|d1
103851,test,True,6-8|d0
103852,train,True,0-2|d0
103853,test,True,0-2|d0
103854,val,True,12-14|d1
103855,val,True,9-11|d0
103856,train,True,3-5|d0
103857,test,True,3-5|d0
103858,train,True,6-8|d0
103859,train,True,3-5|d0
103860,train,True,15+|d1
103861,train,True,0-2|d0
103862,train,True,6-8|d0
103863,val,True,9-11|d0
103864,train,True,3-5|d1
103865,train,True,3-5|d0
103866,train,True,0-2|d0
103867,train,True,3-5|d0
103868,train,True,15+|d0
103869,train,True,9-11|d0
103870,val,True,12-14|d0
103871,val,True,15+|d0
103872,train,True,0-2|d0
103873,val,True,3-5|d1
103874,train,True,6-8|d0
103875,train,True,9-11|d0
103876,train,True,9-11|d0
103877,test,True,12-14|d0
103878,train,True,12-14|d1
103879,test,True,0-2|d0
103880,train,True,3-5|d0
103881,val,True,6-8|d0
103882,train,True,6-8|d0
103883,test,True,0-2|d0
103884,train,True,6-8|d1
103885,test,True,3-5|d0
103886,train,True,3-5|d0
103887,test,True,6-8|d0
103888,test,True,0-2|d0
103889,train,False,na|d0
103890,train,True,6-8|d1
103891,train,True,9-11|d0
103892,train,True,6-8|d0
103893,train,True,6-8|d0
103894,train,True,6-8|d1
103895,train,True,3-5|d0
103896,train,True,6-8|d0
103897,val,True,3-5|d0
103898,test,True,9-11|d0
103899,train,True,3-5|d0
103900,train,True,12-14|d0
103901,train,True,6-8|d0
103902,train,True,9-11|d0
103903,train,True,3-5|d0
103904,train,True,6-8|d0
103905,train,True,6-8|d0
103906,train,True,6-8|d0
103907,train,True,6-8|d0
103908,train,True,15+|d1
103909,train,True,6-8|d0
103910,train,True,12-14|d1
103911,train,True,0-2|d0
103912,train,True,3-5|d0
103913,test,True,3-5|d0
103914,test,True,9-11|d0
103915,train,True,0-2|d0
103916,train,True,12-14|d0
103917,train,True,3-5|d0
103918,train,True,3-5|d0
103919,train,True,9-11|d0
103920,train,True,12-14|d0
103921,train,True,0-2|d0
103922,train,True,3-5|d0
103923,val,False,na|d0
103924,val,True,3-5|d1
103925,train,True,6-8|d0
103926,train,True,3-5|d0
103927,val,True,0-2|d0
103928,val,True,9-11|d0
103929,train,True,6-8|d1
103930,train,True,6-8|d1
103931,val,True,0-2|d0
103932,train,True,12-14|d0
103933,train,True,0-2|d0
103934,train,True,6-8|d0
103935,train,True,12-14|d1
103936,train,True,3-5|d0
103937,train,True,3-5|d0
103938,train,True,6-8|d0
103939,test,True,0-2|d0
103940,train,True,9-11|d0
103941,train,True,12-14|d0
103942,train,True,3-5|d0
103943,train,True,3-5|d0
103944,train,True,0-2|d0
103945,test,True,3-5|d1
103946,train,True,9-11|d0
103947,train,True,6-8|d0
103948,train,True,9-11|d0
103949,train,True,0-2|d0
103950,train,True,6-8|d0
103951,train,True,0-2|d0
103952,test,False,na|d0
103953,train,True,3-5|d0
103954,val,True,6-8|d1
103955,train,True,6-8|d1
103956,train,True,9-11|d0
103957,train,False,na|d0
103958,test,True,6-8|d1
103959,train,True,6-8|d0
103960,test,True,6-8|d1
103961,train,True,9-11|d0
103962,train,True,3-5|d0
103963,test,True,3-5|d0
103964,train,True,3-5|d0
103965,test,True,9-11|d1
103966,train,True,9-11|d1
103967,train,True,6-8|d0
103968,train,True,0-2|d0
103969,val,True,3-5|d0
103970,test,False,na|d0
103971,train,False,na|d0
103972,test,True,3-5|d0
103973,train,True,12-14|d0
103974,train,True,6-8|d0
103975,test,True,0-2|d0
103976,train,True,0-2|d0
103977,train,True,6-8|d0
103978,test,False,na|d0
103979,val,True,0-2|d0
103980,train,True,9-11|d0
103981,train,True,9-11|d0
103982,train,True,9-11|d0
103983,train,True,9-11|d0
103984,train,True,6-8|d0
103985,test,True,0-2|d0
103986,train,True,0-2|d0
103987,val,True,15+|d0
103988,val,True,0-2|d0
103989,train,True,3-5|d0
103990,train,True,9-11|d0
103991,val,True,0-2|d0
103992,train,True,9-11|d1
103993,train,True,0-2|d0
103994,train,True,3-5|d0
103995,train,True,9-11|d0
103996,train,True,6-8|d0
103997,train,True,9-11|d0
103998,train,True,12-14|d0
103999,train,True,3-5|d0
104000,train,True,0-2|d0
104001,test,True,0-2|d0
104002,test,True,0-2|d0
104003,val,True,6-8|d0
104004,test,False,na|d0
104005,test,True,9-11|d0
104006,train,True,6-8|d0
104007,test,True,3-5|d1
104008,train,True,12-14|d0
104009,train,True,6-8|d0
104010,train,True,6-8|d0
104011,train,True,6-8|d0
104012,val,True,6-8|d0
104013,val,True,6-8|d0
104014,train,True,6-8|d0
104015,test,True,6-8|d0
104016,train,True,6-8|d0
104017,train,True,9-11|d0
104018,train,True,0-2|d0
104019,train,True,0-2|d0
104020,val,True,6-8|d0
104021,train,True,12-14|d0
104022,val,True,9-11|d0
104023,train,True,0-2|d0
104024,train,True,6-8|d0
104025,train,True,9-11|d0
104026,test,True,9-11|d0
104027,train,True,3-5|d1
104028,train,True,6-8|d0
104029,train,True,6-8|d1
104030,val,True,9-11|d0
104031,train,True,3-5|d1
104032,train,True,12-14|d0
104033,test,True,6-8|d0
104034,train,True,0-2|d0
104035,train,True,6-8|d1
104036,train,True,3-5|d0
104037,test,False,na|d0
104038,val,True,3-5|d0
104039,val,True,3-5|d0
104040,val,True,3-5|d1
104041,train,True,6-8|d0
104042,test,True,6-8|d0
104043,train,True,3-5|d0
104044,train,True,9-11|d0
104045,train,True,3-5|d0
104046,train,True,0-2|d0
104047,train,True,6-8|d0
104048,train,True,6-8|d0
104049,train,True,0-2|d0
104050,train,True,9-11|d0
104051,train,True,0-2|d0
104052,val,True,3-5|d0
104053,train,True,3-5|d0
104054,train,True,6-8|d0
104055,train,True,3-5|d0
104056,train,True,12-14|d0
104057,train,True,15+|d0
104058,train,True,0-2|d0
104059,train,True,3-5|d0
104060,train,True,0-2|d0
104061,train,True,9-11|d0
104062,train,True,12-14|d1
104063,test,True,9-11|d0
104064,train,True,3-5|d1
104065,train,True,0-2|d0
104066,train,True,0-2|d0
104067,test,True,9-11|d0
104068,train,True,6-8|d0
104069,val,True,0-2|d1
104070,val,True,3-5|d0
104071,val,True,0-2|d0
104072,train,True,3-5|d0
104073,train,True,12-14|d0
104074,train,True,0-2|d0
104075,train,True,3-5|d0
104076,train,True,6-8|d0
104077,train,True,0-2|d0
104078,train,True,6-8|d0
104079,test,True,15+|d1
104080,train,True,9-11|d0
104081,train,True,3-5|d1
104082,train,True,3-5|d0
104083,train,True,0-2|d0
104084,train,True,3-5|d0
104085,train,True,0-2|d0
104086,train,True,0-2|d0
104087,train,True,6-8|d0
104088,train,True,3-5|d0
104089,val,True,0-2|d0
104090,test,True,6-8|d0
104091,train,False,na|d1
104092,train,True,3-5|d0
104093,train,True,0-2|d0
104094,train,True,3-5|d0
104095,train,True,3-5|d1
104096,train,True,12-14|d0
104097,val,True,12-14|d0
104098,val,True,6-8|d0
104099,val,True,6-8|d0
104100,train,True,3-5|d0
104101,train,True,6-8|d0
104102,train,True,6-8|d0
104103,train,True,15+|d1
104104,test,True,0-2|d0
104105,train,False,na|d0
104106,test,True,6-8|d0
104107,train,False,na|d0
104108,train,True,15+|d1
104109,train,True,6-8|d0
104110,val,True,0-2|d0
104111,test,False,na|d1
104112,test,True,0-2|d0
104113,test,True,6-8|d0
104114,train,True,6-8|d0
104115,train,True,9-11|d0
104116,train,True,12-14|d0
104117,test,True,3-5|d0
104118,train,True,0-2|d0
104119,test,True,0-2|d0
104120,val,True,6-8|d1
104121,val,True,6-8|d0
104122,train,True,9-11|d0
104123,train,True,9-11|d0
104124,train,True,6-8|d0
104125,train,True,12-14|d1
104126,train,True,6-8|d0
104127,train,True,0-2|d0
104128,test,False,na|d0
104129,test,True,0-2|d0
104130,train,True,12-14|d0
104131,test,True,9-11|d0
104132,train,False,na|d0
104133,val,True,0-2|d0
104134,train,True,0-2|d0
104135,train,True,9-11|d1
104136,train,True,9-11|d0
104137,val,True,6-8|d0
104138,train,True,0-2|d0
104139,test,True,6-8|d0
104140,train,True,6-8|d0
104141,train,True,9-11|d0
104142,train,True,12-14|d0
104143,train,True,12-14|d0
104144,train,True,6-8|d0
104145,train,True,0-2|d0
104146,train,True,3-5|d0
104147,test,True,12-14|d0
104148,test,True,3-5|d0
104149,train,True,9-11|d0
104150,val,True,9-11|d0
104151,train,True,6-8|d0
104152,train,True,3-5|d1
104153,test,False,na|d0
104154,train,True,6-8|d0
104155,test,True,9-11|d0
104156,train,True,6-8|d0
104157,train,True,3-5|d0
104158,train,True,9-11|d0
104159,train,True,6-8|d0
104160,train,True,6-8|d1
104161,train,True,0-2|d0
104162,train,True,0-2|d0
104163,train,True,6-8|d0
104164,train,True,15+|d1
104165,train,True,9-11|d0
104166,test,True,0-2|d0
104167,train,True,6-8|d0
104168,val,True,15+|d1
104169,train,True,0-2|d0
104170,val,True,0-2|d0
104171,train,True,3-5|d1
104172,test,True,0-2|d0
104173,val,True,9-11|d0
104174,train,True,3-5|d0
104175,train,True,6-8|d0
104176,train,True,9-11|d0
104177,train,True,3-5|d0
104178,train,True,3-5|d0
104179,train,True,3-5|d0
104180,train,True,6-8|d0
104181,train,True,0-2|d0
104182,train,True,3-5|d0
104183,test,True,9-11|d0
104184,train,True,0-2|d0
104185,train,True,12-14|d0
104186,test,True,0-2|d0
104187,train,True,6-8|d0
104188,val,True,0-2|d0
104189,train,True,12-14|d0
104190,train,True,9-11|d0
104191,train,False,na|d0
104192,val,True,12-14|d0
104193,train,True,6-8|d0
104194,train,True,0-2|d0
104195,train,True,0-2|d0
104196,train,True,12-14|d1
104197,val,True,6-8|d0
104198,train,True,12-14|d0
104199,train,True,0-2|d0
104200,test,True,9-11|d0
104201,test,True,6-8|d0
104202,train,True,0-2|d0
104203,test,True,3-5|d0
104204,train,True,0-2|d0
104205,train,True,12-14|d1
104206,train,True,3-5|d0
104207,train,True,3-5|d0
104208,train,True,6-8|d0
104209,test,True,0-2|d0
104210,train,True,3-5|d1
104211,train,True,3-5|d0
104212,train,True,9-11|d0
104213,train,True,12-14|d0
104214,train,True,3-5|d0
104215,train,True,6-8|d0
104216,train,False,na|d0
104217,train,True,6-8|d1
104218,train,True,0-2|d0
104219,test,True,3-5|d0
104220,train,True,6-8|d1
104221,train,True,6-8|d0
104222,train,True,6-8|d0
104223,val,True,9-11|d0
104224,train,True,12-14|d0
104225,train,True,12-14|d0
104226,train,True,0-2|d0
104227,train,True,6-8|d0
104228,test,True,3-5|d0
104229,train,True,3-5|d0
104230,test,True,12-14|d1
104231,val,True,3-5|d0
104232,train,True,0-2|d0
104233,train,True,9-11|d0
104234,train,True,9-11|d0
104235,train,False,na|d0
104236,train,True,3-5|d1
104237,train,True,0-2|d1
104238,test,True,9-11|d0
104239,train,True,9-11|d0
104240,train,True,6-8|d0
104241,train,True,6-8|d0
104242,train,True,6-8|d1
104243,train,True,9-11|d1
104244,val,True,3-5|d0
104245,train,True,0-2|d0
104246,train,True,0-2|d1
104247,val,True,9-11|d0
104248,train,True,6-8|d1
104249,test,True,15+|d0
104250,train,True,3-5|d0
104251,train,True,0-2|d0
104252,val,True,6-8|d1
104253,train,True,6-8|d0
104254,train,True,6-8|d0
104255,train,True,6-8|d0
104256,train,True,0-2|d0
104257,train,True,9-11|d0
104258,val,False,na|d0
104259,train,True,6-8|d0
104260,test,True,12-14|d0
104261,val,True,6-8|d0
104262,train,False,na|d0
104263,train,True,9-11|d0
104264,train,True,12-14|d0
104265,train,True,12-14|d0
104266,train,True,0-2|d0
104267,val,False,na|d0
104268,train,True,6-8|d0
104269,train,True,6-8|d0
104270,train,False,na|d0
104271,test,True,9-11|d0
104272,test,True,6-8|d0
104273,train,True,9-11|d1
104274,train,True,9-11|d0
104275,train,True,6-8|d0
104276,train,True,3-5|d0
104277,train,True,9-11|d0
104278,val,True,3-5|d0
104279,val,True,0-2|d0
104280,train,True,0-2|d0
104281,val,True,6-8|d0
104282,train,True,0-2|d0
104283,train,True,0-2|d0
104284,test,True,6-8|d1
104285,train,True,3-5|d0
104286,train,True,6-8|d0
104287,train,True,9-11|d1
104288,train,True,0-2|d0
104289,train,True,9-11|d1
104290,test,True,15+|d1
104291,train,True,9-11|d1
104292,train,True,9-11|d0
104293,train,True,0-2|d0
104294,train,True,0-2|d0
104295,train,True,9-11|d0
104296,train,True,6-8|d0
104297,train,True,3-5|d0
104298,train,True,6-8|d0
104299,train,True,0-2|d0
104300,train,True,9-11|d0
104301,train,True,15+|d0
104302,test,True,9-11|d0
104303,train,True,12-14|d0
104304,train,True,3-5|d0
104305,train,True,0-2|d0
104306,test,False,na|d0
104307,train,True,12-14|d0
104308,train,True,9-11|d0
104309,test,True,12-14|d0
104310,test,True,0-2|d0
104311,train,True,6-8|d1
104312,test,True,9-11|d0
104313,train,True,6-8|d0
104314,train,True,9-11|d0
104315,train,True,0-2|d0
104316,val,True,0-2|d0
104317,val,True,9-11|d0
104318,train,True,6-8|d1
104319,train,True,12-14|d0
104320,train,True,9-11|d0
104321,val,True,9-11|d1
104322,test,True,6-8|d1
104323,train,True,3-5|d0
104324,test,True,0-2|d0
104325,val,True,12-14|d1
104326,train,True,0-2|d0
104327,train,True,6-8|d0
104328,train,True,0-2|d0
104329,train,True,3-5|d0
104330,train,True,6-8|d0
104331,train,True,9-11|d1
104332,train,True,3-5|d0
104333,train,True,3-5|d1
104334,test,True,6-8|d0
104335,train,True,6-8|d0
104336,train,True,3-5|d0
104337,val,True,9-11|d0
104338,train,True,6-8|d0
104339,train,True,12-14|d0
104340,train,True,6-8|d0
104341,train,True,3-5|d0
104342,test,True,6-8|d0
104343,train,True,6-8|d0
104344,train,True,9-11|d0
104345,train,True,0-2|d0
104346,train,True,12-14|d0
104347,train,True,6-8|d0
104348,test,True,9-11|d0
104349,train,True,6-8|d0
104350,val,True,6-8|d1
104351,train,True,9-11|d0
104352,train,True,6-8|d0
104353,train,True,6-8|d0
104354,train,True,0-2|d0
104355,train,True,9-11|d1
104356,train,True,3-5|d0
104357,train,True,9-11|d0
104358,test,True,0-2|d0
104359,test,True,9-11|d0
104360,test,True,6-8|d0
104361,train,True,0-2|d0
104362,train,True,3-5|d0
104363,train,True,9-11|d0
104364,train,True,3-5|d0
104365,val,True,6-8|d0
104366,train,True,9-11|d1
104367,train,True,3-5|d0
104368,train,True,3-5|d1
104369,train,True,6-8|d0
104370,train,True,6-8|d0
104371,train,True,3-5|d0
104372,train,True,3-5|d0
104373,val,False,na|d1
104374,train,True,9-11|d0
104375,test,True,6-8|d0
104376,train,True,9-11|d0
104377,train,True,3-5|d0
104378,train,True,6-8|d0
104379,train,True,9-11|d1
104380,train,True,9-11|d1
104381,val,True,6-8|d0
104382,train,True,9-11|d1
104383,train,True,12-14|d0
104384,train,True,3-5|d0
104385,train,True,12-14|d0
104386,train,True,0-2|d0
104387,train,True,3-5|d0
104388,train,False,na|d0
104389,train,True,0-2|d0
104390,val,True,0-2|d0
104391,train,True,9-11|d1
104392,train,True,9-11|d1
104393,train,True,3-5|d1
104394,train,True,3-5|d1
104395,train,True,3-5|d0
104396,train,True,3-5|d0
104397,train,True,9-11|d1
104398,train,True,3-5|d0
104399,train,True,9-11|d0
104400,train,False,na|d0
104401,train,True,6-8|d0
104402,train,True,3-5|d0
104403,train,True,9-11|d0
104404,train,True,6-8|d0
104405,train,True,0-2|d0
104406,val,True,6-8|d0
104407,train,True,12-14|d0
104408,train,True,3-5|d0
104409,train,True,6-8|d0
104410,val,True,6-8|d0
104411,test,True,15+|d0
104412,test,True,0-2|d0
104413,train,True,3-5|d1
104414,train,True,15+|d1
104415,test,True,6-8|d0
104416,train,True,6-8|d1
104417,val,True,6-8|d0
104418,train,True,15+|d0
104419,train,True,3-5|d0
104420,train,True,6-8|d0
104421,train,True,12-14|d0
104422,train,True,9-11|d0
104423,test,True,9-11|d0
104424,train,True,0-2|d0
104425,train,True,3-5|d1
104426,train,True,3-5|d0
104427,train,True,6-8|d1
104428,train,True,0-2|d0
104429,test,True,6-8|d0
104430,train,True,0-2|d0
104431,val,True,6-8|d0
104432,test,True,6-8|d0
104433,val,True,3-5|d0
104434,test,True,15+|d1
104435,train,True,3-5|d0
104436,train,True,0-2|d0
104437,test,True,3-5|d0
104438,test,True,9-11|d0
104439,train,True,0-2|d0
104440,train,True,6-8|d0
104441,test,True,12-14|d0
104442,train,True,9-11|d0
104443,train,False,na|d0
104444,train,True,6-8|d0
104445,train,False,na|d0
104446,test,True,3-5|d0
104447,test,True,6-8|d0
104448,train,True,15+|d1
104449,val,True,3-5|d0
104450,val,True,6-8|d0
104451,train,True,12-14|d0
104452,train,True,15+|d1
104453,train,True,6-8|d0
104454,train,True,12-14|d0
104455,train,True,9-11|d0
104456,test,True,9-11|d0
104457,train,True,6-8|d1
104458,test,True,6-8|d0
104459,train,True,3-5|d0
104460,train,True,12-14|d1
104461,test,True,6-8|d0
104462,train,True,6-8|d0
104463,val,True,6-8|d0
104464,train,True,6-8|d0
104465,train,True,12-14|d0
104466,train,True,9-11|d0
104467,train,True,6-8|d0
104468,train,True,0-2|d0
104469,train,True,9-11|d0
104470,train,True,12-14|d0
104471,test,True,6-8|d0
104472,train,True,3-5|d0
104473,train,True,9-11|d1
104474,train,True,12-14|d0
104475,train,True,12-14|d0
104476,train,True,3-5|d0
104477,val,True,0-2|d0
104478,train,True,6-8|d0
104479,test,True,12-14|d0
104480,test,True,0-2|d0
104481,train,True,6-8|d0
104482,test,True,0-2|d0
104483,train,True,0-2|d0
104484,train,True,3-5|d0
104485,val,True,3-5|d0
104486,test,True,6-8|d0
104487,train,True,12-14|d0
104488,train,True,6-8|d0
104489,train,True,15+|d1
104490,val,True,0-2|d0
104491,train,True,0-2|d0
104492,train,True,3-5|d0
104493,train,True,6-8|d0
104494,val,True,0-2|d0
104495,val,True,12-14|d0
104496,test,True,3-5|d0
104497,train,True,6-8|d0
104498,val,True,9-11|d1
104499,train,True,0-2|d0
104500,train,False,na|d0
104501,train,True,12-14|d0
104502,train,True,6-8|d0
104503,train,True,0-2|d0
104504,train,True,12-14|d0
104505,train,True,9-11|d0
104506,train,True,3-5|d0
104507,val,True,9-11|d1
104508,train,True,6-8|d0
104509,train,True,9-11|d0
104510,train,True,9-11|d0
104511,train,True,9-11|d0
104512,train,True,6-8|d0
104513,train,True,6-8|d0
104514,train,True,0-2|d0
104515,train,True,3-5|d0
104516,train,True,0-2|d1
104517,train,True,6-8|d0
104518,train,True,9-11|d0
104519,train,True,9-11|d0
104520,test,True,12-14|d0
104521,val,True,12-14|d0
104522,test,True,6-8|d0
104523,train,True,9-11|d0
104524,val,True,12-14|d1
104525,train,True,0-2|d0
104526,val,True,0-2|d0
104527,train,True,0-2|d0
104528,train,True,6-8|d0
104529,val,True,9-11|d0
104530,train,True,12-14|d0
104531,test,True,0-2|d0
104532,test,True,0-2|d0
104533,test,True,15+|d1
104534,train,True,0-2|d0
104535,test,True,3-5|d0
104536,train,True,12-14|d1
104537,train,True,6-8|d0
104538,train,True,9-11|d0
104539,train,True,3-5|d0
104540,train,True,3-5|d0
104541,train,True,9-11|d1
104542,train,True,6-8|d1
104543,train,True,12-14|d0
104544,test,True,0-2|d0
104545,train,True,9-11|d0
104546,train,True,0-2|d0
104547,test,True,3-5|d1
104548,test,True,6-8|d0
104549,train,True,9-11|d1
104550,train,True,9-11|d0
104551,train,True,3-5|d0
104552,train,True,0-2|d0
104553,test,True,0-2|d0
104554,train,True,6-8|d0
104555,val,True,3-5|d0
104556,val,True,12-14|d0
104557,train,True,9-11|d0
104558,val,True,6-8|d0
104559,test,True,6-8|d0
104560,train,True,9-11|d0
104561,train,True,3-5|d0
104562,train,True,12-14|d0
104563,test,True,9-11|d0
104564,train,True,3-5|d0
104565,train,True,6-8|d0
104566,train,True,6-8|d0
104567,train,True,3-5|d0
104568,train,False,na|d0
104569,val,False,na|d1
104570,train,True,9-11|d1
104571,train,True,6-8|d0
104572,train,True,0-2|d0
104573,train,True,12-14|d0
104574,train,True,6-8|d0
104575,val,True,0-2|d0
104576,test,True,0-2|d0
104577,test,True,3-5|d0
104578,train,True,3-5|d0
104579,train,True,0-2|d0
104580,test,True,6-8|d0
104581,train,True,9-11|d0
104582,test,True,3-5|d0
104583,train,True,6-8|d0
104584,train,True,3-5|d0
104585,train,True,0-2|d0
104586,train,True,0-2|d0
104587,test,True,9-11|d0
104588,train,True,6-8|d0
104589,val,True,3-5|d0
104590,train,True,3-5|d0
104591,train,True,15+|d0
104592,val,True,12-14|d0
104593,train,True,9-11|d0
104594,test,True,0-2|d0
104595,train,True,12-14|d0
104596,train,True,6-8|d1
104597,train,True,0-2|d0
104598,train,True,6-8|d0
104599,train,True,3-5|d0
104600,train,True,6-8|d0
104601,train,True,6-8|d0
104602,train,True,9-11|d0
104603,train,True,6-8|d1
104604,val,True,3-5|d0
104605,test,True,6-8|d0
104606,val,True,6-8|d0
104607,train,True,3-5|d1
104608,test,True,0-2|d0
104609,train,True,3-5|d0
104610,train,True,3-5|d0
104611,train,True,0-2|d0
104612,train,True,6-8|d0
104613,test,True,6-8|d0
104614,train,True,0-2|d0
104615,train,True,6-8|d0
104616,val,True,9-11|d0
104617,test,True,9-11|d0
104618,train,True,12-14|d0
104619,train,True,12-14|d1
104620,train,True,0-2|d0
104621,train,True,6-8|d1
104622,train,True,6-8|d0
104623,train,True,6-8|d0
104624,train,True,9-11|d0
104625,val,True,0-2|d0
104626,test,True,9-11|d0
104627,train,True,0-2|d1
104628,train,True,3-5|d0
104629,val,True,9-11|d0
104630,train,True,3-5|d0
104631,train,True,0-2|d0
104632,test,True,6-8|d0
104633,train,True,6-8|d0
104634,test,True,9-11|d0
104635,train,True,3-5|d0
104636,val,True,6-8|d0
104637,train,True,3-5|d0
104638,train,True,12-14|d0
104639,train,True,6-8|d0
104640,train,True,0-2|d0
104641,test,True,6-8|d0
104642,train,True,0-2|d0
104643,train,True,9-11|d0
104644,val,True,9-11|d0
104645,train,False,na|d0
104646,train,True,3-5|d0
104647,train,True,0-2|d0
104648,val,True,6-8|d0
104649,train,True,3-5|d0
104650,train,True,6-8|d1
104651,train,True,3-5|d0
104652,train,False,na|d0
104653,train,False,na|d0
104654,train,True,6-8|d0
104655,train,True,12-14|d0
104656,train,True,6-8|d0
104657,val,True,0-2|d0
104658,test,True,3-5|d0
104659,train,True,3-5|d0
104660,val,True,6-8|d0
104661,train,True,0-2|d0
104662,train,True,6-8|d0
104663,train,True,9-11|d0
104664,val,True,6-8|d0
104665,train,True,9-11|d0
104666,train,True,0-2|d0
104667,val,True,3-5|d0
104668,val,True,9-11|d0
104669,train,True,6-8|d0
104670,train,True,6-8|d0
104671,train,True,9-11|d1
104672,val,True,9-11|d0
104673,val,True,12-14|d0
104674,train,True,6-8|d0
104675,test,True,12-14|d0
104676,train,True,6-8|d0
104677,train,True,6-8|d1
104678,val,True,9-11|d0
104679,train,True,9-11|d1
104680,train,True,12-14|d1
104681,train,True,0-2|d1
104682,train,True,6-8|d0
104683,train,True,12-14|d1
104684,val,True,3-5|d0
104685,train,True,6-8|d1
104686,train,True,6-8|d0
104687,train,True,12-14|d0
104688,train,True,0-2|d0
104689,train,True,12-14|d0
104690,train,True,3-5|d0
104691,test,True,6-8|d1
104692,train,True,3-5|d0
104693,train,True,9-11|d0
104694,train,True,9-11|d0
104695,train,True,12-14|d0
104696,train,True,3-5|d0
104697,train,True,9-11|d0
104698,train,True,0-2|d0
104699,train,True,3-5|d0
104700,train,True,6-8|d0
104701,test,True,3-5|d0
104702,test,True,3-5|d0
104703,val,True,0-2|d0
104704,train,True,3-5|d0
104705,val,True,0-2|d0
104706,train,True,6-8|d0
104707,train,True,6-8|d0
104708,val,True,15+|d1
104709,train,True,12-14|d1
104710,val,True,3-5|d0
104711,train,True,6-8|d0
104712,test,True,6-8|d0
104713,train,True,6-8|d0
104714,val,True,0-2|d0
104715,test,True,9-11|d0
104716,train,True,0-2|d0
104717,train,True,9-11|d0
104718,train,True,6-8|d0
104719,train,True,6-8|d0
104720,train,True,0-2|d0
104721,train,True,9-11|d1
104722,train,True,12-14|d0
104723,val,True,12-14|d0
104724,train,True,12-14|d0
104725,val,True,9-11|d0
104726,train,True,15+|d1
104727,train,True,0-2|d0
104728,train,True,0-2|d1
104729,val,True,0-2|d0
104730,train,True,0-2|d0
104731,test,True,3-5|d1
104732,val,True,0-2|d0
104733,train,True,6-8|d0
104734,train,True,6-8|d1
104735,train,True,6-8|d0
104736,train,True,6-8|d0
104737,train,True,15+|d1
104738,val,True,12-14|d0
104739,train,True,0-2|d0
104740,test,True,3-5|d0
104741,train,True,9-11|d0
104742,train,True,6-8|d1
104743,train,True,6-8|d0
104744,val,True,3-5|d0
104745,train,True,9-11|d0
104746,train,True,3-5|d0
104747,val,True,9-11|d1
104748,train,True,3-5|d0
104749,train,True,6-8|d0
104750,test,True,6-8|d0
104751,train,True,9-11|d0
104752,val,True,3-5|d0
104753,train,True,3-5|d0
104754,train,True,6-8|d0
104755,train,True,15+|d0
104756,train,True,0-2|d0
104757,train,True,3-5|d0
104758,test,True,0-2|d0
104759,test,True,6-8|d0
104760,train,True,12-14|d1
104761,train,True,3-5|d1
104762,test,True,0-2|d0
104763,train,True,6-8|d0
104764,train,True,6-8|d0
104765,train,True,9-11|d0
104766,train,True,0-2|d0
104767,train,True,0-2|d0
104768,val,True,0-2|d0
104769,val,False,na|d0
104770,train,True,0-2|d0
104771,train,True,9-11|d0
104772,test,True,6-8|d0
104773,val,True,9-11|d0
104774,train,True,15+|d0
104775,val,True,6-8|d0
104776,val,True,9-11|d0
104777,test,True,9-11|d0
104778,val,True,6-8|d0
104779,train,True,0-2|d0
104780,train,True,3-5|d0
104781,train,True,0-2|d0
104782,train,True,6-8|d0
104783,train,True,15+|d0
104784,train,True,6-8|d0
104785,train,True,0-2|d0
104786,train,True,12-14|d0
104787,train,True,9-11|d0
104788,train,True,9-11|d0
104789,val,True,6-8|d0
104790,train,True,3-5|d0
104791,train,True,6-8|d1
104792,train,True,12-14|d0
104793,train,True,6-8|d0
104794,val,True,12-14|d0
104795,train,True,0-2|d0
104796,train,True,9-11|d0
104797,train,True,0-2|d0
104798,train,True,0-2|d0
104799,val,True,3-5|d1
104800,train,True,3-5|d0
104801,train,True,0-2|d0
104802,val,True,9-11|d0
104803,train,True,0-2|d0
104804,test,True,3-5|d0
104805,val,True,3-5|d0
104806,train,True,12-14|d1
104807,train,True,12-14|d0
104808,train,True,0-2|d0
104809,val,True,0-2|d0
104810,train,True,3-5|d0
104811,test,True,3-5|d0
104812,train,True,0-2|d0
104813,train,True,9-11|d0
104814,train,True,0-2|d0
104815,test,True,6-8|d0
104816,val,True,6-8|d1
104817,train,True,3-5|d0
104818,train,False,na|d0
104819,train,True,0-2|d0
104820,test,True,3-5|d0
104821,train,True,9-11|d0
104822,train,True,6-8|d0
104823,val,True,3-5|d0
104824,train,True,0-2|d0
104825,train,True,6-8|d1
104826,train,True,9-11|d0
104827,val,True,15+|d1
104828,train,True,3-5|d0
104829,val,True,3-5|d0
104830,train,True,0-2|d0
104831,train,True,6-8|d0
104832,test,True,0-2|d0
104833,train,True,9-11|d0
104834,train,True,12-14|d0
104835,train,True,12-14|d1
104836,test,True,3-5|d0
104837,train,True,9-11|d0
104838,val,True,6-8|d0
104839,train,True,6-8|d0
104840,train,True,9-11|d1
104841,train,True,9-11|d1
104842,train,True,12-14|d1
104843,train,True,9-11|d0
104844,train,True,3-5|d0
104845,val,True,9-11|d0
104846,train,True,3-5|d0
104847,test,True,9-11|d0
104848,train,True,9-11|d0
104849,test,True,3-5|d0
104850,train,True,6-8|d0
104851,train,True,9-11|d0
104852,val,True,0-2|d0
104853,train,True,6-8|d0
104854,train,True,6-8|d0
104855,train,True,6-8|d0
104856,train,True,0-2|d0
104857,train,True,3-5|d0
104858,train,True,6-8|d0
104859,val,True,6-8|d0
104860,train,True,3-5|d0
104861,val,True,9-11|d0
104862,train,True,3-5|d0
104863,train,True,0-2|d0
104864,train,True,9-11|d0
104865,val,True,0-2|d0
104866,train,True,6-8|d0
104867,test,True,6-8|d0
104868,train,True,12-14|d0
104869,test,True,6-8|d0
104870,train,True,6-8|d0
104871,train,True,12-14|d0
104872,train,True,12-14|d0
104873,train,True,0-2|d0
104874,test,True,6-8|d0
104875,val,True,0-2|d0
104876,train,True,12-14|d1
104877,train,True,6-8|d0
104878,train,True,0-2|d0
104879,train,True,3-5|d0
104880,val,True,15+|d0
104881,train,True,6-8|d0
104882,val,True,6-8|d0
104883,train,True,3-5|d0
104884,train,True,9-11|d0
104885,train,True,0-2|d0
104886,test,True,9-11|d1
104887,train,True,3-5|d0
104888,val,True,6-8|d0
104889,val,True,0-2|d0
104890,test,True,3-5|d0
104891,train,True,12-14|d0
104892,train,True,6-8|d0
104893,train,True,6-8|d0
104894,train,True,0-2|d0
104895,train,True,12-14|d0
104896,train,True,6-8|d0
104897,train,True,0-2|d0
104898,train,False,na|d0
104899,train,True,3-5|d0
104900,val,True,0-2|d0
104901,train,True,9-11|d0
104902,train,True,12-14|d0
104903,train,True,9-11|d0
104904,train,True,12-14|d1
104905,train,True,6-8|d1
104906,train,True,9-11|d0
104907,test,True,6-8|d0
104908,train,True,0-2|d0
104909,val,True,0-2|d0
104910,train,True,6-8|d0
104911,train,True,3-5|d0
104912,train,True,3-5|d0
104913,test,True,6-8|d0
104914,train,True,0-2|d0
104915,val,True,3-5|d0
104916,test,True,6-8|d0
104917,train,True,9-11|d0
104918,train,True,3-5|d0
104919,train,True,6-8|d0
104920,train,True,3-5|d1
104921,train,True,12-14|d0
104922,val,True,0-2|d0
104923,train,True,6-8|d0
104924,train,True,3-5|d0
104925,test,True,9-11|d0
104926,train,True,6-8|d0
104927,train,True,3-5|d1
104928,train,False,na|d0
104929,train,True,0-2|d0
104930,train,True,9-11|d0
104931,train,True,6-8|d0
104932,train,True,0-2|d0
104933,train,True,6-8|d0
104934,train,True,12-14|d0
104935,train,True,12-14|d0
104936,train,True,6-8|d0
104937,train,True,9-11|d0
104938,train,True,9-11|d0
104939,test,True,9-11|d0
104940,train,True,3-5|d1
104941,train,True,6-8|d0
104942,train,True,3-5|d0
104943,train,True,0-2|d0
104944,train,True,0-2|d0
104945,train,True,3-5|d0
104946,train,True,0-2|d0
104947,test,True,12-14|d1
104948,train,True,15+|d1
104949,train,True,6-8|d0
104950,train,True,0-2|d0
104951,train,True,6-8|d0
104952,train,True,0-2|d0
104953,train,True,0-2|d0
104954,train,True,3-5|d0
104955,train,True,6-8|d0
104956,train,True,6-8|d0
104957,val,True,3-5|d1
104958,train,True,9-11|d0
104959,val,True,6-8|d0
104960,train,True,3-5|d0
104961,test,True,3-5|d0
104962,test,True,9-11|d0
104963,train,True,3-5|d0
104964,val,True,6-8|d0
104965,train,True,6-8|d0
104966,train,True,6-8|d0
104967,train,True,6-8|d0
104968,train,True,9-11|d0
104969,train,True,12-14|d1
104970,train,True,0-2|d0
104971,train,True,0-2|d0
104972,train,True,9-11|d0
104973,train,True,9-11|d0
104974,test,True,0-2|d0
104975,train,True,0-2|d0
104976,train,True,15+|d0
104977,val,True,0-2|d0
104978,train,True,6-8|d0
104979,test,True,9-11|d0
104980,train,True,12-14|d0
104981,train,True,3-5|d0
104982,val,True,0-2|d0
104983,train,True,3-5|d0
104984,val,True,3-5|d0
104985,train,True,9-11|d0
104986,test,True,9-11|d0
104987,train,True,6-8|d0
104988,train,True,6-8|d0
104989,train,True,6-8|d1
104990,train,True,9-11|d1
104991,train,True,3-5|d0
104992,train,True,0-2|d0
104993,val,False,na|d0
104994,test,True,0-2|d0
104995,train,True,12-14|d0
104996,train,True,6-8|d0
104997,train,True,6-8|d0
104998,test,True,9-11|d1
104999,val,True,0-2|d0
105000,train,True,12-14|d0
105001,train,True,3-5|d0
105002,train,True,12-14|d0
105003,train,True,9-11|d0
105004,train,True,9-11|d0
105005,train,True,6-8|d0
105006,train,True,3-5|d0
105007,val,True,9-11|d0
105008,val,True,9-11|d0
105009,train,True,3-5|d0
105010,val,True,6-8|d0
105011,val,True,6-8|d0
105012,test,True,12-14|d0
105013,train,True,3-5|d0
105014,train,True,3-5|d0
105015,train,True,9-11|d0
105016,train,True,0-2|d0
105017,train,True,0-2|d0
105018,train,True,6-8|d0
105019,test,True,3-5|d0
105020,train,True,6-8|d0
105021,train,True,0-2|d0
105022,train,True,0-2|d0
105023,train,True,6-8|d0
105024,test,True,12-14|d0
105025,val,True,3-5|d0
105026,val,True,6-8|d0
105027,train,True,0-2|d0
105028,val,True,12-14|d0
105029,test,True,15+|d1
105030,val,True,0-2|d0
105031,train,True,6-8|d0
105032,train,True,9-11|d0
105033,train,True,0-2|d0
105034,train,True,12-14|d0
105035,train,True,0-2|d0
105036,train,True,3-5|d0
105037,train,True,3-5|d0
105038,train,True,6-8|d1
105039,train,True,12-14|d1
105040,train,True,3-5|d0
105041,train,True,15+|d1
105042,train,True,9-11|d0
105043,train,True,6-8|d0
105044,train,True,9-11|d0
105045,train,True,12-14|d0
105046,train,True,3-5|d1
105047,train,True,9-11|d0
105048,train,True,9-11|d0
105049,train,True,6-8|d0
105050,val,True,3-5|d0
105051,train,True,12-14|d0
105052,val,True,0-2|d0
105053,train,True,9-11|d0
105054,test,True,6-8|d0
105055,train,True,12-14|d1
105056,train,True,0-2|d0
105057,train,True,9-11|d0
105058,train,True,9-11|d0
105059,train,True,6-8|d0
105060,test,True,0-2|d1
105061,test,True,3-5|d0
105062,train,True,6-8|d0
105063,train,True,0-2|d0
105064,val,True,6-8|d0
105065,test,True,6-8|d1
105066,test,True,0-2|d0
105067,train,True,0-2|d0
105068,train,True,9-11|d0
105069,train,True,3-5|d0
105070,train,True,0-2|d0
105071,train,True,0-2|d0
105072,train,False,na|d0
105073,train,True,9-11|d0
105074,train,True,15+|d0
105075,test,True,6-8|d0
105076,train,True,3-5|d0
105077,train,True,9-11|d0
105078,test,True,0-2|d0
105079,test,True,0-2|d0
105080,train,True,3-5|d0
105081,val,True,0-2|d0
105082,train,True,3-5|d1
105083,train,True,9-11|d1
105084,train,True,0-2|d0
105085,train,True,9-11|d0
105086,train,True,0-2|d0
105087,train,True,6-8|d0
105088,val,True,9-11|d0
105089,train,True,0-2|d0
105090,train,True,3-5|d0
105091,val,True,9-11|d0
105092,train,True,9-11|d0
105093,train,True,9-11|d0
105094,train,True,9-11|d0
105095,train,True,3-5|d0
105096,train,True,9-11|d0
105097,train,True,6-8|d0
105098,train,True,3-5|d0
105099,val,True,6-8|d0
105100,test,True,0-2|d0
105101,train,True,6-8|d0
105102,test,True,9-11|d0
105103,val,True,6-8|d0
105104,val,True,0-2|d0
105105,train,True,9-11|d0
105106,train,True,6-8|d0
105107,train,True,9-11|d0
105108,val,False,na|d0
105109,train,True,6-8|d0
105110,train,True,0-2|d1
105111,val,False,na|d0
105112,train,True,6-8|d0
105113,val,True,12-14|d1
105114,val,True,12-14|d0
105115,test,True,0-2|d0
105116,train,True,3-5|d1
105117,train,True,9-11|d0
105118,val,True,9-11|d0
105119,train,True,3-5|d0
105120,train,True,9-11|d0
105121,val,True,3-5|d0
105122,test,True,9-11|d0
105123,train,True,9-11|d1
105124,train,True,12-14|d0
105125,train,True,6-8|d1
105126,train,True,0-2|d0
105127,val,True,0-2|d0
105128,train,True,9-11|d0
105129,train,True,12-14|d0
105130,train,True,0-2|d0
105131,train,True,9-11|d0
105132,train,True,6-8|d0
105133,train,True,3-5|d0
105134,val,True,3-5|d0
105135,train,True,0-2|d0
105136,train,True,3-5|d0
105137,train,True,6-8|d1
105138,train,True,3-5|d0
105139,train,False,na|d0
105140,train,True,12-14|d0
105141,val,True,12-14|d0
105142,train,True,6-8|d0
105143,train,True,3-5|d0
105144,test,True,6-8|d0
105145,test,True,0-2|d0
105146,val,True,6-8|d0
105147,train,True,12-14|d0
105148,test,False,na|d0
105149,test,True,9-11|d0
105150,train,True,9-11|d1
105151,train,True,12-14|d1
105152,test,True,9-11|d0
105153,val,True,12-14|d0
105154,test,True,3-5|d0
105155,train,True,12-14|d0
105156,test,True,9-11|d1
105157,train,True,12-14|d0
105158,train,True,3-5|d0
105159,train,False,na|d0
105160,train,False,na|d0
105161,test,True,0-2|d0
105162,train,True,0-2|d0
105163,train,True,0-2|d0
105164,train,True,9-11|d1
105165,val,True,6-8|d0
105166,test,True,3-5|d0
105167,train,True,9-11|d1
105168,test,False,na|d0
105169,train,True,6-8|d0
105170,val,True,3-5|d0
105171,train,True,3-5|d0
105172,train,True,3-5|d0
105173,train,True,3-5|d0
105174,train,True,0-2|d0
105175,test,True,12-14|d0
105176,val,True,9-11|d0
105177,train,True,3-5|d0
105178,train,True,6-8|d0
105179,test,True,6-8|d0
105180,val,True,3-5|d0
105181,train,True,0-2|d0
105182,train,True,0-2|d0
105183,test,True,6-8|d0
105184,test,True,6-8|d0
105185,train,True,9-11|d0
105186,val,True,9-11|d0
105187,test,True,6-8|d0
105188,test,True,0-2|d0
105189,train,True,6-8|d0
105190,val,True,6-8|d1
105191,val,True,3-5|d1
105192,train,True,9-11|d0
105193,train,True,6-8|d0
105194,train,True,0-2|d0
105195,train,True,12-14|d0
105196,train,True,9-11|d0
105197,val,True,6-8|d0
105198,test,True,12-14|d0
105199,train,True,9-11|d0
105200,train,True,9-11|d0
105201,train,False,na|d0
105202,train,True,9-11|d0
105203,train,True,3-5|d0
105204,val,True,9-11|d1
105205,train,True,15+|d0
105206,val,True,6-8|d0
105207,train,True,12-14|d1
105208,train,True,9-11|d0
105209,train,True,0-2|d0
105210,train,True,6-8|d1
105211,val,True,6-8|d1
105212,train,True,6-8|d0
105213,train,True,12-14|d0
105214,train,True,3-5|d0
105215,train,True,3-5|d1
105216,train,True,9-11|d0
105217,train,True,6-8|d1
105218,train,True,6-8|d0
105219,test,True,6-8|d0
105220,train,True,0-2|d0
105221,train,True,0-2|d0
105222,train,True,9-11|d0
105223,test,True,6-8|d1
105224,train,True,9-11|d0
105225,train,True,9-11|d0
105226,val,True,0-2|d0
105227,train,True,6-8|d0
105228,train,True,3-5|d0
105229,train,True,9-11|d0
105230,train,True,9-11|d0
105231,train,True,9-11|d1
105232,val,True,12-14|d0
105233,train,True,6-8|d0
105234,train,True,9-11|d1
105235,train,True,3-5|d0
105236,val,True,6-8|d0
105237,test,True,0-2|d0
105238,train,True,3-5|d0
105239,train,False,na|d1
105240,train,True,9-11|d0
105241,test,True,9-11|d0
105242,train,True,0-2|d0
105243,train,True,6-8|d0
105244,train,True,3-5|d0
105245,train,True,6-8|d1
105246,train,True,0-2|d0
105247,train,True,3-5|d0
105248,train,True,0-2|d0
105249,val,True,12-14|d0
105250,train,True,9-11|d0
105251,train,True,0-2|d0
105252,train,True,9-11|d1
105253,train,True,0-2|d1
105254,train,True,0-2|d0
105255,train,True,3-5|d0
105256,test,True,0-2|d0
105257,train,True,6-8|d0
105258,val,True,6-8|d0
105259,train,True,0-2|d0
105260,test,True,3-5|d0
105261,val,True,6-8|d0
105262,train,True,15+|d1
105263,train,True,9-11|d0
105264,train,True,6-8|d0
105265,val,True,9-11|d0
105266,train,True,15+|d1
105267,train,True,12-14|d1
105268,train,True,9-11|d0
105269,train,True,0-2|d0
105270,train,True,6-8|d0
105271,val,True,6-8|d0
105272,train,True,12-14|d1
105273,train,True,3-5|d0
105274,test,True,3-5|d0
105275,train,True,6-8|d1
105276,train,True,9-11|d0
105277,val,True,6-8|d0
105278,train,True,0-2|d0
105279,train,True,3-5|d1
105280,train,True,15+|d1
105281,train,True,9-11|d0
105282,train,True,0-2|d0
105283,train,True,9-11|d0
105284,train,True,3-5|d0
105285,train,True,6-8|d1
105286,train,True,3-5|d0
105287,train,True,9-11|d0
105288,test,True,9-11|d0
105289,train,True,3-5|d0
105290,test,True,9-11|d0
105291,test,True,9-11|d0
105292,train,True,9-11|d0
105293,train,True,6-8|d0
105294,train,True,3-5|d0
105295,train,True,0-2|d0
105296,train,True,9-11|d0
105297,test,True,6-8|d0
105298,val,True,9-11|d0
105299,train,True,9-11|d0
105300,train,True,3-5|d0
105301,train,True,3-5|d0
105302,train,True,0-2|d0
105303,train,True,6-8|d1
105304,train,True,3-5|d0
105305,test,True,6-8|d0
105306,train,True,6-8|d0
105307,train,True,0-2|d0
105308,train,True,15+|d1
105309,train,True,3-5|d0
105310,train,True,3-5|d0
105311,val,True,3-5|d0
105312,train,True,12-14|d0
105313,train,True,6-8|d0
105314,test,False,na|d0
105315,train,True,3-5|d0
105316,train,True,15+|d1
105317,train,False,na|d0
105318,train,True,15+|d1
105319,train,True,0-2|d0
105320,train,True,9-11|d0
105321,train,True,3-5|d0
105322,val,True,6-8|d0
105323,train,True,6-8|d0
105324,test,True,0-2|d0
105325,train,True,0-2|d0
105326,val,True,9-11|d0
105327,train,True,9-11|d0
105328,train,True,9-11|d0
105329,test,True,0-2|d0
105330,train,True,6-8|d0
105331,test,True,6-8|d0
105332,train,True,15+|d0
105333,train,True,3-5|d0
105334,train,True,6-8|d0
105335,test,True,6-8|d0
105336,val,True,9-11|d0
105337,train,True,0-2|d0
105338,test,True,3-5|d0
105339,train,True,9-11|d0
105340,train,True,6-8|d0
105341,train,True,0-2|d0
105342,train,True,3-5|d0
105343,train,True,12-14|d0
105344,train,True,9-11|d1
105345,val,True,6-8|d0
105346,train,True,6-8|d0
105347,train,True,6-8|d0
105348,train,True,6-8|d1
105349,train,True,9-11|d0
105350,train,True,6-8|d0
105351,train,True,9-11|d0
105352,train,True,0-2|d0
105353,train,True,6-8|d1
105354,train,True,3-5|d0
105355,train,True,0-2|d0
105356,train,True,6-8|d0
105357,train,True,0-2|d0
105358,train,True,3-5|d1
105359,val,True,3-5|d0
105360,train,True,3-5|d0
105361,train,True,6-8|d0
105362,val,True,0-2|d0
105363,val,True,0-2|d0
105364,train,False,na|d0
105365,train,True,3-5|d0
105366,train,True,9-11|d0
105367,train,True,0-2|d0
105368,train,True,6-8|d0
105369,train,True,9-11|d0
105370,test,True,12-14|d1
105371,train,True,6-8|d0
105372,train,True,3-5|d0
105373,train,True,12-14|d0
105374,train,True,6-8|d0
105375,test,True,6-8|d0
105376,train,True,0-2|d0
105377,train,True,3-5|d0
105378,train,True,6-8|d0
105379,train,True,6-8|d1
105380,train,True,0-2|d0
105381,train,True,0-2|d0
105382,train,True,0-2|d0
105383,train,True,0-2|d0
105384,train,True,6-8|d0
105385,test,True,0-2|d0
105386,train,True,3-5|d0
105387,val,True,0-2|d0
105388,train,True,3-5|d0
105389,train,False,na|d0
105390,val,True,6-8|d0
105391,train,True,6-8|d0
105392,train,True,3-5|d0
105393,train,True,3-5|d0
105394,train,True,3-5|d1
105395,train,True,3-5|d0
105396,train,True,6-8|d0
105397,train,True,0-2|d0
105398,val,True,3-5|d0
105399,train,True,15+|d1
105400,train,True,15+|d1
105401,test,True,6-8|d0
105402,train,True,0-2|d0
105403,train,True,0-2|d0
105404,train,True,6-8|d1
105405,val,True,9-11|d0
105406,train,True,0-2|d0
105407,test,True,6-8|d0
105408,train,True,3-5|d0
105409,test,True,9-11|d0
105410,val,True,6-8|d1
105411,test,True,6-8|d1
105412,train,True,6-8|d0
105413,train,True,3-5|d0
105414,train,True,9-11|d0
105415,train,True,12-14|d0
105416,train,True,0-2|d0
105417,train,True,6-8|d1
105418,test,True,12-14|d0
105419,test,True,0-2|d0
105420,train,True,9-11|d0
105421,train,True,6-8|d0
105422,train,True,3-5|d1
105423,test,True,0-2|d0
105424,test,True,3-5|d0
105425,test,True,0-2|d1
105426,train,True,9-11|d0
105427,train,True,6-8|d0
105428,train,True,9-11|d0
105429,test,True,3-5|d0
105430,train,True,9-11|d0
105431,train,True,6-8|d0
105432,train,True,3-5|d0
105433,train,True,0-2|d0
105434,val,True,6-8|d0
105435,train,True,12-14|d1
105436,train,True,0-2|d0
105437,train,True,0-2|d0
105438,test,True,12-14|d0
105439,val,False,na|d0
105440,train,True,3-5|d0
105441,val,True,9-11|d0
105442,test,True,9-11|d0
105443,train,True,9-11|d0
105444,train,True,6-8|d1
105445,train,True,3-5|d0
105446,train,True,3-5|d0
105447,train,True,6-8|d0
105448,test,True,6-8|d0
105449,test,True,6-8|d0
105450,val,True,9-11|d0
105451,train,True,3-5|d0
105452,train,True,0-2|d0
105453,train,True,9-11|d0
105454,train,True,6-8|d0
105455,train,True,0-2|d0
105456,train,True,0-2|d0
105457,test,True,12-14|d0
105458,train,True,6-8|d0
105459,train,True,6-8|d0
105460,train,True,0-2|d0
105461,train,True,12-14|d0
105462,test,True,3-5|d0
105463,train,True,0-2|d0
105464,train,True,6-8|d0
105465,train,True,15+|d0
105466,train,True,0-2|d0
105467,train,True,6-8|d0
105468,train,True,3-5|d0
105469,val,True,6-8|d0
105470,train,True,6-8|d1
105471,train,True,3-5|d0
105472,train,True,6-8|d0
105473,train,True,3-5|d0
105474,train,True,3-5|d0
105475,val,True,6-8|d0
105476,train,True,0-2|d0
105477,train,True,3-5|d0
105478,train,True,12-14|d0
105479,train,True,12-14|d0
105480,train,True,6-8|d0
105481,train,True,0-2|d0
105482,test,True,0-2|d0
105483,train,True,6-8|d0
105484,test,True,9-11|d0
105485,train,True,3-5|d1
105486,train,True,3-5|d0
105487,train,True,12-14|d0
105488,test,True,3-5|d0
105489,train,True,9-11|d0
105490,train,True,6-8|d0
105491,train,True,6-8|d0
105492,train,True,12-14|d1
105493,train,True,3-5|d1
105494,train,True,0-2|d0
105495,train,True,12-14|d0
105496,train,True,3-5|d0
105497,val,True,6-8|d0
105498,train,True,15+|d0
105499,train,False,na|d0
105500,test,True,6-8|d0
105501,train,True,12-14|d0
105502,train,True,3-5|d0
105503,test,True,6-8|d0
105504,train,True,0-2|d0
105505,val,True,6-8|d0
105506,train,True,0-2|d1
105507,train,True,0-2|d0
105508,train,True,3-5|d0
105509,val,True,0-2|d0
105510,train,True,0-2|d0
105511,train,True,0-2|d1
105512,train,True,9-11|d0
105513,train,True,9-11|d0
105514,train,True,9-11|d0
105515,train,True,12-14|d0
105516,train,True,6-8|d0
105517,train,True,3-5|d0
105518,test,False,na|d0
105519,train,True,6-8|d0
105520,train,True,9-11|d0
105521,train,True,9-11|d0
105522,train,True,3-5|d0
105523,train,True,12-14|d0
105524,train,True,6-8|d0
105525,train,True,0-2|d0
105526,test,True,0-2|d0
105527,train,True,6-8|d0
105528,train,True,6-8|d0
105529,train,True,9-11|d0
105530,train,True,3-5|d0
105531,train,True,3-5|d0
105532,train,True,6-8|d0
105533,test,True,9-11|d0
105534,train,True,15+|d0
105535,val,True,0-2|d0
105536,test,True,3-5|d0
105537,val,True,3-5|d0
105538,train,True,6-8|d0
105539,train,True,9-11|d0
105540,train,True,9-11|d0
105541,train,True,9-11|d1
105542,train,True,9-11|d1
105543,train,False,na|d0
105544,val,True,0-2|d0
105545,test,True,9-11|d0
105546,train,True,6-8|d0
105547,test,True,3-5|d0
105548,val,True,0-2|d0
105549,train,True,0-2|d0
105550,train,True,6-8|d0
105551,val,True,0-2|d0
105552,train,True,6-8|d0
105553,train,True,3-5|d0
105554,test,True,12-14|d1
105555,val,True,0-2|d0
105556,train,False,na|d0
105557,val,True,3-5|d0
105558,train,True,3-5|d0
105559,train,True,12-14|d0
105560,train,True,3-5|d0
105561,val,True,0-2|d0
105562,train,True,3-5|d0
105563,train,True,6-8|d1
105564,val,True,6-8|d1
105565,train,True,0-2|d0
105566,val,True,6-8|d0
105567,train,True,3-5|d0
105568,train,True,6-8|d0
105569,val,True,3-5|d0
105570,train,False,na|d0
105571,train,True,9-11|d0
105572,train,True,12-14|d0
105573,train,True,6-8|d0
105574,train,True,6-8|d0
105575,train,True,9-11|d0
105576,train,True,9-11|d0
105577,train,True,0-2|d0
105578,train,True,9-11|d1
105579,train,True,6-8|d0
105580,train,True,6-8|d0
105581,train,True,12-14|d0
105582,val,True,3-5|d0
105583,test,True,6-8|d0
105584,test,True,9-11|d0
105585,train,True,6-8|d0
105586,train,True,9-11|d1
105587,train,False,na|d0
105588,train,True,15+|d0
105589,val,True,9-11|d0
105590,train,True,9-11|d0
105591,train,True,0-2|d0
105592,train,True,9-11|d0
105593,train,True,3-5|d0
105594,train,True,6-8|d0
105595,val,True,12-14|d0
105596,train,True,3-5|d1
105597,train,True,12-14|d1
105598,train,True,3-5|d0
105599,train,True,6-8|d0
105600,val,True,3-5|d0
105601,train,True,3-5|d0
105602,train,True,9-11|d0
105603,val,True,9-11|d0
105604,train,True,9-11|d0
105605,train,True,0-2|d0
105606,train,True,6-8|d0
105607,train,True,3-5|d0
105608,val,True,9-11|d1
105609,train,True,9-11|d0
105610,val,True,12-14|d0
105611,train,True,0-2|d0
105612,train,True,9-11|d0
105613,train,True,6-8|d0
105614,val,True,6-8|d1
105615,train,True,6-8|d0
105616,test,True,9-11|d0
105617,train,True,9-11|d1
105618,test,True,6-8|d1
105619,train,True,9-11|d0
105620,train,True,9-11|d0
105621,val,True,9-11|d0
105622,train,True,3-5|d0
105623,train,True,0-2|d0
105624,train,True,6-8|d0
105625,train,True,3-5|d1
105626,train,True,6-8|d1
105627,test,True,6-8|d0
105628,train,True,0-2|d0
105629,train,True,9-11|d0
105630,train,True,12-14|d1
105631,train,True,9-11|d0
105632,train,True,6-8|d0
105633,train,True,9-11|d0
105634,test,True,0-2|d0
105635,train,True,9-11|d0
105636,train,True,3-5|d0
105637,train,True,6-8|d0
105638,test,True,6-8|d0
105639,train,True,3-5|d0
105640,train,True,6-8|d0
105641,train,True,6-8|d0
105642,train,True,6-8|d0
105643,train,True,3-5|d0
105644,train,True,6-8|d0
105645,val,True,6-8|d0
105646,train,True,6-8|d0
105647,train,True,9-11|d0
105648,test,True,9-11|d1
105649,val,True,9-11|d0
105650,train,True,0-2|d0
105651,train,True,6-8|d1
105652,train,True,9-11|d0
105653,train,True,9-11|d0
105654,val,True,0-2|d0
105655,train,True,6-8|d0
105656,train,True,3-5|d0
105657,train,True,12-14|d1
105658,train,True,6-8|d0
105659,test,True,9-11|d0
105660,test,False,na|d0
105661,train,True,6-8|d0
105662,test,True,6-8|d0
105663,train,True,9-11|d0
105664,train,True,6-8|d0
105665,train,True,12-14|d0
105666,test,True,3-5|d0
105667,test,True,3-5|d0
105668,train,True,6-8|d0
105669,test,True,6-8|d0
105670,train,True,3-5|d0
105671,train,True,3-5|d0
105672,train,True,3-5|d0
105673,train,True,9-11|d0
105674,val,True,9-11|d0
105675,train,True,6-8|d0
105676,test,True,0-2|d0
105677,val,False,na|d0
105678,train,True,9-11|d0
105679,train,True,6-8|d0
105680,train,True,9-11|d0
105681,train,True,9-11|d0
105682,train,True,6-8|d0
105683,val,True,9-11|d0
105684,train,True,6-8|d0
105685,test,True,3-5|d1
105686,test,True,6-8|d0
105687,train,True,6-8|d0
105688,train,True,0-2|d0
105689,train,True,12-14|d1
105690,val,True,3-5|d0
105691,train,True,9-11|d0
105692,train,False,na|d0
105693,train,True,3-5|d0
105694,train,True,0-2|d0
105695,train,True,9-11|d0
105696,train,True,15+|d0
105697,test,True,3-5|d0
105698,train,True,3-5|d0
105699,train,True,3-5|d0
105700,test,True,12-14|d0
105701,test,True,6-8|d0
105702,train,False,na|d0
105703,val,True,3-5|d0
105704,train,True,6-8|d0
105705,test,True,9-11|d0
105706,train,True,9-11|d0
105707,train,True,9-11|d0
105708,test,True,12-14|d0
105709,train,True,6-8|d0
105710,train,True,6-8|d0
105711,train,True,6-8|d0
105712,train,True,15+|d1
105713,train,True,9-11|d0
105714,train,True,6-8|d0
105715,train,True,6-8|d0
105716,train,True,3-5|d0
105717,train,True,3-5|d0
105718,train,True,9-11|d0
105719,test,True,3-5|d0
105720,train,False,na|d0
105721,train,True,12-14|d0
105722,val,True,12-14|d0
105723,val,True,0-2|d0
105724,train,True,6-8|d0
105725,train,True,6-8|d0
105726,test,True,9-11|d0
105727,train,True,6-8|d0
105728,train,True,0-2|d0
105729,test,True,6-8|d0
105730,train,True,6-8|d0
105731,train,True,3-5|d0
105732,test,True,0-2|d0
105733,train,True,9-11|d0
105734,train,True,0-2|d0
105735,train,True,0-2|d0
105736,train,True,12-14|d0
105737,val,True,0-2|d0
105738,train,True,3-5|d0
105739,val,True,6-8|d0
105740,train,True,6-8|d0
105741,test,True,3-5|d0
105742,train,True,12-14|d1
105743,train,True,9-11|d0
105744,val,True,3-5|d0
105745,test,True,0-2|d0
105746,train,True,3-5|d0
105747,train,True,0-2|d0
105748,train,True,0-2|d0
105749,train,True,9-11|d0
105750,train,True,15+|d0
105751,train,True,0-2|d0
105752,train,False,na|d0
105753,test,True,9-11|d0
105754,train,True,6-8|d0
105755,train,True,3-5|d0
105756,train,True,3-5|d0
105757,train,True,6-8|d0
105758,train,True,0-2|d0
105759,train,True,6-8|d0
105760,val,True,9-11|d0
105761,val,False,na|d0
105762,train,False,na|d0
105763,val,True,12-14|d1
105764,train,True,9-11|d0
105765,val,True,9-11|d0
105766,train,True,6-8|d1
105767,test,True,6-8|d0
105768,train,True,0-2|d0
105769,train,True,6-8|d0
105770,train,True,12-14|d0
105771,train,True,6-8|d0
105772,train,True,3-5|d1
105773,train,True,0-2|d0
105774,test,True,3-5|d0
105775,train,True,3-5|d0
105776,train,True,3-5|d0
105777,val,True,12-14|d1
105778,val,False,na|d1
105779,train,True,0-2|d0
105780,train,True,0-2|d0
105781,test,True,6-8|d0
105782,train,True,6-8|d0
105783,test,True,9-11|d0
105784,train,True,0-2|d0
105785,val,True,6-8|d1
105786,test,True,6-8|d0
105787,val,True,6-8|d0
105788,val,True,0-2|d0
105789,test,True,12-14|d0
105790,train,True,6-8|d0
105791,val,True,12-14|d1
105792,train,True,6-8|d0
105793,val,True,0-2|d0
105794,train,True,3-5|d0
105795,train,False,na|d0
105796,train,True,3-5|d0
105797,train,True,6-8|d0
105798,train,True,9-11|d0
105799,train,True,0-2|d0
105800,val,True,12-14|d0
105801,train,True,6-8|d0
105802,val,True,6-8|d0
105803,train,True,12-14|d0
105804,train,True,6-8|d0
105805,test,True,6-8|d0
105806,test,True,3-5|d0
105807,train,True,6-8|d0
105808,val,True,3-5|d0
105809,train,True,3-5|d0
105810,val,True,3-5|d0
105811,train,True,0-2|d1
105812,train,True,9-11|d0
105813,train,True,0-2|d0
105814,train,True,15+|d1
105815,train,True,3-5|d0
105816,train,True,9-11|d1
105817,val,True,0-2|d0
105818,train,True,3-5|d0
105819,train,True,12-14|d0
105820,val,True,0-2|d0
105821,train,True,0-2|d0
105822,train,False,na|d0
105823,train,True,0-2|d0
105824,train,True,6-8|d1
105825,train,True,9-11|d0
105826,train,True,0-2|d0
105827,val,True,3-5|d0
105828,train,True,6-8|d0
105829,train,True,15+|d1
105830,val,True,6-8|d0
105831,train,True,6-8|d0
105832,test,True,9-11|d0
105833,train,True,3-5|d0
105834,train,True,3-5|d0
105835,train,True,6-8|d0
105836,train,True,6-8|d0
105837,val,True,9-11|d0
105838,train,True,15+|d0
105839,train,True,0-2|d0
105840,train,True,6-8|d0
105841,test,True,9-11|d0
105842,test,True,3-5|d0
105843,train,True,12-14|d1
105844,train,True,9-11|d1
105845,val,True,9-11|d0
105846,val,True,6-8|d0
105847,train,True,9-11|d0
105848,train,True,15+|d1
105849,val,True,9-11|d0
105850,train,True,9-11|d1
105851,train,True,6-8|d0
105852,test,True,9-11|d0
105853,train,True,3-5|d0
105854,train,True,0-2|d0
105855,test,True,6-8|d0
105856,train,True,6-8|d0
105857,test,True,9-11|d0
105858,val,True,0-2|d0
105859,train,True,12-14|d0
105860,train,True,12-14|d0
105861,train,True,9-11|d0
105862,train,True,12-14|d0
105863,train,True,3-5|d1
105864,train,True,9-11|d0
105865,test,True,0-2|d0
105866,test,True,6-8|d1
105867,test,True,6-8|d0
105868,train,True,15+|d0
105869,train,True,9-11|d0
105870,train,True,0-2|d0
105871,train,True,9-11|d0
105872,train,True,0-2|d0
105873,train,True,0-2|d0
105874,train,True,9-11|d0
105875,train,True,9-11|d0
105876,test,True,6-8|d1
105877,train,True,9-11|d0
105878,val,True,3-5|d0
105879,train,True,9-11|d0
105880,train,True,9-11|d1
105881,train,True,3-5|d0
105882,train,True,6-8|d0
105883,train,True,0-2|d0
105884,train,True,6-8|d0
105885,train,True,9-11|d0
105886,train,True,9-11|d0
105887,train,True,9-11|d0
105888,train,True,6-8|d0
105889,train,True,12-14|d0
105890,test,True,12-14|d0
105891,train,True,6-8|d0
105892,train,True,15+|d1
105893,val,True,0-2|d0
105894,train,True,0-2|d0
105895,val,True,6-8|d1
105896,train,True,9-11|d1
105897,train,True,0-2|d0
105898,test,True,6-8|d0
105899,train,True,3-5|d0
105900,train,True,6-8|d0
105901,train,True,6-8|d0
105902,train,True,6-8|d0
105903,test,True,0-2|d0
105904,train,False,na|d0
105905,train,True,12-14|d0
105906,train,True,12-14|d0
105907,train,True,6-8|d1
105908,train,True,6-8|d0
105909,test,True,15+|d0
105910,train,True,3-5|d1
105911,train,True,9-11|d0
105912,train,True,3-5|d0
105913,train,False,na|d0
105914,train,True,3-5|d1
105915,train,True,9-11|d0
105916,train,True,9-11|d1
105917,test,True,0-2|d0
105918,train,True,0-2|d0
105919,train,True,3-5|d0
105920,train,True,9-11|d0
105921,train,True,3-5|d0
105922,val,True,9-11|d0
105923,train,True,3-5|d0
105924,val,True,6-8|d0
105925,val,True,0-2|d0
105926,train,True,12-14|d0
105927,train,True,12-14|d0
105928,val,True,9-11|d0
105929,test,True,6-8|d0
105930,train,True,3-5|d0
105931,train,True,6-8|d0
105932,train,True,3-5|d0
105933,train,True,9-11|d0
105934,train,False,na|d0
105935,train,True,6-8|d0
105936,test,True,9-11|d0
105937,val,True,0-2|d0
105938,test,True,3-5|d0
105939,val,True,6-8|d1
105940,test,True,6-8|d0
105941,test,False,na|d0
105942,test,True,0-2|d0
105943,train,True,12-14|d1
105944,val,False,na|d0
105945,train,True,0-2|d0
105946,test,True,3-5|d0
105947,val,True,6-8|d1
105948,train,True,12-14|d0
105949,test,False,na|d0
105950,train,True,0-2|d0
105951,train,True,6-8|d0
105952,train,True,6-8|d1
105953,train,True,3-5|d0
105954,val,True,6-8|d1
105955,train,True,15+|d0
105956,val,True,12-14|d0
105957,train,True,3-5|d0
105958,test,True,0-2|d0
105959,train,True,15+|d0
105960,train,True,6-8|d0
105961,val,True,0-2|d0
105962,train,True,6-8|d0
105963,test,True,0-2|d0
105964,test,True,0-2|d1
105965,train,True,6-8|d0
105966,test,True,9-11|d0
105967,train,True,12-14|d0
105968,train,True,12-14|d0
105969,train,True,0-2|d0
105970,val,True,6-8|d0
105971,train,True,3-5|d0
105972,test,True,6-8|d0
105973,val,True,6-8|d0
105974,train,True,3-5|d0
105975,train,True,3-5|d0
105976,val,True,3-5|d0
105977,train,True,3-5|d0
105978,train,True,0-2|d0
105979,train,True,0-2|d0
105980,train,True,12-14|d0
105981,val,True,12-14|d1
105982,train,True,0-2|d0
105983,train,True,9-11|d1
105984,train,True,15+|d0
105985,train,True,0-2|d0
105986,train,True,15+|d0
105987,train,True,0-2|d0
105988,train,True,6-8|d0
105989,test,True,3-5|d1
105990,train,True,6-8|d0
105991,train,True,3-5|d1
105992,val,True,6-8|d0
105993,train,True,9-11|d1
105994,train,True,9-11|d0
105995,train,True,3-5|d0
105996,test,True,12-14|d0
105997,val,True,12-14|d0
105998,val,True,0-2|d0
105999,train,True,6-8|d0
106000,val,True,3-5|d0
106001,train,True,9-11|d0
106002,train,True,0-2|d0
106003,train,True,0-2|d0
106004,test,True,3-5|d0
106005,train,True,6-8|d0
106006,train,True,6-8|d0
106007,test,True,12-14|d1
106008,train,True,0-2|d0
106009,train,True,6-8|d0
106010,train,True,3-5|d0
106011,val,True,6-8|d0
106012,val,True,6-8|d0
106013,test,True,6-8|d0
106014,train,True,0-2|d0
106015,train,True,6-8|d0
106016,train,True,3-5|d0
106017,train,True,6-8|d0
106018,train,True,9-11|d0
106019,train,True,6-8|d0
106020,train,True,0-2|d0
106021,train,True,12-14|d0
106022,train,True,3-5|d0
106023,test,True,6-8|d0
106024,train,True,12-14|d1
106025,train,True,3-5|d0
106026,train,True,3-5|d0
106027,train,True,15+|d0
106028,train,True,6-8|d1
106029,test,True,9-11|d0
106030,train,True,9-11|d1
106031,train,True,3-5|d0
106032,val,True,9-11|d0
106033,test,True,3-5|d0
106034,test,True,6-8|d1
106035,train,True,3-5|d0
106036,train,True,3-5|d0
106037,test,True,6-8|d0
106038,train,True,9-11|d0
106039,train,True,0-2|d0
106040,train,True,0-2|d0
106041,test,True,6-8|d0
106042,val,True,3-5|d0
106043,train,True,0-2|d0
106044,train,True,0-2|d0
106045,test,True,12-14|d1
106046,test,True,0-2|d0
106047,train,True,3-5|d0
106048,test,True,6-8|d0
106049,val,True,3-5|d0
106050,test,True,6-8|d0
106051,val,True,0-2|d0
106052,val,True,6-8|d0
106053,val,True,6-8|d0
106054,val,True,12-14|d0
106055,train,True,12-14|d0
106056,train,True,0-2|d0
106057,val,True,9-11|d0
106058,train,True,6-8|d0
106059,val,True,6-8|d0
106060,val,True,3-5|d0
106061,train,True,12-14|d0
106062,train,False,na|d0
106063,train,True,3-5|d0
106064,train,True,0-2|d0
106065,train,True,15+|d1
106066,train,True,3-5|d1
106067,train,True,9-11|d0
106068,train,True,6-8|d0
106069,train,True,9-11|d0
106070,test,True,3-5|d0
106071,val,True,6-8|d0
106072,train,True,6-8|d0
106073,train,True,6-8|d0
106074,train,True,12-14|d0
106075,train,True,6-8|d0
106076,test,True,3-5|d0
106077,test,True,6-8|d0
106078,test,True,0-2|d0
106079,train,True,0-2|d0
106080,train,True,9-11|d0
106081,val,True,12-14|d0
106082,train,True,6-8|d0
106083,train,True,0-2|d0
106084,val,True,0-2|d0
106085,train,True,9-11|d0
106086,train,True,6-8|d0
106087,train,True,6-8|d0
106088,train,True,6-8|d0
106089,train,True,0-2|d0
106090,val,True,6-8|d0
106091,train,True,0-2|d0
106092,test,True,9-11|d0
106093,train,True,6-8|d0
106094,test,True,0-2|d0
106095,train,True,12-14|d0
106096,val,True,9-11|d0
106097,train,True,6-8|d0
106098,val,True,9-11|d0
106099,train,False,na|d0
106100,val,True,6-8|d0
106101,val,True,9-11|d0
106102,train,True,12-14|d1
106103,train,True,3-5|d0
106104,train,True,0-2|d0
106105,test,True,6-8|d0
106106,train,True,9-11|d0
106107,train,True,3-5|d0
106108,train,True,9-11|d0
106109,test,True,6-8|d0
106110,val,True,3-5|d0
106111,train,False,na|d0
106112,train,True,12-14|d1
106113,train,True,6-8|d0
106114,val,True,3-5|d0
106115,train,True,9-11|d0
106116,test,True,3-5|d0
106117,train,True,0-2|d0
106118,test,True,12-14|d0
106119,val,True,3-5|d0
106120,train,True,6-8|d1
106121,train,True,6-8|d0
106122,test,False,na|d0
106123,train,True,15+|d0
106124,val,True,0-2|d0
106125,train,True,0-2|d0
106126,train,True,3-5|d0
106127,train,False,na|d0
106128,train,False,na|d0
106129,val,True,3-5|d0
106130,train,True,3-5|d0
106131,train,True,3-5|d1
106132,train,True,0-2|d0
106133,train,True,9-11|d0
106134,train,True,6-8|d0
106135,train,True,0-2|d0
106136,val,True,3-5|d0
106137,val,True,6-8|d0
106138,train,True,15+|d1
106139,train,True,9-11|d1
106140,val,True,3-5|d0
106141,train,True,0-2|d0
106142,train,True,3-5|d1
106143,test,True,3-5|d0
106144,test,True,0-2|d0
106145,train,True,3-5|d0
106146,train,True,6-8|d0
106147,train,True,6-8|d0
106148,train,True,6-8|d0
106149,val,True,12-14|d0
106150,train,True,0-2|d0
106151,train,True,6-8|d0
106152,val,True,3-5|d1
106153,train,True,3-5|d1
106154,test,False,na|d0
106155,train,True,9-11|d0
106156,train,True,3-5|d0
106157,train,True,6-8|d0
106158,train,True,0-2|d0
106159,test,True,6-8|d0
106160,train,True,9-11|d0
106161,test,True,0-2|d0
106162,train,True,9-11|d0
106163,train,True,9-11|d0
106164,test,True,9-11|d0
106165,val,True,3-5|d0
106166,test,True,6-8|d0
106167,val,True,0-2|d0
106168,train,True,9-11|d1
106169,train,True,6-8|d0
106170,train,True,9-11|d0
106171,train,True,6-8|d0
106172,train,True,6-8|d0
106173,train,True,0-2|d0
106174,test,True,9-11|d0
106175,test,True,0-2|d0
106176,train,True,6-8|d0
106177,train,True,15+|d1
106178,train,True,6-8|d1
106179,train,True,0-2|d0
106180,train,True,9-11|d0
106181,val,True,6-8|d0
106182,val,True,12-14|d0
106183,val,True,9-11|d0
106184,train,True,12-14|d0
106185,train,True,15+|d0
106186,train,True,6-8|d0
106187,train,True,6-8|d0
106188,val,True,6-8|d0
106189,train,True,6-8|d0
106190,train,True,6-8|d0
106191,train,True,6-8|d0
106192,train,True,6-8|d1
106193,test,True,3-5|d0
106194,val,True,6-8|d0
106195,train,True,15+|d0
106196,val,True,3-5|d0
106197,train,True,6-8|d0
106198,train,True,6-8|d0
106199,train,True,6-8|d0
106200,train,False,na|d0
106201,train,True,9-11|d0
106202,train,True,12-14|d1
106203,val,True,6-8|d0
106204,train,True,3-5|d0
106205,train,True,6-8|d0
106206,train,True,0-2|d0
106207,test,True,9-11|d0
106208,val,True,3-5|d0
106209,train,True,15+|d1
106210,train,True,6-8|d0
106211,train,True,3-5|d0
106212,train,True,12-14|d0
106213,train,True,0-2|d1
106214,train,True,6-8|d1
106215,test,True,6-8|d0
106216,val,True,6-8|d0
106217,train,True,3-5|d0
106218,val,True,6-8|d0
106219,train,True,6-8|d0
106220,train,False,na|d0
106221,train,True,3-5|d0
106222,val,True,0-2|d0
106223,train,False,na|d0
106224,train,True,9-11|d0
106225,train,True,3-5|d0
106226,test,True,3-5|d0
106227,train,True,6-8|d0
106228,train,True,3-5|d0
106229,train,True,0-2|d1
106230,train,True,9-11|d0
106231,train,True,15+|d0
106232,val,True,3-5|d0
106233,train,True,6-8|d1
106234,test,True,12-14|d0
106235,test,True,9-11|d0
106236,train,True,6-8|d0
106237,val,True,3-5|d0
106238,train,True,9-11|d0
106239,train,True,9-11|d0
106240,val,True,9-11|d0
106241,val,True,0-2|d0
106242,train,True,3-5|d0
106243,train,True,9-11|d0
106244,train,True,0-2|d0
106245,train,True,3-5|d0
106246,train,True,9-11|d0
106247,train,True,3-5|d0
106248,train,True,3-5|d0
106249,train,True,6-8|d0
106250,train,True,0-2|d0
106251,train,True,3-5|d0
106252,train,True,6-8|d0
106253,val,True,0-2|d0
106254,train,True,6-8|d0
106255,test,True,0-2|d0
106256,val,True,9-11|d0
106257,train,True,3-5|d0
106258,train,True,12-14|d0
106259,train,True,9-11|d0
106260,test,True,6-8|d0
106261,train,True,6-8|d0
106262,train,True,9-11|d0
106263,train,True,0-2|d0
106264,test,True,9-11|d0
106265,test,True,0-2|d0
106266,train,True,3-5|d0
106267,train,True,6-8|d0
106268,test,True,15+|d1
106269,train,True,3-5|d0
106270,train,True,3-5|d0
106271,train,True,9-11|d0
106272,test,True,9-11|d0
106273,val,True,12-14|d0
106274,train,True,0-2|d0
106275,train,True,12-14|d1
106276,train,True,9-11|d0
106277,train,True,6-8|d0
106278,train,True,0-2|d0
106279,test,True,3-5|d0
106280,train,True,3-5|d0
106281,val,True,3-5|d0
106282,train,True,0-2|d0
106283,train,True,9-11|d0
106284,train,True,12-14|d1
106285,train,True,6-8|d0
106286,train,True,12-14|d1
106287,train,True,9-11|d0
106288,test,True,0-2|d0
106289,train,True,9-11|d0
106290,test,True,9-11|d0
106291,train,True,3-5|d0
106292,val,True,0-2|d0
106293,val,True,3-5|d0
106294,train,True,0-2|d0
106295,train,True,9-11|d0
106296,test,True,9-11|d0
106297,train,True,3-5|d0
106298,val,True,12-14|d0
106299,train,True,15+|d1
106300,train,True,6-8|d0
106301,train,True,0-2|d0
106302,val,True,3-5|d0
106303,train,True,12-14|d0
106304,train,True,3-5|d0
106305,val,True,12-14|d0
106306,train,True,0-2|d0
106307,train,True,9-11|d0
106308,test,True,12-14|d0
106309,test,True,6-8|d0
106310,train,True,6-8|d0
106311,val,True,6-8|d0
106312,train,True,6-8|d0
106313,train,True,3-5|d0
106314,train,True,3-5|d0
106315,val,True,0-2|d0
106316,train,True,6-8|d0
106317,val,True,0-2|d0
106318,train,True,0-2|d0
106319,train,True,0-2|d0
106320,train,True,0-2|d0
106321,train,True,9-11|d0
106322,train,True,6-8|d0
106323,train,True,9-11|d0
106324,train,True,0-2|d0
106325,train,True,3-5|d0
106326,train,True,0-2|d0
106327,train,True,6-8|d0
106328,train,True,6-8|d0
106329,train,True,9-11|d0
106330,train,True,3-5|d0
106331,val,True,6-8|d0
106332,train,True,9-11|d0
106333,val,True,6-8|d0
106334,train,True,6-8|d1
106335,train,True,0-2|d0
106336,train,True,6-8|d0
106337,train,True,6-8|d0
106338,train,True,3-5|d0
106339,train,True,9-11|d0
106340,train,True,6-8|d0
106341,val,True,9-11|d0
106342,train,True,9-11|d0
106343,train,True,0-2|d0
106344,val,True,9-11|d0
106345,train,True,9-11|d0
106346,train,True,0-2|d0
106347,train,True,0-2|d0
106348,train,True,3-5|d0
106349,val,True,0-2|d0
106350,train,True,9-11|d1
106351,train,True,3-5|d0
106352,train,True,3-5|d0
106353,train,True,6-8|d0
106354,train,True,6-8|d0
106355,train,True,0-2|d0
106356,train,True,3-5|d0
106357,val,True,12-14|d0
106358,train,True,0-2|d0
106359,val,True,0-2|d0
106360,train,True,6-8|d0
106361,val,True,3-5|d0
106362,train,True,9-11|d0
106363,train,True,6-8|d0
106364,val,True,3-5|d1
106365,train,True,3-5|d0
106366,train,True,9-11|d0
106367,train,True,0-2|d0
106368,test,True,3-5|d0
106369,train,True,6-8|d0
106370,train,True,12-14|d0
106371,train,True,6-8|d0
106372,train,True,9-11|d0
106373,train,True,6-8|d0
106374,test,True,6-8|d0
106375,train,True,3-5|d0
106376,train,True,6-8|d0
106377,train,True,0-2|d0
106378,test,True,0-2|d0
106379,val,True,0-2|d0
106380,train,True,9-11|d0
106381,train,True,12-14|d0
106382,train,True,9-11|d0
106383,train,True,6-8|d0
106384,train,True,0-2|d0
106385,train,True,9-11|d1
106386,train,True,12-14|d0
106387,train,True,0-2|d0
106388,train,True,9-11|d0
106389,train,True,9-11|d0
106390,train,True,0-2|d0
106391,train,True,9-11|d0
106392,train,True,15+|d0
106393,val,True,9-11|d0
106394,train,True,6-8|d0
106395,test,True,3-5|d0
106396,train,True,3-5|d0
106397,train,True,3-5|d0
106398,test,True,6-8|d0
106399,train,True,15+|d0
106400,val,True,6-8|d0
106401,train,True,3-5|d1
106402,train,False,na|d0
106403,train,True,12-14|d1
106404,train,True,0-2|d0
106405,train,True,9-11|d0
106406,test,True,0-2|d0
106407,train,True,9-11|d0
106408,test,True,6-8|d0
106409,train,True,3-5|d1
106410,train,True,3-5|d0
106411,val,True,3-5|d0
106412,train,True,9-11|d0
106413,val,True,9-11|d0
106414,train,True,9-11|d0
106415,train,True,6-8|d0
106416,train,True,6-8|d1
106417,train,True,9-11|d1
106418,train,True,9-11|d0
106419,train,True,9-11|d0
106420,train,True,0-2|d0
106421,train,True,3-5|d0
106422,train,True,9-11|d0
106423,train,True,3-5|d0
106424,train,True,6-8|d0
106425,train,True,9-11|d0
106426,train,True,9-11|d1
106427,val,True,12-14|d0
106428,train,True,0-2|d0
106429,train,True,9-11|d0
106430,train,True,12-14|d0
106431,train,True,3-5|d0
106432,train,True,0-2|d0
106433,train,True,6-8|d1
106434,train,True,0-2|d0
106435,test,True,0-2|d0
106436,train,True,15+|d1
106437,train,True,0-2|d0
106438,train,True,12-14|d0
106439,train,False,na|d0
106440,val,True,6-8|d0
106441,val,True,3-5|d0
106442,train,True,3-5|d1
106443,train,False,na|d0
106444,train,True,3-5|d0
106445,train,True,0-2|d0
106446,train,True,3-5|d0
106447,train,True,12-14|d0
106448,train,True,0-2|d0
106449,train,True,3-5|d0
106450,val,True,3-5|d0
106451,test,True,3-5|d0
106452,val,True,15+|d1
106453,train,True,12-14|d1
106454,train,True,3-5|d0
106455,train,True,15+|d1
106456,test,True,6-8|d0
106457,train,True,6-8|d1
106458,train,True,3-5|d0
106459,train,True,3-5|d0
106460,train,True,3-5|d0
106461,train,True,6-8|d1
106462,train,True,9-11|d0
106463,train,True,0-2|d0
106464,train,True,12-14|d0
106465,test,True,3-5|d0
106466,train,True,3-5|d0
106467,train,True,15+|d1
106468,val,False,na|d0
106469,train,True,0-2|d0
106470,train,True,9-11|d1
106471,train,True,9-11|d0
106472,val,True,6-8|d0
106473,train,True,3-5|d0
106474,train,True,9-11|d0
106475,val,True,9-11|d0
106476,train,True,12-14|d1
106477,val,True,3-5|d0
106478,val,False,na|d0
106479,test,True,9-11|d0
106480,train,True,6-8|d0
106481,train,True,6-8|d1
106482,train,True,9-11|d1
106483,train,True,3-5|d0
106484,test,True,0-2|d0
106485,train,True,12-14|d0
106486,train,True,6-8|d0
106487,train,True,3-5|d0
106488,train,True,6-8|d1
106489,train,True,3-5|d0
106490,val,True,6-8|d0
106491,val,True,3-5|d1
106492,train,True,9-11|d0
106493,test,True,3-5|d0
106494,val,True,3-5|d0
106495,train,True,9-11|d0
106496,train,True,0-2|d0
106497,test,True,9-11|d0
106498,train,True,9-11|d1
106499,train,True,0-2|d0
106500,test,True,15+|d0
106501,train,True,3-5|d0
106502,train,True,6-8|d0
106503,train,True,0-2|d0
106504,train,True,9-11|d0
106505,train,True,6-8|d0
106506,val,True,9-11|d1
106507,test,True,0-2|d0
106508,train,True,0-2|d0
106509,test,True,6-8|d0
106510,train,True,9-11|d1
106511,test,True,9-11|d0
106512,train,True,3-5|d0
106513,train,True,0-2|d0
106514,train,True,3-5|d0
106515,test,True,3-5|d0
106516,train,True,3-5|d0
106517,train,True,6-8|d0
106518,train,True,9-11|d0
106519,val,True,0-2|d0
106520,train,True,3-5|d0
106521,test,True,6-8|d1
106522,test,True,12-14|d1
106523,test,True,0-2|d0
106524,train,True,0-2|d0
106525,train,True,9-11|d1
106526,train,True,9-11|d0
106527,val,True,6-8|d0
106528,test,True,6-8|d0
106529,train,True,9-11|d0
106530,train,True,0-2|d0
106531,val,True,12-14|d0
106532,train,True,12-14|d1
106533,train,True,12-14|d0
106534,train,True,9-11|d0
106535,train,True,6-8|d0
106536,train,False,na|d0
106537,test,True,0-2|d0
106538,train,True,3-5|d0
106539,test,True,0-2|d0
106540,train,True,0-2|d0
106541,train,True,12-14|d0
106542,train,True,12-14|d0
106543,train,True,6-8|d0
106544,train,True,9-11|d0
106545,train,False,na|d0
106546,train,True,9-11|d1
106547,train,True,9-11|d0
106548,test,True,9-11|d0
106549,train,True,6-8|d0
106550,train,True,9-11|d0
106551,train,True,3-5|d0
106552,val,True,6-8|d0
106553,test,True,15+|d1
106554,val,True,15+|d0
106555,test,True,0-2|d0
106556,train,True,3-5|d0
106557,test,True,0-2|d0
106558,train,True,0-2|d0
106559,val,True,3-5|d0
106560,train,True,6-8|d0
106561,train,True,3-5|d0
106562,train,True,6-8|d0
106563,train,True,9-11|d0
106564,test,True,12-14|d0
106565,train,True,9-11|d0
106566,train,False,na|d0
106567,val,True,3-5|d0
106568,train,True,0-2|d0
106569,val,True,6-8|d1
106570,train,True,6-8|d0
106571,train,True,0-2|d0
106572,train,True,6-8|d0
106573,train,True,0-2|d0
106574,train,True,6-8|d0
106575,train,True,6-8|d0
106576,test,True,0-2|d0
106577,train,True,3-5|d0
106578,train,True,3-5|d0
106579,test,True,9-11|d0
106580,val,True,0-2|d0
106581,train,True,0-2|d0
106582,train,True,9-11|d0
106583,test,True,12-14|d0
106584,train,True,9-11|d0
106585,test,True,12-14|d0
106586,train,True,6-8|d0
106587,train,True,0-2|d0
106588,train,True,3-5|d0
106589,train,False,na|d0
106590,val,True,0-2|d0
106591,train,True,12-14|d1
106592,train,True,0-2|d0
106593,test,True,3-5|d0
106594,train,True,3-5|d0
106595,train,True,6-8|d0
106596,train,True,6-8|d0
106597,val,True,9-11|d0
106598,train,True,9-11|d1
106599,train,True,12-14|d0
106600,val,True,0-2|d0
106601,train,True,6-8|d0
106602,val,True,6-8|d0
106603,test,True,9-11|d1
106604,train,True,6-8|d0
106605,train,True,0-2|d1
106606,train,True,6-8|d0
106607,train,True,15+|d0
106608,train,True,6-8|d0
106609,train,True,15+|d1
106610,train,True,3-5|d0
106611,train,True,3-5|d0
106612,train,True,0-2|d0
106613,train,True,9-11|d0
106614,train,True,15+|d0
106615,train,True,12-14|d1
106616,test,True,0-2|d0
106617,train,True,6-8|d1
106618,train,True,3-5|d0
106619,train,True,6-8|d1
106620,train,True,0-2|d0
106621,train,True,6-8|d0
106622,train,True,0-2|d1
106623,train,True,0-2|d0
106624,train,False,na|d0
106625,train,False,na|d0
106626,train,True,0-2|d0
106627,test,True,0-2|d0
106628,train,True,3-5|d0
106629,val,True,3-5|d0
106630,train,True,6-8|d0
106631,val,False,na|d1
106632,train,True,9-11|d0
106633,test,True,15+|d1
106634,test,True,0-2|d0
106635,train,True,6-8|d0
106636,train,True,0-2|d1
106637,train,True,0-2|d0
106638,train,True,9-11|d1
106639,test,True,0-2|d0
106640,train,False,na|d0
106641,train,True,9-11|d0
106642,train,True,3-5|d0
106643,train,True,0-2|d0
106644,train,True,6-8|d1
106645,test,True,12-14|d0
106646,val,True,3-5|d0
106647,val,True,3-5|d0
106648,test,True,6-8|d0
106649,train,True,9-11|d0
106650,train,True,3-5|d0
106651,train,True,6-8|d0
106652,test,True,6-8|d0
106653,train,True,3-5|d0
106654,train,True,9-11|d1
106655,train,True,9-11|d1
106656,test,True,9-11|d0
106657,train,True,15+|d0
106658,val,True,6-8|d0
106659,train,True,9-11|d0
106660,train,True,6-8|d0
106661,val,True,0-2|d0
106662,train,True,3-5|d0
106663,test,True,0-2|d0
106664,test,True,3-5|d0
106665,test,True,0-2|d0
106666,train,True,0-2|d0
106667,val,True,3-5|d0
106668,train,True,0-2|d0
106669,train,True,6-8|d0
106670,train,True,0-2|d0
106671,train,True,6-8|d0
106672,train,True,12-14|d1
106673,train,True,9-11|d1
106674,train,True,3-5|d0
106675,train,True,3-5|d0
106676,val,True,0-2|d0
106677,test,True,3-5|d0
106678,train,True,3-5|d0
106679,train,True,12-14|d0
106680,val,True,12-14|d1
106681,train,True,9-11|d0
106682,train,True,12-14|d0
106683,train,True,12-14|d1
106684,train,True,0-2|d0
106685,test,True,3-5|d0
106686,train,True,6-8|d0
106687,train,True,12-14|d0
106688,train,True,3-5|d0
106689,val,True,9-11|d0
106690,train,True,12-14|d1
106691,train,True,0-2|d0
106692,train,True,9-11|d0
106693,train,True,6-8|d0
106694,train,True,6-8|d1
106695,train,True,6-8|d1
106696,val,True,3-5|d0
106697,train,True,6-8|d0
106698,train,True,3-5|d0
106699,train,True,9-11|d0
106700,train,True,0-2|d0
106701,test,True,0-2|d0
106702,train,True,6-8|d0
106703,train,True,6-8|d0
106704,train,True,9-11|d0
106705,train,True,12-14|d0
106706,train,True,9-11|d0
106707,train,True,6-8|d0
106708,train,True,9-11|d0
106709,train,True,0-2|d0
106710,test,True,12-14|d0
106711,train,True,0-2|d0
106712,train,True,12-14|d0
106713,train,True,0-2|d0
106714,val,True,9-11|d1
106715,val,True,6-8|d0
106716,train,True,15+|d1
106717,train,True,3-5|d0
106718,train,True,6-8|d0
106719,train,True,6-8|d0
106720,train,True,9-11|d0
106721,train,True,15+|d0
106722,train,True,9-11|d0
106723,val,True,6-8|d0
106724,train,True,12-14|d0
106725,train,True,6-8|d0
106726,train,True,9-11|d0
106727,train,True,9-11|d0
106728,test,True,6-8|d0
106729,train,True,3-5|d0
106730,train,True,9-11|d0
106731,test,True,3-5|d0
106732,test,True,6-8|d0
106733,test,True,9-11|d0
106734,train,True,3-5|d0
106735,val,True,12-14|d0
106736,test,True,0-2|d0
106737,train,True,9-11|d0
106738,train,True,3-5|d0
106739,val,True,6-8|d0
106740,train,True,6-8|d0
106741,train,True,3-5|d0
106742,val,True,0-2|d0
106743,train,True,6-8|d0
106744,train,True,9-11|d0
106745,train,True,3-5|d0
106746,val,True,6-8|d0
106747,train,True,3-5|d1
106748,train,True,0-2|d0
106749,train,True,6-8|d1
106750,test,True,12-14|d0
106751,train,True,9-11|d0
106752,train,True,9-11|d0
106753,train,True,12-14|d0
106754,test,True,9-11|d0
106755,train,True,0-2|d0
106756,val,True,9-11|d0
106757,train,False,na|d0
106758,train,True,0-2|d0
106759,val,True,6-8|d0
106760,train,True,9-11|d0
106761,val,True,0-2|d0
106762,train,True,9-11|d0
106763,val,True,9-11|d0
106764,train,True,0-2|d0
106765,train,True,6-8|d0
106766,test,True,9-11|d0
106767,train,True,0-2|d0
106768,test,True,9-11|d0
106769,val,True,9-11|d0
106770,train,True,6-8|d0
106771,train,True,12-14|d0
106772,val,True,0-2|d0
106773,train,True,0-2|d0
106774,train,True,6-8|d1
106775,val,True,6-8|d0
106776,test,True,9-11|d0
106777,train,True,9-11|d0
106778,train,False,na|d0
106779,train,True,9-11|d0
106780,train,True,12-14|d1
106781,test,True,6-8|d0
106782,train,True,3-5|d1
106783,train,True,9-11|d0
106784,train,True,0-2|d0
106785,train,True,6-8|d0
106786,val,True,6-8|d0
106787,train,True,6-8|d0
106788,val,True,9-11|d1
106789,train,True,3-5|d0
106790,train,True,6-8|d0
106791,train,True,9-11|d1
106792,train,True,0-2|d0
106793,train,True,0-2|d0
106794,train,True,0-2|d0
106795,test,True,0-2|d0
106796,val,True,9-11|d0
106797,train,True,6-8|d0
106798,train,True,3-5|d1
106799,train,True,0-2|d0
106800,val,True,6-8|d0
106801,test,True,6-8|d0
106802,train,True,6-8|d0
106803,train,True,0-2|d0
106804,train,True,6-8|d0
106805,train,True,6-8|d0
106806,val,True,0-2|d0
106807,test,True,3-5|d1
106808,train,True,6-8|d1
106809,train,True,9-11|d0
106810,val,True,12-14|d0
106811,train,True,3-5|d0
106812,test,True,0-2|d0
106813,train,True,0-2|d0
106814,train,True,3-5|d0
106815,val,True,3-5|d0
106816,train,True,3-5|d0
106817,val,True,6-8|d0
106818,train,True,6-8|d0
106819,train,True,6-8|d0
106820,train,True,3-5|d1
106821,test,True,0-2|d0
106822,train,True,6-8|d0
106823,train,True,3-5|d0
106824,train,False,na|d1
106825,train,True,6-8|d1
106826,train,True,0-2|d0
106827,train,True,3-5|d0
106828,train,True,6-8|d0
106829,train,True,6-8|d0
106830,test,True,6-8|d0
106831,train,False,na|d0
106832,train,True,6-8|d0
106833,val,True,3-5|d1
106834,train,True,0-2|d0
106835,train,True,6-8|d0
106836,train,True,9-11|d0
106837,test,True,6-8|d0
106838,train,True,12-14|d0
106839,train,True,6-8|d1
106840,train,False,na|d0
106841,train,True,0-2|d0
106842,train,True,6-8|d0
106843,val,True,6-8|d0
106844,train,True,6-8|d0
106845,train,True,12-14|d0
106846,test,True,9-11|d0
106847,test,True,9-11|d1
106848,train,True,9-11|d0
106849,val,True,12-14|d0
106850,train,True,0-2|d1
106851,train,True,9-11|d0
106852,train,True,6-8|d0
106853,train,True,6-8|d1
106854,train,True,3-5|d1
106855,train,True,6-8|d1
106856,train,True,6-8|d0
106857,val,True,6-8|d0
106858,test,True,6-8|d0
106859,train,True,6-8|d0
106860,train,True,0-2|d0
106861,train,True,12-14|d0
106862,train,True,6-8|d0
106863,val,False,na|d0
106864,train,True,12-14|d0
106865,train,True,6-8|d0
106866,test,True,0-2|d0
106867,val,True,9-11|d0
106868,train,True,6-8|d0
106869,test,True,9-11|d0
106870,train,True,3-5|d0
106871,train,True,12-14|d0
106872,train,True,6-8|d1
106873,train,True,12-14|d0
106874,train,True,3-5|d1
106875,train,True,15+|d1
106876,train,True,6-8|d0
106877,train,True,6-8|d0
106878,train,True,9-11|d0
106879,train,True,6-8|d0
106880,val,True,6-8|d1
106881,train,True,0-2|d0
106882,train,True,9-11|d1
106883,train,True,6-8|d1
106884,train,True,0-2|d0
106885,train,True,12-14|d1
106886,val,True,3-5|d0
106887,val,True,0-2|d0
106888,train,True,6-8|d0
106889,train,True,3-5|d0
106890,train,True,3-5|d1
106891,test,True,6-8|d0
106892,val,True,9-11|d0
106893,train,True,9-11|d0
106894,val,True,6-8|d0
106895,train,False,na|d0
106896,train,True,9-11|d0
106897,val,True,6-8|d0
106898,train,True,3-5|d0
106899,test,True,3-5|d0
106900,test,True,0-2|d0
106901,val,True,9-11|d0
106902,train,True,9-11|d0
106903,train,True,0-2|d0
106904,test,True,6-8|d0
106905,train,True,3-5|d0
106906,train,True,6-8|d0
106907,train,True,12-14|d1
106908,test,True,9-11|d0
106909,val,True,6-8|d1
106910,train,True,3-5|d0
106911,train,True,3-5|d0
106912,train,True,0-2|d0
106913,train,True,0-2|d0
106914,test,True,0-2|d0
106915,train,True,3-5|d0
106916,train,True,0-2|d0
106917,train,True,9-11|d0
106918,train,True,6-8|d1
106919,train,True,6-8|d0
106920,train,True,3-5|d0
106921,train,True,12-14|d0
106922,train,True,12-14|d0
106923,train,True,6-8|d0
106924,val,True,9-11|d0
106925,train,True,6-8|d0
106926,train,True,3-5|d1
106927,train,True,6-8|d0
106928,test,True,9-11|d0
106929,train,True,0-2|d0
106930,test,True,6-8|d0
106931,train,True,3-5|d0
106932,train,True,6-8|d0
106933,train,True,3-5|d0
106934,train,True,3-5|d1
106935,train,True,0-2|d0
106936,train,True,6-8|d0
106937,train,True,12-14|d0
106938,train,True,12-14|d0
106939,val,True,6-8|d0
106940,train,True,3-5|d0
106941,train,True,6-8|d0
106942,val,True,9-11|d0
106943,val,True,12-14|d0
106944,val,True,0-2|d0
106945,train,True,0-2|d0
106946,test,True,12-14|d0
106947,train,True,6-8|d0
106948,train,True,9-11|d0
106949,test,True,3-5|d0
106950,val,True,6-8|d0
106951,test,True,3-5|d0
106952,train,True,0-2|d0
106953,train,True,15+|d0
106954,train,True,9-11|d0
106955,train,True,6-8|d1
106956,train,True,3-5|d0
106957,test,True,6-8|d0
106958,train,True,0-2|d0
106959,train,True,9-11|d0
106960,train,True,9-11|d0
106961,train,True,12-14|d0
106962,train,True,12-14|d1
106963,train,True,3-5|d0
106964,train,True,6-8|d0
106965,train,True,6-8|d0
106966,test,True,9-11|d0
106967,train,True,9-11|d0
106968,val,True,0-2|d0
106969,train,True,6-8|d0
106970,train,True,6-8|d0
106971,train,True,3-5|d0
106972,val,True,9-11|d0
106973,test,True,3-5|d0
106974,train,True,0-2|d0
106975,train,True,9-11|d0
106976,val,True,0-2|d0
106977,val,True,12-14|d1
106978,train,True,9-11|d0
106979,train,True,3-5|d0
106980,train,True,6-8|d0
106981,train,True,6-8|d0
106982,test,True,3-5|d0
106983,test,True,3-5|d1
106984,train,True,0-2|d0
106985,train,True,6-8|d0
106986,train,True,0-2|d0
106987,train,True,3-5|d1
106988,train,True,9-11|d0
106989,test,True,3-5|d1
106990,train,True,9-11|d1
106991,train,False,na|d1
106992,train,True,6-8|d0
106993,train,True,6-8|d0
106994,train,True,12-14|d0
106995,train,True,3-5|d0
106996,val,True,15+|d0
106997,val,True,0-2|d0
106998,val,True,6-8|d0
106999,val,True,0-2|d0
107000,train,True,12-14|d0
107001,train,True,6-8|d0
107002,train,True,3-5|d0
107003,train,True,0-2|d0
107004,train,True,3-5|d0
107005,val,True,6-8|d0
107006,train,True,6-8|d0
107007,val,True,9-11|d0
107008,train,True,3-5|d0
107009,train,True,9-11|d0
107010,train,True,9-11|d0
107011,val,True,3-5|d0
107012,val,True,3-5|d0
107013,test,True,0-2|d0
107014,train,True,12-14|d1
107015,train,True,9-11|d0
107016,train,True,6-8|d0
107017,train,True,6-8|d0
107018,train,True,3-5|d0
107019,train,True,3-5|d0
107020,train,False,na|d0
107021,train,True,3-5|d1
107022,train,True,12-14|d0
107023,train,True,9-11|d0
107024,val,True,6-8|d0
107025,test,True,12-14|d0
107026,val,True,6-8|d0
107027,train,True,12-14|d0
107028,train,True,6-8|d1
107029,train,True,6-8|d0
107030,train,True,3-5|d0
107031,test,True,3-5|d0
107032,train,True,9-11|d0
107033,train,True,6-8|d0
107034,train,True,9-11|d0
107035,train,True,15+|d0
107036,train,True,9-11|d0
107037,train,True,0-2|d0
107038,train,True,3-5|d0
107039,val,True,9-11|d0
107040,val,True,0-2|d1
107041,train,True,6-8|d0
107042,train,True,3-5|d0
107043,train,True,3-5|d1
107044,train,True,6-8|d0
107045,train,True,6-8|d0
107046,val,True,12-14|d0
107047,test,True,9-11|d1
107048,val,True,3-5|d1
107049,train,True,0-2|d0
107050,val,True,0-2|d0
107051,test,True,3-5|d0
107052,val,True,0-2|d0
107053,test,True,6-8|d0
107054,train,True,6-8|d0
107055,val,True,3-5|d0
107056,train,True,3-5|d0
107057,train,True,6-8|d0
107058,train,True,9-11|d0
107059,train,True,6-8|d0
107060,train,True,9-11|d0
107061,train,True,0-2|d0
107062,train,True,6-8|d0
107063,train,True,3-5|d0
107064,train,True,6-8|d0
107065,train,True,15+|d1
107066,train,True,6-8|d0
107067,train,True,3-5|d0
107068,train,True,0-2|d0
107069,train,False,na|d0
107070,train,True,6-8|d0
107071,train,True,0-2|d0
107072,test,True,3-5|d0
107073,test,False,na|d0
107074,test,True,9-11|d1
107075,val,True,6-8|d0
107076,train,True,3-5|d0
107077,train,True,6-8|d0
107078,train,True,9-11|d0
107079,val,True,3-5|d1
107080,train,True,12-14|d0
107081,train,True,9-11|d0
107082,test,True,9-11|d0
107083,train,True,6-8|d0
107084,train,False,na|d0
107085,test,True,6-8|d0
107086,train,True,6-8|d0
107087,test,True,12-14|d0
107088,train,True,6-8|d0
107089,train,True,3-5|d0
107090,val,True,9-11|d0
107091,train,True,9-11|d0
107092,test,True,9-11|d0
107093,train,True,6-8|d0
107094,test,True,6-8|d0
107095,train,True,0-2|d0
107096,val,True,0-2|d0
107097,train,True,12-14|d0
107098,train,True,3-5|d0
107099,train,True,0-2|d0
107100,train,True,3-5|d0
107101,train,True,0-2|d0
107102,train,True,6-8|d0
107103,train,True,15+|d1
107104,val,True,3-5|d0
107105,test,True,3-5|d0
107106,train,True,3-5|d0
107107,val,True,0-2|d0
107108,train,True,0-2|d1
107109,train,True,3-5|d0
107110,train,True,6-8|d0
107111,train,True,3-5|d0
107112,train,True,9-11|d0
107113,test,True,3-5|d0
107114,train,True,6-8|d0
107115,train,True,6-8|d0
107116,train,True,0-2|d0
107117,train,True,3-5|d0
107118,train,True,0-2|d0
107119,train,True,12-14|d0
107120,train,True,6-8|d0
107121,train,True,3-5|d1
107122,train,True,6-8|d0
107123,train,True,0-2|d0
107124,train,True,0-2|d0
107125,train,True,12-14|d0
107126,test,True,6-8|d0
107127,train,True,6-8|d1
107128,train,True,0-2|d0
107129,train,True,0-2|d0
107130,train,True,3-5|d0
107131,test,True,3-5|d0
107132,train,True,3-5|d1
107133,train,True,0-2|d0
107134,train,True,0-2|d0
107135,val,True,9-11|d1
107136,val,True,9-11|d0
107137,train,True,12-14|d0
107138,train,True,0-2|d0
107139,test,True,6-8|d0
107140,train,True,9-11|d0
107141,test,True,15+|d0
107142,train,True,6-8|d0
107143,train,True,9-11|d0
107144,train,True,12-14|d0
107145,train,True,9-11|d0
107146,train,True,3-5|d0
107147,train,True,3-5|d0
107148,train,True,0-2|d0
107149,train,True,6-8|d0
107150,train,True,6-8|d0
107151,val,False,na|d0
107152,test,True,0-2|d0
107153,test,True,9-11|d0
107154,train,True,12-14|d0
107155,test,True,12-14|d0
107156,test,True,3-5|d1
107157,train,True,12-14|d0
107158,train,True,6-8|d0
107159,train,True,3-5|d1
107160,train,False,na|d0
107161,train,True,0-2|d0
107162,train,True,6-8|d0
107163,train,True,6-8|d0
107164,train,True,3-5|d0
107165,train,True,9-11|d0
107166,train,True,0-2|d0
107167,train,True,0-2|d0
107168,train,True,3-5|d0
107169,train,True,12-14|d1
107170,val,True,9-11|d0
107171,train,True,0-2|d0
107172,train,True,9-11|d0
107173,val,True,0-2|d0
107174,train,True,0-2|d0
107175,test,True,3-5|d0
107176,train,True,0-2|d0
107177,train,True,3-5|d0
107178,val,True,3-5|d0
107179,train,True,12-14|d0
107180,val,True,9-11|d0
107181,train,True,12-14|d0
107182,train,True,3-5|d0
107183,val,True,3-5|d1
107184,train,True,12-14|d0
107185,train,True,6-8|d0
107186,train,True,6-8|d1
107187,val,True,6-8|d1
107188,val,True,0-2|d0
107189,train,True,6-8|d0
107190,train,True,0-2|d0
107191,val,True,6-8|d0
107192,train,True,6-8|d1
107193,val,True,0-2|d0
107194,train,True,0-2|d0
107195,train,False,na|d0
107196,val,True,0-2|d0
107197,test,True,9-11|d0
107198,train,True,12-14|d0
107199,test,True,12-14|d0
107200,train,True,6-8|d0
107201,train,True,3-5|d1
107202,train,True,6-8|d0
107203,train,True,3-5|d0
107204,train,True,9-11|d0
107205,train,True,6-8|d0
107206,val,True,3-5|d0
107207,train,True,6-8|d0
107208,train,True,3-5|d0
107209,train,True,0-2|d0
107210,test,True,6-8|d0
107211,train,True,9-11|d1
107212,train,True,0-2|d0
107213,train,False,na|d1
107214,train,True,6-8|d0
107215,train,True,3-5|d0
107216,train,True,0-2|d0
107217,train,True,12-14|d0
107218,train,True,3-5|d0
107219,train,True,6-8|d0
107220,train,True,6-8|d0
107221,train,True,9-11|d0
107222,train,True,3-5|d0
107223,train,True,6-8|d0
107224,test,True,0-2|d0
107225,train,True,0-2|d0
107226,train,True,6-8|d1
107227,test,True,6-8|d0
107228,train,True,3-5|d0
107229,test,True,6-8|d0
107230,train,True,3-5|d0
107231,train,True,9-11|d1
107232,val,True,0-2|d0
107233,train,True,12-14|d1
107234,test,True,0-2|d0
107235,train,True,3-5|d0
107236,train,True,3-5|d0
107237,train,True,3-5|d0
107238,val,True,6-8|d0
107239,train,True,0-2|d0
107240,val,True,6-8|d0
107241,train,True,9-11|d0
107242,test,True,3-5|d0
107243,train,True,6-8|d0
107244,train,True,12-14|d0
107245,train,True,15+|d1
107246,train,True,3-5|d1
107247,test,True,3-5|d0
107248,train,True,0-2|d1
107249,train,False,na|d0
107250,test,True,6-8|d0
107251,train,True,0-2|d0
107252,test,True,6-8|d0
107253,train,True,6-8|d0
107254,train,True,3-5|d0
107255,val,True,0-2|d0
107256,train,True,9-11|d0
107257,train,True,9-11|d0
107258,train,True,0-2|d0
107259,train,True,3-5|d0
107260,train,True,3-5|d0
107261,train,True,9-11|d0
107262,train,True,3-5|d0
107263,train,True,9-11|d0
107264,train,True,15+|d1
107265,train,True,0-2|d0
107266,train,True,3-5|d0
107267,train,True,12-14|d1
107268,val,True,6-8|d0
107269,train,True,0-2|d0
107270,train,True,12-14|d0
107271,train,True,0-2|d0
107272,train,True,6-8|d1
107273,val,True,9-11|d1
107274,train,True,9-11|d0
107275,train,True,0-2|d0
107276,train,True,9-11|d1
107277,train,True,3-5|d0
107278,val,True,3-5|d0
107279,val,True,6-8|d0
107280,train,True,6-8|d1
107281,train,True,6-8|d0
107282,val,True,6-8|d0
107283,test,True,6-8|d0
107284,train,False,na|d0
107285,test,True,0-2|d0
107286,val,True,6-8|d0
107287,train,True,6-8|d0
107288,train,True,6-8|d0
107289,train,True,3-5|d0
107290,val,True,0-2|d0
107291,train,True,6-8|d0
107292,train,True,0-2|d0
107293,train,True,9-11|d0
107294,train,True,0-2|d0
107295,train,True,6-8|d0
107296,train,True,0-2|d0
107297,train,True,6-8|d0
107298,train,True,0-2|d0
107299,train,True,12-14|d0
107300,train,True,0-2|d1
107301,val,True,3-5|d0
107302,test,True,3-5|d0
107303,train,True,6-8|d0
107304,val,True,12-14|d0
107305,train,True,9-11|d1
107306,train,True,3-5|d0
107307,train,True,0-2|d0
107308,test,True,9-11|d0
107309,train,True,0-2|d0
107310,train,True,6-8|d0
107311,train,True,15+|d0
107312,train,True,3-5|d0
107313,val,True,6-8|d0
107314,train,True,3-5|d0
107315,train,False,na|d1
107316,train,True,0-2|d0
107317,test,True,3-5|d1
107318,train,True,15+|d1
107319,test,True,0-2|d0
107320,train,True,6-8|d0
107321,test,True,0-2|d0
107322,train,True,12-14|d0
107323,train,True,9-11|d0
107324,train,True,12-14|d1
107325,train,True,6-8|d0
107326,test,True,9-11|d1
107327,test,True,0-2|d0
107328,train,True,6-8|d0
107329,test,True,6-8|d0
107330,train,True,6-8|d0
107331,test,True,3-5|d0
107332,train,True,3-5|d0
107333,train,False,na|d0
107334,train,True,6-8|d0
107335,train,True,0-2|d0
107336,train,True,15+|d0
107337,test,True,0-2|d0
107338,train,True,3-5|d0
107339,train,True,9-11|d0
107340,train,True,0-2|d0
107341,test,True,9-11|d0
107342,train,True,9-11|d0
107343,test,True,9-11|d0
107344,train,True,6-8|d0
107345,train,True,0-2|d0
107346,train,True,6-8|d0
107347,train,True,6-8|d0
107348,val,True,12-14|d0
107349,val,False,na|d0
107350,test,True,0-2|d0
107351,train,True,0-2|d0
107352,train,True,0-2|d0
107353,train,True,0-2|d0
107354,train,True,12-14|d0
107355,train,True,6-8|d0
107356,test,True,9-11|d0
107357,train,True,6-8|d1
107358,train,True,3-5|d0
107359,train,True,9-11|d1
107360,test,True,6-8|d0
107361,train,True,6-8|d0
107362,train,True,6-8|d1
107363,train,True,6-8|d0
107364,train,True,6-8|d0
107365,train,True,6-8|d1
107366,train,True,12-14|d1
107367,train,True,6-8|d0
107368,test,True,3-5|d1
107369,train,True,3-5|d0
107370,train,True,0-2|d0
107371,train,True,12-14|d0
107372,val,True,6-8|d0
107373,test,True,12-14|d0
107374,val,True,6-8|d1
107375,train,True,3-5|d0
107376,train,True,15+|d1
107377,train,True,0-2|d0
107378,train,True,6-8|d0
107379,test,True,9-11|d0
107380,test,True,9-11|d0
107381,train,True,3-5|d0
107382,val,True,3-5|d0
107383,train,True,0-2|d0
107384,train,True,6-8|d0
107385,train,True,0-2|d0
107386,train,True,9-11|d0
107387,train,True,3-5|d1
107388,train,True,12-14|d1
107389,train,True,9-11|d0
107390,val,True,6-8|d0
107391,test,True,9-11|d0
107392,train,True,6-8|d0
107393,train,True,6-8|d1
107394,train,True,9-11|d0
107395,test,True,9-11|d0
107396,train,True,0-2|d1
107397,train,True,6-8|d0
107398,train,True,6-8|d0
107399,train,True,0-2|d0
107400,val,True,0-2|d0
107401,train,False,na|d0
107402,train,True,3-5|d0
107403,test,True,9-11|d0
107404,test,True,15+|d1
107405,train,True,0-2|d0
107406,train,True,6-8|d0
107407,val,True,3-5|d0
107408,val,True,12-14|d0
107409,train,True,9-11|d0
107410,test,True,3-5|d0
107411,train,True,9-11|d0
107412,val,True,6-8|d0
107413,train,True,12-14|d1
107414,train,True,0-2|d0
107415,train,True,6-8|d0
107416,train,True,3-5|d0
107417,train,True,3-5|d0
107418,val,True,0-2|d0
107419,test,True,0-2|d0
107420,train,True,6-8|d0
107421,train,True,9-11|d0
107422,val,True,9-11|d0
107423,val,True,12-14|d1
107424,val,True,0-2|d0
107425,train,True,6-8|d0
107426,val,True,6-8|d0
107427,train,True,9-11|d0
107428,train,True,9-11|d1
107429,test,True,6-8|d1
107430,train,True,3-5|d0
107431,train,True,3-5|d0
107432,train,True,6-8|d0
107433,train,True,6-8|d1
107434,train,True,3-5|d0
107435,train,True,9-11|d0
107436,train,True,12-14|d0
107437,train,True,3-5|d0
107438,train,True,6-8|d1
107439,train,True,6-8|d0
107440,train,True,6-8|d0
107441,val,True,3-5|d0
107442,train,True,6-8|d0
107443,test,True,3-5|d0
107444,val,True,0-2|d0
107445,train,True,3-5|d0
107446,train,True,0-2|d0
107447,train,True,3-5|d0
107448,test,True,6-8|d1
107449,train,True,6-8|d0
107450,train,True,6-8|d0
107451,train,True,6-8|d0
107452,val,True,6-8|d0
107453,train,True,6-8|d0
107454,train,True,9-11|d0
107455,train,True,3-5|d0
107456,train,True,9-11|d0
107457,train,True,9-11|d0
107458,train,True,0-2|d0
107459,train,True,6-8|d0
107460,train,True,9-11|d0
107461,train,True,3-5|d0
107462,train,True,6-8|d0
107463,train,True,12-14|d0
107464,train,True,9-11|d0
107465,train,True,9-11|d1
107466,test,True,0-2|d0
107467,train,True,9-11|d0
107468,val,False,na|d0
107469,train,True,3-5|d1
107470,train,True,9-11|d0
107471,test,True,12-14|d0
107472,train,True,12-14|d0
107473,val,True,15+|d1
107474,train,True,0-2|d0
107475,val,True,12-14|d0
107476,train,True,6-8|d0
107477,train,True,6-8|d0
107478,train,True,12-14|d0
107479,train,True,0-2|d0
107480,test,True,12-14|d0
107481,train,True,0-2|d0
107482,test,True,9-11|d0
107483,train,True,0-2|d0
107484,test,True,3-5|d0
107485,train,True,9-11|d1
107486,test,True,9-11|d0
107487,train,True,9-11|d0
107488,val,True,9-11|d0
107489,train,True,9-11|d1
107490,test,True,3-5|d1
107491,train,True,0-2|d0
107492,train,True,9-11|d0
107493,val,True,6-8|d0
107494,val,True,0-2|d0
107495,train,True,6-8|d0
107496,val,True,3-5|d0
107497,train,True,0-2|d0
107498,train,True,3-5|d0
107499,train,True,12-14|d0
107500,val,True,9-11|d0
107501,train,True,9-11|d0
107502,val,True,0-2|d0
107503,train,False,na|d0
107504,train,True,9-11|d0
107505,train,True,9-11|d0
107506,train,True,6-8|d0
107507,test,True,9-11|d0
107508,train,True,6-8|d0
107509,train,True,3-5|d0
107510,val,True,9-11|d0
107511,test,True,12-14|d0
107512,train,True,3-5|d0
107513,train,True,9-11|d0
107514,test,True,3-5|d0
107515,train,True,12-14|d0
107516,test,True,12-14|d0
107517,train,True,3-5|d1
107518,train,True,0-2|d0
107519,train,True,15+|d0
107520,train,True,6-8|d1
107521,train,True,0-2|d0
107522,test,True,15+|d0
107523,val,True,3-5|d0
107524,train,True,12-14|d0
107525,val,True,0-2|d0
107526,train,True,15+|d1
107527,train,True,6-8|d0
107528,train,True,3-5|d1
107529,val,True,0-2|d0
107530,train,True,3-5|d0
107531,test,True,9-11|d0
107532,train,True,12-14|d0
107533,val,True,9-11|d0
107534,train,True,0-2|d0
107535,train,True,15+|d1
107536,train,True,6-8|d0
107537,train,True,6-8|d0
107538,val,True,3-5|d0
107539,test,True,3-5|d0
107540,train,True,3-5|d0
107541,test,True,9-11|d0
107542,train,True,6-8|d0
107543,train,True,9-11|d1
107544,val,True,6-8|d0
107545,val,True,6-8|d1
107546,train,True,9-11|d0
107547,train,True,0-2|d0
107548,train,True,0-2|d0
107549,train,True,6-8|d0
107550,train,True,9-11|d0
107551,train,True,15+|d1
107552,train,True,3-5|d0
107553,train,True,0-2|d0
107554,train,True,15+|d1
107555,train,True,0-2|d0
107556,test,True,3-5|d0
107557,val,False,na|d0
107558,train,True,12-14|d0
107559,val,True,6-8|d0
107560,val,True,0-2|d1
107561,train,True,0-2|d0
107562,train,True,0-2|d0
107563,val,True,6-8|d0
107564,test,True,6-8|d1
107565,train,True,6-8|d0
107566,train,True,3-5|d0
107567,train,True,6-8|d1
107568,train,True,3-5|d0
107569,train,True,3-5|d0
107570,train,True,3-5|d0
107571,train,True,15+|d0
107572,train,True,0-2|d0
107573,train,True,6-8|d0
107574,train,True,9-11|d0
107575,train,True,9-11|d0
107576,train,True,3-5|d0
107577,train,True,9-11|d0
107578,train,True,3-5|d0
107579,val,True,6-8|d0
107580,test,True,6-8|d0
107581,test,True,0-2|d0
107582,train,False,na|d0
107583,train,True,9-11|d0
107584,train,True,6-8|d0
107585,train,True,3-5|d0
107586,train,True,6-8|d0
107587,val,True,3-5|d1
107588,train,True,0-2|d0
107589,train,True,6-8|d0
107590,train,True,12-14|d0
107591,train,False,na|d0
107592,train,True,6-8|d1
107593,val,True,6-8|d0
107594,val,True,3-5|d1
107595,train,True,3-5|d0
107596,test,True,3-5|d0
107597,train,True,3-5|d1
107598,train,True,12-14|d0
107599,train,True,9-11|d0
107600,train,True,9-11|d0
107601,train,True,0-2|d0
107602,train,True,3-5|d0
107603,train,True,6-8|d0
107604,train,True,0-2|d0
107605,test,True,6-8|d0
107606,test,True,9-11|d0
107607,train,True,9-11|d0
107608,train,True,6-8|d0
107609,val,True,0-2|d0
107610,train,True,0-2|d0
107611,test,True,0-2|d0
107612,train,True,15+|d1
107613,train,True,0-2|d0
107614,train,True,6-8|d0
107615,test,True,3-5|d0
107616,val,True,3-5|d0
107617,val,False,na|d0
107618,train,True,3-5|d1
107619,train,True,3-5|d0
107620,val,True,3-5|d0
107621,train,True,0-2|d0
107622,train,True,9-11|d0
107623,train,True,0-2|d0
107624,test,True,3-5|d1
107625,test,True,6-8|d0
107626,train,True,0-2|d0
107627,train,True,3-5|d0
107628,train,True,6-8|d0
107629,train,True,0-2|d0
107630,train,True,6-8|d1
107631,val,True,9-11|d0
107632,train,True,12-14|d0
107633,train,True,0-2|d0
107634,train,True,6-8|d0
107635,val,True,12-14|d0
107636,train,True,3-5|d1
107637,train,True,9-11|d0
107638,train,True,9-11|d1
107639,train,True,0-2|d0
107640,train,True,0-2|d0
107641,train,True,0-2|d0
107642,val,True,3-5|d0
107643,train,True,9-11|d1
107644,train,True,9-11|d0
107645,val,True,12-14|d0
107646,train,True,0-2|d0
107647,val,True,3-5|d0
107648,train,True,0-2|d1
107649,train,True,0-2|d0
107650,train,False,na|d1
107651,test,True,6-8|d0
107652,train,True,3-5|d0
107653,train,True,9-11|d0
107654,train,True,0-2|d0
107655,train,True,9-11|d0
107656,train,True,0-2|d0
107657,test,True,9-11|d1
107658,test,True,6-8|d0
107659,train,True,0-2|d0
107660,train,True,12-14|d0
107661,train,True,0-2|d0
107662,test,True,6-8|d0
107663,train,True,9-11|d0
107664,train,True,9-11|d0
107665,train,True,3-5|d0
107666,val,True,3-5|d1
107667,train,True,3-5|d0
107668,train,True,0-2|d0
107669,train,True,6-8|d0
107670,train,True,6-8|d0
107671,val,True,12-14|d0
107672,train,True,12-14|d0
107673,train,True,9-11|d0
107674,train,True,0-2|d0
107675,train,True,3-5|d0
107676,train,True,9-11|d1
107677,test,True,6-8|d0
107678,train,True,6-8|d0
107679,train,True,6-8|d1
107680,train,True,0-2|d0
107681,train,False,na|d0
107682,train,True,12-14|d0
107683,train,True,6-8|d0
107684,val,True,0-2|d0
107685,train,True,6-8|d0
107686,train,True,0-2|d0
107687,val,True,9-11|d0
107688,train,True,6-8|d0
107689,train,True,12-14|d1
107690,train,True,12-14|d0
107691,train,True,6-8|d0
107692,train,True,9-11|d0
107693,train,True,3-5|d0
107694,train,True,3-5|d0
107695,train,True,15+|d0
107696,train,True,9-11|d0
107697,train,True,3-5|d1
107698,train,True,9-11|d0
107699,test,True,0-2|d0
107700,train,True,12-14|d1
107701,test,True,9-11|d0
107702,val,True,0-2|d0
107703,train,True,6-8|d0
107704,train,True,0-2|d1
107705,train,True,6-8|d1
107706,train,True,6-8|d0
107707,val,True,3-5|d0
107708,test,True,3-5|d0
107709,train,True,9-11|d0
107710,train,True,9-11|d0
107711,train,True,9-11|d0
107712,train,True,0-2|d0
107713,test,True,6-8|d0
107714,train,True,3-5|d1
107715,train,True,0-2|d0
107716,train,True,9-11|d1
107717,train,True,3-5|d0
107718,val,True,6-8|d0
107719,train,True,0-2|d0
107720,train,True,12-14|d0
107721,train,True,9-11|d0
107722,train,True,12-14|d0
107723,train,True,3-5|d0
107724,train,True,6-8|d0
107725,train,True,0-2|d0
107726,train,True,3-5|d0
107727,train,True,3-5|d1
107728,train,True,3-5|d0
107729,test,True,0-2|d0
107730,train,True,0-2|d0
107731,train,True,12-14|d0
107732,train,True,0-2|d0
107733,val,False,na|d0
107734,train,True,0-2|d0
107735,train,True,9-11|d0
107736,val,True,15+|d0
107737,train,True,9-11|d0
107738,train,True,9-11|d0
107739,val,False,na|d0
107740,train,True,3-5|d0
107741,train,True,0-2|d0
107742,train,True,3-5|d0
107743,test,True,0-2|d1
107744,val,True,6-8|d0
107745,train,True,3-5|d0
107746,train,True,0-2|d0
107747,train,True,0-2|d0
107748,train,True,0-2|d0
107749,train,True,0-2|d0
107750,train,True,12-14|d0
107751,test,True,6-8|d1
107752,test,False,na|d0
107753,val,True,3-5|d0
107754,val,True,12-14|d1
107755,train,True,6-8|d0
107756,test,True,9-11|d0
107757,train,True,6-8|d0
107758,train,True,3-5|d0
107759,train,True,9-11|d0
107760,train,True,15+|d0
107761,val,True,0-2|d0
107762,train,True,3-5|d1
107763,val,True,6-8|d1
107764,train,True,6-8|d0
107765,train,True,6-8|d0
107766,test,True,3-5|d1
107767,val,True,15+|d0
107768,train,True,0-2|d0
107769,train,True,6-8|d0
107770,test,True,9-11|d0
107771,val,True,0-2|d0
107772,train,True,9-11|d0
107773,train,True,9-11|d0
107774,test,True,6-8|d1
107775,train,True,0-2|d1
107776,val,True,6-8|d0
107777,train,True,9-11|d0
107778,train,True,9-11|d1
107779,train,True,0-2|d0
107780,train,True,12-14|d0
107781,train,True,6-8|d0
107782,test,True,0-2|d0
107783,test,True,3-5|d0
107784,train,True,9-11|d0
107785,test,True,3-5|d0
107786,train,True,6-8|d0
107787,test,True,6-8|d0
107788,train,True,0-2|d0
107789,train,True,12-14|d1
107790,train,True,9-11|d0
107791,test,True,0-2|d0
107792,val,False,na|d0
107793,train,True,6-8|d0
107794,train,True,0-2|d0
107795,test,True,3-5|d1
107796,train,True,3-5|d1
107797,train,True,9-11|d0
107798,train,True,3-5|d0
107799,val,True,0-2|d0
107800,test,True,0-2|d0
107801,test,True,9-11|d0
107802,train,True,12-14|d1
107803,test,True,6-8|d0
107804,train,True,6-8|d1
107805,train,True,15+|d1
107806,train,True,3-5|d0
107807,test,True,3-5|d0
107808,val,False,na|d0
107809,val,True,0-2|d0
107810,val,True,9-11|d0
107811,train,True,6-8|d0
107812,train,True,6-8|d1
107813,val,True,9-11|d0
107814,train,True,6-8|d1
107815,train,True,12-14|d0
107816,test,True,9-11|d0
107817,train,True,0-2|d0
107818,train,True,0-2|d0
107819,train,True,3-5|d0
107820,train,True,0-2|d0
107821,test,True,12-14|d0
107822,train,True,3-5|d0
107823,test,True,12-14|d1
107824,val,True,0-2|d0
107825,train,True,9-11|d0
107826,test,True,6-8|d0
107827,train,True,6-8|d0
107828,train,True,3-5|d0
107829,train,True,3-5|d0
107830,train,True,6-8|d0
107831,train,True,9-11|d1
107832,train,True,9-11|d0
107833,test,True,6-8|d0
107834,train,True,3-5|d0
107835,val,True,6-8|d0
107836,train,True,9-11|d0
107837,train,True,0-2|d1
107838,train,True,0-2|d0
107839,train,True,6-8|d0
107840,train,True,3-5|d0
107841,train,True,12-14|d0
107842,train,True,6-8|d1
107843,train,True,0-2|d0
107844,train,True,3-5|d0
107845,val,True,6-8|d0
107846,val,True,3-5|d0
107847,test,True,9-11|d0
107848,train,True,6-8|d0
107849,test,True,6-8|d0
107850,train,True,3-5|d0
107851,test,True,3-5|d0
107852,train,True,0-2|d0
107853,train,True,9-11|d0
107854,train,True,0-2|d0
107855,train,True,3-5|d0
107856,train,True,3-5|d1
107857,train,True,6-8|d0
107858,test,True,3-5|d0
107859,train,True,3-5|d0
107860,train,True,3-5|d0
107861,val,True,6-8|d0
107862,train,True,9-11|d0
107863,test,True,0-2|d0
107864,train,True,0-2|d0
107865,train,True,3-5|d1
107866,train,True,6-8|d0
107867,train,True,9-11|d0
107868,test,True,6-8|d0
107869,train,True,6-8|d0
107870,train,True,0-2|d0
107871,train,True,0-2|d0
107872,train,True,9-11|d1
107873,val,False,na|d0
107874,train,True,6-8|d0
107875,train,True,12-14|d0
107876,train,False,na|d0
107877,train,True,12-14|d1
107878,train,True,0-2|d0
107879,train,True,9-11|d0
107880,train,True,9-11|d0
107881,train,True,9-11|d0
107882,train,True,3-5|d0
107883,train,True,6-8|d1
107884,train,True,0-2|d0
107885,val,True,0-2|d0
107886,train,True,9-11|d0
107887,train,True,15+|d0
107888,train,True,9-11|d0
107889,train,True,3-5|d0
107890,train,True,6-8|d0
107891,train,False,na|d0
107892,test,True,3-5|d0
107893,test,True,9-11|d0
107894,train,True,0-2|d0
107895,train,True,6-8|d1
107896,train,True,6-8|d1
107897,test,True,6-8|d1
107898,val,True,6-8|d0
107899,train,True,6-8|d1
107900,test,True,0-2|d0
107901,train,True,9-11|d0
107902,train,True,6-8|d0
107903,train,True,3-5|d0
107904,train,True,0-2|d0
107905,val,True,6-8|d1
107906,train,True,6-8|d0
107907,val,True,3-5|d0
107908,train,True,9-11|d0
107909,train,True,3-5|d0
107910,test,False,na|d0
107911,train,False,na|d1
107912,val,True,0-2|d0
107913,train,True,0-2|d0
107914,train,True,6-8|d0
107915,train,True,0-2|d0
107916,val,True,3-5|d0
107917,train,True,6-8|d0
107918,test,True,3-5|d0
107919,train,True,6-8|d1
107920,test,True,12-14|d1
107921,train,True,15+|d1
107922,train,True,12-14|d0
107923,train,True,0-2|d0
107924,train,True,3-5|d0
107925,test,True,0-2|d0
107926,val,True,0-2|d0
107927,train,True,3-5|d0
107928,val,True,6-8|d0
107929,train,True,6-8|d0
107930,test,True,0-2|d0
107931,test,True,0-2|d0
107932,train,True,9-11|d0
107933,val,True,0-2|d1
107934,train,True,9-11|d0
107935,train,True,9-11|d0
107936,train,True,6-8|d0
107937,test,True,0-2|d0
107938,train,True,6-8|d0
107939,train,True,0-2|d0
107940,train,True,3-5|d1
107941,train,True,0-2|d0
107942,train,True,0-2|d0
107943,train,False,na|d0
107944,train,True,3-5|d0
107945,train,True,6-8|d0
107946,train,False,na|d0
107947,val,True,9-11|d0
107948,train,True,0-2|d0
107949,train,True,0-2|d0
107950,train,True,6-8|d0
107951,train,True,6-8|d0
107952,test,True,6-8|d0
107953,train,True,0-2|d0
107954,train,True,9-11|d0
107955,train,True,3-5|d0
107956,train,True,9-11|d0
107957,val,True,12-14|d0
107958,train,True,3-5|d0
107959,train,True,6-8|d0
107960,train,True,3-5|d0
107961,test,True,0-2|d0
107962,test,True,3-5|d0
107963,train,True,9-11|d0
107964,test,True,0-2|d1
107965,test,True,6-8|d0
107966,val,True,3-5|d0
107967,train,True,12-14|d0
107968,train,True,6-8|d0
107969,val,True,0-2|d0
107970,train,True,6-8|d0
107971,test,True,0-2|d0
107972,val,True,15+|d0
107973,train,True,3-5|d0
107974,train,True,9-11|d0
107975,test,True,6-8|d0
107976,train,True,3-5|d0
107977,train,True,3-5|d0
107978,train,True,3-5|d0
107979,test,True,0-2|d0
107980,train,True,6-8|d0
107981,train,True,9-11|d1
107982,train,True,3-5|d0
107983,val,True,6-8|d1
107984,test,True,3-5|d0
107985,train,True,6-8|d1
107986,train,True,3-5|d1
107987,test,True,9-11|d1
107988,train,True,0-2|d0
107989,train,True,0-2|d1
107990,train,True,9-11|d0
107991,test,True,3-5|d0
107992,train,True,6-8|d1
107993,test,True,6-8|d0
107994,train,True,6-8|d0
107995,train,False,na|d0
107996,val,True,12-14|d0
107997,train,True,12-14|d1
107998,train,True,0-2|d0
107999,train,True,3-5|d0
108000,train,True,9-11|d1
108001,test,True,6-8|d0
108002,train,True,0-2|d0
108003,train,True,0-2|d0
108004,test,True,9-11|d0
108005,train,True,9-11|d0
108006,train,True,6-8|d0
108007,val,True,0-2|d0
108008,train,True,9-11|d0
108009,val,True,3-5|d1
108010,val,True,0-2|d0
108011,train,True,6-8|d0
108012,train,True,12-14|d0
108013,val,True,3-5|d0
108014,train,True,9-11|d0
108015,train,True,9-11|d0
108016,train,True,3-5|d0
108017,train,True,9-11|d1
108018,train,True,6-8|d0
108019,train,True,12-14|d0
108020,train,True,6-8|d0
108021,test,True,3-5|d1
108022,test,True,3-5|d0
108023,test,True,0-2|d0
108024,train,True,3-5|d0
108025,train,True,3-5|d0
108026,train,True,0-2|d0
108027,train,True,12-14|d0
108028,train,True,9-11|d0
108029,train,True,6-8|d0
108030,train,True,9-11|d0
108031,train,True,0-2|d0
108032,train,True,12-14|d0
108033,train,True,0-2|d0
108034,val,True,3-5|d1
108035,train,True,9-11|d0
108036,train,True,3-5|d0
108037,test,True,3-5|d0
108038,train,True,6-8|d0
108039,val,True,3-5|d0
108040,train,True,6-8|d1
108041,train,True,6-8|d0
108042,train,True,6-8|d0
108043,test,True,12-14|d1
108044,train,True,0-2|d0
108045,train,True,3-5|d0
108046,train,True,6-8|d1
108047,train,True,9-11|d0
108048,val,True,6-8|d0
108049,test,True,6-8|d0
108050,train,True,6-8|d0
108051,train,True,3-5|d0
108052,train,True,0-2|d0
108053,test,True,9-11|d1
108054,train,True,0-2|d0
108055,train,True,3-5|d0
108056,train,True,12-14|d0
108057,train,True,0-2|d0
108058,test,True,12-14|d1
108059,train,True,12-14|d0
108060,train,True,12-14|d1
108061,train,False,na|d0
108062,train,True,0-2|d0
108063,train,True,12-14|d0
108064,train,True,9-11|d0
108065,train,True,3-5|d0
108066,train,True,6-8|d0
108067,val,True,0-2|d0
108068,train,True,6-8|d0
108069,train,True,3-5|d0
108070,train,True,9-11|d1
108071,train,True,0-2|d0
108072,train,True,3-5|d0
108073,train,True,3-5|d0
108074,train,True,12-14|d1
108075,val,True,0-2|d1
108076,val,True,9-11|d0
108077,train,True,0-2|d0
108078,train,True,9-11|d0
108079,train,True,0-2|d0
108080,train,True,9-11|d0
108081,train,True,12-14|d0
108082,val,True,0-2|d0
108083,train,True,6-8|d0
108084,train,True,3-5|d0
108085,train,True,12-14|d0
108086,train,True,3-5|d0
108087,test,True,3-5|d0
108088,train,True,6-8|d0
108089,train,True,6-8|d1
108090,train,True,3-5|d0
108091,train,True,6-8|d0
108092,test,True,12-14|d1
108093,train,True,6-8|d0
108094,train,True,0-2|d0
108095,train,True,9-11|d0
108096,train,True,9-11|d0
108097,val,True,6-8|d0
108098,train,True,15+|d1
108099,train,True,6-8|d0
108100,train,True,0-2|d0
108101,train,True,9-11|d0
108102,test,True,6-8|d0
108103,train,True,0-2|d0
108104,train,True,15+|d0
108105,val,True,0-2|d0
108106,train,True,6-8|d0
108107,test,False,na|d0
108108,train,True,12-14|d0
108109,train,True,0-2|d0
108110,train,True,3-5|d0
108111,train,True,0-2|d0
108112,test,True,3-5|d0
108113,train,True,9-11|d0
108114,val,True,12-14|d0
108115,train,True,9-11|d1
108116,train,True,3-5|d0
108117,train,True,3-5|d0
108118,train,True,3-5|d0
108119,train,True,6-8|d0
108120,test,True,9-11|d0
108121,train,True,0-2|d0
108122,test,True,6-8|d0
108123,train,True,6-8|d0
108124,val,True,6-8|d0
108125,test,True,0-2|d0
108126,test,True,9-11|d1
108127,train,True,3-5|d0
108128,test,True,15+|d0
108129,train,True,9-11|d0
108130,test,True,9-11|d0
108131,train,True,6-8|d0
108132,train,True,9-11|d1
108133,test,True,6-8|d0
108134,train,False,na|d0
108135,test,True,12-14|d1
108136,val,True,0-2|d0
108137,val,True,0-2|d0
108138,train,True,9-11|d0
108139,train,True,9-11|d0
108140,train,True,0-2|d0
108141,train,True,0-2|d0
108142,train,True,6-8|d0
108143,test,True,0-2|d0
108144,train,True,6-8|d0
108145,train,True,6-8|d0
108146,val,True,6-8|d0
108147,train,True,0-2|d0
108148,train,True,3-5|d0
108149,val,True,0-2|d1
108150,test,True,0-2|d0
108151,train,True,3-5|d0
108152,train,True,9-11|d0
108153,train,False,na|d0
108154,train,True,0-2|d0
108155,train,True,3-5|d0
108156,train,True,12-14|d0
108157,train,True,3-5|d0
108158,val,True,3-5|d0
108159,test,False,na|d0
108160,val,True,6-8|d0
108161,train,True,9-11|d0
108162,train,True,9-11|d0
108163,train,True,6-8|d1
108164,train,False,na|d0
108165,train,True,0-2|d0
108166,test,True,3-5|d0
108167,train,True,9-11|d0
108168,test,True,6-8|d0
108169,train,True,6-8|d0
108170,test,True,3-5|d0
108171,train,True,6-8|d0
108172,train,True,9-11|d0
108173,train,True,0-2|d0
108174,train,True,6-8|d0
108175,train,True,9-11|d0
108176,train,True,9-11|d0
108177,train,True,9-11|d0
108178,train,True,3-5|d1
108179,test,True,3-5|d0
108180,train,True,0-2|d0
108181,test,True,0-2|d0
108182,train,True,0-2|d1
108183,test,True,9-11|d0
108184,train,True,3-5|d0
108185,train,True,9-11|d1
108186,train,True,9-11|d1
108187,train,True,9-11|d0
108188,train,True,6-8|d0
108189,train,True,0-2|d0
108190,train,True,12-14|d0
108191,train,True,0-2|d0
108192,test,True,9-11|d0
108193,train,True,0-2|d0
108194,train,True,15+|d1
108195,train,True,0-2|d0
108196,val,True,3-5|d0
108197,train,True,0-2|d0
108198,test,True,3-5|d0
108199,train,True,0-2|d0
108200,train,True,6-8|d1
108201,train,True,6-8|d1
108202,train,True,3-5|d0
108203,train,True,6-8|d1
108204,train,True,9-11|d0
108205,train,True,3-5|d1
108206,test,True,9-11|d0
108207,test,True,12-14|d0
108208,train,True,9-11|d1
108209,test,True,3-5|d0
108210,val,True,3-5|d0
108211,train,True,3-5|d1
108212,train,True,6-8|d1
108213,train,True,6-8|d0
108214,train,True,9-11|d1
108215,test,True,9-11|d0
108216,train,True,9-11|d1
108217,train,True,6-8|d0
108218,train,True,9-11|d0
108219,train,True,3-5|d0
108220,train,True,3-5|d1
108221,train,True,0-2|d1
108222,train,True,6-8|d0
108223,train,True,3-5|d0
108224,train,True,3-5|d0
108225,train,True,6-8|d1
108226,train,True,9-11|d0
108227,train,True,6-8|d0
108228,train,True,6-8|d0
108229,train,False,na|d0
108230,test,True,9-11|d0
108231,train,True,0-2|d0
108232,test,True,6-8|d0
108233,train,True,3-5|d0
108234,val,True,0-2|d0
108235,train,True,12-14|d0
108236,val,True,9-11|d0
108237,train,True,0-2|d0
108238,train,True,3-5|d0
108239,train,True,0-2|d0
108240,train,True,3-5|d0
108241,train,True,3-5|d0
108242,train,True,3-5|d0
108243,test,True,3-5|d0
108244,train,True,3-5|d0
108245,train,True,0-2|d0
108246,val,True,9-11|d0
108247,test,True,0-2|d0
108248,train,True,6-8|d0
108249,train,True,6-8|d0
108250,train,True,9-11|d1
108251,train,True,6-8|d0
108252,train,True,6-8|d0
108253,train,True,9-11|d0
108254,train,True,3-5|d0
108255,train,True,6-8|d0
108256,train,True,6-8|d0
108257,train,True,0-2|d0
108258,val,True,9-11|d0
108259,train,True,6-8|d0
108260,train,True,0-2|d0
108261,train,True,12-14|d0
108262,val,True,12-14|d1
108263,train,True,9-11|d0
108264,train,True,6-8|d1
108265,val,False,na|d1
108266,train,True,0-2|d0
108267,val,True,6-8|d0
108268,test,True,12-14|d1
108269,train,True,0-2|d0
108270,train,True,9-11|d0
108271,train,True,6-8|d1
108272,test,True,9-11|d0
108273,train,True,6-8|d0
108274,train,True,0-2|d0
108275,train,True,3-5|d1
108276,train,False,na|d0
108277,train,True,0-2|d0
108278,train,True,0-2|d0
108279,train,True,9-11|d0
108280,train,True,0-2|d1
108281,train,True,6-8|d0
108282,train,True,3-5|d0
108283,train,True,6-8|d1
108284,train,True,15+|d0
108285,train,True,3-5|d0
108286,train,True,3-5|d0
108287,test,True,15+|d0
108288,val,True,0-2|d0
108289,val,True,6-8|d1
108290,train,True,9-11|d0
108291,test,True,9-11|d1
108292,train,True,0-2|d0
108293,train,True,0-2|d0
108294,test,True,6-8|d0
108295,train,True,6-8|d0
108296,train,True,0-2|d1
108297,val,True,3-5|d0
108298,train,True,9-11|d1
108299,train,False,na|d0
108300,train,True,3-5|d1
108301,train,True,3-5|d0
108302,train,True,6-8|d0
108303,train,True,6-8|d1
108304,test,True,12-14|d1
108305,train,True,9-11|d0
108306,train,True,6-8|d0
108307,test,True,9-11|d0
108308,train,True,3-5|d0
108309,test,True,3-5|d0
108310,train,True,9-11|d0
108311,train,True,3-5|d0
108312,val,True,9-11|d0
108313,test,True,15+|d0
108314,train,True,12-14|d0
108315,train,True,6-8|d1
108316,train,True,9-11|d0
108317,train,True,0-2|d0
108318,train,True,0-2|d0
108319,train,True,0-2|d0
108320,train,True,0-2|d1
108321,train,True,0-2|d0
108322,train,True,0-2|d0
108323,val,True,9-11|d0
108324,train,True,6-8|d0
108325,train,True,6-8|d0
108326,train,True,3-5|d0
108327,train,True,9-11|d0
108328,val,True,3-5|d0
108329,test,True,0-2|d0
108330,train,True,6-8|d0
108331,train,True,3-5|d0
108332,train,True,12-14|d1
108333,val,True,0-2|d0
108334,train,True,9-11|d0
108335,train,True,6-8|d1
108336,train,True,3-5|d0
108337,train,True,0-2|d0
108338,train,True,0-2|d0
108339,val,True,0-2|d0
108340,train,True,0-2|d0
108341,train,True,6-8|d0
108342,test,True,9-11|d0
108343,test,True,9-11|d0
108344,train,True,9-11|d0
108345,val,True,3-5|d0
108346,test,True,9-11|d0
108347,val,True,0-2|d0
108348,train,True,9-11|d0
108349,test,True,6-8|d0
108350,train,True,6-8|d0
108351,test,True,0-2|d0
108352,train,True,6-8|d0
108353,test,True,6-8|d0
108354,val,True,6-8|d0
108355,train,True,3-5|d0
108356,train,True,3-5|d0
108357,train,True,9-11|d0
108358,val,True,12-14|d0
108359,train,True,9-11|d0
108360,train,True,3-5|d0
108361,test,True,6-8|d0
108362,train,True,0-2|d0
108363,train,True,0-2|d0
108364,train,True,3-5|d0
108365,train,True,9-11|d0
108366,train,True,0-2|d0
108367,val,True,9-11|d0
108368,train,True,12-14|d1
108369,train,True,0-2|d0
108370,train,True,6-8|d0
108371,train,True,3-5|d0
108372,val,True,6-8|d0
108373,train,True,9-11|d0
108374,train,True,9-11|d1
108375,test,True,3-5|d0
108376,train,True,9-11|d0
108377,train,True,3-5|d1
108378,train,True,3-5|d1
108379,train,True,0-2|d0
108380,train,True,3-5|d0
108381,val,True,9-11|d0
108382,test,True,6-8|d0
108383,train,True,6-8|d0
108384,train,False,na|d1
108385,train,True,12-14|d1
108386,train,True,3-5|d0
108387,train,True,3-5|d1
108388,train,True,9-11|d0
108389,train,True,6-8|d0
108390,train,True,9-11|d0
108391,val,True,3-5|d0
108392,train,True,3-5|d0
108393,val,True,3-5|d0
108394,val,True,6-8|d0
108395,train,True,3-5|d1
108396,test,True,9-11|d0
108397,test,True,9-11|d0
108398,train,True,9-11|d0
108399,train,True,6-8|d0
108400,train,True,6-8|d0
108401,train,True,3-5|d0
108402,test,True,6-8|d1
108403,train,True,0-2|d0
108404,train,True,9-11|d0
108405,train,True,9-11|d1
108406,train,True,0-2|d1
108407,train,True,12-14|d1
108408,val,True,9-11|d0
108409,train,True,9-11|d0
108410,train,True,6-8|d0
108411,test,True,0-2|d0
108412,test,True,15+|d1
108413,train,True,6-8|d0
108414,train,True,9-11|d0
108415,train,True,6-8|d0
108416,val,True,9-11|d0
108417,train,True,3-5|d1
108418,train,True,9-11|d1
108419,train,True,0-2|d0
108420,val,True,6-8|d0
108421,train,True,12-14|d0
108422,train,True,9-11|d0
108423,train,True,6-8|d0
108424,val,True,3-5|d0
108425,train,True,9-11|d1
108426,val,False,na|d0
108427,val,True,6-8|d1
108428,val,True,6-8|d0
108429,test,True,6-8|d0
108430,test,True,6-8|d0
108431,train,True,9-11|d0
108432,train,True,3-5|d0
108433,train,True,9-11|d0
108434,test,True,6-8|d0
108435,test,True,12-14|d1
108436,train,True,3-5|d1
108437,test,True,9-11|d0
108438,train,True,9-11|d0
108439,train,True,12-14|d0
108440,train,True,9-11|d0
108441,val,True,9-11|d0
108442,val,True,9-11|d0
108443,train,True,12-14|d0
108444,train,True,3-5|d0
108445,test,True,3-5|d0
108446,val,True,6-8|d0
108447,train,False,na|d0
108448,train,True,6-8|d0
108449,train,True,6-8|d0
108450,train,True,6-8|d0
108451,train,True,12-14|d0
108452,train,True,0-2|d0
108453,train,True,3-5|d0
108454,train,True,6-8|d0
108455,test,True,6-8|d1
108456,train,True,9-11|d0
108457,train,True,9-11|d0
108458,train,True,3-5|d1
108459,train,True,9-11|d0
108460,test,True,9-11|d0
108461,val,True,3-5|d0
108462,test,True,6-8|d0
108463,val,True,0-2|d0
108464,val,True,0-2|d0
108465,val,True,9-11|d0
108466,train,True,6-8|d0
108467,train,True,6-8|d0
108468,test,True,9-11|d1
108469,test,True,0-2|d0
108470,train,True,6-8|d0
108471,test,True,0-2|d0
108472,test,True,3-5|d0
108473,test,False,na|d0
108474,train,True,0-2|d0
108475,train,True,3-5|d0
108476,train,True,12-14|d1
108477,test,True,0-2|d0
108478,train,True,3-5|d0
108479,train,True,0-2|d0
108480,val,True,6-8|d0
108481,train,True,6-8|d1
108482,test,True,3-5|d0
108483,train,True,9-11|d0
108484,train,True,12-14|d0
108485,val,True,6-8|d0
108486,train,True,3-5|d0
108487,test,True,9-11|d0
108488,train,True,3-5|d0
108489,train,True,6-8|d0
108490,train,True,6-8|d0
108491,train,True,9-11|d0
108492,test,True,9-11|d0
108493,train,True,6-8|d0
108494,test,True,6-8|d0
108495,train,True,3-5|d0
108496,train,True,15+|d1
108497,train,True,3-5|d1
108498,train,True,0-2|d0
108499,train,True,6-8|d0
108500,test,True,9-11|d0
108501,train,True,12-14|d0
108502,test,True,3-5|d0
108503,train,True,6-8|d0
108504,train,True,3-5|d0
108505,train,True,9-11|d1
108506,train,True,0-2|d0
108507,train,True,6-8|d0
108508,test,True,0-2|d0
108509,train,True,3-5|d1
108510,val,True,12-14|d1
108511,train,True,6-8|d0
108512,train,True,6-8|d1
108513,train,True,6-8|d0
108514,train,True,0-2|d0
108515,train,True,0-2|d0
108516,val,True,9-11|d0
108517,train,True,9-11|d0
108518,train,True,6-8|d0
108519,train,True,12-14|d0
108520,val,True,3-5|d0
108521,test,True,0-2|d0
108522,train,True,12-14|d0
108523,val,True,3-5|d0
108524,val,True,9-11|d0
108525,train,True,9-11|d0
108526,test,True,9-11|d0
108527,test,True,6-8|d0
108528,val,True,9-11|d0
108529,train,True,12-14|d1
108530,train,True,6-8|d0
108531,train,False,na|d0
108532,train,True,6-8|d0
108533,train,True,6-8|d0
108534,test,True,6-8|d0
108535,train,True,6-8|d0
108536,train,True,12-14|d0
108537,train,True,3-5|d0
108538,train,True,3-5|d1
108539,train,True,0-2|d0
108540,test,True,12-14|d0
108541,train,True,12-14|d1
108542,train,True,0-2|d0
108543,train,True,0-2|d0
108544,train,True,0-2|d1
108545,test,True,3-5|d0
108546,test,True,3-5|d0
108547,val,False,na|d0
108548,val,True,6-8|d0
108549,train,True,9-11|d0
108550,val,True,3-5|d0
108551,train,True,0-2|d0
108552,train,True,6-8|d0
108553,train,True,0-2|d0
108554,val,True,6-8|d0
108555,train,True,0-2|d0
108556,val,True,3-5|d1
108557,train,True,0-2|d0
108558,val,True,15+|d1
108559,train,True,9-11|d0
108560,val,True,15+|d1
108561,train,True,6-8|d0
108562,train,True,3-5|d0
108563,test,True,3-5|d0
108564,test,True,0-2|d0
108565,val,True,0-2|d0
108566,train,True,6-8|d0
108567,train,True,3-5|d0
108568,train,True,9-11|d0
108569,train,True,0-2|d0
108570,train,True,3-5|d0
108571,train,True,3-5|d0
108572,train,True,6-8|d1
108573,train,True,0-2|d0
108574,val,True,12-14|d0
108575,val,True,6-8|d0
108576,train,True,6-8|d0
108577,train,True,9-11|d1
108578,test,True,15+|d0
108579,val,True,6-8|d0
108580,train,True,3-5|d0
108581,test,True,6-8|d0
108582,train,True,0-2|d0
108583,train,True,6-8|d0
108584,train,True,12-14|d0
108585,test,True,0-2|d0
108586,train,True,0-2|d0
108587,test,True,6-8|d0
108588,val,True,0-2|d0
108589,test,True,3-5|d0
108590,val,True,6-8|d1
108591,train,True,3-5|d0
108592,train,True,0-2|d0
108593,train,True,9-11|d0
108594,train,True,9-11|d0
108595,val,True,3-5|d0
108596,train,True,15+|d0
108597,train,True,12-14|d0
108598,val,True,9-11|d0
108599,train,True,3-5|d0
108600,train,True,6-8|d1
108601,val,True,0-2|d0
108602,train,True,12-14|d1
108603,train,True,9-11|d0
108604,train,True,0-2|d0
108605,train,True,3-5|d0
108606,test,True,15+|d0
108607,train,True,6-8|d1
108608,test,True,3-5|d0
108609,val,True,6-8|d0
108610,val,True,3-5|d0
108611,val,True,6-8|d0
108612,test,True,6-8|d0
108613,val,True,9-11|d0
108614,train,True,9-11|d0
108615,train,True,9-11|d0
108616,train,True,0-2|d0
108617,test,True,0-2|d0
108618,train,False,na|d0
108619,val,True,3-5|d1
108620,test,True,0-2|d0
108621,train,True,9-11|d0
108622,test,True,0-2|d0
108623,train,True,6-8|d1
108624,val,True,9-11|d0
108625,train,True,9-11|d0
108626,train,True,9-11|d0
108627,train,True,0-2|d0
108628,train,True,9-11|d0
108629,train,True,6-8|d0
108630,train,True,6-8|d1
108631,train,True,9-11|d0
108632,train,True,0-2|d0
108633,test,True,9-11|d0
108634,train,True,6-8|d0
108635,train,True,3-5|d0
108636,train,False,na|d1
108637,train,False,na|d0
108638,val,True,6-8|d0
108639,test,False,na|d0
108640,train,True,15+|d0
108641,train,True,6-8|d0
108642,train,True,3-5|d0
108643,train,True,6-8|d0
108644,train,False,na|d0
108645,train,True,0-2|d0
108646,train,True,6-8|d0
108647,train,True,9-11|d0
108648,train,True,9-11|d0
108649,test,True,0-2|d0
108650,train,True,6-8|d0
108651,train,True,6-8|d1
108652,train,True,3-5|d0
108653,train,True,12-14|d0
108654,train,True,6-8|d0
108655,train,True,9-11|d0
108656,val,True,12-14|d1
108657,train,True,3-5|d0
108658,test,True,0-2|d0
108659,train,True,3-5|d0
108660,train,False,na|d0
108661,val,True,0-2|d0
108662,train,True,0-2|d0
108663,val,True,6-8|d1
108664,train,True,12-14|d0
108665,test,True,3-5|d1
108666,train,True,6-8|d0
108667,train,True,9-11|d1
108668,train,True,3-5|d0
108669,train,True,0-2|d0
108670,test,True,12-14|d0
108671,test,True,6-8|d0
108672,train,True,6-8|d0
108673,test,True,3-5|d0
108674,train,True,0-2|d0
108675,val,True,15+|d0
108676,test,True,0-2|d0
108677,train,True,0-2|d0
108678,train,True,9-11|d0
108679,train,True,6-8|d0
108680,val,True,12-14|d0
108681,val,True,9-11|d0
108682,train,True,9-11|d0
108683,train,True,3-5|d0
108684,test,True,9-11|d0
108685,val,True,6-8|d0
108686,train,True,12-14|d0
108687,train,True,3-5|d0
108688,train,True,6-8|d0
108689,train,True,0-2|d0
108690,train,True,9-11|d1
108691,train,True,12-14|d0
108692,test,True,6-8|d0
108693,test,True,15+|d1
108694,test,True,12-14|d0
108695,train,True,0-2|d0
108696,train,True,0-2|d0
108697,train,True,0-2|d0
108698,train,True,3-5|d0
108699,train,True,0-2|d0
108700,train,False,na|d0
108701,train,True,0-2|d0
108702,train,True,3-5|d0
108703,train,True,15+|d1
108704,train,True,9-11|d0
108705,train,True,0-2|d0
108706,train,True,6-8|d0
108707,val,True,6-8|d0
108708,train,True,15+|d1
108709,test,True,9-11|d0
108710,train,True,3-5|d0
108711,val,True,3-5|d0
108712,train,True,12-14|d1
108713,val,True,0-2|d0
108714,train,True,12-14|d0
108715,train,True,15+|d1
108716,train,True,0-2|d0
108717,train,False,na|d0
108718,train,True,3-5|d0
108719,train,True,9-11|d0
108720,test,True,3-5|d0
108721,train,True,6-8|d0
108722,train,True,9-11|d0
108723,test,True,12-14|d1
108724,train,True,15+|d0
108725,train,True,6-8|d0
108726,test,True,6-8|d0
108727,train,True,0-2|d0
108728,train,True,6-8|d0
108729,train,True,9-11|d0
108730,train,True,12-14|d0
108731,test,True,6-8|d0
108732,train,True,6-8|d0
108733,val,True,6-8|d0
108734,test,True,12-14|d0
108735,train,True,12-14|d0
108736,train,True,0-2|d0
108737,train,True,0-2|d0
108738,train,True,0-2|d0
108739,test,True,6-8|d0
108740,train,True,9-11|d0
108741,train,True,6-8|d0
108742,val,True,6-8|d0
108743,train,True,0-2|d0
108744,train,True,3-5|d0
108745,val,True,9-11|d0
108746,train,True,0-2|d0
108747,test,True,12-14|d0
108748,test,True,0-2|d0
108749,train,True,6-8|d1
108750,train,True,12-14|d1
108751,test,True,12-14|d0
108752,val,True,9-11|d0
108753,train,True,0-2|d0
108754,train,True,3-5|d0
108755,train,True,6-8|d0
108756,train,True,3-5|d0
108757,val,True,6-8|d0
108758,train,True,9-11|d0
108759,test,True,9-11|d0
108760,val,True,3-5|d0
108761,val,True,6-8|d1
108762,train,True,0-2|d0
108763,train,True,6-8|d0
108764,train,True,15+|d1
108765,train,True,0-2|d0
108766,train,True,9-11|d0
108767,train,True,0-2|d0
108768,train,True,3-5|d0
108769,test,True,6-8|d0
108770,train,True,3-5|d0
108771,train,True,9-11|d0
108772,train,True,6-8|d0
108773,train,True,0-2|d0
108774,val,True,3-5|d0
108775,train,True,9-11|d0
108776,train,True,12-14|d0
108777,train,True,6-8|d0
108778,train,True,0-2|d0
108779,train,True,0-2|d0
108780,train,True,6-8|d0
108781,train,True,3-5|d0
108782,val,True,15+|d1
108783,train,True,9-11|d0
108784,train,True,6-8|d0
108785,val,True,3-5|d0
108786,train,True,9-11|d0
108787,train,True,9-11|d0
108788,train,True,0-2|d0
108789,train,True,3-5|d0
108790,test,True,3-5|d0
108791,train,True,9-11|d0
108792,train,True,12-14|d0
108793,train,True,0-2|d0
108794,train,True,6-8|d0
108795,train,True,3-5|d0
108796,val,True,0-2|d0
108797,train,True,0-2|d0
108798,test,True,0-2|d0
108799,test,True,12-14|d0
108800,val,True,12-14|d0
108801,test,True,9-11|d0
108802,train,True,0-2|d0
108803,test,True,0-2|d0
108804,train,True,6-8|d0
108805,test,True,6-8|d0
108806,train,True,3-5|d0
108807,train,True,0-2|d0
108808,test,True,3-5|d0
108809,val,True,6-8|d0
108810,train,True,3-5|d0
108811,test,True,3-5|d0
108812,train,True,6-8|d0
108813,train,True,6-8|d0
108814,train,True,3-5|d0
108815,train,True,0-2|d0
108816,train,True,3-5|d0
108817,train,True,6-8|d0
108818,val,True,6-8|d0
108819,train,True,0-2|d0
108820,train,True,0-2|d0
108821,train,True,0-2|d0
108822,val,True,6-8|d0
108823,train,True,3-5|d0
108824,train,True,12-14|d1
108825,train,True,9-11|d0
108826,train,True,0-2|d0
108827,train,True,0-2|d0
108828,train,True,3-5|d0
108829,val,True,6-8|d0
108830,train,True,0-2|d0
108831,train,True,6-8|d0
108832,train,True,9-11|d1
108833,train,True,3-5|d1
108834,train,True,6-8|d0
108835,test,True,0-2|d0
108836,val,True,12-14|d0
108837,train,True,9-11|d0
108838,val,True,12-14|d0
108839,train,True,6-8|d1
108840,val,True,9-11|d0
108841,train,True,0-2|d0
108842,val,True,6-8|d0
108843,val,True,6-8|d1
108844,train,True,6-8|d0
108845,train,True,0-2|d0
108846,train,True,3-5|d0
108847,train,True,9-11|d1
108848,val,True,3-5|d0
108849,train,True,12-14|d0
108850,train,True,6-8|d0
108851,train,True,12-14|d0
108852,train,True,0-2|d0
108853,val,True,3-5|d0
108854,train,True,3-5|d0
108855,test,True,3-5|d0
108856,train,False,na|d0
108857,train,True,3-5|d0
108858,train,True,9-11|d0
108859,test,True,6-8|d0
108860,train,True,12-14|d1
108861,train,False,na|d0
108862,train,True,6-8|d0
108863,val,True,3-5|d0
108864,val,True,12-14|d0
108865,train,True,3-5|d0
108866,train,True,0-2|d0
108867,train,True,0-2|d0
108868,train,True,9-11|d0
108869,train,True,6-8|d0
108870,train,True,9-11|d0
108871,test,True,3-5|d0
108872,train,True,12-14|d0
108873,val,True,0-2|d0
108874,val,True,3-5|d0
108875,train,True,12-14|d0
108876,val,True,3-5|d0
108877,train,True,6-8|d1
108878,train,True,6-8|d0
108879,train,True,0-2|d0
108880,train,True,3-5|d0
108881,train,True,0-2|d0
108882,train,True,9-11|d0
108883,train,True,15+|d1
108884,train,True,0-2|d0
108885,val,True,6-8|d1
108886,train,True,3-5|d0
108887,train,True,6-8|d0
108888,train,True,6-8|d0
108889,test,True,0-2|d0
108890,train,True,6-8|d0
108891,train,True,6-8|d1
108892,val,True,6-8|d0
108893,train,True,6-8|d1
108894,train,True,0-2|d0
108895,train,True,3-5|d0
108896,val,True,0-2|d0
108897,val,True,9-11|d0
108898,train,True,9-11|d0
108899,train,True,3-5|d0
108900,train,True,0-2|d0
108901,test,True,6-8|d0
108902,train,True,6-8|d1
108903,train,False,na|d0
108904,val,True,3-5|d0
108905,train,True,6-8|d0
108906,train,True,6-8|d0
108907,train,True,9-11|d0
108908,train,True,6-8|d0
108909,train,True,0-2|d0
108910,train,True,6-8|d0
108911,train,True,3-5|d0
108912,train,True,6-8|d0
108913,train,True,9-11|d0
108914,train,True,6-8|d1
108915,train,False,na|d0
108916,train,True,0-2|d0
108917,train,True,9-11|d0
108918,val,True,0-2|d0
108919,train,True,6-8|d0
108920,train,True,12-14|d0
108921,val,True,6-8|d0
108922,train,True,9-11|d0
108923,val,True,3-5|d0
108924,train,True,0-2|d0
108925,val,True,9-11|d0
108926,train,True,9-11|d1
108927,train,True,6-8|d0
108928,train,True,3-5|d0
108929,train,True,3-5|d1
108930,train,True,3-5|d0
108931,train,False,na|d0
108932,test,True,0-2|d0
108933,train,True,3-5|d0
108934,train,True,6-8|d0
108935,train,True,6-8|d0
108936,train,True,12-14|d0
108937,train,True,3-5|d0
108938,test,True,3-5|d0
108939,train,True,3-5|d0
108940,train,True,9-11|d0
108941,val,True,6-8|d0
108942,train,True,9-11|d0
108943,train,True,3-5|d1
108944,val,True,6-8|d0
108945,val,True,6-8|d0
108946,train,True,3-5|d0
108947,train,True,9-11|d0
108948,train,True,0-2|d0
108949,train,True,0-2|d0
108950,train,True,0-2|d0
108951,train,True,9-11|d0
108952,train,True,12-14|d0
108953,val,True,0-2|d1
108954,test,True,9-11|d1
108955,train,True,0-2|d0
108956,val,True,15+|d0
108957,train,True,9-11|d0
108958,train,True,12-14|d1
108959,val,True,3-5|d0
108960,train,True,0-2|d0
108961,train,True,6-8|d0
108962,train,True,9-11|d0
108963,train,True,6-8|d0
108964,train,True,3-5|d0
108965,val,True,6-8|d1
108966,train,True,9-11|d1
108967,train,True,9-11|d1
108968,train,True,6-8|d0
108969,val,True,0-2|d0
108970,test,True,15+|d1
108971,test,True,9-11|d0
108972,train,True,3-5|d0
108973,train,True,6-8|d0
108974,train,True,9-11|d0
108975,train,True,0-2|d0
108976,val,True,15+|d1
108977,train,True,0-2|d0
108978,train,True,6-8|d1
108979,val,True,9-11|d0
108980,test,True,9-11|d1
108981,val,True,3-5|d0
108982,train,True,15+|d1
108983,train,True,0-2|d0
108984,train,True,3-5|d0
108985,train,True,3-5|d0
108986,train,True,6-8|d1
108987,train,True,0-2|d0
108988,train,True,12-14|d0
108989,train,True,9-11|d0
108990,test,True,6-8|d0
108991,val,True,3-5|d0
108992,train,True,0-2|d0
108993,train,True,3-5|d0
108994,train,True,12-14|d0
108995,train,True,0-2|d0
108996,train,True,9-11|d0
108997,train,True,3-5|d0
108998,train,True,9-11|d0
108999,train,True,9-11|d0
109000,train,True,6-8|d0
109001,train,True,0-2|d0
109002,train,True,0-2|d0
109003,val,True,3-5|d1
109004,train,True,3-5|d0
109005,train,True,9-11|d0
109006,train,True,9-11|d0
109007,train,False,na|d0
109008,train,True,0-2|d0
109009,test,True,3-5|d0
109010,train,True,6-8|d0
109011,train,True,9-11|d0
109012,test,True,3-5|d0
109013,train,True,6-8|d0
109014,train,True,9-11|d0
109015,train,True,0-2|d0
109016,train,True,0-2|d0
109017,val,True,6-8|d0
109018,val,True,6-8|d1
109019,train,True,0-2|d0
109020,test,True,6-8|d0
109021,val,True,6-8|d1
109022,test,True,3-5|d0
109023,train,True,12-14|d0
109024,train,True,6-8|d0
109025,train,True,6-8|d0
109026,test,True,3-5|d0
109027,train,True,9-11|d0
109028,train,True,9-11|d1
109029,train,True,3-5|d0
109030,train,True,6-8|d0
109031,train,True,0-2|d0
109032,train,True,3-5|d0
109033,train,True,0-2|d0
109034,val,True,6-8|d0
109035,train,True,6-8|d0
109036,train,True,6-8|d0
109037,train,True,6-8|d1
109038,train,True,9-11|d0
109039,train,True,6-8|d0
109040,test,True,9-11|d0
109041,train,True,6-8|d0
109042,test,True,3-5|d0
109043,val,True,9-11|d0
109044,train,True,9-11|d0
109045,val,True,6-8|d1
109046,train,True,0-2|d0
109047,val,True,3-5|d0
109048,train,True,3-5|d0
109049,train,True,6-8|d0
109050,train,True,3-5|d0
109051,train,True,3-5|d0
109052,train,False,na|d0
109053,train,True,0-2|d0
109054,test,True,3-5|d0
109055,train,True,3-5|d0
109056,train,True,0-2|d0
109057,test,True,9-11|d0
109058,train,True,6-8|d1
109059,train,True,0-2|d0
109060,train,True,0-2|d0
109061,train,True,15+|d0
109062,train,True,0-2|d0
109063,train,True,6-8|d0
109064,train,True,3-5|d1
109065,train,True,9-11|d0
109066,test,True,3-5|d0
109067,train,True,6-8|d0
109068,val,True,9-11|d0
109069,val,True,6-8|d0
109070,test,True,6-8|d1
109071,test,True,0-2|d0
109072,train,False,na|d0
109073,test,True,9-11|d0
109074,train,True,0-2|d0
109075,train,False,na|d1
109076,test,True,6-8|d1
109077,train,True,3-5|d0
109078,test,True,12-14|d0
109079,train,True,12-14|d1
109080,test,True,6-8|d0
109081,train,True,0-2|d0
109082,val,True,3-5|d1
109083,train,True,12-14|d1
109084,test,True,0-2|d0
109085,val,True,9-11|d0
109086,train,True,0-2|d0
109087,train,True,0-2|d0
109088,train,True,12-14|d0
109089,train,True,9-11|d1
109090,train,True,6-8|d0
109091,test,True,12-14|d1
109092,train,True,6-8|d0
109093,train,True,9-11|d0
109094,train,True,12-14|d1
109095,train,True,9-11|d0
109096,train,True,9-11|d0
109097,train,True,9-11|d0
109098,test,True,3-5|d0
109099,test,True,3-5|d1
109100,train,True,3-5|d0
109101,train,True,0-2|d0
109102,test,True,0-2|d0
109103,train,True,12-14|d1
109104,val,True,12-14|d0
109105,val,True,12-14|d0
109106,train,True,12-14|d0
109107,test,True,9-11|d1
109108,train,True,0-2|d1
109109,val,True,9-11|d0
109110,train,True,6-8|d0
109111,train,True,3-5|d0
109112,train,True,6-8|d0
109113,val,True,0-2|d0
109114,train,True,12-14|d0
109115,val,True,9-11|d0
109116,val,True,12-14|d0
109117,train,True,6-8|d0
109118,train,True,6-8|d0
109119,train,True,3-5|d0
109120,train,True,9-11|d0
109121,train,True,12-14|d0
109122,train,True,3-5|d0
109123,train,True,9-11|d0
109124,test,True,0-2|d0
109125,val,True,0-2|d0
109126,train,True,6-8|d0
109127,val,True,9-11|d1
109128,train,True,0-2|d0
109129,train,True,3-5|d0
109130,train,True,3-5|d0
109131,train,True,6-8|d0
109132,train,True,9-11|d0
109133,train,True,9-11|d0
109134,train,True,3-5|d0
109135,val,False,na|d0
109136,train,True,6-8|d0
109137,train,True,6-8|d0
109138,train,True,3-5|d0
109139,test,True,6-8|d0
109140,test,True,0-2|d0
109141,train,True,0-2|d0
109142,val,True,0-2|d0
109143,train,True,12-14|d0
109144,train,True,12-14|d0
109145,train,True,9-11|d0
109146,val,True,0-2|d0
109147,train,True,0-2|d0
109148,train,True,6-8|d1
109149,train,True,12-14|d0
109150,test,True,6-8|d0
109151,train,True,9-11|d0
109152,val,False,na|d0
109153,test,True,3-5|d0
109154,val,True,0-2|d0
109155,val,True,12-14|d0
109156,train,True,6-8|d0
109157,train,True,0-2|d0
109158,test,True,0-2|d0
109159,train,True,6-8|d0
109160,train,True,6-8|d0
109161,train,True,9-11|d0
109162,val,True,3-5|d0
109163,val,True,6-8|d0
109164,train,True,9-11|d0
109165,train,True,9-11|d0
109166,train,True,9-11|d0
109167,train,True,6-8|d0
109168,val,True,15+|d1
109169,val,True,6-8|d0
109170,val,True,12-14|d0
109171,train,True,9-11|d0
109172,train,True,0-2|d0
109173,train,False,na|d0
109174,train,True,6-8|d1
109175,train,True,3-5|d0
109176,test,True,12-14|d0
109177,val,True,9-11|d1
109178,train,True,9-11|d0
109179,train,True,9-11|d1
109180,train,True,15+|d1
109181,train,True,6-8|d0
109182,test,True,3-5|d0
109183,train,True,6-8|d0
109184,train,True,9-11|d0
109185,val,True,3-5|d1
109186,val,True,12-14|d0
109187,train,False,na|d0
109188,train,True,9-11|d0
109189,train,True,0-2|d0
109190,train,True,3-5|d1
109191,val,True,12-14|d0
109192,train,True,9-11|d0
109193,train,True,15+|d1
109194,train,True,6-8|d0
109195,train,True,6-8|d1
109196,test,True,12-14|d0
109197,val,True,6-8|d0
109198,train,True,9-11|d1
109199,train,True,15+|d0
109200,test,False,na|d0
109201,val,True,3-5|d0
109202,train,True,6-8|d1
109203,test,True,6-8|d1
109204,val,True,6-8|d0
109205,train,True,6-8|d0
109206,train,True,6-8|d0
109207,train,True,6-8|d1
109208,train,True,12-14|d0
109209,train,True,0-2|d0
109210,train,True,6-8|d0
109211,test,True,9-11|d0
109212,train,True,9-11|d0
109213,train,True,0-2|d0
109214,train,True,6-8|d0
109215,train,True,9-11|d0
109216,val,True,6-8|d0
109217,train,True,6-8|d0
109218,test,True,0-2|d0
109219,train,True,3-5|d1
109220,val,True,9-11|d0
109221,train,True,0-2|d1
109222,test,True,6-8|d0
109223,val,True,9-11|d0
109224,train,True,0-2|d0
109225,train,True,6-8|d0
109226,train,True,6-8|d1
109227,test,True,6-8|d0
109228,test,True,9-11|d0
109229,train,True,6-8|d0
109230,train,True,3-5|d0
109231,train,True,3-5|d0
109232,train,True,6-8|d0
109233,test,True,3-5|d0
109234,train,True,12-14|d0
109235,train,True,0-2|d0
109236,val,True,9-11|d0
109237,train,True,12-14|d0
109238,train,True,0-2|d0
109239,train,True,0-2|d0
109240,val,True,9-11|d0
109241,train,True,0-2|d0
109242,test,True,12-14|d0
109243,train,True,6-8|d0
109244,train,True,9-11|d0
109245,test,True,9-11|d1
109246,test,True,12-14|d0
109247,test,True,9-11|d0
109248,val,True,9-11|d0
109249,val,True,9-11|d0
109250,train,True,9-11|d0
109251,train,True,9-11|d0
109252,train,True,3-5|d0
109253,train,True,0-2|d0
109254,val,True,12-14|d0
109255,train,True,6-8|d0
109256,train,True,9-11|d0
109257,train,True,6-8|d0
109258,test,True,15+|d1
109259,train,True,0-2|d0
109260,train,True,6-8|d0
109261,train,True,6-8|d0
109262,train,True,3-5|d0
109263,train,True,3-5|d0
109264,test,True,6-8|d0
109265,train,True,0-2|d0
109266,train,True,9-11|d0
109267,test,True,6-8|d1
109268,train,True,0-2|d0
109269,train,True,15+|d0
109270,test,True,9-11|d0
109271,train,True,0-2|d0
109272,train,True,0-2|d0
109273,train,True,9-11|d0
109274,test,True,9-11|d0
109275,train,True,6-8|d0
109276,val,True,6-8|d0
109277,val,True,9-11|d0
109278,train,True,9-11|d0
109279,val,True,3-5|d0
109280,train,True,0-2|d0
109281,train,False,na|d1
109282,train,True,6-8|d0
109283,test,True,0-2|d0
109284,val,True,0-2|d0
109285,train,True,12-14|d0
109286,train,True,6-8|d0
109287,train,True,3-5|d0
109288,train,True,9-11|d0
109289,train,True,3-5|d0
109290,train,True,9-11|d0
109291,train,True,6-8|d0
109292,val,True,0-2|d0
109293,train,True,9-11|d1
109294,train,True,3-5|d0
109295,train,True,3-5|d0
109296,test,True,9-11|d0
109297,val,True,12-14|d0
109298,val,True,6-8|d0
109299,test,True,0-2|d0
109300,train,True,3-5|d0
109301,train,True,3-5|d0
109302,train,True,3-5|d0
109303,train,True,6-8|d0
109304,val,True,6-8|d0
109305,train,True,9-11|d1
109306,val,True,3-5|d1
109307,train,True,9-11|d0
109308,train,True,12-14|d0
109309,test,True,9-11|d1
109310,train,True,0-2|d0
109311,val,True,9-11|d0
109312,train,True,12-14|d0
109313,val,True,0-2|d0
109314,train,True,0-2|d0
109315,train,True,3-5|d0
109316,train,True,6-8|d0
109317,train,True,3-5|d0
109318,test,True,12-14|d0
109319,train,True,0-2|d0
109320,train,True,0-2|d0
109321,train,False,na|d1
109322,test,True,12-14|d0
109323,test,True,6-8|d0
109324,test,True,3-5|d0
109325,test,True,6-8|d0
109326,train,True,0-2|d0
109327,train,True,3-5|d0
109328,train,True,0-2|d0
109329,test,True,6-8|d0
109330,test,True,6-8|d0
109331,train,True,6-8|d1
109332,val,True,6-8|d0
109333,train,True,9-11|d0
109334,train,True,6-8|d0
109335,test,True,9-11|d0
109336,train,True,3-5|d0
109337,train,True,3-5|d0
109338,val,True,9-11|d0
109339,test,False,na|d0
109340,train,True,9-11|d1
109341,train,True,6-8|d1
109342,train,True,9-11|d0
109343,train,True,3-5|d0
109344,train,True,9-11|d0
109345,train,True,12-14|d0
109346,train,True,6-8|d1
109347,val,True,3-5|d0
109348,train,True,6-8|d0
109349,val,True,15+|d0
109350,train,True,6-8|d0
109351,val,True,12-14|d0
109352,test,True,3-5|d0
109353,train,True,6-8|d0
109354,train,True,6-8|d0
109355,train,True,9-11|d0
109356,train,True,0-2|d0
109357,val,True,3-5|d0
109358,test,True,6-8|d0
109359,train,True,9-11|d0
109360,train,True,6-8|d0
109361,train,True,6-8|d0
109362,train,True,9-11|d0
109363,train,True,9-11|d0
109364,val,True,3-5|d0
109365,train,True,6-8|d0
109366,test,True,0-2|d1
109367,train,True,0-2|d0
109368,train,True,6-8|d0
109369,train,True,6-8|d0
109370,train,True,3-5|d0
109371,train,True,9-11|d0
109372,train,True,6-8|d0
109373,train,True,6-8|d0
109374,train,True,6-8|d0
109375,train,True,3-5|d0
109376,train,True,3-5|d0
109377,train,True,12-14|d0
109378,train,True,15+|d0
109379,val,True,3-5|d1
109380,train,True,6-8|d0
109381,train,True,12-14|d1
109382,train,True,3-5|d0
109383,train,True,9-11|d1
109384,test,True,3-5|d0
109385,train,True,15+|d0
109386,train,True,6-8|d0
109387,train,True,0-2|d0
109388,train,True,3-5|d1
109389,train,True,3-5|d0
109390,test,True,0-2|d0
109391,val,True,3-5|d0
109392,train,True,0-2|d0
109393,train,True,0-2|d0
109394,train,True,9-11|d0
109395,train,True,3-5|d0
109396,train,True,6-8|d0
109397,val,True,0-2|d0
109398,train,True,9-11|d1
109399,val,True,9-11|d0
109400,train,True,9-11|d0
109401,train,True,9-11|d0
109402,train,True,6-8|d0
109403,train,True,3-5|d0
109404,test,True,6-8|d1
109405,train,True,6-8|d0
109406,val,True,6-8|d0
109407,train,True,3-5|d0
109408,train,True,6-8|d0
109409,train,True,6-8|d0
109410,test,True,0-2|d0
109411,train,True,9-11|d0
109412,train,True,3-5|d0
109413,train,True,0-2|d0
109414,train,True,9-11|d0
109415,train,True,3-5|d0
109416,train,True,9-11|d0
109417,train,True,0-2|d0
109418,val,True,0-2|d0
109419,test,True,15+|d0
109420,train,True,0-2|d0
109421,train,True,6-8|d0
109422,train,True,6-8|d1
109423,train,False,na|d0
109424,train,True,12-14|d0
109425,train,True,0-2|d0
109426,train,True,9-11|d1
109427,val,True,0-2|d0
109428,train,True,6-8|d0
109429,val,True,0-2|d0
109430,test,True,0-2|d1
109431,train,True,6-8|d1
109432,train,True,0-2|d0
109433,test,True,6-8|d1
109434,train,True,9-11|d0
109435,train,True,3-5|d1
109436,test,True,0-2|d0
109437,train,True,3-5|d0
109438,train,True,9-11|d0
109439,train,True,3-5|d0
109440,train,True,15+|d0
109441,train,True,0-2|d0
109442,train,True,6-8|d0
109443,val,True,3-5|d0
109444,train,True,0-2|d0
109445,train,True,3-5|d0
109446,train,True,0-2|d0
109447,test,True,12-14|d0
109448,train,True,6-8|d0
109449,train,True,9-11|d0
109450,train,True,3-5|d0
109451,train,True,3-5|d0
109452,train,True,9-11|d0
109453,test,True,0-2|d0
109454,val,True,3-5|d0
109455,val,True,0-2|d0
109456,test,True,3-5|d0
109457,train,True,9-11|d0
109458,train,True,0-2|d0
109459,test,True,3-5|d0
109460,train,True,6-8|d1
109461,test,True,3-5|d0
109462,train,True,3-5|d0
109463,train,True,6-8|d0
109464,train,True,3-5|d0
109465,test,True,12-14|d0
109466,train,True,6-8|d1
109467,train,True,9-11|d0
109468,test,True,9-11|d0
109469,train,True,3-5|d0
109470,test,True,3-5|d0
109471,train,True,9-11|d0
109472,test,True,0-2|d0
109473,train,True,9-11|d0
109474,train,True,6-8|d0
109475,val,True,6-8|d0
109476,train,True,3-5|d0
109477,test,False,na|d0
109478,train,True,6-8|d1
109479,val,True,6-8|d0
109480,val,True,0-2|d0
109481,train,True,0-2|d0
109482,val,True,3-5|d0
109483,val,True,0-2|d0
109484,train,True,9-11|d0
109485,val,True,9-11|d1
109486,val,True,3-5|d0
109487,val,True,0-2|d0
109488,train,True,3-5|d0
109489,train,True,3-5|d0
109490,test,True,9-11|d0
109491,train,True,3-5|d0
109492,train,True,3-5|d0
109493,test,True,0-2|d0
109494,test,True,9-11|d0
109495,train,True,0-2|d0
109496,train,True,12-14|d0
109497,val,True,9-11|d1
109498,test,True,12-14|d0
109499,train,True,12-14|d0
109500,train,True,0-2|d1
109501,val,True,9-11|d0
109502,test,True,3-5|d0
109503,train,True,9-11|d0
109504,train,True,9-11|d1
109505,train,True,3-5|d0
109506,train,True,6-8|d0
109507,train,True,3-5|d0
109508,train,True,12-14|d0
109509,train,True,0-2|d0
109510,train,True,12-14|d1
109511,train,True,3-5|d0
109512,train,True,9-11|d0
109513,train,True,0-2|d0
109514,test,True,3-5|d0
109515,train,True,6-8|d1
109516,train,True,9-11|d0
109517,train,True,12-14|d0
109518,train,True,9-11|d0
109519,train,True,9-11|d0
109520,train,True,9-11|d0
109521,train,True,6-8|d0
109522,train,True,6-8|d1
109523,val,True,3-5|d0
109524,test,True,0-2|d0
109525,val,True,9-11|d0
109526,train,True,9-11|d0
109527,val,True,3-5|d0
109528,train,True,12-14|d0
109529,test,True,9-11|d0
109530,test,True,6-8|d0
109531,val,True,0-2|d0
109532,train,True,3-5|d0
109533,train,True,3-5|d0
109534,train,True,0-2|d0
109535,val,True,0-2|d0
109536,train,True,3-5|d0
109537,train,True,6-8|d0
109538,train,True,3-5|d0
109539,train,True,0-2|d0
109540,train,True,0-2|d0
109541,train,True,3-5|d0
109542,train,True,12-14|d0
109543,train,True,0-2|d0
109544,train,True,6-8|d0
109545,train,True,0-2|d0
109546,train,True,9-11|d0
109547,train,True,0-2|d0
109548,train,True,9-11|d0
109549,test,True,3-5|d0
109550,val,True,3-5|d0
109551,val,True,9-11|d0
109552,train,True,9-11|d0
109553,train,True,6-8|d0
109554,train,True,9-11|d0
109555,test,False,na|d0
109556,train,True,0-2|d0
109557,train,True,12-14|d1
109558,train,True,0-2|d0
109559,train,True,6-8|d0
109560,train,True,9-11|d0
109561,train,True,3-5|d0
109562,train,True,3-5|d1
109563,test,True,0-2|d0
109564,train,True,6-8|d0
109565,train,True,6-8|d1
109566,train,True,3-5|d0
109567,train,True,12-14|d0
109568,train,True,0-2|d0
109569,train,True,3-5|d0
109570,test,True,9-11|d0
109571,train,True,9-11|d0
109572,train,True,3-5|d0
109573,train,True,12-14|d0
109574,test,True,6-8|d1
109575,train,True,6-8|d1
109576,train,True,0-2|d0
109577,train,True,6-8|d0
109578,train,True,12-14|d0
109579,train,True,12-14|d0
109580,train,True,6-8|d0
109581,train,True,0-2|d0
109582,train,True,15+|d0
109583,train,True,6-8|d0
109584,train,True,6-8|d0
109585,train,True,0-2|d0
109586,train,True,9-11|d0
109587,train,True,3-5|d0
109588,train,True,3-5|d1
109589,train,True,6-8|d0
109590,test,True,6-8|d0
109591,train,True,6-8|d0
109592,train,True,6-8|d0
109593,test,True,0-2|d0
109594,train,True,12-14|d0
109595,val,True,3-5|d0
109596,train,True,3-5|d0
109597,train,True,3-5|d0
109598,val,True,0-2|d0
109599,train,True,3-5|d0
109600,test,True,9-11|d1
109601,train,True,6-8|d1
109602,train,True,3-5|d0
109603,val,True,3-5|d1
109604,test,True,0-2|d0
109605,train,True,12-14|d0
109606,train,True,6-8|d0
109607,test,True,12-14|d0
109608,train,False,na|d0
109609,test,True,12-14|d1
109610,train,True,12-14|d0
109611,train,True,0-2|d0
109612,train,True,9-11|d0
109613,train,True,12-14|d0
109614,train,True,9-11|d0
109615,train,True,9-11|d0
109616,test,True,9-11|d1
109617,train,True,0-2|d0
109618,train,True,6-8|d0
109619,train,True,0-2|d0
109620,train,True,6-8|d0
109621,train,True,3-5|d1
109622,train,True,9-11|d0
109623,test,True,6-8|d1
109624,test,True,9-11|d0
109625,test,True,3-5|d0
109626,test,True,0-2|d0
109627,test,True,6-8|d0
109628,train,True,3-5|d0
109629,train,True,6-8|d0
109630,test,True,6-8|d1
109631,test,True,12-14|d1
109632,train,True,6-8|d0
109633,train,True,0-2|d0
109634,val,True,3-5|d0
109635,train,True,3-5|d0
109636,train,True,9-11|d0
109637,test,True,9-11|d0
109638,train,True,6-8|d0
109639,train,True,0-2|d0
109640,test,True,0-2|d0
109641,val,True,3-5|d0
109642,train,True,6-8|d0
109643,train,True,0-2|d0
109644,train,True,3-5|d0
109645,train,True,0-2|d0
109646,train,True,0-2|d0
109647,train,True,9-11|d1
109648,train,True,3-5|d1
109649,val,True,0-2|d0
109650,train,True,6-8|d0
109651,val,True,0-2|d0
109652,train,True,3-5|d0
109653,train,True,12-14|d1
109654,train,True,0-2|d0
109655,train,True,3-5|d0
109656,train,True,0-2|d0
109657,train,True,0-2|d1
109658,val,True,6-8|d0
109659,train,True,9-11|d0
109660,train,True,9-11|d0
109661,train,True,0-2|d0
109662,train,True,3-5|d0
109663,train,True,12-14|d0
109664,test,True,3-5|d0
109665,train,True,6-8|d0
109666,val,True,3-5|d0
109667,train,True,0-2|d0
109668,test,True,3-5|d0
109669,train,True,0-2|d0
109670,test,True,3-5|d0
109671,train,True,9-11|d0
109672,train,True,6-8|d0
109673,train,True,3-5|d0
109674,train,True,15+|d0
109675,train,True,9-11|d1
109676,train,True,6-8|d0
109677,test,False,na|d1
109678,train,True,3-5|d0
109679,train,True,6-8|d0
109680,train,False,na|d0
109681,train,True,9-11|d0
109682,test,True,9-11|d0
109683,train,True,3-5|d0
109684,train,True,0-2|d0
109685,train,True,0-2|d1
109686,train,True,0-2|d0
109687,test,True,6-8|d0
109688,train,True,6-8|d0
109689,test,True,6-8|d0
109690,train,True,3-5|d0
109691,train,True,12-14|d0
109692,train,True,9-11|d0
109693,test,True,6-8|d0
109694,train,True,0-2|d0
109695,val,True,3-5|d0
109696,train,True,9-11|d0
109697,train,True,9-11|d0
109698,train,True,6-8|d0
109699,train,True,9-11|d0
109700,test,True,9-11|d0
109701,train,True,3-5|d0
109702,train,True,3-5|d0
109703,train,True,3-5|d1
109704,val,True,0-2|d1
109705,val,True,0-2|d0
109706,train,False,na|d1
109707,train,True,15+|d0
109708,train,True,0-2|d1
109709,train,True,9-11|d0
109710,train,True,3-5|d0
109711,val,True,9-11|d0
109712,train,True,3-5|d0
109713,train,True,0-2|d1
109714,train,True,0-2|d0
109715,train,True,3-5|d0
109716,val,True,9-11|d0
109717,val,True,3-5|d0
109718,train,True,12-14|d0
109719,train,True,0-2|d0
109720,train,True,0-2|d0
109721,train,True,0-2|d0
109722,test,True,9-11|d0
109723,train,True,12-14|d0
109724,train,True,6-8|d0
109725,train,False,na|d1
109726,train,True,6-8|d1
109727,train,True,9-11|d0
109728,train,True,6-8|d0
109729,train,True,0-2|d0
109730,val,True,9-11|d0
109731,train,True,12-14|d0
109732,train,True,9-11|d0
109733,train,True,6-8|d0
109734,train,True,0-2|d0
109735,train,True,12-14|d0
109736,test,True,3-5|d1
109737,train,True,9-11|d0
109738,test,False,na|d1
109739,train,True,9-11|d1
109740,test,True,0-2|d0
109741,test,True,0-2|d0
109742,train,True,6-8|d0
109743,test,True,3-5|d0
109744,val,True,3-5|d0
109745,train,True,6-8|d0
109746,train,True,0-2|d0
109747,train,True,3-5|d0
109748,train,True,6-8|d1
109749,val,True,9-11|d0
109750,val,True,9-11|d0
109751,train,True,6-8|d0
109752,val,True,3-5|d0
109753,train,True,9-11|d0
109754,train,True,3-5|d0
109755,train,True,6-8|d0
109756,train,True,12-14|d1
109757,train,True,6-8|d0
109758,test,True,0-2|d0
109759,test,True,9-11|d0
109760,train,True,6-8|d1
109761,val,True,15+|d1
109762,train,True,12-14|d0
109763,train,True,12-14|d0
109764,train,True,0-2|d0
109765,val,True,12-14|d0
109766,val,True,3-5|d0
109767,val,True,6-8|d0
109768,train,True,6-8|d1
109769,val,True,12-14|d0
109770,test,True,6-8|d0
109771,test,True,6-8|d1
109772,train,True,6-8|d0
109773,train,True,9-11|d0
109774,train,True,9-11|d0
109775,train,True,12-14|d0
109776,val,True,9-11|d0
109777,train,True,3-5|d0
109778,train,True,3-5|d0
109779,test,True,6-8|d0
109780,train,True,0-2|d0
109781,train,True,6-8|d0
109782,train,True,12-14|d0
109783,train,True,0-2|d0
109784,train,True,3-5|d0
109785,train,True,6-8|d0
109786,train,True,12-14|d0
109787,train,True,3-5|d0
109788,train,True,12-14|d0
109789,train,True,12-14|d0
109790,test,True,0-2|d0
109791,train,True,3-5|d0
109792,val,True,12-14|d0
109793,train,True,6-8|d0
109794,test,True,0-2|d0
109795,train,True,6-8|d0
109796,train,True,3-5|d0
109797,test,True,6-8|d0
109798,train,True,6-8|d0
109799,train,True,3-5|d0
109800,test,True,0-2|d0
109801,test,True,6-8|d0
109802,train,True,12-14|d0
109803,train,True,6-8|d0
109804,train,True,12-14|d0
109805,train,True,0-2|d0
109806,train,True,0-2|d0
109807,train,True,3-5|d0
109808,test,True,0-2|d0
109809,test,True,3-5|d1
109810,train,True,12-14|d0
109811,train,True,0-2|d0
109812,val,True,6-8|d0
109813,test,True,3-5|d0
109814,val,True,15+|d1
109815,train,True,0-2|d0
109816,val,True,9-11|d0
109817,val,True,9-11|d0
109818,train,True,9-11|d0
109819,train,True,0-2|d0
109820,train,True,15+|d1
109821,val,True,12-14|d0
109822,train,True,3-5|d0
109823,val,True,12-14|d1
109824,train,True,6-8|d0
109825,train,True,6-8|d0
109826,train,True,6-8|d0
109827,train,True,6-8|d0
109828,train,True,0-2|d0
109829,train,True,12-14|d0
109830,train,True,3-5|d0
109831,test,True,6-8|d0
109832,test,True,3-5|d0
109833,train,True,6-8|d0
109834,test,True,12-14|d0
109835,test,True,3-5|d0
109836,train,True,9-11|d0
109837,test,True,0-2|d0
109838,train,True,9-11|d0
109839,train,True,9-11|d0
109840,train,True,12-14|d0
109841,val,True,0-2|d0
109842,train,True,12-14|d0
109843,train,True,0-2|d0
109844,train,True,3-5|d0
109845,train,True,3-5|d1
109846,train,True,3-5|d0
109847,val,True,9-11|d0
109848,val,True,9-11|d0
109849,train,True,6-8|d1
109850,train,True,9-11|d0
109851,train,True,6-8|d0
109852,test,False,na|d0
109853,val,True,6-8|d0
109854,train,True,3-5|d0
109855,train,True,9-11|d0
109856,train,True,6-8|d0
109857,train,True,3-5|d0
109858,train,True,3-5|d0
109859,test,True,9-11|d0
109860,train,True,0-2|d0
109861,val,True,3-5|d0
109862,test,True,3-5|d0
109863,train,True,12-14|d0
109864,train,True,6-8|d0
109865,train,True,15+|d0
109866,train,True,3-5|d0
109867,val,True,12-14|d0
109868,train,True,9-11|d0
109869,train,True,15+|d1
109870,train,True,0-2|d0
109871,test,True,6-8|d0
109872,val,True,6-8|d0
109873,val,True,6-8|d1
109874,train,True,6-8|d0
109875,val,True,9-11|d0
109876,val,True,0-2|d0
109877,train,True,0-2|d0
109878,train,True,6-8|d0
109879,train,True,6-8|d0
109880,test,True,9-11|d0
109881,train,True,6-8|d0
109882,val,True,6-8|d1
109883,train,True,6-8|d0
109884,train,True,6-8|d0
109885,train,True,6-8|d0
109886,train,True,0-2|d0
109887,train,True,3-5|d1
109888,train,True,9-11|d0
109889,train,True,0-2|d1
109890,train,True,6-8|d0
109891,train,True,3-5|d0
109892,val,True,6-8|d0
109893,train,True,0-2|d0
109894,val,True,6-8|d0
109895,train,True,3-5|d1
109896,train,False,na|d0
109897,train,True,6-8|d0
109898,train,True,0-2|d0
109899,test,True,6-8|d0
109900,train,True,3-5|d0
109901,test,True,3-5|d0
109902,train,True,3-5|d0
109903,train,True,9-11|d0
109904,train,True,3-5|d0
109905,train,True,9-11|d0
109906,train,True,3-5|d0
109907,train,True,12-14|d1
109908,train,True,6-8|d0
109909,train,True,12-14|d0
109910,train,True,6-8|d0
109911,test,True,9-11|d0
109912,val,True,9-11|d0
109913,train,True,6-8|d0
109914,train,True,9-11|d0
109915,train,True,15+|d0
109916,train,True,12-14|d0
109917,train,True,3-5|d0
109918,train,True,0-2|d0
109919,val,True,3-5|d0
109920,train,True,12-14|d0
109921,test,True,6-8|d0
109922,train,True,0-2|d0
109923,train,True,3-5|d0
109924,train,True,9-11|d0
109925,train,True,9-11|d0
109926,train,True,12-14|d0
109927,train,True,3-5|d0
109928,test,True,15+|d0
109929,train,True,6-8|d1
109930,train,True,3-5|d0
109931,train,True,6-8|d0
109932,train,True,3-5|d0
109933,train,True,6-8|d0
109934,train,True,6-8|d1
109935,train,True,0-2|d0
109936,test,True,9-11|d0
109937,train,True,12-14|d0
109938,train,True,12-14|d0
109939,train,True,6-8|d0
109940,train,True,6-8|d0
109941,val,True,3-5|d0
109942,val,True,0-2|d0
109943,test,True,3-5|d0
109944,val,True,6-8|d0
109945,train,True,12-14|d1
109946,train,True,3-5|d0
109947,train,True,0-2|d0
109948,train,True,9-11|d0
109949,val,True,9-11|d0
109950,val,True,0-2|d0
109951,train,True,0-2|d0
109952,train,True,9-11|d0
109953,train,True,3-5|d0
109954,train,True,0-2|d0
109955,val,True,9-11|d0
109956,train,True,0-2|d0
109957,test,True,6-8|d0
109958,train,True,3-5|d0
109959,train,True,9-11|d0
109960,test,True,9-11|d0
109961,val,True,3-5|d1
109962,train,True,3-5|d0
109963,test,True,3-5|d0
109964,val,True,6-8|d1
109965,train,True,3-5|d0
109966,train,True,6-8|d0
109967,test,True,6-8|d0
109968,train,True,6-8|d0
109969,train,True,3-5|d0
109970,train,False,na|d0
109971,train,True,6-8|d0
109972,train,True,3-5|d0
109973,train,True,3-5|d1
109974,train,True,3-5|d0
109975,test,True,0-2|d0
109976,val,True,3-5|d0
109977,train,True,3-5|d0
109978,train,True,6-8|d0
109979,train,True,3-5|d0
109980,train,True,9-11|d0
109981,train,True,3-5|d0
109982,test,True,9-11|d0
109983,val,True,12-14|d1
109984,train,True,3-5|d0
109985,train,True,9-11|d0
109986,val,True,0-2|d0
109987,train,True,6-8|d0
109988,train,True,9-11|d0
109989,train,True,12-14|d1
109990,train,True,12-14|d1
109991,train,True,0-2|d0
109992,train,True,9-11|d0
109993,val,True,12-14|d1
109994,train,True,3-5|d0
109995,test,True,9-11|d0
109996,train,True,3-5|d0
109997,test,True,3-5|d0
109998,train,True,15+|d1
109999,train,True,12-14|d1
110000,train,True,9-11|d0
110001,train,True,3-5|d0
110002,train,True,6-8|d0
110003,train,True,6-8|d0
110004,train,True,0-2|d0
110005,train,True,3-5|d0
110006,test,True,12-14|d0
110007,train,True,3-5|d0
110008,train,True,12-14|d1
110009,train,True,12-14|d0
110010,train,True,3-5|d0
110011,val,True,9-11|d0
110012,train,True,9-11|d0
110013,train,True,3-5|d0
110014,train,True,9-11|d1
110015,train,True,0-2|d0
110016,train,True,0-2|d0
110017,train,True,15+|d1
110018,train,True,0-2|d0
110019,train,True,3-5|d0
110020,train,True,3-5|d0
110021,train,False,na|d0
110022,train,True,0-2|d0
110023,test,True,12-14|d0
110024,train,True,6-8|d0
110025,train,True,3-5|d1
110026,val,True,9-11|d0
110027,train,True,6-8|d0
110028,val,True,0-2|d0
110029,train,True,3-5|d1
110030,train,True,6-8|d0
110031,test,True,9-11|d1
110032,train,True,6-8|d0
110033,train,True,6-8|d0
110034,train,True,6-8|d0
110035,train,True,0-2|d0
110036,val,True,12-14|d0
110037,train,True,6-8|d0
110038,train,True,6-8|d0
110039,train,True,6-8|d0
110040,train,True,6-8|d0
110041,train,True,9-11|d0
110042,train,True,6-8|d1
110043,test,True,0-2|d0
110044,train,True,9-11|d1
110045,train,True,9-11|d0
110046,train,True,3-5|d1
110047,test,True,3-5|d0
110048,val,True,9-11|d0
110049,val,True,0-2|d0
110050,train,True,9-11|d0
110051,train,True,12-14|d0
110052,train,True,9-11|d1
110053,val,True,3-5|d0
110054,train,True,0-2|d1
110055,train,True,12-14|d0
110056,train,True,9-11|d0
110057,train,True,9-11|d0
110058,test,True,6-8|d0
110059,train,True,3-5|d0
110060,train,True,12-14|d0
110061,train,True,12-14|d0
110062,train,True,6-8|d0
110063,train,True,3-5|d1
110064,train,True,3-5|d0
110065,val,True,6-8|d0
110066,train,True,6-8|d0
110067,train,True,9-11|d1
110068,test,True,6-8|d0
110069,train,True,0-2|d0
110070,val,True,3-5|d0
110071,val,True,0-2|d0
110072,test,True,9-11|d0
110073,train,True,12-14|d0
110074,train,True,3-5|d0
110075,train,True,0-2|d0
110076,train,True,9-11|d0
110077,train,True,6-8|d0
110078,train,True,0-2|d1
110079,train,True,3-5|d0
110080,val,True,3-5|d0
110081,train,False,na|d0
110082,train,True,9-11|d0
110083,train,True,0-2|d0
110084,train,True,9-11|d0
110085,val,True,12-14|d0
110086,train,True,12-14|d0
110087,train,True,3-5|d0
110088,test,True,0-2|d0
110089,train,True,3-5|d0
110090,train,True,0-2|d0
110091,val,True,12-14|d0
110092,test,True,6-8|d0
110093,train,True,9-11|d1
110094,test,True,9-11|d0
110095,train,True,0-2|d0
110096,train,True,6-8|d1
110097,train,True,0-2|d0
110098,train,True,6-8|d0
110099,test,True,0-2|d0
110100,train,True,9-11|d0
110101,train,True,6-8|d0
110102,train,True,9-11|d0
110103,train,True,0-2|d0
110104,train,True,9-11|d1
110105,train,True,3-5|d1
110106,test,True,0-2|d0
110107,test,True,12-14|d0
110108,train,True,0-2|d0
110109,train,True,3-5|d0
110110,train,True,9-11|d0
110111,train,False,na|d0
110112,train,True,0-2|d0
110113,train,True,6-8|d1
110114,train,True,0-2|d0
110115,train,True,3-5|d1
110116,test,True,9-11|d0
110117,train,True,6-8|d0
110118,val,True,3-5|d0
110119,train,True,9-11|d0
110120,val,True,3-5|d1
110121,train,True,3-5|d1
110122,train,True,3-5|d0
110123,train,True,0-2|d0
110124,train,True,6-8|d1
110125,train,True,9-11|d0
110126,train,True,6-8|d0
110127,train,True,0-2|d0
110128,train,True,3-5|d0
110129,val,True,6-8|d0
110130,train,True,9-11|d0
110131,test,True,12-14|d0
110132,train,True,12-14|d0
110133,train,False,na|d1
110134,train,True,0-2|d0
110135,val,True,15+|d1
110136,train,True,6-8|d1
110137,test,True,0-2|d0
110138,val,True,6-8|d0
110139,val,True,6-8|d1
110140,train,True,0-2|d0
110141,train,True,3-5|d0
110142,train,True,12-14|d0
110143,test,True,6-8|d1
110144,train,True,6-8|d0
110145,val,True,12-14|d0
110146,train,True,3-5|d0
110147,train,True,6-8|d0
110148,val,True,6-8|d0
110149,train,True,6-8|d0
110150,test,True,6-8|d0
110151,val,True,6-8|d0
110152,train,True,3-5|d0
110153,val,True,6-8|d0
110154,train,True,9-11|d0
110155,test,True,6-8|d0
110156,train,True,15+|d0
110157,train,True,6-8|d0
110158,train,True,0-2|d0
110159,train,True,6-8|d0
110160,train,True,6-8|d0
110161,train,True,6-8|d0
110162,train,True,0-2|d0
110163,val,True,0-2|d0
110164,train,True,6-8|d1
110165,test,True,6-8|d0
110166,train,True,0-2|d0
110167,train,True,3-5|d0
110168,test,True,0-2|d0
110169,train,True,6-8|d0
110170,train,True,0-2|d0
110171,train,True,0-2|d1
110172,train,True,9-11|d0
110173,train,True,6-8|d0
110174,train,True,6-8|d0
110175,train,True,0-2|d0
110176,train,True,0-2|d0
110177,train,True,0-2|d0
110178,train,True,9-11|d0
110179,train,True,3-5|d1
110180,train,True,0-2|d0
110181,train,True,3-5|d0
110182,train,True,9-11|d0
110183,train,True,3-5|d0
110184,train,True,0-2|d0
110185,val,True,3-5|d0
110186,train,True,0-2|d0
110187,test,True,15+|d1
110188,train,True,0-2|d0
110189,train,True,3-5|d0
110190,val,True,9-11|d0
110191,train,True,12-14|d1
110192,train,True,12-14|d0
110193,val,True,6-8|d0
110194,train,True,9-11|d0
110195,train,True,3-5|d0
110196,test,True,3-5|d0
110197,train,True,6-8|d0
110198,val,True,0-2|d0
110199,test,True,3-5|d0
110200,train,True,0-2|d0
110201,train,True,0-2|d0
110202,test,True,12-14|d0
110203,train,True,0-2|d0
110204,train,True,6-8|d0
110205,val,True,12-14|d0
110206,train,True,0-2|d0
110207,train,True,12-14|d0
110208,train,True,12-14|d0
110209,val,True,6-8|d1
110210,train,True,0-2|d0
110211,train,True,0-2|d0
110212,train,True,6-8|d0
110213,train,True,3-5|d0
110214,val,True,12-14|d0
110215,train,True,12-14|d0
110216,test,True,9-11|d0
110217,test,True,6-8|d0
110218,train,True,0-2|d0
110219,train,True,6-8|d1
110220,test,True,6-8|d0
110221,test,True,6-8|d1
110222,train,True,6-8|d0
110223,train,True,6-8|d1
110224,train,True,0-2|d0
110225,train,True,15+|d1
110226,test,True,12-14|d0
110227,test,True,3-5|d0
110228,train,True,9-11|d0
110229,train,True,0-2|d0
110230,train,True,3-5|d0
110231,train,True,12-14|d0
110232,train,True,6-8|d0
110233,train,True,9-11|d0
110234,train,True,15+|d1
110235,test,True,0-2|d0
110236,train,True,6-8|d1
110237,train,True,3-5|d0
110238,train,True,6-8|d0
110239,train,True,12-14|d0
110240,train,True,3-5|d0
110241,train,True,12-14|d0
110242,train,True,12-14|d0
110243,test,True,0-2|d0
110244,test,False,na|d0
110245,test,True,6-8|d0
110246,train,True,6-8|d1
110247,test,True,6-8|d1
110248,train,True,12-14|d0
110249,train,True,6-8|d0
110250,train,True,12-14|d1
110251,test,True,0-2|d0
110252,train,True,6-8|d0
110253,val,True,9-11|d0
110254,train,True,6-8|d0
110255,train,True,3-5|d0
110256,val,True,0-2|d0
110257,train,True,12-14|d0
110258,train,True,9-11|d0
110259,train,True,0-2|d0
110260,train,True,0-2|d0
110261,train,True,0-2|d0
110262,train,True,3-5|d0
110263,val,True,0-2|d0
110264,train,True,9-11|d1
110265,test,True,3-5|d0
110266,train,True,6-8|d0
110267,val,True,3-5|d0
110268,val,True,12-14|d0
110269,val,True,6-8|d0
110270,train,True,6-8|d0
110271,train,True,0-2|d0
110272,train,True,0-2|d0
110273,train,True,3-5|d1
110274,test,True,0-2|d0
110275,train,True,3-5|d0
110276,train,True,9-11|d1
110277,test,True,3-5|d1
110278,train,True,9-11|d0
110279,val,True,9-11|d0
110280,train,True,9-11|d0
110281,train,True,6-8|d0
110282,train,True,0-2|d0
110283,train,True,9-11|d0
110284,train,True,9-11|d0
110285,train,True,0-2|d0
110286,test,True,6-8|d0
110287,test,True,0-2|d0
110288,test,True,6-8|d0
110289,train,True,3-5|d0
110290,train,True,0-2|d0
110291,train,True,6-8|d1
110292,train,True,6-8|d0
110293,train,True,0-2|d0
110294,val,True,0-2|d0
110295,train,True,6-8|d0
110296,train,False,na|d0
110297,train,True,6-8|d0
110298,train,True,6-8|d0
110299,train,True,0-2|d0
110300,train,True,9-11|d0
110301,train,True,12-14|d1
110302,train,False,na|d0
110303,train,True,6-8|d1
110304,train,True,0-2|d0
110305,train,True,3-5|d0
110306,train,True,0-2|d0
110307,train,True,6-8|d0
110308,train,True,9-11|d0
110309,test,True,9-11|d0
110310,train,True,6-8|d0
110311,train,True,6-8|d0
110312,train,True,9-11|d0
110313,train,True,9-11|d0
110314,train,True,9-11|d0
110315,test,True,6-8|d0
110316,train,True,6-8|d0
110317,train,True,9-11|d0
110318,train,True,6-8|d0
110319,train,True,6-8|d0
110320,train,True,6-8|d1
110321,val,True,0-2|d0
110322,train,True,0-2|d0
110323,train,True,3-5|d0
110324,train,True,12-14|d0
110325,test,True,0-2|d0
110326,train,True,3-5|d0
110327,train,True,9-11|d0
110328,val,True,0-2|d0
110329,train,True,12-14|d0
110330,train,True,6-8|d0
110331,train,True,6-8|d1
110332,test,True,6-8|d0
110333,val,True,12-14|d1
110334,val,True,3-5|d1
110335,train,True,0-2|d1
110336,val,True,12-14|d1
110337,val,True,6-8|d0
110338,train,True,12-14|d0
110339,test,True,3-5|d0
110340,val,True,6-8|d0
110341,train,True,9-11|d0
110342,val,True,0-2|d0
110343,train,False,na|d0
110344,train,True,9-11|d0
110345,train,True,3-5|d0
110346,train,True,9-11|d0
110347,train,True,3-5|d0
110348,train,True,9-11|d0
110349,test,True,15+|d0
110350,train,True,6-8|d0
110351,train,True,9-11|d0
110352,train,True,9-11|d0
110353,train,True,0-2|d0
110354,test,True,6-8|d1
110355,train,True,9-11|d0
110356,train,True,3-5|d0
110357,train,True,6-8|d0
110358,train,True,12-14|d0
110359,test,True,6-8|d0
110360,val,True,6-8|d0
110361,train,True,6-8|d1
110362,train,True,12-14|d1
110363,train,True,3-5|d0
110364,val,True,3-5|d0
110365,train,True,6-8|d1
110366,test,True,6-8|d1
110367,train,True,0-2|d0
110368,train,True,6-8|d0
110369,train,True,9-11|d0
110370,val,True,12-14|d0
110371,val,True,9-11|d0
110372,train,True,3-5|d0
110373,train,True,0-2|d0
110374,train,True,0-2|d0
110375,train,True,6-8|d0
110376,train,True,0-2|d0
110377,train,True,12-14|d0
110378,val,True,9-11|d0
110379,train,True,9-11|d0
110380,train,True,9-11|d0
110381,train,True,3-5|d0
110382,train,True,6-8|d0
110383,train,True,0-2|d0
110384,train,True,0-2|d0
110385,test,True,6-8|d0
110386,train,True,0-2|d0
110387,train,True,3-5|d0
110388,val,True,3-5|d0
110389,train,True,12-14|d0
110390,train,True,6-8|d0
110391,train,True,6-8|d0
110392,train,True,0-2|d0
110393,train,True,6-8|d0
110394,val,True,6-8|d0
110395,train,True,3-5|d0
110396,val,True,12-14|d0
110397,train,True,0-2|d0
110398,test,True,9-11|d0
110399,train,True,12-14|d0
110400,val,True,0-2|d0
110401,val,True,0-2|d0
110402,train,True,6-8|d0
110403,train,True,6-8|d0
110404,train,True,6-8|d0
110405,train,True,3-5|d0
110406,val,True,15+|d1
110407,train,True,12-14|d1
110408,val,True,0-2|d0
110409,val,True,6-8|d0
110410,val,True,0-2|d0
110411,train,True,0-2|d0
110412,train,True,9-11|d0
110413,train,False,na|d0
110414,val,True,6-8|d0
110415,train,True,6-8|d0
110416,train,True,3-5|d0
110417,test,True,3-5|d0
110418,train,True,3-5|d0
110419,train,True,0-2|d0
110420,test,True,3-5|d0
110421,test,True,9-11|d0
110422,val,False,na|d0
110423,train,True,6-8|d0
110424,train,True,15+|d1
110425,val,True,0-2|d0
110426,test,True,3-5|d0
110427,train,True,3-5|d0
110428,test,True,6-8|d0
110429,val,True,0-2|d0
110430,train,True,0-2|d1
110431,train,True,3-5|d0
110432,test,True,9-11|d0
110433,train,True,9-11|d0
110434,val,True,6-8|d0
110435,train,True,6-8|d0
110436,train,True,3-5|d0
110437,train,True,3-5|d0
110438,train,True,9-11|d0
110439,train,True,9-11|d0
110440,train,True,3-5|d0
110441,val,True,15+|d1
110442,train,True,15+|d1
110443,train,True,6-8|d1
110444,train,True,12-14|d0
110445,train,True,3-5|d0
110446,test,True,0-2|d0
110447,train,True,0-2|d0
110448,train,True,9-11|d0
110449,test,True,6-8|d0
110450,val,True,0-2|d0
110451,train,True,6-8|d0
110452,train,True,3-5|d0
110453,train,True,6-8|d0
110454,train,True,3-5|d0
110455,val,True,3-5|d0
110456,train,True,6-8|d0
110457,train,True,0-2|d1
110458,val,False,na|d0
110459,train,True,3-5|d1
110460,train,True,6-8|d0
110461,train,True,3-5|d1
110462,train,True,12-14|d0
110463,val,True,9-11|d1
110464,train,True,6-8|d0
110465,train,True,3-5|d0
110466,train,True,9-11|d1
110467,train,True,12-14|d0
110468,val,True,6-8|d1
110469,test,True,6-8|d0
110470,train,True,9-11|d0
110471,train,True,12-14|d1
110472,train,True,3-5|d0
110473,train,True,0-2|d0
110474,test,True,3-5|d0
110475,train,True,6-8|d0
110476,val,True,9-11|d0
110477,train,True,3-5|d0
110478,val,True,0-2|d0
110479,train,True,3-5|d0
110480,train,True,12-14|d0
110481,val,True,6-8|d0
110482,test,True,9-11|d0
110483,val,True,9-11|d1
110484,train,True,6-8|d0
110485,train,True,3-5|d1
110486,test,True,6-8|d0
110487,test,True,9-11|d0
110488,train,True,9-11|d0
110489,test,True,9-11|d0
110490,train,True,15+|d0
110491,train,True,6-8|d1
110492,val,True,12-14|d0
110493,val,True,3-5|d0
110494,train,False,na|d0
110495,val,True,6-8|d1
110496,val,True,9-11|d0
110497,train,True,6-8|d0
110498,train,True,6-8|d0
110499,train,False,na|d0
110500,test,True,9-11|d1
110501,train,True,9-11|d0
110502,train,True,6-8|d0
110503,val,True,15+|d0
110504,train,True,0-2|d0
110505,train,True,3-5|d0
110506,train,True,3-5|d0
110507,train,False,na|d0
110508,train,True,3-5|d0
110509,train,True,3-5|d0
110510,train,True,3-5|d0
110511,test,True,9-11|d0
110512,train,False,na|d0
110513,val,True,6-8|d0
110514,train,True,3-5|d0
110515,train,True,0-2|d0
110516,train,True,9-11|d0
110517,train,True,6-8|d0
110518,train,True,3-5|d0
110519,train,True,6-8|d0
110520,test,True,3-5|d1
110521,train,True,9-11|d0
110522,train,True,12-14|d0
110523,val,True,0-2|d0
110524,train,True,6-8|d0
110525,train,True,15+|d1
110526,train,True,9-11|d0
110527,train,True,6-8|d0
110528,train,True,6-8|d0
110529,test,True,3-5|d0
110530,train,True,6-8|d0
110531,train,True,6-8|d0
110532,train,True,15+|d1
110533,train,True,0-2|d0
110534,train,False,na|d0
110535,test,True,12-14|d0
110536,val,True,9-11|d0
110537,test,True,9-11|d0
110538,train,True,6-8|d1
110539,train,True,3-5|d0
110540,val,True,3-5|d1
110541,train,True,12-14|d0
110542,train,True,0-2|d0
110543,train,True,3-5|d0
110544,train,True,9-11|d1
110545,train,True,6-8|d1
110546,val,True,9-11|d0
110547,train,True,6-8|d0
110548,train,True,0-2|d0
110549,test,True,0-2|d0
110550,train,True,3-5|d0
110551,train,True,9-11|d0
110552,train,True,6-8|d0
110553,train,True,12-14|d0
110554,val,True,3-5|d0
110555,train,True,3-5|d0
110556,test,False,na|d0
110557,train,True,9-11|d0
110558,val,True,9-11|d0
110559,train,True,15+|d0
110560,val,True,3-5|d0
110561,test,True,0-2|d0
110562,train,True,3-5|d1
110563,train,True,15+|d1
110564,train,True,3-5|d0
110565,train,True,6-8|d0
110566,train,True,0-2|d0
110567,val,True,6-8|d0
110568,train,True,6-8|d0
110569,val,True,3-5|d0
110570,test,True,6-8|d0
110571,train,True,3-5|d0
110572,train,True,0-2|d0
110573,train,True,3-5|d0
110574,test,True,15+|d0
110575,train,True,0-2|d0
110576,test,True,6-8|d0
110577,train,True,3-5|d0
110578,test,True,0-2|d0
110579,train,True,6-8|d0
110580,train,True,0-2|d0
110581,train,True,12-14|d0
110582,train,True,9-11|d0
110583,val,True,3-5|d0
110584,test,True,6-8|d1
110585,val,True,9-11|d0
110586,train,True,0-2|d0
110587,train,True,6-8|d0
110588,train,True,3-5|d0
110589,train,True,9-11|d0
110590,train,True,9-11|d0
110591,train,False,na|d0
110592,train,True,9-11|d0
110593,train,True,3-5|d0
110594,train,True,3-5|d0
110595,train,True,3-5|d0
110596,train,True,9-11|d0
110597,val,True,6-8|d0
110598,train,True,6-8|d0
110599,train,True,0-2|d0
110600,train,True,6-8|d0
110601,train,True,0-2|d0
110602,train,True,0-2|d0
110603,train,True,6-8|d0
110604,train,True,3-5|d0
110605,train,True,12-14|d1
110606,train,True,6-8|d0
110607,val,True,0-2|d0
110608,train,True,9-11|d0
110609,train,True,6-8|d0
110610,val,True,12-14|d0
110611,train,True,9-11|d1
110612,train,True,6-8|d0
110613,val,True,0-2|d0
110614,train,True,9-11|d0
110615,train,True,9-11|d0
110616,val,True,3-5|d1
110617,train,True,12-14|d0
110618,val,True,3-5|d0
110619,train,True,3-5|d0
110620,test,True,6-8|d0
110621,train,True,0-2|d0
110622,test,True,3-5|d0
110623,val,True,6-8|d0
110624,test,True,6-8|d0
110625,train,True,12-14|d1
110626,train,True,9-11|d0
110627,train,True,3-5|d0
110628,train,True,12-14|d0
110629,train,True,0-2|d0
110630,train,True,0-2|d1
110631,val,True,6-8|d0
110632,train,True,0-2|d0
110633,train,True,3-5|d0
110634,train,True,6-8|d0
110635,train,True,0-2|d0
110636,train,True,6-8|d0
110637,train,True,6-8|d0
110638,train,True,0-2|d0
110639,train,True,6-8|d0
110640,train,True,0-2|d0
110641,train,True,9-11|d0
110642,test,True,12-14|d0
110643,train,True,9-11|d0
110644,train,True,6-8|d0
110645,train,True,6-8|d0
110646,train,True,3-5|d0
110647,val,True,3-5|d0
110648,test,True,15+|d0
110649,test,True,9-11|d0
110650,train,True,0-2|d0
110651,train,True,3-5|d0
110652,train,True,6-8|d1
110653,train,True,9-11|d0
110654,train,True,0-2|d0
110655,train,True,3-5|d0
110656,val,True,6-8|d0
110657,train,True,6-8|d0
110658,test,True,6-8|d0
110659,train,True,6-8|d0
110660,train,True,9-11|d0
110661,train,True,12-14|d0
110662,val,True,0-2|d0
110663,train,True,3-5|d0
110664,train,True,6-8|d0
110665,val,True,9-11|d0
110666,train,True,0-2|d1
110667,val,True,12-14|d0
110668,train,True,6-8|d0
110669,test,True,9-11|d0
110670,train,True,12-14|d0
110671,test,True,12-14|d0
110672,val,True,0-2|d0
110673,train,True,9-11|d0
110674,train,True,0-2|d0
110675,val,True,12-14|d0
110676,train,True,3-5|d0
110677,train,True,6-8|d0
110678,train,True,6-8|d1
110679,test,True,3-5|d0
110680,test,True,0-2|d0
110681,train,True,3-5|d0
110682,train,True,6-8|d0
110683,val,True,6-8|d0
110684,train,True,9-11|d0
110685,val,True,6-8|d1
110686,train,True,0-2|d0
110687,train,True,0-2|d0
110688,test,True,9-11|d0
110689,train,True,9-11|d0
110690,val,True,3-5|d0
110691,train,True,9-11|d0
110692,train,True,9-11|d0
110693,train,True,6-8|d0
110694,test,True,6-8|d0
110695,train,True,12-14|d0
110696,val,True,6-8|d0
110697,train,True,0-2|d0
110698,val,True,3-5|d1
110699,test,True,0-2|d0
110700,train,True,15+|d0
110701,val,True,0-2|d0
110702,train,True,0-2|d0
110703,train,True,0-2|d0
110704,train,True,15+|d0
110705,test,True,6-8|d1
110706,train,True,3-5|d0
110707,train,True,6-8|d0
110708,train,True,6-8|d0
110709,val,True,12-14|d0
110710,train,True,0-2|d0
110711,train,True,6-8|d0
110712,val,True,3-5|d1
110713,train,True,9-11|d0
110714,train,True,0-2|d0
110715,train,True,3-5|d0
110716,test,True,9-11|d0
110717,train,True,0-2|d0
110718,val,True,0-2|d0
110719,val,True,3-5|d1
110720,train,True,6-8|d0
110721,test,True,0-2|d0
110722,train,True,3-5|d0
110723,val,True,0-2|d0
110724,train,True,9-11|d1
110725,test,True,6-8|d0
110726,train,True,3-5|d0
110727,train,True,12-14|d0
110728,test,True,6-8|d1
110729,test,True,6-8|d1
110730,train,True,3-5|d0
110731,train,True,0-2|d0
110732,train,True,3-5|d0
110733,train,True,3-5|d0
110734,train,True,3-5|d0
110735,train,False,na|d0
110736,train,True,0-2|d0
110737,test,True,15+|d0
110738,train,True,6-8|d0
110739,val,True,6-8|d0
110740,train,True,9-11|d0
110741,train,True,0-2|d0
110742,train,True,9-11|d0
110743,train,True,0-2|d0
110744,train,True,6-8|d0
110745,train,True,6-8|d0
110746,val,True,0-2|d0
110747,test,True,6-8|d0
110748,test,True,6-8|d1
110749,val,True,9-11|d0
110750,train,True,0-2|d0
110751,test,True,12-14|d0
110752,train,True,15+|d1
110753,train,True,3-5|d0
110754,train,False,na|d0
110755,train,True,6-8|d1
110756,train,True,9-11|d0
110757,train,True,9-11|d0
110758,test,True,0-2|d0
110759,train,True,3-5|d1
110760,train,True,0-2|d0
110761,train,True,6-8|d0
110762,train,True,3-5|d0
110763,test,True,9-11|d1
110764,train,True,0-2|d0
110765,val,False,na|d0
110766,train,True,9-11|d0
110767,train,True,3-5|d0
110768,test,True,3-5|d1
110769,val,True,9-11|d0
110770,val,True,0-2|d0
110771,test,True,6-8|d0
110772,test,True,9-11|d0
110773,train,True,9-11|d0
110774,val,True,9-11|d0
110775,train,True,6-8|d1
110776,train,True,9-11|d0
110777,train,True,3-5|d0
110778,train,True,9-11|d0
110779,train,True,6-8|d0
110780,val,True,3-5|d0
110781,train,True,0-2|d0
110782,train,True,0-2|d0
110783,val,True,9-11|d0
110784,train,True,0-2|d0
110785,train,True,6-8|d0
110786,test,True,3-5|d0
110787,train,True,6-8|d0
110788,train,True,9-11|d0
110789,val,True,6-8|d0
110790,train,True,6-8|d0
110791,train,True,0-2|d0
110792,train,True,3-5|d0
110793,train,True,9-11|d0
110794,val,True,9-11|d0
110795,train,True,3-5|d0
110796,train,True,3-5|d0
110797,test,True,6-8|d0
110798,test,True,9-11|d0
110799,train,False,na|d0
110800,train,True,9-11|d0
110801,train,True,6-8|d0
110802,val,True,9-11|d0
110803,train,True,9-11|d0
110804,val,True,3-5|d0
110805,train,True,9-11|d0
110806,val,True,6-8|d1
110807,train,True,6-8|d0
110808,train,True,3-5|d0
110809,train,True,0-2|d0
110810,val,True,0-2|d0
110811,val,True,9-11|d1
110812,val,True,9-11|d0
110813,train,True,0-2|d0
110814,train,False,na|d0
110815,train,True,9-11|d0
110816,train,True,0-2|d0
110817,train,True,0-2|d0
110818,train,True,12-14|d1
110819,train,True,0-2|d0
110820,val,True,9-11|d0
110821,test,False,na|d0
110822,train,True,6-8|d0
110823,val,True,3-5|d0
110824,train,True,9-11|d0
110825,train,True,3-5|d0
110826,train,True,0-2|d0
110827,test,True,6-8|d0
110828,test,True,0-2|d0
110829,val,True,9-11|d0
110830,train,True,6-8|d0
110831,val,True,6-8|d0
110832,test,False,na|d0
110833,train,True,0-2|d0
110834,train,True,9-11|d0
110835,train,True,6-8|d0
110836,val,True,0-2|d0
110837,train,True,9-11|d0
110838,train,True,9-11|d1
110839,train,True,12-14|d0
110840,test,True,3-5|d0
110841,train,True,0-2|d0
110842,train,True,0-2|d0
110843,train,True,6-8|d0
110844,train,True,9-11|d0
110845,test,True,6-8|d0
110846,train,False,na|d0
110847,train,True,3-5|d0
110848,train,True,3-5|d0
110849,train,True,12-14|d0
110850,train,True,0-2|d0
110851,train,True,9-11|d0
110852,train,True,9-11|d1
110853,train,True,0-2|d1
110854,train,True,3-5|d0
110855,train,True,9-11|d0
110856,train,True,6-8|d0
110857,test,True,9-11|d0
110858,train,True,0-2|d0
110859,test,True,3-5|d0
110860,train,True,3-5|d0
110861,train,True,0-2|d0
110862,train,True,3-5|d0
110863,train,True,3-5|d0
110864,test,True,6-8|d0
110865,test,True,3-5|d0
110866,train,False,na|d0
110867,train,True,6-8|d0
110868,train,True,3-5|d0
110869,train,True,0-2|d0
110870,train,True,12-14|d0
110871,train,True,3-5|d0
110872,train,True,6-8|d0
110873,train,True,9-11|d0
110874,train,True,6-8|d0
110875,train,True,6-8|d1
110876,train,True,6-8|d0
110877,train,True,6-8|d0
110878,train,True,9-11|d0
110879,train,True,9-11|d0
110880,train,True,12-14|d0
110881,train,True,3-5|d0
110882,train,True,9-11|d0
110883,train,True,12-14|d0
110884,train,True,3-5|d0
110885,train,True,3-5|d0
110886,train,True,6-8|d0
110887,train,True,3-5|d0
110888,train,True,9-11|d1
110889,train,True,12-14|d0
110890,train,True,3-5|d0
110891,train,True,6-8|d1
110892,test,True,6-8|d0
110893,train,True,3-5|d0
110894,train,True,9-11|d0
110895,train,True,9-11|d0
110896,train,True,0-2|d0
110897,train,True,12-14|d1
110898,train,True,12-14|d0
110899,val,True,3-5|d0
110900,train,True,9-11|d0
110901,train,True,6-8|d0
110902,train,True,12-14|d0
110903,train,True,3-5|d0
110904,train,True,12-14|d0
110905,train,True,0-2|d0
110906,val,True,12-14|d0
110907,train,True,6-8|d0
110908,train,True,6-8|d0
110909,train,True,3-5|d0
110910,test,True,6-8|d0
110911,train,True,9-11|d0
110912,val,True,0-2|d0
110913,train,True,9-11|d1
110914,train,True,0-2|d0
110915,train,True,6-8|d0
110916,test,True,6-8|d1
110917,test,True,3-5|d0
110918,train,True,3-5|d0
110919,train,True,12-14|d0
110920,val,False,na|d1
110921,val,True,0-2|d0
110922,train,True,12-14|d1
110923,train,True,0-2|d0
110924,test,True,6-8|d0
110925,train,True,3-5|d0
110926,train,True,9-11|d0
110927,val,True,6-8|d0
110928,train,True,0-2|d0
110929,val,True,15+|d0
110930,train,True,6-8|d0
110931,test,True,0-2|d0
110932,val,True,6-8|d0
110933,test,True,3-5|d1
110934,train,True,9-11|d0
110935,val,True,6-8|d0
110936,train,True,0-2|d0
110937,val,True,9-11|d0
110938,test,True,12-14|d0
110939,train,True,9-11|d0
110940,train,True,6-8|d0
110941,train,True,6-8|d0
110942,train,False,na|d0
110943,train,True,9-11|d1
110944,train,True,9-11|d0
110945,train,True,0-2|d0
110946,test,True,6-8|d0
110947,test,True,6-8|d0
110948,train,True,9-11|d0
110949,train,True,15+|d1
110950,train,True,3-5|d0
110951,train,True,0-2|d0
110952,train,True,9-11|d1
110953,val,True,0-2|d0
110954,val,True,3-5|d0
110955,train,True,6-8|d0
110956,train,True,0-2|d0
110957,train,True,9-11|d0
110958,train,True,6-8|d0
110959,train,True,9-11|d0
110960,train,True,3-5|d0
110961,test,True,3-5|d0
110962,train,True,6-8|d0
110963,train,True,0-2|d0
110964,val,True,0-2|d0
110965,train,True,3-5|d0
110966,train,True,15+|d0
110967,train,True,9-11|d0
110968,train,True,9-11|d0
110969,train,True,3-5|d0
110970,train,True,9-11|d0
110971,train,True,12-14|d0
110972,train,True,12-14|d0
110973,train,True,6-8|d0
110974,train,True,3-5|d0
110975,train,True,3-5|d0
110976,val,True,9-11|d0
110977,train,True,6-8|d0
110978,train,True,3-5|d0
110979,val,True,6-8|d0
110980,train,True,15+|d0
110981,train,True,6-8|d0
110982,train,True,3-5|d0
110983,train,True,0-2|d0
110984,test,True,12-14|d0
110985,train,True,3-5|d0
110986,train,True,6-8|d0
110987,train,True,9-11|d0
110988,test,True,0-2|d0
110989,val,True,6-8|d0
110990,train,True,3-5|d0
110991,train,True,6-8|d0
110992,train,True,3-5|d1
110993,train,True,3-5|d0
110994,train,True,12-14|d1
110995,train,True,3-5|d0
110996,train,True,0-2|d0
110997,train,True,6-8|d0
110998,test,True,3-5|d0
110999,train,True,9-11|d0
111000,train,True,0-2|d0
111001,train,True,3-5|d0
111002,train,True,15+|d0
111003,test,True,12-14|d1
111004,train,True,12-14|d0
111005,val,True,9-11|d0
111006,val,True,0-2|d0
111007,test,True,0-2|d0
111008,train,True,6-8|d0
111009,val,True,0-2|d0
111010,train,True,9-11|d0
111011,train,True,0-2|d0
111012,train,True,6-8|d0
111013,train,True,0-2|d0
111014,train,True,6-8|d0
111015,train,True,9-11|d1
111016,train,True,9-11|d0
111017,train,True,9-11|d0
111018,test,True,9-11|d0
111019,train,True,3-5|d0
111020,train,True,6-8|d0
111021,train,True,9-11|d0
111022,train,True,6-8|d0
111023,train,True,12-14|d0
111024,test,False,na|d0
111025,val,True,3-5|d0
111026,train,True,9-11|d0
111027,train,True,15+|d1
111028,train,False,na|d0
111029,test,True,0-2|d0
111030,test,True,6-8|d0
111031,train,True,6-8|d0
111032,test,True,6-8|d0
111033,test,True,9-11|d1
111034,test,True,3-5|d0
111035,val,True,9-11|d1
111036,test,True,12-14|d0
111037,test,True,3-5|d0
111038,train,True,9-11|d1
111039,val,True,9-11|d0
111040,train,True,6-8|d1
111041,train,True,9-11|d0
111042,test,True,9-11|d0
111043,train,True,0-2|d0
111044,train,True,6-8|d0
111045,train,True,0-2|d0
111046,test,True,3-5|d1
111047,train,True,0-2|d0
111048,test,True,6-8|d0
111049,train,True,0-2|d0
111050,train,True,6-8|d0
111051,test,True,15+|d0
111052,val,True,6-8|d1
111053,train,True,9-11|d0
111054,train,True,6-8|d0
111055,train,True,9-11|d0
111056,train,True,0-2|d0
111057,test,False,na|d1
111058,val,True,0-2|d0
111059,val,True,3-5|d0
111060,train,True,9-11|d0
111061,train,True,6-8|d0
111062,train,True,3-5|d1
111063,train,True,12-14|d0
111064,test,True,6-8|d0
111065,train,True,9-11|d0
111066,test,True,6-8|d0
111067,val,True,0-2|d0
111068,train,True,0-2|d0
111069,train,True,3-5|d0
111070,test,True,12-14|d1
111071,val,True,3-5|d0
111072,train,True,6-8|d0
111073,train,True,0-2|d0
111074,train,True,0-2|d0
111075,train,True,9-11|d1
111076,train,True,0-2|d0
111077,train,True,6-8|d0
111078,test,True,12-14|d1
111079,train,True,6-8|d0
111080,test,True,6-8|d0
111081,train,True,0-2|d0
111082,train,True,6-8|d0
111083,train,True,0-2|d0
111084,test,True,9-11|d0
111085,train,True,3-5|d0
111086,train,True,9-11|d0
111087,val,True,9-11|d0
111088,train,True,6-8|d0
111089,train,True,0-2|d0
111090,train,True,12-14|d0
111091,train,True,12-14|d1
111092,train,True,12-14|d0
111093,test,True,6-8|d1
111094,train,True,0-2|d0
111095,test,True,0-2|d0
111096,train,True,3-5|d0
111097,val,True,9-11|d0
111098,train,True,12-14|d0
111099,train,True,12-14|d0
111100,train,True,9-11|d0
111101,train,True,6-8|d1
111102,train,True,6-8|d0
111103,train,True,6-8|d1
111104,val,True,6-8|d0
111105,train,True,9-11|d1
111106,train,True,6-8|d0
111107,train,True,9-11|d0
111108,train,True,6-8|d0
111109,train,True,3-5|d1
111110,train,True,3-5|d0
111111,train,True,0-2|d0
111112,val,True,0-2|d0
111113,val,True,3-5|d0
111114,train,True,9-11|d0
111115,train,True,6-8|d0
111116,train,True,0-2|d0
111117,train,True,6-8|d0
111118,train,True,3-5|d0
111119,test,True,0-2|d0
111120,train,True,6-8|d0
111121,train,False,na|d0
111122,train,True,12-14|d1
111123,val,True,0-2|d0
111124,train,True,6-8|d0
111125,train,True,3-5|d1
111126,train,True,0-2|d0
111127,train,True,0-2|d0
111128,val,True,0-2|d0
111129,train,True,9-11|d0
111130,test,True,3-5|d0
111131,train,True,6-8|d0
111132,train,True,15+|d1
111133,train,True,9-11|d0
111134,train,True,0-2|d0
111135,test,True,12-14|d0
111136,train,True,15+|d1
111137,train,True,0-2|d0
111138,test,True,6-8|d0
111139,train,True,6-8|d0
111140,train,True,3-5|d0
111141,train,True,6-8|d0
111142,test,True,3-5|d1
111143,train,True,3-5|d0
111144,train,True,6-8|d0
111145,train,True,6-8|d0
111146,val,True,3-5|d0
111147,val,True,9-11|d0
111148,test,True,0-2|d0
111149,train,True,0-2|d0
111150,val,True,6-8|d0
111151,train,True,9-11|d0
111152,train,True,3-5|d0
111153,val,True,3-5|d0
111154,train,True,6-8|d0
111155,val,True,0-2|d0
111156,train,True,9-11|d0
111157,train,True,3-5|d0
111158,train,True,3-5|d0
111159,test,True,9-11|d0
111160,val,True,0-2|d0
111161,train,True,0-2|d0
111162,val,True,9-11|d0
111163,train,True,6-8|d0
111164,train,True,6-8|d0
111165,train,True,3-5|d0
111166,train,True,6-8|d1
111167,train,True,3-5|d0
111168,train,True,9-11|d0
111169,train,True,9-11|d1
111170,train,True,9-11|d0
111171,val,True,9-11|d0
111172,val,True,0-2|d0
111173,test,True,9-11|d0
111174,train,True,9-11|d0
111175,test,True,6-8|d0
111176,test,True,15+|d0
111177,train,True,6-8|d0
111178,train,True,3-5|d0
111179,train,True,9-11|d0
111180,val,True,3-5|d0
111181,train,True,12-14|d1
111182,test,True,6-8|d0
111183,train,True,9-11|d1
111184,train,True,0-2|d0
111185,val,True,3-5|d0
111186,train,True,9-11|d1
111187,train,True,3-5|d1
111188,train,True,12-14|d0
111189,train,True,0-2|d0
111190,train,True,12-14|d0
111191,test,True,3-5|d0
111192,val,True,3-5|d0
111193,train,True,12-14|d0
111194,train,True,9-11|d0
111195,train,True,9-11|d0
111196,train,True,12-14|d0
111197,val,True,12-14|d1
111198,val,True,6-8|d0
111199,test,True,12-14|d0
111200,train,True,12-14|d0
111201,val,True,0-2|d0
111202,train,False,na|d0
111203,train,True,9-11|d0
111204,test,True,12-14|d0
111205,train,True,3-5|d0
111206,train,False,na|d0
111207,train,True,3-5|d1
111208,train,True,0-2|d1
111209,train,True,6-8|d0
111210,train,True,9-11|d0
111211,train,True,3-5|d0
111212,val,True,3-5|d0
111213,train,True,6-8|d1
111214,test,True,0-2|d0
111215,train,True,3-5|d1
111216,train,True,9-11|d0
111217,train,True,12-14|d0
111218,train,True,6-8|d0
111219,train,True,6-8|d1
111220,train,True,0-2|d0
111221,val,True,12-14|d0
111222,train,True,3-5|d0
111223,val,True,6-8|d0
111224,train,True,6-8|d0
111225,train,True,3-5|d0
111226,train,True,12-14|d1
111227,train,True,6-8|d0
111228,test,True,6-8|d0
111229,train,True,0-2|d0
111230,train,True,3-5|d0
111231,train,True,6-8|d0
111232,test,True,6-8|d0
111233,val,True,12-14|d0
111234,train,True,9-11|d0
111235,train,True,6-8|d0
111236,train,True,12-14|d0
111237,train,False,na|d0
111238,train,True,0-2|d0
111239,val,True,6-8|d0
111240,train,True,9-11|d0
111241,train,True,9-11|d0
111242,test,True,0-2|d0
111243,train,True,12-14|d0
111244,test,True,0-2|d0
111245,test,True,6-8|d0
111246,val,True,6-8|d0
111247,train,True,6-8|d1
111248,train,True,3-5|d0
111249,train,True,15+|d0
111250,train,True,0-2|d0
111251,train,False,na|d0
111252,train,True,0-2|d0
111253,train,False,na|d0
111254,train,True,12-14|d1
111255,train,True,3-5|d0
111256,train,True,6-8|d1
111257,train,True,12-14|d0
111258,train,True,6-8|d1
111259,train,False,na|d0
111260,train,True,9-11|d0
111261,train,True,3-5|d0
111262,test,True,12-14|d0
111263,test,True,0-2|d0
111264,train,True,6-8|d0
111265,train,True,12-14|d0
111266,train,True,0-2|d0
111267,train,True,9-11|d0
111268,train,True,9-11|d0
111269,train,True,0-2|d0
111270,test,True,0-2|d0
111271,train,True,6-8|d0
111272,train,True,3-5|d0
111273,train,True,0-2|d0
111274,val,True,12-14|d0
111275,train,True,6-8|d0
111276,train,False,na|d0
111277,train,True,3-5|d0
111278,train,True,3-5|d0
111279,train,True,0-2|d0
111280,train,True,3-5|d0
111281,train,True,6-8|d1
111282,train,True,0-2|d0
111283,test,True,6-8|d0
111284,train,True,9-11|d0
111285,val,True,6-8|d0
111286,val,True,12-14|d1
111287,train,True,12-14|d0
111288,val,True,9-11|d0
111289,train,True,0-2|d1
111290,test,True,0-2|d0
111291,train,True,12-14|d0
111292,train,True,6-8|d0
111293,train,True,9-11|d0
111294,val,True,0-2|d0
111295,train,True,0-2|d0
111296,test,True,15+|d1
111297,val,True,3-5|d0
111298,train,True,0-2|d0
111299,train,True,6-8|d1
111300,train,True,12-14|d1
111301,test,True,9-11|d0
111302,train,True,12-14|d0
111303,train,True,6-8|d0
111304,train,True,9-11|d0
111305,test,True,0-2|d0
111306,val,True,9-11|d1
111307,train,True,9-11|d0
111308,train,True,6-8|d1
111309,train,True,3-5|d0
111310,train,True,9-11|d0
111311,train,False,na|d0
111312,train,True,6-8|d0
111313,test,True,9-11|d0
111314,test,True,15+|d1
111315,train,True,12-14|d0
111316,val,True,3-5|d0
111317,train,True,6-8|d0
111318,train,True,0-2|d0
111319,train,True,0-2|d0
111320,train,True,0-2|d0
111321,val,True,3-5|d0
111322,train,True,6-8|d0
111323,train,True,6-8|d0
111324,train,True,9-11|d1
111325,train,True,15+|d0
111326,train,True,0-2|d0
111327,val,True,3-5|d0
111328,train,True,9-11|d0
111329,train,True,6-8|d0
111330,train,True,6-8|d0
111331,train,True,6-8|d0
111332,test,True,12-14|d1
111333,train,True,9-11|d1
111334,test,True,3-5|d0
111335,train,True,3-5|d0
111336,val,False,na|d0
111337,train,True,9-11|d0
111338,train,True,3-5|d0
111339,train,True,12-14|d0
111340,train,True,0-2|d1
111341,train,True,3-5|d0
111342,val,True,6-8|d0
111343,train,True,6-8|d0
111344,val,True,6-8|d0
111345,train,True,6-8|d0
111346,train,True,0-2|d0
111347,test,True,0-2|d0
111348,train,True,6-8|d0
111349,test,True,6-8|d0
111350,train,True,6-8|d0
111351,train,True,3-5|d0
111352,train,True,9-11|d0
111353,train,True,9-11|d0
111354,train,True,6-8|d0
111355,train,True,6-8|d0
111356,train,True,9-11|d1
111357,train,True,0-2|d0
111358,train,True,9-11|d0
111359,train,True,9-11|d0
111360,test,True,0-2|d0
111361,val,True,12-14|d1
111362,train,True,3-5|d0
111363,train,True,9-11|d0
111364,val,True,0-2|d0
111365,train,True,9-11|d0
111366,train,True,12-14|d0
111367,train,True,9-11|d0
111368,train,True,3-5|d1
111369,test,True,0-2|d0
111370,train,True,6-8|d0
111371,train,True,3-5|d0
111372,train,True,3-5|d0
111373,test,True,3-5|d0
111374,train,True,6-8|d0
111375,train,True,3-5|d0
111376,train,True,6-8|d0
111377,train,True,9-11|d0
111378,train,True,6-8|d0
111379,train,True,3-5|d0
111380,val,True,0-2|d0
111381,train,True,9-11|d0
111382,train,True,6-8|d0
111383,train,True,9-11|d0
111384,train,True,3-5|d0
111385,val,True,9-11|d0
111386,test,True,6-8|d1
111387,train,True,3-5|d0
111388,test,True,6-8|d0
111389,train,True,6-8|d0
111390,train,True,9-11|d0
111391,train,True,12-14|d0
111392,train,True,15+|d1
111393,train,True,3-5|d0
111394,train,True,12-14|d0
111395,test,True,12-14|d1
111396,train,True,3-5|d0
111397,train,True,9-11|d0
111398,train,True,3-5|d0
111399,test,True,12-14|d0
111400,test,True,12-14|d0
111401,train,True,3-5|d0
111402,train,True,0-2|d0
111403,train,True,0-2|d0
111404,train,True,0-2|d0
111405,train,True,9-11|d1
111406,train,True,9-11|d0
111407,train,True,3-5|d1
111408,train,True,6-8|d0
111409,train,True,12-14|d0
111410,test,True,6-8|d0
111411,train,True,0-2|d0
111412,train,True,12-14|d0
111413,val,True,9-11|d0
111414,train,True,9-11|d0
111415,val,True,3-5|d1
111416,test,True,3-5|d0
111417,train,True,3-5|d0
111418,val,True,6-8|d0
111419,val,True,6-8|d0
111420,train,True,3-5|d0
111421,train,True,6-8|d0
111422,train,True,3-5|d1
111423,test,True,6-8|d0
111424,test,True,6-8|d0
111425,test,True,3-5|d0
111426,train,True,6-8|d1
111427,test,True,9-11|d0
111428,train,True,0-2|d0
111429,train,True,9-11|d0
111430,train,True,6-8|d0
111431,train,True,6-8|d0
111432,test,True,6-8|d1
111433,val,True,3-5|d0
111434,train,True,9-11|d0
111435,test,True,15+|d0
111436,train,True,3-5|d0
111437,train,True,9-11|d0
111438,train,True,3-5|d0
111439,train,True,9-11|d0
111440,train,True,12-14|d0
111441,train,True,6-8|d0
111442,train,True,0-2|d0
111443,train,True,6-8|d0
111444,train,True,6-8|d0
111445,val,True,6-8|d0
111446,train,True,12-14|d0
111447,val,True,3-5|d0
111448,train,True,3-5|d0
111449,train,True,9-11|d0
111450,val,True,3-5|d0
111451,train,True,3-5|d1
111452,val,True,9-11|d0
111453,train,True,6-8|d1
111454,val,True,0-2|d0
111455,train,True,6-8|d0
111456,train,True,6-8|d0
111457,val,True,6-8|d0
111458,train,True,6-8|d1
111459,train,True,6-8|d0
111460,train,True,12-14|d1
111461,train,True,0-2|d1
111462,train,True,6-8|d1
111463,val,True,3-5|d0
111464,train,True,9-11|d1
111465,val,True,9-11|d0
111466,train,True,9-11|d0
111467,train,True,0-2|d0
111468,train,True,3-5|d0
111469,val,True,6-8|d0
111470,train,True,3-5|d0
111471,test,True,12-14|d0
111472,train,True,15+|d1
111473,train,True,3-5|d0
111474,train,True,3-5|d0
111475,train,True,0-2|d1
111476,test,True,0-2|d0
111477,train,True,6-8|d0
111478,train,True,12-14|d0
111479,train,True,3-5|d0
111480,train,True,6-8|d0
111481,train,True,0-2|d1
111482,test,True,0-2|d0
111483,train,False,na|d0
111484,val,True,3-5|d0
111485,train,True,6-8|d0
111486,train,True,0-2|d0
111487,val,True,9-11|d0
111488,train,True,6-8|d0
111489,train,True,9-11|d0
111490,train,True,3-5|d0
111491,train,True,6-8|d0
111492,train,True,6-8|d0
111493,train,True,6-8|d0
111494,train,True,6-8|d1
111495,train,True,6-8|d0
111496,test,True,6-8|d0
111497,train,True,0-2|d0
111498,train,True,6-8|d1
111499,train,True,6-8|d0
111500,train,True,6-8|d0
111501,train,True,0-2|d0
111502,train,True,3-5|d0
111503,train,True,9-11|d0
111504,train,True,6-8|d0
111505,train,True,3-5|d0
111506,test,True,6-8|d0
111507,val,True,9-11|d0
111508,test,True,12-14|d0
111509,train,True,3-5|d0
111510,test,True,12-14|d0
111511,test,True,3-5|d1
111512,val,True,9-11|d1
111513,train,True,9-11|d1
111514,train,True,9-11|d1
111515,train,True,12-14|d1
111516,train,True,9-11|d0
111517,val,True,6-8|d0
111518,train,True,6-8|d1
111519,train,True,6-8|d0
111520,train,True,0-2|d0
111521,train,True,6-8|d0
111522,test,True,12-14|d0
111523,train,True,9-11|d0
111524,train,True,6-8|d0
111525,train,False,na|d0
111526,val,True,9-11|d1
111527,train,True,6-8|d0
111528,train,True,0-2|d0
111529,test,True,12-14|d0
111530,test,True,6-8|d0
111531,train,True,3-5|d0
111532,train,True,6-8|d1
111533,val,True,0-2|d0
111534,train,False,na|d0
111535,train,True,3-5|d0
111536,test,True,3-5|d0
111537,train,True,15+|d1
111538,train,True,6-8|d1
111539,test,True,3-5|d0
111540,train,True,3-5|d0
111541,train,True,12-14|d1
111542,train,True,12-14|d0
111543,train,True,12-14|d1
111544,train,True,0-2|d0
111545,test,True,3-5|d0
111546,train,True,9-11|d1
111547,train,True,9-11|d1
111548,train,True,3-5|d0
111549,train,True,9-11|d1
111550,train,True,6-8|d0
111551,train,True,12-14|d0
111552,train,False,na|d0
111553,val,True,3-5|d0
111554,val,True,3-5|d0
111555,test,True,3-5|d0
111556,train,True,3-5|d1
111557,train,True,6-8|d0
111558,train,True,3-5|d0
111559,train,True,6-8|d0
111560,train,True,3-5|d0
111561,train,True,6-8|d0
111562,train,True,3-5|d0
111563,train,True,0-2|d0
111564,train,True,0-2|d0
111565,train,True,9-11|d0
111566,train,True,6-8|d1
111567,train,True,9-11|d0
111568,train,True,6-8|d0
111569,val,True,6-8|d0
111570,train,True,6-8|d0
111571,test,True,9-11|d0
111572,train,True,6-8|d0
111573,train,True,9-11|d0
111574,val,True,3-5|d0
111575,train,True,0-2|d0
111576,train,True,3-5|d0
111577,train,True,15+|d0
111578,train,True,9-11|d0
111579,train,True,0-2|d0
111580,train,True,0-2|d0
111581,test,True,6-8|d0
111582,test,True,6-8|d0
111583,val,True,12-14|d0
111584,train,True,6-8|d0
111585,train,True,3-5|d0
111586,train,True,6-8|d0
111587,test,True,6-8|d0
111588,test,True,3-5|d0
111589,test,True,12-14|d0
111590,train,True,9-11|d1
111591,train,True,6-8|d0
111592,test,True,12-14|d0
111593,val,True,3-5|d0
111594,train,True,9-11|d0
111595,test,True,3-5|d1
111596,train,True,0-2|d0
111597,test,True,15+|d0
111598,train,True,3-5|d0
111599,train,True,0-2|d0
111600,train,True,0-2|d0
111601,train,True,15+|d0
111602,train,True,0-2|d0
111603,train,True,9-11|d0
111604,test,True,6-8|d0
111605,train,True,6-8|d0
111606,train,True,9-11|d0
111607,train,True,9-11|d0
111608,test,True,9-11|d0
111609,train,True,6-8|d0
111610,train,True,12-14|d0
111611,train,True,6-8|d0
111612,train,False,na|d1
111613,val,True,0-2|d0
111614,train,True,6-8|d0
111615,train,True,6-8|d0
111616,train,True,12-14|d1
111617,val,True,6-8|d0
111618,val,True,9-11|d0
111619,val,True,3-5|d0
111620,train,True,9-11|d0
111621,train,True,6-8|d0
111622,train,True,12-14|d1
111623,train,True,12-14|d0
111624,test,True,0-2|d0
111625,train,True,15+|d0
111626,train,True,0-2|d1
111627,train,True,6-8|d0
111628,train,True,0-2|d0
111629,val,True,3-5|d0
111630,train,True,9-11|d0
111631,val,True,3-5|d0
111632,train,True,12-14|d0
111633,train,True,9-11|d0
111634,train,False,na|d0
111635,train,True,0-2|d0
111636,train,True,0-2|d0
111637,test,True,3-5|d0
111638,train,True,0-2|d0
111639,train,True,9-11|d0
111640,train,True,6-8|d0
111641,train,True,6-8|d0
111642,train,True,15+|d0
111643,train,True,6-8|d1
111644,train,True,0-2|d0
111645,train,True,15+|d1
111646,train,True,6-8|d1
111647,train,True,12-14|d1
111648,train,True,0-2|d0
111649,train,True,9-11|d0
111650,test,True,9-11|d0
111651,val,True,0-2|d0
111652,train,True,6-8|d1
111653,train,True,3-5|d0
111654,val,True,0-2|d0
111655,val,True,0-2|d0
111656,train,True,3-5|d1
111657,train,True,6-8|d0
111658,train,True,6-8|d0
111659,val,True,9-11|d0
111660,train,True,3-5|d0
111661,train,True,3-5|d0
111662,train,True,3-5|d0
111663,val,True,6-8|d0
111664,test,True,3-5|d0
111665,test,True,6-8|d0
111666,train,True,9-11|d0
111667,train,True,6-8|d0
111668,train,True,12-14|d0
111669,val,True,0-2|d0
111670,train,True,6-8|d0
111671,train,True,3-5|d0
111672,val,True,0-2|d0
111673,train,True,15+|d1
111674,val,True,12-14|d0
111675,train,False,na|d0
111676,test,True,9-11|d1
111677,train,True,6-8|d0
111678,train,True,6-8|d0
111679,test,True,0-2|d0
111680,train,True,6-8|d0
111681,train,True,6-8|d0
111682,train,True,6-8|d0
111683,train,True,12-14|d0
111684,val,True,3-5|d0
111685,train,True,6-8|d0
111686,train,True,12-14|d0
111687,val,True,0-2|d0
111688,train,True,0-2|d0
111689,train,True,9-11|d0
111690,train,True,3-5|d0
111691,train,True,12-14|d0
111692,train,True,6-8|d1
111693,train,True,9-11|d1
111694,train,True,3-5|d0
111695,test,True,9-11|d0
111696,train,True,3-5|d0
111697,val,True,9-11|d1
111698,train,True,6-8|d0
111699,test,True,6-8|d0
111700,val,True,9-11|d0
111701,train,True,6-8|d0
111702,train,True,3-5|d0
111703,val,True,12-14|d0
111704,train,True,6-8|d0
111705,train,True,9-11|d0
111706,train,True,6-8|d0
111707,train,True,0-2|d1
111708,val,False,na|d0
111709,test,True,9-11|d0
111710,train,True,9-11|d0
111711,train,True,0-2|d0
111712,val,True,3-5|d0
111713,val,True,6-8|d0
111714,test,True,6-8|d0
111715,train,False,na|d0
111716,train,True,6-8|d0
111717,train,True,6-8|d0
111718,test,True,3-5|d0
111719,val,True,0-2|d0
111720,val,True,6-8|d0
111721,test,True,6-8|d0
111722,val,True,3-5|d0
111723,train,True,0-2|d0
111724,train,True,6-8|d0
111725,val,True,9-11|d1
111726,train,True,9-11|d0
111727,train,True,6-8|d1
111728,train,True,9-11|d0
111729,train,True,9-11|d0
111730,val,True,0-2|d0
111731,train,True,6-8|d1
111732,train,True,9-11|d0
111733,train,True,0-2|d1
111734,val,True,3-5|d0
111735,val,True,12-14|d0
111736,train,True,12-14|d1
111737,test,True,6-8|d1
111738,train,True,6-8|d0
111739,train,True,9-11|d1
111740,train,True,6-8|d0
111741,train,True,3-5|d0
111742,test,True,12-14|d0
111743,val,True,3-5|d0
111744,train,True,0-2|d0
111745,train,True,0-2|d0
111746,val,True,6-8|d0
111747,val,True,9-11|d1
111748,train,False,na|d0
111749,val,True,0-2|d0
111750,train,True,0-2|d0
111751,val,True,0-2|d0
111752,val,True,3-5|d0
111753,test,True,9-11|d0
111754,test,True,9-11|d0
111755,test,True,9-11|d0
111756,val,True,0-2|d0
111757,train,True,6-8|d0
111758,train,True,6-8|d0
111759,train,False,na|d0
111760,train,True,6-8|d1
111761,train,True,3-5|d0
111762,test,False,na|d0
111763,val,True,0-2|d0
111764,train,True,0-2|d0
111765,train,True,3-5|d0
111766,train,True,6-8|d0
111767,val,True,0-2|d0
111768,train,False,na|d0
111769,train,True,6-8|d0
111770,val,True,0-2|d0
111771,train,True,6-8|d0
111772,train,True,9-11|d0
111773,test,True,0-2|d0
111774,train,True,6-8|d0
111775,train,True,6-8|d0
111776,train,True,9-11|d0
111777,test,True,6-8|d0
111778,train,True,9-11|d0
111779,train,True,3-5|d0
111780,train,True,3-5|d0
111781,test,True,9-11|d0
111782,train,True,6-8|d0
111783,train,True,0-2|d0
111784,train,True,6-8|d0
111785,train,True,6-8|d1
111786,train,True,3-5|d0
111787,train,True,6-8|d0
111788,train,True,3-5|d1
111789,train,True,6-8|d0
111790,test,True,3-5|d1
111791,test,True,0-2|d0
111792,val,True,12-14|d0
111793,test,True,0-2|d0
111794,test,True,0-2|d1
111795,train,True,0-2|d0
111796,train,True,9-11|d0
111797,train,True,9-11|d0
111798,train,True,6-8|d1
111799,train,True,6-8|d0
111800,train,True,12-14|d0
111801,train,True,12-14|d0
111802,train,True,12-14|d1
111803,val,True,3-5|d0
111804,val,True,9-11|d0
111805,train,True,9-11|d0
111806,test,True,6-8|d0
111807,train,True,9-11|d0
111808,train,False,na|d0
111809,train,True,12-14|d0
111810,val,True,9-11|d1
111811,train,True,6-8|d0
111812,train,True,6-8|d1
111813,train,True,6-8|d0
111814,train,True,3-5|d0
111815,test,True,9-11|d0
111816,train,True,0-2|d0
111817,train,True,9-11|d0
111818,train,True,0-2|d0
111819,train,True,9-11|d0
111820,val,True,6-8|d0
111821,train,True,9-11|d0
111822,train,True,6-8|d0
111823,train,True,3-5|d0
111824,val,True,9-11|d0
111825,train,True,0-2|d0
111826,test,True,6-8|d0
111827,train,True,0-2|d0
111828,train,True,3-5|d0
111829,test,True,0-2|d0
111830,val,True,9-11|d1
111831,test,True,9-11|d0
111832,test,True,6-8|d0
111833,train,True,6-8|d0
111834,test,True,6-8|d0
111835,train,True,6-8|d0
111836,train,True,0-2|d0
111837,train,True,9-11|d0
111838,train,False,na|d0
111839,val,True,6-8|d0
111840,train,True,3-5|d0
111841,train,True,15+|d0
111842,train,True,3-5|d0
111843,train,True,3-5|d0
111844,train,True,12-14|d0
111845,test,True,9-11|d0
111846,train,True,9-11|d0
111847,train,True,12-14|d0
111848,val,True,12-14|d0
111849,train,True,9-11|d0
111850,test,False,na|d0
111851,train,True,9-11|d0
111852,train,True,6-8|d0
111853,train,True,3-5|d0
111854,train,True,0-2|d1
111855,train,True,9-11|d0
111856,train,True,3-5|d0
111857,train,True,3-5|d0
111858,train,True,6-8|d0
111859,train,True,9-11|d1
111860,train,True,0-2|d0
111861,val,True,6-8|d0
111862,val,True,6-8|d0
111863,train,True,6-8|d0
111864,train,True,3-5|d0
111865,train,True,0-2|d0
111866,train,False,na|d0
111867,val,True,6-8|d0
111868,train,True,0-2|d0
111869,train,True,15+|d1
111870,train,True,3-5|d1
111871,train,True,3-5|d0
111872,train,True,6-8|d0
111873,test,True,0-2|d0
111874,train,True,6-8|d0
111875,test,True,12-14|d0
111876,train,True,3-5|d0
111877,train,True,6-8|d0
111878,val,True,0-2|d1
111879,train,True,9-11|d0
111880,train,True,9-11|d0
111881,train,True,15+|d0
111882,test,True,0-2|d0
111883,train,True,0-2|d0
111884,test,True,9-11|d0
111885,train,True,0-2|d0
111886,train,True,0-2|d0
111887,train,True,12-14|d0
111888,test,True,6-8|d0
111889,train,True,9-11|d0
111890,train,True,0-2|d0
111891,train,True,0-2|d0
111892,train,False,na|d0
111893,val,True,9-11|d1
111894,train,True,9-11|d0
111895,train,True,0-2|d0
111896,train,False,na|d0
111897,train,True,3-5|d0
111898,train,False,na|d0
111899,val,True,9-11|d0
111900,train,True,0-2|d0
111901,train,True,15+|d0
111902,train,True,6-8|d0
111903,train,True,3-5|d0
111904,train,True,3-5|d1
111905,test,True,12-14|d0
111906,test,True,9-11|d0
111907,train,True,3-5|d0
111908,train,True,9-11|d0
111909,train,True,3-5|d1
111910,val,True,9-11|d1
111911,train,True,3-5|d0
111912,test,True,6-8|d0
111913,val,True,9-11|d1
111914,val,True,0-2|d0
111915,test,True,6-8|d0
111916,train,True,6-8|d0
111917,val,True,6-8|d0
111918,train,True,3-5|d0
111919,train,True,3-5|d0
111920,train,True,3-5|d0
111921,val,True,9-11|d0
111922,test,True,6-8|d0
111923,val,True,0-2|d0
111924,val,True,9-11|d1
111925,train,True,0-2|d0
111926,train,True,9-11|d0
111927,test,True,6-8|d0
111928,train,True,3-5|d0
111929,train,True,6-8|d0
111930,val,True,0-2|d0
111931,test,True,6-8|d1
111932,test,True,9-11|d0
111933,train,True,3-5|d0
111934,train,True,3-5|d0
111935,test,True,3-5|d0
111936,val,True,9-11|d0
111937,test,True,6-8|d0
111938,train,True,6-8|d0
111939,train,True,6-8|d0
111940,val,True,6-8|d0
111941,train,True,0-2|d0
111942,train,True,3-5|d0
111943,train,True,3-5|d0
111944,train,True,9-11|d0
111945,train,True,0-2|d0
111946,train,True,3-5|d0
111947,train,True,9-11|d0
111948,test,True,9-11|d1
111949,train,True,0-2|d0
111950,train,True,3-5|d0
111951,train,True,6-8|d0
111952,train,True,6-8|d1
111953,train,True,6-8|d0
111954,train,True,0-2|d0
111955,train,True,6-8|d0
111956,test,True,9-11|d0
111957,val,True,0-2|d0
111958,train,True,9-11|d0
111959,train,True,9-11|d0
111960,train,True,9-11|d0
111961,train,True,0-2|d0
111962,test,True,12-14|d0
111963,train,True,12-14|d1
111964,val,True,6-8|d0
111965,train,True,15+|d1
111966,train,True,3-5|d0
111967,train,True,0-2|d0
111968,train,True,6-8|d1
111969,test,True,3-5|d0
111970,test,True,12-14|d0
111971,train,False,na|d0
111972,train,True,0-2|d0
111973,train,True,0-2|d0
111974,train,True,0-2|d0
111975,train,True,9-11|d0
111976,val,True,3-5|d0
111977,train,True,12-14|d0
111978,train,True,12-14|d0
111979,train,True,6-8|d0
111980,test,True,9-11|d0
111981,train,True,12-14|d0
111982,train,True,3-5|d0
111983,test,True,9-11|d0
111984,train,True,3-5|d0
111985,train,True,9-11|d1
111986,train,True,0-2|d0
111987,train,True,12-14|d0
111988,train,True,6-8|d0
111989,train,True,9-11|d1
111990,train,True,15+|d0
111991,val,True,9-11|d0
111992,train,True,9-11|d0
111993,train,True,0-2|d0
111994,val,False,na|d0
111995,train,True,6-8|d0
111996,train,False,na|d0
111997,test,True,9-11|d0
111998,train,True,0-2|d0
111999,val,True,6-8|d0
112000,val,True,0-2|d0
