RecordID,SAPS-I,SOFA,Length_of_stay,Survival,In-hospital_death
100001,3,1,8,-1,0
100002,16,7,5,4,1
100003,14,9,17,-1,0
100004,13,9,9,8,1
100005,13,9,33,-1,0
100006,25,12,15,-1,0
100007,6,1,2,-1,0
100008,12,1,2,1058,0
100009,8,-1,9,-1,0
100010,-1,-1,-1,-1,0
100011,15,5,9,11,0
100012,9,1,18,-1,0
100013,15,5,6,-1,0
100014,11,8,4,-1,0
100015,13,2,6,1052,0
100016,17,9,7,1926,0
100017,18,7,5,-1,0
100018,17,5,9,-1,0
100019,9,1,11,-1,0
100020,16,7,9,-1,0
100021,11,1,31,-1,0
100022,13,9,7,6,1
100023,10,6,10,1849,0
100024,23,12,44,181,0
100025,8,1,7,47,0
100026,15,6,12,533,0
100027,19,9,10,-1,0
100028,12,4,6,-1,0
100029,13,5,15,-1,0
100030,20,8,9,8,1
100031,8,1,8,-1,0
100032,16,4,12,1273,0
100033,15,3,5,-1,0
100034,24,15,13,-1,0
100035,13,2,4,-1,0
100036,18,11,7,-1,0
100037,5,4,6,461,0
100038,10,5,7,-1,0
100039,10,4,9,-1,0
100040,14,8,14,191,0
100041,10,1,15,-1,0
100042,20,11,19,-1,0
100043,12,5,40,-1,0
100044,22,13,21,1484,0
100045,25,12,3,2,1
100046,19,14,14,114,0
100047,12,0,13,-1,0
100048,18,10,17,-1,0
100049,15,5,36,95,0
100050,17,8,23,1482,0
100051,12,6,2,-1,0
100052,12,10,15,1027,0
100053,18,10,13,-1,0
100054,17,10,8,1459,0
100055,24,13,3,2,1
100056,14,4,18,-1,0
100057,22,10,19,-1,0
100058,5,1,8,62,0
100059,-1,3,6,-1,0
100060,13,1,16,183,0
100061,12,5,10,-1,0
100062,18,8,11,-1,0
100063,8,1,11,-1,0
100064,9,3,10,-1,0
100065,21,12,35,34,1
100066,17,6,4,3,1
100067,23,8,9,-1,0
100068,18,12,15,-1,0
100069,14,1,4,-1,0
100070,16,13,36,40,0
100071,12,8,9,-1,0
100072,27,11,14,13,1
100073,15,14,8,-1,0
100074,16,5,23,-1,0
100075,10,2,14,269,0
100076,11,5,5,-1,0
100077,18,7,10,-1,0
100078,18,8,16,-1,0
100079,18,11,18,-1,0
100080,18,13,11,284,0
100081,18,8,9,-1,0
100082,17,9,43,-1,0
100083,8,0,2,-1,0
100084,13,8,12,-1,0
100085,18,9,34,-1,0
100086,19,12,14,-1,0
100087,19,10,16,1543,0
100088,21,8,6,-1,0
100089,15,6,10,-1,0
100090,11,2,2,-1,0
100091,16,9,23,-1,0
100092,21,9,19,214,0
100093,15,6,29,28,1
100094,9,1,13,-1,0
100095,23,10,10,369,0
100096,10,5,18,18,1
100097,15,7,4,232,0
100098,22,13,6,-1,0
100099,12,4,37,89,0
100100,27,14,24,-1,0
100101,14,8,10,61,0
100102,6,2,39,-1,0
100103,13,7,14,-1,0
100104,12,4,15,-1,0
100105,10,4,13,7,1
100106,19,16,15,-1,0
100107,23,12,7,-1,0
100108,12,10,23,22,1
100109,11,6,11,-1,0
100110,22,11,18,530,0
100111,15,1,3,659,0
100112,13,11,7,-1,0
100113,16,9,17,-1,0
100114,13,1,10,-1,0
100115,17,6,5,60,0
100116,22,9,15,14,1
100117,9,4,6,26,0
100118,18,7,33,-1,0
100119,22,7,16,-1,0
100120,19,13,12,11,1
100121,5,2,7,-1,0
100122,12,9,4,-1,0
100123,16,3,3,-1,0
100124,16,6,7,-1,0
100125,19,11,14,-1,0
100126,23,5,11,10,1
100127,17,8,13,-1,0
100128,17,15,11,-1,0
100129,10,4,12,-1,0
100130,20,8,7,-1,0
100131,14,9,21,-1,0
100132,27,13,43,419,0
100133,10,2,3,-1,0
100134,12,4,6,-1,0
100135,8,2,21,-1,0
100136,16,6,3,-1,0
100137,24,17,25,-1,0
100138,19,3,24,-1,0
100139,12,1,4,-1,0
100140,13,4,3,2,1
100141,19,6,5,-1,0
100142,8,3,11,1046,0
100143,13,4,6,-1,0
100144,15,6,64,63,1
100145,16,6,13,5,1
100146,15,7,6,-1,0
100147,12,3,8,19,0
100148,21,9,12,-1,0
100149,9,3,15,1384,0
100150,21,9,12,-1,0
100151,13,4,3,-1,0
100152,5,1,5,-1,0
100153,23,14,5,4,1
100154,14,7,16,-1,0
100155,7,1,6,23,0
100156,11,-1,13,-1,0
100157,16,9,11,-1,0
100158,10,4,13,-1,0
100159,17,9,17,744,0
100160,25,13,15,971,0
100161,6,-1,5,-1,0
100162,18,11,23,-1,0
100163,18,12,9,1491,0
100164,16,-1,6,6,1
100165,17,8,22,-1,0
100166,15,1,11,-1,0
100167,13,9,42,-1,0
100168,9,1,6,-1,0
100169,15,2,13,1064,0
100170,24,12,7,-1,0
100171,8,9,9,32,0
100172,14,9,9,-1,0
100173,9,3,10,1711,0
100174,9,3,6,-1,0
100175,9,2,6,-1,0
100176,23,9,17,1248,0
100177,23,15,19,18,1
100178,-1,4,10,790,0
100179,22,14,9,-1,0
100180,15,5,4,-1,0
100181,11,7,4,-1,0
100182,10,8,8,-1,0
100183,23,6,12,173,0
100184,16,7,7,631,0
100185,12,6,19,-1,0
100186,12,3,6,307,0
100187,26,12,8,-1,0
100188,19,7,15,-1,0
100189,14,1,16,-1,0
100190,17,15,24,141,0
100191,17,10,9,-1,0
100192,20,8,25,1342,0
100193,-1,6,7,-1,0
100194,17,8,9,-1,0
100195,13,2,7,10,0
100196,14,12,2,1,1
100197,27,15,10,28,0
100198,25,8,28,-1,0
100199,8,-1,4,-1,0
100200,9,5,3,-1,0
100201,17,5,16,-1,0
100202,21,13,9,-1,0
100203,13,0,17,-1,0
100204,21,9,42,29,1
100205,20,9,6,-1,0
100206,10,3,14,-1,0
100207,13,5,8,-1,0
100208,14,9,10,-1,0
100209,-1,0,8,7,1
100210,22,9,54,795,0
100211,13,2,10,-1,0
100212,20,20,8,7,1
100213,17,-1,13,-1,0
100214,18,7,55,117,0
100215,-1,5,12,3,1
100216,9,2,13,-1,0
100217,24,14,18,-1,0
100218,17,7,11,147,0
100219,26,12,7,6,1
100220,-1,-1,6,-1,0
100221,17,6,7,-1,0
100222,20,13,14,545,0
100223,7,10,9,-1,0
100224,11,5,14,1142,0
100225,13,6,25,-1,0
100226,-1,0,7,-1,0
100227,16,10,16,-1,0
100228,15,5,76,75,1
100229,21,8,15,730,0
100230,21,13,9,-1,0
100231,16,8,9,13,0
100232,14,1,4,-1,0
100233,11,5,35,-1,0
100234,20,9,44,-1,0
100235,18,8,35,-1,0
100236,15,8,8,-1,0
100237,19,8,8,514,0
100238,20,12,22,-1,0
100239,11,2,14,-1,0
100240,6,0,5,-1,0
100241,10,4,10,-1,0
100242,16,8,25,-1,0
100243,18,8,11,-1,0
100244,19,7,8,-1,0
100245,12,8,6,-1,0
100246,15,4,13,12,1
100247,23,4,13,34,0
100248,-1,-1,-1,-1,0
100249,22,10,18,-1,0
100250,-1,-1,-1,-1,0
100251,9,3,13,396,0
100252,-1,-1,79,156,0
100253,19,6,2,1,1
100254,12,5,7,-1,0
100255,16,7,8,330,0
100256,10,6,10,119,0
100257,22,8,21,-1,0
100258,16,9,12,456,0
100259,17,9,6,-1,0
100260,13,5,13,9,1
100261,-1,0,25,-1,0
100262,30,15,42,39,1
100263,21,9,7,6,1
100264,25,13,15,-1,0
100265,-1,17,3,2,1
100266,20,10,19,946,0
100267,11,-1,12,-1,0
100268,16,15,8,7,1
100269,14,6,7,-1,0
100270,7,5,6,-1,0
100271,24,14,57,307,0
100272,16,1,27,370,0
100273,6,1,6,-1,0
100274,9,5,3,-1,0
100275,16,15,26,18,1
100276,22,17,16,15,1
100277,27,17,18,17,1
100278,11,8,15,1819,0
100279,10,2,36,54,0
100280,11,3,7,-1,0
100281,-1,8,17,1121,0
100282,16,7,6,-1,0
100283,28,12,13,4,1
100284,17,8,6,702,0
100285,16,6,6,-1,0
100286,14,7,13,39,0
100287,9,0,10,-1,0
100288,12,3,5,-1,0
100289,20,7,3,-1,0
100290,15,9,6,2348,0
100291,16,6,9,7,1
100292,20,15,10,-1,0
100293,23,12,10,64,0
100294,16,9,12,-1,0
100295,11,1,5,-1,0
100296,9,1,4,-1,0
100297,14,8,3,2,1
100298,7,1,8,-1,0
100299,17,8,5,-1,0
100300,21,9,5,646,0
100301,25,9,4,3,1
100302,10,0,4,-1,0
100303,24,6,34,-1,0
100304,20,9,8,-1,0
100305,11,2,7,412,0
100306,10,2,3,-1,0
100307,14,5,25,-1,0
100308,19,5,11,449,0
100309,12,1,16,-1,0
100310,13,4,13,-1,0
100311,9,-1,4,-1,0
100312,12,8,5,4,1
100313,16,6,6,-1,0
100314,21,11,11,-1,0
100315,16,11,14,-1,0
100316,20,10,8,-1,0
100317,12,2,13,276,0
100318,12,6,12,36,0
100319,21,5,23,-1,0
100320,22,13,32,32,1
100321,14,2,8,7,1
100322,15,9,10,19,0
100323,-1,6,14,66,0
100324,18,-1,32,-1,0
100325,8,2,12,1393,0
100326,17,8,7,-1,0
100327,22,9,14,-1,0
100328,16,12,13,-1,0
100329,8,3,15,-1,0
100330,14,4,12,218,0
100331,21,6,12,740,0
100332,19,7,2,219,0
100333,15,7,16,-1,0
100334,7,0,2,-1,0
100335,13,3,12,-1,0
100336,15,11,7,-1,0
100337,19,8,5,-1,0
100338,15,6,8,-1,0
100339,14,8,32,-1,0
100340,17,7,7,-1,0
100341,11,6,14,-1,0
100342,23,6,8,7,1
100343,8,1,24,242,0
100344,16,9,21,-1,0
100345,20,10,53,-1,0
100346,16,11,6,-1,0
100347,11,10,11,59,0
100348,18,6,4,-23,0
100349,11,3,18,116,0
100350,34,16,29,98,0
100351,18,16,23,-1,0
100352,14,7,6,5,1
100353,20,10,15,-1,0
100354,8,5,12,-1,0
100355,19,7,7,-1,0
100356,15,7,31,30,1
100357,19,9,7,6,1
100358,18,11,42,91,0
100359,16,7,20,-1,0
100360,7,1,3,-1,0
100361,20,15,9,8,1
100362,17,8,6,-1,0
100363,12,-1,4,-1,0
100364,14,11,10,213,0
100365,18,8,23,30,0
100366,17,11,53,2600,0
100367,9,5,3,-1,0
100368,8,1,5,-1,0
100369,8,1,3,-1,0
100370,18,17,13,11,1
100371,19,6,10,25,0
100372,12,8,29,-1,0
100373,20,6,11,-1,0
100374,5,2,14,-1,0
100375,-1,-1,-1,-1,0
100376,5,1,7,-1,0
100377,13,6,16,15,1
100378,13,8,2,-1,0
100379,20,10,15,779,0
100380,9,-1,19,18,1
100381,11,2,9,-1,0
100382,18,9,17,-1,0
100383,-1,6,5,4,1
100384,16,7,7,-1,0
100385,5,1,12,-1,0
100386,9,4,19,-1,0
100387,13,12,8,5,1
100388,14,12,33,-1,0
100389,8,4,12,-1,0
100390,13,12,17,14,1
100391,24,11,2,1,1
100392,3,0,4,-1,0
100393,19,7,4,3,1
100394,17,5,27,-1,0
100395,15,6,6,-1,0
100396,17,-1,40,-1,0
100397,11,4,12,258,0
100398,20,7,36,48,0
100399,10,6,9,-1,0
100400,13,1,7,6,1
100401,18,8,11,2170,0
100402,15,5,11,325,0
100403,15,7,22,-1,0
100404,17,9,21,-1,0
100405,16,6,4,-1,0
100406,20,10,6,155,0
100407,6,1,4,-1,0
100408,17,17,15,14,1
100409,18,10,13,-1,0
100410,22,9,7,-1,0
100411,14,10,10,9,1
100412,10,4,3,-1,0
100413,14,4,163,-1,0
100414,14,5,9,457,0
100415,-1,-1,-1,208,0
100416,22,15,10,-1,0
100417,16,10,14,-1,0
100418,17,8,12,-1,0
100419,16,8,8,1873,0
100420,14,6,7,-1,0
100421,14,3,3,2,1
100422,16,7,6,5,1
100423,15,6,15,-1,0
100424,18,8,5,-1,0
100425,8,4,2,-1,0
100426,2,2,4,-1,0
100427,14,6,10,-1,0
100428,10,2,9,-1,0
100429,16,10,6,-1,0
100430,23,13,9,-1,0
100431,13,5,6,-1,0
100432,16,7,3,9,0
100433,25,11,23,22,1
100434,15,0,24,-1,0
100435,18,10,31,-1,0
100436,18,9,14,-1,0
100437,6,1,5,-1,0
100438,19,10,10,-1,0
100439,14,8,7,-1,0
100440,17,2,20,-1,0
100441,15,8,8,-1,0
100442,14,9,10,-1,0
100443,13,3,7,-1,0
100444,13,4,24,7,1
100445,9,3,10,61,0
100446,10,8,15,-1,0
100447,7,1,4,-1,0
100448,19,14,14,-1,0
100449,-1,0,7,-1,0
100450,21,7,6,65,0
100451,10,7,15,14,1
100452,21,7,10,-1,0
100453,10,4,7,196,0
100454,23,7,3,2,1
100455,14,7,8,-1,0
100456,13,8,11,10,1
100457,9,7,15,575,0
100458,18,4,10,9,1
100459,25,11,27,105,0
100460,19,8,10,-1,0
100461,17,8,31,26,1
100462,13,6,9,-1,0
100463,19,13,37,-1,0
100464,21,1,5,4,1
100465,18,16,16,15,1
100466,12,3,5,-1,0
100467,14,2,12,-1,0
100468,8,5,4,34,0
100469,22,9,10,-1,0
100470,18,13,24,-1,0
100471,16,9,11,-1,0
100472,14,4,4,141,0
100473,14,-1,4,-1,0
100474,16,9,22,-1,0
100475,21,9,42,141,0
100476,13,3,8,-1,0
100477,9,1,18,-1,0
100478,17,5,11,-1,0
100479,8,4,5,-1,0
100480,15,3,54,-1,0
100481,-1,9,22,314,0
100482,9,1,9,-1,0
100483,21,7,11,271,0
100484,21,9,9,363,0
100485,29,10,8,-1,0
100486,19,5,7,6,1
100487,19,6,31,-1,0
100488,7,2,23,-1,0
100489,20,11,61,60,1
100490,18,9,29,57,0
100491,28,12,22,145,0
100492,-1,5,4,2,1
100493,17,12,13,-1,0
100494,21,8,10,-1,0
100495,15,6,9,-1,0
100496,15,5,7,-1,0
100497,8,-1,13,-1,0
100498,19,10,3,2,1
100499,19,13,11,-1,0
100500,24,10,5,366,0
100501,12,3,8,2065,0
100502,-1,-1,-1,-1,0
100503,7,1,8,-1,0
100504,15,8,16,-1,0
100505,9,3,6,944,0
100506,14,10,4,-1,0
100507,20,9,43,-1,0
100508,16,11,4,-1,0
100509,18,10,14,-1,0
100510,17,7,9,27,0
100511,24,8,17,-1,0
100512,16,11,15,-1,0
100513,10,1,5,-1,0
100514,3,1,3,-1,0
100515,17,9,10,1605,0
100516,11,5,12,-1,0
100517,20,11,7,1683,0
100518,23,11,32,413,0
100519,10,2,8,-1,0
100520,10,3,17,10,1
100521,17,7,2,-1,0
100522,11,6,14,-1,0
100523,3,2,6,-1,0
100524,13,4,32,-1,0
100525,19,12,6,-1,0
100526,16,6,17,-1,0
100527,18,6,5,4,1
100528,-1,4,6,-1,0
100529,9,3,15,-1,0
100530,10,12,35,407,0
100531,16,7,5,-1,0
100532,17,7,25,167,0
100533,13,4,18,-1,0
100534,14,8,26,-1,0
100535,12,8,16,-1,0
100536,13,8,8,-1,0
100537,10,4,7,-1,0
100538,22,14,63,159,0
100539,11,2,4,-1,0
100540,15,4,7,-1,0
100541,23,14,10,-1,0
100542,7,5,9,114,0
100543,14,6,28,621,0
100544,5,0,7,-1,0
100545,10,2,5,1876,0
100546,24,12,16,-1,0
100547,11,2,3,-1,0
100548,30,15,9,8,1
100549,20,3,12,-1,0
100550,10,3,23,-1,0
100551,10,8,26,25,1
100552,16,4,6,-1,0
100553,18,9,8,-1,0
100554,17,4,4,-1,0
100555,22,12,13,12,1
100556,20,14,21,-1,0
100557,11,5,11,-1,0
100558,18,6,6,2,1
100559,22,4,15,2034,0
100560,7,1,26,-1,0
100561,19,1,13,-1,0
100562,-1,0,4,-1,0
100563,17,7,7,-1,0
100564,15,6,86,-1,0
100565,8,5,37,-1,0
100566,9,6,15,-1,0
100567,13,6,5,-1,0
100568,7,1,2,-1,0
100569,4,3,7,-1,0
100570,23,7,9,-1,0
100571,24,7,14,105,0
100572,20,12,31,118,0
100573,16,8,12,-1,0
100574,16,12,7,-1,0
100575,16,8,6,-1,0
100576,-1,10,6,-1,0
100577,11,3,3,-1,0
100578,17,7,10,-1,0
100579,19,13,50,-1,0
100580,20,10,8,-1,0
100581,13,1,20,-1,0
100582,11,11,11,-1,0
100583,33,7,3,2,1
100584,24,12,8,-1,0
100585,28,18,130,884,0
100586,9,3,5,1733,0
100587,23,8,8,-1,0
100588,19,13,13,-1,0
100589,17,6,156,-1,0
100590,5,-1,9,-1,0
100591,9,4,8,-1,0
100592,15,5,3,-1,0
100593,10,4,4,-1,0
100594,15,8,32,-1,0
100595,12,5,30,26,1
100596,9,3,8,-1,0
100597,13,3,12,-1,0
100598,16,10,9,2,1
100599,16,5,18,317,0
100600,21,7,10,9,1
100601,16,6,9,-1,0
100602,11,7,7,-1,0
100603,13,3,7,-1,0
100604,25,18,22,-1,0
100605,16,10,11,10,1
100606,16,8,5,-1,0
100607,13,1,20,150,0
100608,15,10,6,-1,0
100609,13,8,64,1672,0
100610,11,3,6,826,0
100611,22,9,4,-1,0
100612,20,10,3,2,1
100613,18,7,20,-1,0
100614,10,7,15,-1,0
100615,16,10,6,-1,0
100616,13,7,9,536,0
100617,-1,-1,-1,3,0
100618,12,5,16,-1,0
100619,20,5,20,-1,0
100620,14,7,31,395,0
100621,26,9,10,-1,0
100622,9,2,14,-1,0
100623,17,13,17,-1,0
100624,15,11,37,195,0
100625,12,3,9,-1,0
100626,10,1,3,-1,0
100627,15,-1,8,-1,0
100628,18,3,37,32,1
100629,12,6,14,559,0
100630,19,13,10,-1,0
100631,8,0,12,-1,0
100632,15,3,2,1,1
100633,13,-1,20,39,0
100634,7,4,8,339,0
100635,11,3,6,6,1
100636,13,6,7,-1,0
100637,14,7,4,-1,0
100638,12,1,14,-1,0
100639,14,5,8,7,1
100640,10,0,7,-1,0
100641,16,5,17,-1,0
100642,-1,8,4,-1,0
100643,15,5,6,-1,0
100644,19,8,7,-1,0
100645,22,8,11,-1,0
100646,-1,1,3,2,1
100647,19,11,14,-1,0
100648,8,4,49,895,0
100649,18,6,10,-1,0
100650,5,0,8,-1,0
100651,9,4,20,202,0
100652,-1,-1,-1,-1,0
100653,11,0,4,2,1
100654,22,7,22,-1,0
100655,13,10,36,-1,0
100656,25,12,6,5,1
100657,22,11,42,-1,0
100658,15,10,25,263,0
100659,17,6,7,1538,0
100660,16,5,21,-1,0
100661,24,-1,32,159,0
100662,5,7,11,-1,0
100663,11,1,14,-1,0
100664,22,9,14,-1,0
100665,11,3,4,135,0
100666,23,12,17,-1,0
100667,28,13,17,13,1
100668,14,7,13,-1,0
100669,21,15,42,-1,0
100670,16,13,12,198,0
100671,12,1,17,898,0
100672,8,-1,7,-1,0
100673,14,9,4,3,1
100674,16,9,11,-1,0
100675,17,11,31,-1,0
100676,17,8,8,269,0
100677,11,5,16,-1,0
100678,6,4,9,-1,0
100679,-1,-1,-1,2,0
100680,9,4,6,20,0
100681,11,1,6,-1,0
100682,10,6,94,-1,0
100683,5,4,13,-1,0
100684,15,4,4,-1,0
100685,14,4,8,-1,0
100686,-1,4,4,-1,0
100687,15,7,10,-1,0
100688,16,3,12,50,0
100689,19,11,39,-1,0
100690,15,8,10,9,1
100691,23,9,27,163,0
100692,15,11,6,-1,0
100693,8,4,14,-1,0
100694,18,6,16,-1,0
100695,15,10,6,-1,0
100696,24,13,11,7,1
100697,18,10,9,-1,0
100698,29,13,13,-1,0
100699,12,2,4,3,1
100700,23,7,9,-1,0
100701,15,6,58,-1,0
100702,14,2,2,-1,0
100703,14,6,4,-1,0
100704,11,2,21,2032,0
100705,15,7,8,341,0
100706,18,8,14,-1,0
100707,12,3,8,267,0
100708,14,10,14,987,0
100709,17,9,31,-1,0
100710,10,7,32,30,1
100711,15,7,5,413,0
100712,16,9,11,-1,0
100713,20,6,41,323,0
100714,24,6,7,-1,0
100715,8,1,20,86,0
100716,18,9,10,13,0
100717,13,1,10,273,0
100718,8,1,15,-1,0
100719,11,3,12,-1,0
100720,16,12,10,-1,0
100721,14,2,8,212,0
100722,10,5,6,-1,0
100723,15,7,4,-1,0
100724,-1,3,8,-1,0
100725,14,3,8,-1,0
100726,12,7,8,-1,0
100727,20,5,6,-1,0
100728,14,7,18,-1,0
100729,22,8,15,-1,0
100730,16,5,18,-1,0
100731,18,8,4,-1,0
100732,12,0,2,427,0
100733,14,2,10,-1,0
100734,9,-1,2,-1,0
100735,10,7,13,-1,0
100736,9,2,7,850,0
100737,14,9,12,11,1
100738,15,13,12,-1,0
100739,21,10,7,130,0
100740,13,3,7,-1,0
100741,-1,-1,-1,-1,0
100742,19,9,28,62,0
100743,11,1,2,-1,0
100744,9,0,7,-1,0
100745,25,10,17,-1,0
100746,20,9,27,-1,0
100747,-1,1,18,-1,0
100748,9,5,7,-1,0
100749,15,6,11,-1,0
100750,14,5,8,-1,0
100751,2,1,4,-1,0
100752,20,7,5,-1,0
100753,-1,10,12,280,0
100754,22,12,17,-1,0
100755,11,7,17,-1,0
100756,13,6,12,-1,0
100757,18,9,8,-1,0
100758,22,11,13,749,0
100759,-1,2,7,-1,0
100760,18,10,11,263,0
100761,19,8,9,8,1
100762,22,12,20,19,1
100763,13,8,9,918,0
100764,17,10,12,-1,0
100765,13,4,4,2,1
100766,15,4,8,5,1
100767,14,4,11,31,0
100768,9,1,7,-1,0
100769,13,4,8,-1,0
100770,9,6,17,39,0
100771,10,5,9,53,0
100772,23,7,7,5,1
100773,13,7,4,3,1
100774,10,2,6,70,0
100775,17,10,14,50,0
100776,13,6,14,90,0
100777,20,10,16,53,0
100778,20,9,8,-1,0
100779,20,7,4,-1,0
100780,17,12,9,-1,0
100781,22,11,30,1829,0
100782,6,2,8,-1,0
100783,14,11,12,-1,0
100784,7,0,6,-1,0
100785,28,12,21,179,0
100786,9,3,14,-1,0
100787,13,10,7,9,0
100788,19,12,6,2410,0
100789,22,11,24,-1,0
100790,17,7,4,3,1
100791,8,2,4,-1,0
100792,16,6,13,-1,0
100793,23,11,5,4,1
100794,13,4,13,-1,0
100795,17,6,17,14,1
100796,16,10,33,-1,0
100797,19,16,6,5,1
100798,-1,-1,-1,-1,0
100799,6,1,27,171,0
100800,21,9,6,-1,0
100801,9,-1,7,-1,0
100802,13,2,5,725,0
100803,12,8,5,-1,0
100804,20,8,14,-1,0
100805,11,6,21,321,0
100806,18,5,14,-1,0
100807,14,5,8,-1,0
100808,5,2,9,-1,0
100809,10,3,6,-1,0
100810,9,5,5,977,0
100811,11,2,8,-1,0
100812,21,-1,12,1780,0
100813,6,1,3,-1,0
100814,12,2,4,-1,0
100815,10,8,5,-1,0
100816,10,2,7,-1,0
100817,16,7,10,2,1
100818,6,2,4,-1,0
100819,18,9,10,91,0
100820,15,13,9,-1,0
100821,10,6,6,-1,0
100822,22,12,6,5,1
100823,10,2,3,1157,0
100824,16,6,9,-1,0
100825,17,8,6,5,1
100826,21,6,34,-1,0
100827,19,3,6,292,0
100828,9,0,9,-1,0
100829,12,2,8,-1,0
100830,12,4,18,-1,0
100831,15,5,29,-1,0
100832,21,8,12,11,1
100833,6,3,19,1233,0
100834,3,5,7,-1,0
100835,10,5,8,-1,0
100836,20,7,6,5,1
100837,16,5,17,-1,0
100838,18,9,11,-1,0
100839,14,2,25,-1,0
100840,11,0,3,-1,0
100841,20,5,7,3,1
100842,18,13,5,15,0
100843,13,2,20,1126,0
100844,24,13,7,188,0
100845,19,6,11,10,1
100846,4,1,13,-1,0
100847,25,6,12,11,1
100848,14,8,2,843,0
100849,21,4,14,13,1
100850,14,12,11,-1,0
100851,14,5,19,-1,0
100852,15,8,25,114,0
100853,15,5,4,-1,0
100854,17,10,11,-1,0
100855,14,3,5,-1,0
100856,5,3,6,-1,0
100857,5,4,42,-1,0
100858,15,11,7,2,1
100859,20,14,12,138,0
100860,25,12,23,386,0
100861,6,2,7,-1,0
100862,22,10,10,-1,0
100863,21,7,12,-1,0
100864,22,8,6,-1,0
100865,23,8,5,-1,0
100866,11,9,28,26,1
100867,19,7,25,-1,0
100868,12,4,5,1767,0
100869,7,1,5,-1,0
100870,10,5,5,-1,0
100871,8,1,6,-1,0
100872,17,5,28,1547,0
100873,16,4,2,-1,0
100874,20,8,35,45,0
100875,25,11,37,36,1
100876,14,7,22,26,0
100877,17,8,11,-1,0
100878,8,2,5,-1,0
100879,14,6,17,666,0
100880,12,1,5,-1,0
100881,19,7,6,5,1
100882,18,12,16,15,1
100883,21,5,4,3,1
100884,12,4,8,-1,0
100885,17,9,8,2037,0
100886,14,-1,17,-1,0
100887,10,2,6,-1,0
100888,15,5,15,-1,0
100889,8,0,7,-1,0
100890,15,2,10,-1,0
100891,16,3,55,-1,0
100892,8,6,13,-1,0
100893,-1,-1,-1,-1,0
100894,14,9,5,4,1
100895,5,0,3,-1,0
100896,13,6,26,33,0
100897,-1,19,8,-1,0
100898,20,10,2,1,1
100899,15,10,10,-1,0
100900,16,8,12,-1,0
100901,20,7,7,6,1
100902,23,13,11,-1,0
100903,23,17,18,-1,0
100904,21,13,34,-1,0
100905,21,12,14,-1,0
100906,7,2,16,-1,0
100907,14,8,4,-1,0
100908,17,1,5,-1,0
100909,12,-1,8,7,1
100910,13,11,9,-1,0
100911,8,5,2,-1,0
100912,24,15,26,25,1
100913,-1,0,13,-1,0
100914,-1,1,4,-1,0
100915,18,15,17,544,0
100916,20,13,22,-1,0
100917,16,9,15,-1,0
100918,19,17,30,593,0
100919,20,7,8,-1,0
100920,19,10,6,-1,0
100921,11,4,33,-1,0
100922,9,5,7,-1,0
100923,20,11,7,4,1
100924,14,5,6,-1,0
100925,9,4,19,15,1
100926,15,9,15,972,0
100927,18,10,22,233,0
100928,11,3,12,-1,0
100929,10,1,13,9,1
100930,13,4,12,-1,0
100931,-1,-1,-1,-1,0
100932,15,8,9,30,0
100933,22,8,5,-1,0
100934,22,12,10,-1,0
100935,22,9,6,-1,0
100936,14,6,9,-1,0
100937,19,8,13,109,0
100938,13,4,21,275,0
100939,17,13,12,11,1
100940,15,11,17,1443,0
100941,6,2,5,-1,0
100942,19,11,12,-1,0
100943,17,9,20,18,1
100944,8,5,9,-1,0
100945,21,12,16,-1,0
100946,4,0,4,-1,0
100947,21,8,6,-1,0
100948,15,7,24,-1,0
100949,18,5,7,-1,0
100950,19,14,6,-1,0
100951,3,5,10,-1,0
100952,-1,0,7,-1,0
100953,22,9,8,5,1
100954,15,1,11,414,0
100955,12,1,7,-1,0
100956,16,6,13,-1,0
100957,19,10,5,-1,0
100958,7,0,14,12,1
100959,15,8,11,-1,0
100960,13,12,15,-1,0
100961,10,4,4,-1,0
100962,15,8,15,8,1
100963,17,8,22,-1,0
100964,10,3,7,810,0
100965,12,6,15,14,1
100966,18,7,15,14,1
100967,6,1,5,214,0
100968,12,3,4,344,0
100969,17,12,15,943,0
100970,11,2,17,-1,0
100971,12,6,20,-1,0
100972,7,4,4,224,0
100973,15,8,15,-1,0
100974,19,4,19,-1,0
100975,11,5,8,872,0
100976,11,4,20,-1,0
100977,13,7,24,23,1
100978,12,7,41,40,1
100979,12,0,9,-1,0
100980,-1,-1,-1,-1,0
100981,21,3,28,124,0
100982,16,11,27,26,1
100983,15,9,3,2,1
100984,14,1,2,1,1
100985,17,7,8,199,0
100986,15,8,6,16,0
100987,18,7,5,-1,0
100988,10,1,9,1723,0
100989,24,11,12,247,0
100990,14,6,5,264,0
100991,20,9,21,19,1
100992,22,11,26,-1,0
100993,22,14,12,-1,0
100994,23,11,22,21,1
100995,19,6,17,399,0
100996,13,5,8,643,0
100997,9,1,9,-1,0
100998,16,10,8,567,0
100999,24,9,5,3,1
101000,28,12,35,-1,0
101001,16,9,5,4,1
101002,-1,15,36,39,0
101003,13,5,5,-1,0
101004,9,1,19,-1,0
101005,10,5,7,-1,0
101006,11,6,12,-1,0
101007,21,11,14,1426,0
101008,7,0,4,-1,0
101009,5,1,7,-1,0
101010,-1,-1,-1,-1,0
101011,14,8,8,-1,0
101012,-1,-1,-1,-1,0
101013,10,8,10,9,1
101014,19,11,7,96,0
101015,9,-1,2,-1,0
101016,13,7,7,-1,0
101017,19,7,6,-1,0
101018,15,11,6,-1,0
101019,17,9,3,-1,0
101020,9,6,11,-1,0
101021,13,-1,16,-1,0
101022,-1,5,6,447,0
101023,18,10,4,-1,0
101024,9,2,8,1130,0
101025,15,5,7,346,0
101026,8,5,3,-1,0
101027,21,16,16,-1,0
101028,15,2,19,722,0
101029,20,7,57,32,1
101030,8,6,5,-1,0
101031,19,5,15,-1,0
101032,19,8,8,-1,0
101033,9,2,7,-1,0
101034,13,1,18,-1,0
101035,19,16,43,630,0
101036,24,-1,9,600,0
101037,7,4,6,-1,0
101038,20,13,24,23,1
101039,11,4,15,-1,0
101040,23,13,41,-1,0
101041,19,9,19,1571,0
101042,18,7,8,1175,0
101043,18,4,9,515,0
101044,11,12,54,77,0
101045,22,11,5,-1,0
101046,18,11,31,45,0
101047,19,6,15,14,1
101048,16,11,12,-1,0
101049,15,4,15,-1,0
101050,10,3,6,-1,0
101051,14,3,9,1053,0
101052,18,6,6,-1,0
101053,8,1,4,-1,0
101054,14,14,8,127,0
101055,9,3,3,-1,0
101056,9,5,12,-1,0
101057,16,6,8,705,0
101058,17,10,9,-1,0
101059,19,13,48,-1,0
101060,12,4,7,124,0
101061,16,5,11,1605,0
101062,15,10,48,1202,0
101063,21,10,10,9,1
101064,23,16,8,4,1
101065,19,8,15,14,1
101066,18,14,7,4,1
101067,20,12,6,1644,0
101068,18,4,11,132,0
101069,11,6,18,2047,0
101070,12,8,4,-1,0
101071,10,4,8,-1,0
101072,20,10,7,-1,0
101073,15,8,5,-1,0
101074,16,9,15,-1,0
101075,12,8,10,-1,0
101076,-1,-1,-1,-1,0
101077,19,10,5,-1,0
101078,15,10,6,-1,0
101079,12,3,7,-1,0
101080,12,9,20,-1,0
101081,19,17,34,404,0
101082,19,13,7,-1,0
101083,10,2,3,813,0
101084,20,10,9,-1,0
101085,21,12,7,-1,0
101086,6,0,6,-1,0
101087,21,14,4,-1,0
101088,20,4,7,6,1
101089,24,11,29,-1,0
101090,20,11,14,78,0
101091,17,14,2,1,1
101092,17,9,5,96,0
101093,14,5,6,254,0
101094,21,14,6,5,1
101095,20,10,13,46,0
101096,19,8,6,5,1
101097,-1,2,13,-1,0
101098,5,0,9,-1,0
101099,14,6,8,9,0
101100,11,7,19,-1,0
101101,19,11,14,13,1
101102,-1,0,16,15,1
101103,11,5,21,24,0
101104,21,9,7,-1,0
101105,20,9,24,1219,0
101106,13,4,22,-1,0
101107,20,13,6,-1,0
101108,18,5,7,-1,0
101109,21,7,28,-1,0
101110,16,14,24,-1,0
101111,15,9,17,1356,0
101112,18,10,7,669,0
101113,15,7,14,-1,0
101114,19,8,7,-1,0
101115,18,8,57,56,1
101116,16,10,9,-1,0
101117,17,11,9,8,1
101118,12,4,12,-1,0
101119,-1,0,6,-1,0
101120,16,12,11,-1,0
101121,16,4,7,-1,0
101122,13,4,8,-1,0
101123,13,3,52,-1,0
101124,15,6,6,-1,0
101125,18,13,7,-1,0
101126,7,2,9,-1,0
101127,26,11,19,2,1
101128,14,5,6,1693,0
101129,14,11,5,2255,0
101130,13,5,9,-1,0
101131,9,1,4,-1,0
101132,21,10,7,-1,0
101133,26,10,30,-1,0
101134,24,11,6,-1,0
101135,10,5,12,-1,0
101136,9,5,4,-1,0
101137,20,8,112,190,0
101138,16,12,6,-1,0
101139,18,10,6,-1,0
101140,-1,-1,-1,0,0
101141,14,7,3,2,1
101142,12,6,13,398,0
101143,14,6,6,5,1
101144,7,2,10,-1,0
101145,4,2,6,-1,0
101146,8,1,7,-1,0
101147,27,13,11,4,1
101148,-1,3,4,3,1
101149,18,8,12,-1,0
101150,7,0,8,-1,0
101151,13,6,14,-1,0
101152,22,11,12,-1,0
101153,5,5,5,-1,0
101154,7,1,12,-1,0
101155,15,9,18,-1,0
101156,12,3,11,-1,0
101157,21,9,5,-1,0
101158,8,1,12,-1,0
101159,17,11,7,1419,0
101160,7,5,5,-1,0
101161,10,4,4,3,1
101162,17,10,9,8,1
101163,12,5,8,-1,0
101164,11,6,4,3,1
101165,19,5,16,-1,0
101166,15,7,10,-1,0
101167,13,4,10,-1,0
101168,8,2,3,-1,0
101169,12,3,6,660,0
101170,5,4,12,12,1
101171,8,3,6,-1,0
101172,15,8,8,-1,0
101173,17,5,4,3,1
101174,11,3,2,-1,0
101175,18,8,20,98,0
101176,25,14,6,-1,0
101177,13,4,3,2,1
101178,10,7,12,-1,0
101179,3,7,14,13,1
101180,28,15,7,6,1
101181,21,15,27,26,1
101182,8,2,7,-1,0
101183,9,2,8,-1,0
101184,22,11,22,-1,0
101185,12,8,8,122,0
101186,13,4,11,-1,0
101187,11,5,3,-1,0
101188,11,5,24,395,0
101189,-1,-1,-1,-1,0
101190,19,9,14,-1,0
101191,20,7,12,-1,0
101192,16,10,5,223,0
101193,20,6,63,-1,0
101194,19,8,16,-1,0
101195,14,9,57,-1,0
101196,25,14,2,1,1
101197,16,5,28,12,1
101198,21,11,8,148,0
101199,-1,10,8,6,1
101200,7,7,2,-1,0
101201,14,7,9,-1,0
101202,18,7,10,-1,0
101203,12,1,2,1,1
101204,12,6,11,-1,0
101205,19,9,25,-1,0
101206,20,5,4,3,1
101207,13,5,16,15,1
101208,22,16,8,2,1
101209,14,7,10,5,1
101210,13,11,9,3,1
101211,14,12,56,1081,0
101212,9,3,3,-1,0
101213,9,2,17,-1,0
101214,19,11,4,-1,0
101215,15,4,4,3,1
101216,17,7,9,958,0
101217,7,1,5,4,1
101218,16,10,51,-1,0
101219,16,4,16,-1,0
101220,7,3,6,-1,0
101221,20,13,32,16,1
101222,20,15,15,-1,0
101223,13,2,5,385,0
101224,8,4,12,-1,0
101225,25,10,24,-1,0
101226,10,3,12,-1,0
101227,24,20,12,11,1
101228,16,15,9,8,1
101229,12,5,6,-1,0
101230,17,6,8,-1,0
101231,13,1,3,322,0
101232,-1,-1,-1,-1,0
101233,17,8,7,-1,0
101234,19,12,23,-1,0
101235,16,8,17,-1,0
101236,9,4,5,1988,0
101237,22,7,9,-1,0
101238,17,7,5,-1,0
101239,16,5,32,394,0
101240,18,6,5,-1,0
101241,-1,-1,-1,-1,0
101242,15,11,17,-1,0
101243,16,6,17,56,0
101244,17,9,7,-1,0
101245,11,8,26,-1,0
101246,8,2,6,-1,0
101247,17,6,24,23,1
101248,9,5,13,-1,0
101249,6,4,60,-1,0
101250,9,4,7,865,0
101251,5,1,10,589,0
101252,7,3,6,-1,0
101253,11,2,10,-1,0
101254,7,2,11,527,0
101255,26,15,31,-1,0
101256,13,9,67,-1,0
101257,18,8,19,-1,0
101258,22,14,19,-1,0
101259,26,16,6,5,1
101260,14,6,10,-1,0
101261,23,11,10,-1,0
101262,14,10,4,-1,0
101263,21,13,34,-1,0
101264,5,1,14,-1,0
101265,4,0,3,-1,0
101266,14,12,8,-1,0
101267,7,1,14,-1,0
101268,27,11,12,-1,0
101269,13,1,6,-1,0
101270,10,9,11,-1,0
101271,8,3,7,-1,0
101272,14,7,19,1027,0
101273,19,3,8,-1,0
101274,17,6,27,-1,0
101275,11,1,7,-1,0
101276,23,8,25,24,1
101277,16,7,17,16,1
101278,22,13,16,-1,0
101279,20,8,13,35,0
101280,13,1,2,-1,0
101281,24,8,6,-1,0
101282,12,3,4,3,1
101283,11,4,28,112,0
101284,18,7,7,-1,0
101285,12,9,10,-1,0
101286,12,9,29,-1,0
101287,18,5,5,-1,0
101288,15,4,5,4,1
101289,-1,8,9,6,1
101290,10,1,3,-1,0
101291,17,14,5,4,1
101292,15,12,33,-1,0
101293,24,13,13,12,1
101294,16,8,23,1734,0
101295,20,13,35,-1,0
101296,17,12,18,-1,0
101297,21,5,6,5,1
101298,15,6,7,1370,0
101299,12,2,13,-1,0
101300,12,10,34,-1,0
101301,12,4,26,-1,0
101302,14,3,3,-1,0
101303,-1,4,3,-1,0
101304,4,1,6,-1,0
101305,17,7,7,-1,0
101306,4,1,4,-1,0
101307,-1,8,49,-1,0
101308,21,11,65,390,0
101309,20,9,12,-1,0
101310,9,4,19,17,1
101311,13,6,10,740,0
101312,9,4,9,-1,0
101313,15,7,13,-1,0
101314,15,9,6,1,1
101315,18,8,10,-1,0
101316,20,9,52,-1,0
101317,-1,0,10,-1,0
101318,15,7,25,-1,0
101319,9,1,4,-1,0
101320,9,0,4,-1,0
101321,22,11,6,2,1
101322,16,7,2,1,1
101323,14,1,2,-1,0
101324,3,5,3,-1,0
101325,8,1,7,6,1
101326,23,10,6,-1,0
101327,21,15,27,-1,0
101328,17,3,5,-1,0
101329,18,13,8,-1,0
101330,6,3,15,-1,0
101331,15,7,13,825,0
101332,17,3,7,-1,0
101333,18,9,8,-1,0
101334,8,-1,16,-1,0
101335,23,12,20,10,1
101336,5,0,4,-1,0
101337,15,3,6,64,0
101338,17,7,8,-1,0
101339,19,7,5,-1,0
101340,19,6,3,3,1
101341,7,4,8,-1,0
101342,12,1,8,-1,0
101343,8,2,3,462,0
101344,-1,6,22,-1,0
101345,20,-1,28,-1,0
101346,13,8,5,-1,0
101347,24,10,6,-1,0
101348,7,2,6,-1,0
101349,22,12,25,-1,0
101350,17,13,44,46,0
101351,22,10,10,-1,0
101352,22,15,11,-1,0
101353,13,-1,2,2,1
101354,7,2,9,-1,0
101355,16,11,8,31,0
101356,15,3,11,351,0
101357,8,4,10,-1,0
101358,20,10,4,3,1
101359,14,12,14,-1,0
101360,11,5,6,-1,0
101361,14,8,6,5,1
101362,21,10,13,-1,0
101363,17,8,47,65,0
101364,17,8,9,-1,0
101365,20,3,22,-1,0
101366,16,5,13,-1,0
101367,14,6,8,2285,0
101368,9,2,6,-1,0
101369,13,3,6,-1,0
101370,23,13,5,-1,0
101371,18,7,21,-1,0
101372,22,13,14,-1,0
101373,11,1,16,14,1
101374,15,11,53,23,1
101375,17,5,3,-1,0
101376,10,1,15,-1,0
101377,19,8,44,271,0
101378,24,12,8,7,1
101379,11,7,2,-1,0
101380,5,0,12,-1,0
101381,13,8,23,22,1
101382,17,14,20,-1,0
101383,26,15,4,2,1
101384,9,1,4,-1,0
101385,5,1,16,-1,0
101386,16,6,15,-1,0
101387,17,17,11,10,1
101388,15,3,12,-1,0
101389,21,8,7,4,1
101390,18,9,6,-1,0
101391,18,3,8,-1,0
101392,16,8,10,9,1
101393,17,12,6,-1,0
101394,19,8,7,78,0
101395,18,9,6,-1,0
101396,11,6,7,-1,0
101397,12,4,4,-1,0
101398,15,6,11,656,0
101399,19,18,11,1131,0
101400,17,5,6,5,1
101401,6,0,5,-1,0
101402,10,6,18,-1,0
101403,18,9,44,43,1
101404,17,7,6,-1,0
101405,13,7,22,1703,0
101406,13,9,4,-1,0
101407,14,7,8,-1,0
101408,12,6,3,-1,0
101409,14,7,9,-1,0
101410,17,6,37,-1,0
101411,12,1,9,-1,0
101412,16,7,11,137,0
101413,10,3,2,-1,0
101414,11,1,17,-1,0
101415,15,6,22,-1,0
101416,6,5,3,895,0
101417,-1,13,87,23,1
101418,4,2,7,-1,0
101419,13,9,6,-1,0
101420,10,5,7,3,1
101421,15,5,12,11,1
101422,13,1,6,5,1
101423,14,6,7,-1,0
101424,21,6,15,14,1
101425,18,8,7,-1,0
101426,11,2,7,-1,0
101427,17,13,20,1500,0
101428,9,9,9,-1,0
101429,8,1,8,-1,0
101430,16,9,9,-1,0
101431,13,10,7,-1,0
101432,16,3,11,4,1
101433,24,14,7,-1,0
101434,-1,-1,-1,-1,0
101435,15,11,21,20,1
101436,23,8,39,-1,0
101437,19,8,8,-1,0
101438,17,13,8,-1,0
101439,12,7,9,442,0
101440,18,5,7,-1,0
101441,24,10,10,-1,0
101442,16,2,9,-1,0
101443,12,4,7,-1,0
101444,15,7,5,-1,0
101445,14,-1,3,-1,0
101446,14,7,6,5,1
101447,14,6,3,-1,0
101448,11,6,5,-1,0
101449,14,4,13,706,0
101450,13,3,9,155,0
101451,19,-1,10,10,1
101452,6,0,2,-1,0
101453,15,4,4,911,0
101454,19,10,7,627,0
101455,6,9,4,-1,0
101456,6,1,6,226,0
101457,8,6,2,206,0
101458,19,8,14,-1,0
101459,11,5,8,476,0
101460,21,10,33,-1,0
101461,3,-1,5,-1,0
101462,-1,-1,-1,-1,0
101463,10,4,9,-1,0
101464,19,13,40,-1,0
101465,21,13,14,20,0
101466,12,8,8,-1,0
101467,7,3,29,-1,0
101468,11,3,5,387,0
101469,16,3,14,-1,0
101470,19,8,6,5,1
101471,24,18,13,12,1
101472,16,3,8,19,0
101473,18,7,6,60,0
101474,14,11,19,679,0
101475,15,12,8,-1,0
101476,21,14,2,1,1
101477,10,7,7,3,1
101478,21,-1,13,1127,0
101479,22,14,6,2,1
101480,20,6,8,-1,0
101481,15,6,9,-1,0
101482,13,5,4,-1,0
101483,15,11,27,-1,0
101484,7,11,35,22,1
101485,-1,-1,-1,-1,0
101486,20,7,20,-1,0
101487,19,14,24,-1,0
101488,9,5,21,167,0
101489,5,1,3,-1,0
101490,-1,-1,-1,-1,0
101491,8,4,6,1016,0
101492,14,4,12,-1,0
101493,11,7,10,-1,0
101494,19,8,25,-1,0
101495,-1,3,15,-1,0
101496,16,5,9,16,0
101497,17,13,9,-1,0
101498,12,6,59,-1,0
101499,14,9,10,8,1
101500,18,12,22,-1,0
101501,10,1,11,-1,0
101502,17,8,11,-1,0
101503,26,10,6,-1,0
101504,-1,3,5,-1,0
101505,18,10,4,-1,0
101506,7,6,7,-1,0
101507,16,8,19,-1,0
101508,19,6,21,-1,0
101509,15,4,42,107,0
101510,21,12,22,-1,0
101511,18,9,24,-1,0
101512,13,2,3,-1,0
101513,12,1,8,-1,0
101514,10,3,6,1635,0
101515,12,3,9,-1,0
101516,12,5,5,1289,0
101517,23,10,7,-1,0
101518,17,11,6,-1,0
101519,10,7,26,24,1
101520,25,10,25,-1,0
101521,13,5,4,2,1
101522,19,8,10,401,0
101523,16,10,9,-1,0
101524,23,11,9,-1,0
101525,18,13,11,-1,0
101526,6,1,7,-1,0
101527,23,13,8,7,1
101528,-1,-1,-1,-1,0
101529,17,9,46,-1,0
101530,9,1,4,-1,0
101531,27,9,13,-1,0
101532,13,3,3,2,1
101533,9,13,27,-1,0
101534,12,3,6,-1,0
101535,9,1,9,-1,0
101536,15,5,16,-1,0
101537,11,0,3,42,0
101538,14,8,13,-1,0
101539,9,1,12,90,0
101540,10,1,4,-1,0
101541,16,7,8,-1,0
101542,21,8,16,-1,0
101543,17,11,7,-1,0
101544,17,2,5,-1,0
101545,14,7,9,-1,0
101546,21,12,4,-1,0
101547,19,7,12,-1,0
101548,14,12,8,1,1
101549,20,22,10,9,1
101550,22,9,22,-1,0
101551,16,14,8,-1,0
101552,17,3,5,-1,0
101553,18,5,4,3,1
101554,18,6,9,213,0
101555,11,2,6,5,1
101556,8,0,10,-1,0
101557,14,9,15,-1,0
101558,20,12,16,-1,0
101559,12,6,9,-1,0
101560,14,9,15,-1,0
101561,8,2,17,-1,0
101562,-1,-1,-1,-1,0
101563,6,3,10,-1,0
101564,9,1,6,-1,0
101565,13,3,5,1233,0
101566,12,8,11,432,0
101567,18,10,8,-1,0
101568,8,-1,7,-1,0
101569,10,1,14,-1,0
101570,11,3,5,1296,0
101571,6,6,7,6,1
101572,-1,12,6,-1,0
101573,14,8,7,6,1
101574,16,5,18,-1,0
101575,19,14,87,109,0
101576,17,17,13,9,1
101577,15,2,9,1173,0
101578,8,2,5,-1,0
101579,22,13,7,-1,0
101580,14,6,6,-1,0
101581,21,4,9,-1,0
101582,17,9,8,-1,0
101583,5,2,3,-1,0
101584,13,6,13,-1,0
101585,10,10,42,-1,0
101586,11,4,22,21,1
101587,8,3,9,-1,0
101588,16,7,9,-1,0
101589,15,11,20,26,0
101590,8,4,7,847,0
101591,22,16,24,-1,0
101592,14,5,8,-1,0
101593,11,2,12,-1,0
101594,19,5,13,-1,0
101595,19,-1,13,9,1
101596,21,6,5,-1,0
101597,17,3,8,-1,0
101598,9,8,11,1776,0
101599,24,10,7,-1,0
101600,16,-1,74,177,0
101601,12,7,21,-1,0
101602,13,3,2,-1,0
101603,14,3,14,-1,0
101604,23,15,17,9,1
101605,7,4,6,-1,0
101606,16,3,15,-1,0
101607,13,2,7,-1,0
101608,6,3,9,-1,0
101609,10,5,10,-1,0
101610,14,6,5,298,0
101611,15,5,81,-1,0
101612,21,11,14,-1,0
101613,19,4,24,-1,0
101614,16,11,20,-1,0
101615,6,2,20,-1,0
101616,12,2,6,419,0
101617,18,8,30,-1,0
101618,11,3,9,628,0
101619,16,6,6,70,0
101620,18,8,20,-1,0
101621,16,10,63,1071,0
101622,12,7,3,2,1
101623,-1,3,8,7,1
101624,27,7,9,7,1
101625,18,10,18,1486,0
101626,26,16,35,-1,0
101627,23,8,4,-1,0
101628,17,8,18,-1,0
101629,14,0,15,-1,0
101630,12,1,6,536,0
101631,18,8,30,-1,0
101632,9,1,3,2,1
101633,16,8,9,-1,0
101634,16,3,19,52,0
101635,16,11,7,252,0
101636,12,6,14,1503,0
101637,23,17,32,-1,0
101638,15,5,13,-1,0
101639,16,7,23,-1,0
101640,15,6,7,682,0
101641,10,1,18,-1,0
101642,14,7,23,-1,0
101643,11,7,3,-1,0
101644,-1,3,3,2,1
101645,22,14,53,-1,0
101646,10,1,2,1467,0
101647,15,-1,-1,62,0
101648,15,5,13,-1,0
101649,21,10,6,-1,0
101650,24,16,4,2,1
101651,23,9,6,-1,0
101652,14,9,8,-1,0
101653,7,3,7,-1,0
101654,23,6,17,-1,0
101655,15,8,10,191,0
101656,13,4,9,-1,0
101657,17,7,24,-1,0
101658,21,14,18,1216,0
101659,18,9,14,-1,0
101660,13,2,10,-1,0
101661,14,4,4,-1,0
101662,16,10,12,-1,0
101663,12,1,6,-1,0
101664,7,0,5,-1,0
101665,19,7,5,4,1
101666,13,9,7,-1,0
101667,17,-1,14,397,0
101668,22,6,3,1168,0
101669,21,14,20,1488,0
101670,11,1,10,-1,0
101671,25,16,11,7,1
101672,16,6,60,776,0
101673,23,7,11,-1,0
101674,17,7,6,-1,0
101675,12,1,5,-1,0
101676,6,7,9,177,0
101677,9,0,6,-1,0
101678,15,1,2,859,0
101679,7,3,5,2607,0
101680,15,2,17,-1,0
101681,7,2,5,-1,0
101682,19,8,6,-1,0
101683,12,6,3,-1,0
101684,13,5,32,42,0
101685,20,12,49,48,1
101686,10,3,21,-1,0
101687,6,0,3,-1,0
101688,20,13,13,-1,0
101689,15,9,6,-1,0
101690,20,13,11,8,1
101691,10,1,8,-1,0
101692,-1,18,3,2,1
101693,12,9,9,-1,0
101694,25,6,10,-1,0
101695,11,4,5,-1,0
101696,10,5,13,-1,0
101697,9,3,8,-1,0
101698,20,15,12,-1,0
101699,16,9,7,-1,0
101700,10,3,18,-1,0
101701,17,13,10,285,0
101702,14,11,13,-1,0
101703,17,7,4,3,1
101704,17,8,25,852,0
101705,15,7,4,-1,0
101706,15,5,12,-1,0
101707,19,8,14,-1,0
101708,10,5,6,-1,0
101709,20,9,6,181,0
101710,11,4,12,2421,0
101711,18,11,8,7,1
101712,13,5,8,433,0
101713,8,6,33,-1,0
101714,10,1,6,-1,0
101715,15,6,8,-1,0
101716,16,12,31,2156,0
101717,23,13,19,9,1
101718,17,4,9,-1,0
101719,16,7,3,-1,0
101720,17,7,5,-1,0
101721,22,9,5,4,1
101722,4,2,10,-1,0
101723,21,11,34,103,0
101724,12,6,7,6,1
101725,18,9,8,-1,0
101726,5,1,4,29,0
101727,12,4,28,-1,0
101728,22,8,6,5,1
101729,11,7,8,-1,0
101730,10,4,50,-1,0
101731,21,8,19,844,0
101732,19,10,9,-1,0
101733,12,6,19,-1,0
101734,16,10,32,24,1
101735,11,8,8,-1,0
101736,13,4,7,-1,0
101737,22,8,8,-1,0
101738,10,3,5,-1,0
101739,21,11,38,30,1
101740,11,0,11,-1,0
101741,14,6,6,865,0
101742,10,3,5,-1,0
101743,23,10,38,-1,0
101744,25,10,11,-1,0
101745,23,13,35,-1,0
101746,12,1,7,-1,0
101747,17,-1,28,-1,0
101748,7,0,11,-1,0
101749,22,12,13,-1,0
101750,17,6,10,-1,0
101751,14,2,5,2103,0
101752,14,3,7,-1,0
101753,19,16,20,-1,0
101754,8,1,30,26,1
101755,20,9,71,96,0
101756,20,9,5,-1,0
101757,25,9,12,158,0
101758,20,10,20,236,0
101759,14,4,18,12,1
101760,17,10,4,-1,0
101761,11,5,6,-1,0
101762,13,8,6,-1,0
101763,13,7,16,-1,0
101764,9,3,11,-1,0
101765,6,2,9,-1,0
101766,20,8,9,-1,0
101767,19,7,20,-1,0
101768,13,8,5,2571,0
101769,8,2,7,-1,0
101770,9,-1,8,-1,0
101771,5,1,8,324,0
101772,14,10,5,-1,0
101773,10,4,16,15,1
101774,13,4,9,877,0
101775,13,4,9,94,0
101776,16,3,11,-1,0
101777,12,2,38,203,0
101778,9,1,3,9,0
101779,19,9,22,-1,0
101780,9,3,2,-1,0
101781,13,4,5,-1,0
101782,14,8,24,-1,0
101783,15,5,6,450,0
101784,19,10,8,-1,0
101785,17,7,22,4,1
101786,7,1,14,-1,0
101787,12,7,11,10,1
101788,15,9,15,-1,0
101789,17,3,11,12,0
101790,16,-1,8,-1,0
101791,6,5,12,-1,0
101792,12,-1,19,-1,0
101793,6,2,3,-1,0
101794,13,7,10,-1,0
101795,16,6,53,-1,0
101796,13,6,4,89,0
101797,24,7,5,-1,0
101798,19,12,19,9,1
101799,14,12,21,54,0
101800,18,8,11,526,0
101801,23,7,12,1963,0
101802,15,3,24,821,0
101803,28,10,14,12,1
101804,14,5,15,-1,0
101805,19,5,5,4,1
101806,13,4,4,573,0
101807,11,1,11,454,0
101808,28,9,57,211,0
101809,10,2,12,700,0
101810,15,3,39,-1,0
101811,-1,7,19,679,0
101812,15,8,6,-1,0
101813,8,3,21,159,0
101814,21,16,46,45,1
101815,-1,1,7,-1,0
101816,10,10,6,-1,0
101817,15,5,13,-1,0
101818,21,14,23,-1,0
101819,18,-1,2,-1,0
101820,20,9,16,15,1
101821,18,9,32,-1,0
101822,13,10,8,-1,0
101823,19,8,10,-1,0
101824,8,1,4,-1,0
101825,12,4,8,-1,0
101826,11,3,6,-1,0
101827,14,6,10,-1,0
101828,2,3,4,-1,0
101829,14,10,27,-1,0
101830,14,7,9,-1,0
101831,16,5,19,-1,0
101832,17,10,31,-1,0
101833,15,7,9,-1,0
101834,11,3,7,-1,0
101835,21,7,13,-1,0
101836,7,1,5,-1,0
101837,20,12,31,-1,0
101838,10,0,11,-1,0
101839,18,4,26,-1,0
101840,10,1,4,629,0
101841,19,5,6,-1,0
101842,9,2,11,-1,0
101843,23,8,7,-1,0
101844,16,9,10,9,1
101845,15,3,11,-1,0
101846,16,4,8,65,0
101847,21,12,27,-1,0
101848,4,1,6,-1,0
101849,12,1,21,1247,0
101850,15,3,6,37,0
101851,18,9,35,-1,0
101852,16,2,8,10,0
101853,21,10,14,1746,0
101854,13,9,35,34,1
101855,22,9,13,-1,0
101856,19,5,4,-1,0
101857,20,10,9,1332,0
101858,12,1,3,-1,0
101859,12,1,32,183,0
101860,19,6,4,7,0
101861,23,7,9,-1,0
101862,-1,9,9,17,0
101863,15,7,5,-1,0
101864,8,0,10,159,0
101865,22,5,5,4,1
101866,9,1,22,-1,0
101867,7,3,5,-1,0
101868,18,5,20,1321,0
101869,7,1,4,-1,0
101870,19,19,13,1,1
101871,18,13,8,7,1
101872,20,2,16,-1,0
101873,15,6,27,-1,0
101874,11,1,13,-1,0
101875,17,9,13,-1,0
101876,6,1,9,-1,0
101877,16,5,3,-1,0
101878,10,7,11,-1,0
101879,10,2,6,982,0
101880,13,2,17,-1,0
101881,13,4,8,-1,0
101882,7,2,16,-1,0
101883,23,8,6,-1,0
101884,19,9,4,1332,0
101885,9,5,17,-1,0
101886,24,8,6,-1,0
101887,10,2,8,578,0
101888,18,9,50,49,1
101889,14,1,12,149,0
101890,16,9,9,501,0
101891,16,6,4,-1,0
101892,12,2,17,-1,0
101893,14,4,8,-1,0
101894,10,0,6,-1,0
101895,19,8,7,-1,0
101896,16,4,27,303,0
101897,19,13,7,6,1
101898,25,6,3,2,1
101899,11,6,7,-1,0
101900,-1,-1,-1,-1,0
101901,15,0,15,-1,0
101902,18,3,8,13,0
101903,27,20,30,29,1
101904,10,3,26,18,1
101905,25,6,15,-1,0
101906,13,3,10,2029,0
101907,-1,18,44,290,0
101908,12,10,33,-1,0
101909,10,5,18,-1,0
101910,9,11,11,-1,0
101911,12,2,3,1159,0
101912,8,12,24,30,0
101913,17,8,9,-1,0
101914,23,13,10,116,0
101915,16,9,11,-1,0
101916,18,11,16,84,0
101917,18,6,16,444,0
101918,16,4,17,-1,0
101919,23,11,6,5,1
101920,-1,13,8,-1,0
101921,17,3,4,4,1
101922,21,6,13,12,1
101923,14,4,3,-1,0
101924,15,7,11,-1,0
101925,6,1,33,-1,0
101926,17,7,16,-1,0
101927,12,1,10,-1,0
101928,-1,12,14,12,1
101929,10,4,9,-1,0
101930,14,6,15,-1,0
101931,18,9,54,-1,0
101932,-1,-1,-1,-1,0
101933,17,14,4,2,1
101934,18,14,20,-1,0
101935,22,12,56,413,0
101936,11,7,8,745,0
101937,20,14,29,-1,0
101938,20,7,25,104,0
101939,15,5,7,-1,0
101940,-1,7,12,141,0
101941,20,4,14,1109,0
101942,10,7,22,1011,0
101943,25,9,12,62,0
101944,9,7,13,28,0
101945,14,4,5,4,1
101946,10,2,55,-1,0
101947,18,13,28,-1,0
101948,13,5,12,1109,0
101949,14,3,5,-1,0
101950,11,2,3,2,1
101951,23,13,11,1353,0
101952,8,2,7,-1,0
101953,9,5,9,-1,0
101954,18,12,3,2,1
101955,17,5,11,-1,0
101956,15,9,6,-1,0
101957,7,1,8,-1,0
101958,18,12,15,-1,0
101959,20,15,25,24,1
101960,6,3,9,-1,0
101961,21,15,51,68,0
101962,14,10,15,555,0
101963,15,2,4,-1,0
101964,13,1,29,-1,0
101965,15,1,15,49,0
101966,16,9,6,5,1
101967,18,5,7,1106,0
101968,15,9,22,-1,0
101969,13,8,4,-1,0
101970,16,15,9,-1,0
101971,22,15,51,50,1
101972,6,2,5,-1,0
101973,16,6,77,368,0
101974,16,9,11,618,0
101975,13,6,16,-1,0
101976,10,4,13,-1,0
101977,19,8,7,-1,0
101978,4,0,8,448,0
101979,20,7,17,-1,0
101980,17,6,17,-1,0
101981,14,2,13,418,0
101982,21,12,16,136,0
101983,15,11,16,-1,0
101984,17,7,20,1287,0
101985,17,4,19,-1,0
101986,-1,5,15,-1,0
101987,2,0,5,-1,0
101988,13,5,8,-1,0
101989,7,2,4,-1,0
101990,20,12,7,-1,0
101991,9,1,12,-1,0
101992,11,3,9,-1,0
101993,12,6,7,-1,0
101994,19,5,6,249,0
101995,19,7,8,-1,0
101996,18,3,15,-1,0
101997,18,-1,7,536,0
101998,11,5,13,-1,0
101999,17,7,6,43,0
102000,16,8,8,-1,0
102001,12,7,36,-1,0
102002,19,5,38,-1,0
102003,19,7,49,444,0
102004,18,4,9,127,0
102005,16,4,12,5,1
102006,9,6,14,-1,0
102007,17,13,28,109,0
102008,11,6,18,7,1
102009,8,5,12,7,1
102010,15,7,8,-1,0
102011,28,14,32,284,0
102012,18,6,10,-1,0
102013,14,3,4,-1,0
102014,14,4,14,592,0
102015,-1,-1,-1,-1,0
102016,20,6,6,-1,0
102017,9,5,11,74,0
102018,15,11,6,-1,0
102019,28,13,4,3,1
102020,13,3,9,261,0
102021,17,5,14,-1,0
102022,14,1,12,-1,0
102023,-1,13,28,17,1
102024,11,4,44,39,1
102025,3,4,6,-1,0
102026,15,10,6,-1,0
102027,15,9,11,-1,0
102028,12,7,5,338,0
102029,22,9,15,-1,0
102030,17,7,6,-1,0
102031,9,1,6,1845,0
102032,7,1,11,-1,0
102033,14,10,3,-1,0
102034,20,10,8,-1,0
102035,18,14,31,450,0
102036,19,8,10,-1,0
102037,12,8,5,-1,0
102038,14,5,6,5,1
102039,6,1,4,-1,0
102040,19,8,3,2,1
102041,11,2,11,-1,0
102042,13,7,12,-1,0
102043,16,8,12,11,1
102044,16,6,5,4,1
102045,13,8,21,773,0
102046,13,6,24,19,1
102047,16,9,15,491,0
102048,19,9,19,-1,0
102049,21,5,17,65,0
102050,24,7,4,3,1
102051,14,10,6,-1,0
102052,11,8,26,-1,0
102053,-1,1,3,-1,0
102054,20,-1,-1,1033,0
102055,9,2,2,839,0
102056,20,10,14,10,1
102057,15,11,30,-1,0
102058,13,4,20,617,0
102059,23,7,55,113,0
102060,18,11,5,-1,0
102061,12,2,8,-1,0
102062,17,10,6,13,0
102063,-1,11,18,-1,0
102064,17,6,8,-1,0
102065,8,2,9,-1,0
102066,29,13,62,-1,0
102067,17,8,8,6,1
102068,17,3,9,40,0
102069,22,8,16,30,0
102070,20,11,8,-1,0
102071,9,2,5,-1,0
102072,16,10,99,-1,0
102073,-1,-1,-1,-1,0
102074,16,7,7,-1,0
102075,23,14,3,2,1
102076,-1,4,6,5,1
102077,11,4,3,-1,0
102078,22,12,20,-1,0
102079,12,2,19,381,0
102080,-1,1,16,-1,0
102081,8,1,15,-1,0
102082,19,9,14,47,0
102083,10,4,6,-1,0
102084,13,1,14,-1,0
102085,14,6,8,8,1
102086,13,9,7,1276,0
102087,20,9,6,-1,0
102088,16,12,6,-1,0
102089,19,14,36,98,0
102090,25,10,16,13,1
102091,17,7,5,60,0
102092,7,3,5,-1,0
102093,16,6,7,-1,0
102094,19,8,8,-1,0
102095,11,5,11,-1,0
102096,13,10,8,-1,0
102097,-1,-1,-1,416,0
102098,14,7,20,241,0
102099,14,7,8,-1,0
102100,13,7,7,-1,0
102101,10,1,9,-1,0
102102,-1,-1,1,-1,0
102103,23,5,16,322,0
102104,9,6,6,789,0
102105,21,7,15,875,0
102106,20,11,8,-1,0
102107,18,6,9,7,1
102108,16,6,7,-1,0
102109,3,2,6,-1,0
102110,16,10,6,-1,0
102111,12,3,6,5,1
102112,16,4,7,-1,0
102113,22,7,9,715,0
102114,17,7,6,-1,0
102115,18,7,12,-1,0
102116,-1,-1,-1,-1,0
102117,-1,-1,-1,-1,0
102118,7,1,5,-1,0
102119,14,5,13,-1,0
102120,13,12,44,-1,0
102121,8,2,20,-1,0
102122,12,5,13,-1,0
102123,13,8,15,-1,0
102124,13,3,3,-1,0
102125,-1,0,19,-1,0
102126,20,12,17,-1,0
102127,19,9,13,-1,0
102128,15,4,7,5,1
102129,16,8,13,10,1
102130,26,13,18,162,0
102131,18,14,15,-1,0
102132,18,13,28,-1,0
102133,13,7,8,-1,0
102134,18,12,9,-1,0
102135,9,6,7,-1,0
102136,16,2,15,-1,0
102137,-1,2,8,-1,0
102138,9,4,10,-1,0
102139,21,11,14,-1,0
102140,11,9,12,269,0
102141,8,3,10,-1,0
102142,18,11,13,-1,0
102143,17,8,15,14,1
102144,9,2,7,63,0
102145,17,10,24,136,0
102146,10,3,8,891,0
102147,21,12,9,1037,0
102148,13,3,5,-1,0
102149,13,7,11,-1,0
102150,-1,-1,4,3,1
102151,24,7,7,6,1
102152,9,0,21,-1,0
102153,16,12,6,431,0
102154,12,-1,5,8,0
102155,23,19,23,-1,0
102156,16,7,5,775,0
102157,11,2,21,60,0
102158,16,6,4,3,1
102159,18,6,6,975,0
102160,18,14,27,-1,0
102161,23,15,6,5,1
102162,26,9,7,-1,0
102163,26,15,18,440,0
102164,-1,-1,-1,-1,0
102165,19,10,13,-1,0
102166,18,8,4,726,0
102167,16,6,25,-1,0
102168,13,2,5,1791,0
102169,19,5,21,21,1
102170,9,1,13,-1,0
102171,7,4,3,-1,0
102172,6,0,4,-1,0
102173,5,1,10,-1,0
102174,12,2,11,-1,0
102175,18,10,26,-1,0
102176,8,4,4,4,1
102177,14,9,18,33,0
102178,13,1,9,-1,0
102179,12,4,6,5,1
102180,22,14,17,-1,0
102181,16,9,38,-1,0
102182,23,11,12,-1,0
102183,16,6,6,-1,0
102184,28,14,29,34,0
102185,10,1,6,-1,0
102186,11,3,6,-1,0
102187,14,7,13,-1,0
102188,14,3,15,151,0
102189,17,9,5,-1,0
102190,10,4,5,-1,0
102191,22,8,6,-1,0
102192,11,-1,13,-1,0
102193,21,5,4,3,1
102194,24,13,13,12,1
102195,24,14,11,516,0
102196,14,5,10,9,1
102197,14,6,14,-1,0
102198,18,8,4,-1,0
102199,5,1,6,145,0
102200,18,6,5,-1,0
102201,16,12,7,758,0
102202,14,-1,8,405,0
102203,15,4,17,-1,0
102204,13,9,8,7,1
102205,21,8,29,-1,0
102206,-1,2,9,314,0
102207,10,6,18,-1,0
102208,15,10,11,-1,0
102209,4,0,10,-1,0
102210,7,8,12,93,0
102211,9,-1,7,-1,0
102212,13,4,14,16,0
102213,5,0,12,-1,0
102214,17,7,20,-1,0
102215,26,10,27,134,0
102216,15,8,4,-1,0
102217,7,1,4,2098,0
102218,18,9,11,433,0
102219,12,5,5,-1,0
102220,8,2,3,-1,0
102221,20,9,10,-1,0
102222,16,11,14,-1,0
102223,7,2,7,92,0
102224,15,4,5,-1,0
102225,25,12,25,-1,0
102226,12,2,10,8,1
102227,7,0,8,-1,0
102228,19,10,5,-1,0
102229,23,13,18,21,0
102230,13,5,6,-1,0
102231,15,3,12,141,0
102232,11,8,5,-1,0
102233,22,5,16,15,1
102234,18,12,11,-1,0
102235,19,9,5,3,1
102236,11,4,16,1128,0
102237,9,0,7,-1,0
102238,7,6,43,-1,0
102239,15,10,10,4,1
102240,-1,0,3,2,1
102241,17,6,5,-1,0
102242,-1,7,6,-1,0
102243,17,12,26,-1,0
102244,16,4,9,353,0
102245,13,9,42,893,0
102246,13,6,10,-1,0
102247,15,4,11,31,0
102248,21,10,34,30,1
102249,14,6,8,-1,0
102250,8,0,11,-1,0
102251,28,10,45,114,0
102252,15,5,5,-1,0
102253,23,15,16,-1,0
102254,12,5,17,-1,0
102255,16,6,34,6,1
102256,22,11,11,-1,0
102257,20,10,9,-1,0
102258,10,2,5,-1,0
102259,16,10,22,-1,0
102260,16,6,10,-1,0
102261,15,10,5,-1,0
102262,20,7,6,5,1
102263,18,8,9,2620,0
102264,5,3,4,-1,0
102265,9,2,5,-1,0
102266,18,12,17,-1,0
102267,16,-1,7,-1,0
102268,15,12,14,-1,0
102269,9,-1,9,263,0
102270,16,7,6,5,1
102271,11,6,21,90,0
102272,13,4,9,26,0
102273,27,16,22,18,1
102274,18,12,16,-1,0
102275,16,11,14,110,0
102276,21,11,9,77,0
102277,16,11,12,-1,0
102278,19,9,15,-1,0
102279,8,6,9,-1,0
102280,18,9,7,-1,0
102281,20,10,16,-1,0
102282,17,8,20,19,1
102283,16,7,12,261,0
102284,15,5,7,-1,0
102285,14,6,26,6,1
102286,11,2,3,-1,0
102287,22,11,19,-1,0
102288,17,2,31,30,1
102289,9,4,8,-1,0
102290,13,6,22,-1,0
102291,13,6,7,-1,0
102292,4,0,4,-1,0
102293,17,5,20,-1,0
102294,-1,7,4,-1,0
102295,16,10,18,365,0
102296,18,8,15,363,0
102297,24,4,35,41,0
102298,15,12,25,-1,0
102299,23,10,7,65,0
102300,12,6,23,-1,0
102301,16,11,15,1167,0
102302,17,13,36,-1,0
102303,16,7,11,-1,0
102304,3,1,19,-1,0
102305,9,6,17,-1,0
102306,9,4,10,552,0
102307,17,18,7,6,1
102308,9,2,6,-1,0
102309,21,16,34,33,1
102310,-1,9,29,-1,0
102311,15,5,19,293,0
102312,22,13,12,465,0
102313,17,4,52,124,0
102314,29,14,23,-1,0
102315,13,2,10,10,1
102316,11,0,4,-1,0
102317,15,3,6,-1,0
102318,12,3,11,-1,0
102319,17,5,21,20,1
102320,6,4,2,-1,0
102321,26,12,7,-1,0
102322,18,11,16,-1,0
102323,10,2,5,-1,0
102324,26,12,34,33,1
102325,15,12,23,-1,0
102326,25,14,10,730,0
102327,19,9,7,696,0
102328,23,7,4,3,1
102329,11,2,29,-1,0
102330,16,10,13,-1,0
102331,15,9,8,541,0
102332,9,0,16,1004,0
102333,15,7,5,-1,0
102334,8,2,3,-1,0
102335,15,9,14,12,1
102336,6,-1,11,-1,0
102337,21,9,13,-1,0
102338,8,1,8,6,1
102339,18,13,12,-1,0
102340,15,8,4,-1,0
102341,20,11,9,-1,0
102342,22,6,10,-1,0
102343,12,5,18,-1,0
102344,17,-1,38,-1,0
102345,-1,5,6,41,0
102346,24,8,8,-1,0
102347,-1,0,5,-1,0
102348,2,2,4,-1,0
102349,16,8,6,5,1
102350,12,4,8,143,0
102351,20,9,13,1511,0
102352,16,11,8,4,1
102353,19,7,12,323,0
102354,12,2,12,555,0
102355,14,15,9,-1,0
102356,5,4,25,124,0
102357,17,4,23,756,0
102358,11,3,6,-1,0
102359,9,1,4,-1,0
102360,-1,16,9,6,1
102361,19,3,8,315,0
102362,16,5,24,-1,0
102363,13,3,5,-1,0
102364,5,2,28,-1,0
102365,14,10,25,440,0
102366,15,9,17,-1,0
102367,22,14,12,11,1
102368,16,13,10,-1,0
102369,18,6,21,-1,0
102370,22,10,35,206,0
102371,14,8,46,-1,0
102372,27,7,36,195,0
102373,17,6,3,2,1
102374,16,5,12,32,0
102375,11,1,4,-1,0
102376,9,2,15,-1,0
102377,26,16,24,82,0
102378,16,10,7,1,1
102379,16,5,28,-1,0
102380,13,2,8,866,0
102381,12,2,4,-1,0
102382,5,2,29,-1,0
102383,18,8,8,-1,0
102384,16,9,3,2,1
102385,17,2,4,918,0
102386,25,5,12,628,0
102387,18,6,22,-1,0
102388,16,11,36,-1,0
102389,16,6,9,-1,0
102390,19,8,6,-1,0
102391,4,1,4,-1,0
102392,12,1,10,28,0
102393,5,2,16,-1,0
102394,9,4,7,56,0
102395,10,0,6,396,0
102396,17,9,13,-1,0
102397,21,17,9,2,1
102398,18,6,8,383,0
102399,20,12,17,16,1
102400,16,6,19,21,0
102401,20,13,25,-1,0
102402,-1,-1,-1,-1,0
102403,17,12,14,-1,0
102404,19,11,8,-1,0
102405,15,5,13,12,1
102406,8,1,6,-1,0
102407,15,7,12,-1,0
102408,18,9,33,45,0
102409,-1,4,5,-1,0
102410,10,1,6,-1,0
102411,6,4,35,-1,0
102412,17,7,9,1062,0
102413,9,2,27,-1,0
102414,7,0,19,-1,0
102415,10,4,7,-1,0
102416,12,11,7,-1,0
102417,15,11,6,44,0
102418,12,3,8,-1,0
102419,10,3,15,-1,0
102420,11,4,5,400,0
102421,21,8,6,-1,0
102422,27,14,14,-1,0
102423,14,6,7,-1,0
102424,17,6,19,7,1
102425,14,7,6,-1,0
102426,8,6,9,-1,0
102427,10,4,10,9,1
102428,22,11,38,89,0
102429,21,10,8,-1,0
102430,12,2,8,194,0
102431,15,9,7,-1,0
102432,4,0,14,-1,0
102433,14,7,13,-1,0
102434,9,7,10,-1,0
102435,24,6,10,9,1
102436,19,8,6,-1,0
102437,2,2,9,-1,0
102438,16,11,35,-1,0
102439,16,7,35,32,1
102440,14,5,27,277,0
102441,25,12,5,-1,0
102442,19,12,19,-1,0
102443,10,4,10,25,0
102444,14,5,31,507,0
102445,17,10,9,-1,0
102446,12,6,17,163,0
102447,14,5,7,-1,0
102448,24,10,6,-1,0
102449,20,7,24,-1,0
102450,19,8,10,-1,0
102451,14,2,17,-1,0
102452,12,10,10,9,1
102453,23,11,30,-1,0
102454,18,5,15,14,1
102455,19,11,9,2,1
102456,14,11,5,-1,0
102457,26,12,21,-1,0
102458,12,3,5,-1,0
102459,12,3,2,-1,0
102460,7,2,20,-1,0
102461,5,2,4,-1,0
102462,13,8,23,-1,0
102463,19,-1,16,101,0
102464,14,6,8,-1,0
102465,18,5,8,-1,0
102466,21,7,5,-1,0
102467,20,10,18,120,0
102468,15,2,30,68,0
102469,21,13,21,-1,0
102470,13,9,4,-1,0
102471,17,8,10,9,1
102472,14,2,16,1225,0
102473,17,7,58,269,0
102474,14,6,11,-1,0
102475,12,4,9,2011,0
102476,16,7,11,-1,0
102477,13,5,3,-1,0
102478,14,7,7,-1,0
102479,17,8,17,-1,0
102480,20,10,12,2,1
102481,10,4,7,-1,0
102482,15,7,7,2375,0
102483,14,8,27,-1,0
102484,23,14,20,-1,0
102485,20,14,17,-1,0
102486,20,5,6,1564,0
102487,6,4,8,-1,0
102488,12,2,14,-1,0
102489,14,4,14,-1,0
102490,13,2,3,228,0
102491,4,2,13,-1,0
102492,14,6,5,8,0
102493,19,8,72,92,0
102494,9,5,6,-1,0
102495,10,1,13,-1,0
102496,7,0,8,-1,0
102497,21,11,12,-1,0
102498,12,4,19,-1,0
102499,6,1,24,-1,0
102500,19,12,13,12,1
102501,8,6,3,35,0
102502,19,9,34,47,0
102503,1,0,2,-1,0
102504,19,13,11,-1,0
102505,18,11,12,-1,0
102506,21,11,20,-1,0
102507,18,0,25,22,1
102508,14,2,26,380,0
102509,18,7,27,-1,0
102510,19,6,12,-1,0
102511,16,3,38,-1,0
102512,8,0,6,-1,0
102513,16,8,7,412,0
102514,14,13,22,-1,0
102515,10,2,8,-1,0
102516,12,4,43,336,0
102517,13,8,19,-1,0
102518,7,1,7,-1,0
102519,6,4,4,-1,0
102520,22,8,17,957,0
102521,20,14,5,4,1
102522,16,7,20,-1,0
102523,26,18,17,-1,0
102524,16,11,6,-1,0
102525,19,8,15,-1,0
102526,9,2,10,-1,0
102527,10,4,10,-1,0
102528,12,9,8,-1,0
102529,16,7,17,-1,0
102530,23,9,34,10,1
102531,15,-1,3,-1,0
102532,20,6,54,37,1
102533,17,6,8,1727,0
102534,12,10,23,25,0
102535,19,11,9,-1,0
102536,14,2,20,-1,0
102537,21,7,8,666,0
102538,4,1,7,-1,0
102539,13,2,10,26,0
102540,8,1,18,-1,0
102541,10,5,9,-1,0
102542,19,7,7,-1,0
102543,20,15,67,-1,0
102544,-1,-1,5,-1,0
102545,9,2,16,15,1
102546,19,11,14,-1,0
102547,13,3,7,-1,0
102548,7,1,7,-1,0
102549,11,4,16,31,0
102550,8,2,5,1323,0
102551,7,3,5,398,0
102552,19,6,6,-1,0
102553,12,6,24,-1,0
102554,16,13,23,-1,0
102555,13,5,12,629,0
102556,20,11,48,858,0
102557,21,17,10,77,0
102558,15,7,8,221,0
102559,20,4,8,404,0
102560,20,4,6,-1,0
102561,14,3,11,-1,0
102562,6,6,5,-1,0
102563,6,2,7,658,0
102564,13,1,18,-1,0
102565,14,8,10,628,0
102566,14,5,5,-1,0
102567,17,12,6,-1,0
102568,19,10,9,-1,0
102569,13,7,8,7,1
102570,27,15,13,-1,0
102571,25,12,13,-1,0
102572,13,4,20,-1,0
102573,14,5,6,-1,0
102574,16,4,29,-1,0
102575,11,2,2,69,0
102576,16,9,7,-1,0
102577,17,7,14,-1,0
102578,4,1,5,-1,0
102579,19,14,35,741,0
102580,8,2,3,-1,0
102581,15,1,42,41,1
102582,-1,0,5,-1,0
102583,15,7,6,7,0
102584,9,1,9,-1,0
102585,11,4,23,-1,0
102586,17,11,12,-1,0
102587,20,7,7,-1,0
102588,10,2,5,-1,0
102589,23,13,3,2,1
102590,14,8,23,61,0
102591,13,3,13,42,0
102592,12,2,5,-1,0
102593,20,10,38,-1,0
102594,18,16,10,-1,0
102595,17,14,36,35,1
102596,14,7,42,-1,0
102597,17,5,11,78,0
102598,10,3,12,-1,0
102599,14,7,9,7,1
102600,11,4,12,-1,0
102601,7,1,7,-1,0
102602,18,5,17,-1,0
102603,17,6,5,4,1
102604,19,6,5,-1,0
102605,13,4,24,-1,0
102606,13,2,7,-1,0
102607,20,4,8,338,0
102608,20,3,8,-1,0
102609,21,11,25,-1,0
102610,9,4,3,295,0
102611,19,6,5,1916,0
102612,11,6,14,-1,0
102613,13,8,8,1460,0
102614,24,19,6,5,1
102615,16,12,16,-1,0
102616,13,4,14,370,0
102617,20,10,10,-1,0
102618,9,1,13,-1,0
102619,18,13,27,-1,0
102620,15,10,7,-1,0
102621,20,11,9,16,0
102622,17,6,21,54,0
102623,14,5,9,8,1
102624,14,13,3,2,1
102625,21,13,9,941,0
102626,11,4,16,-1,0
102627,9,4,2,-1,0
102628,-1,11,27,35,0
102629,14,-1,9,182,0
102630,11,4,11,-1,0
102631,20,13,8,-1,0
102632,22,13,20,-1,0
102633,10,3,28,1013,0
102634,18,7,20,-1,0
102635,15,8,5,4,1
102636,21,15,19,-1,0
102637,21,11,12,488,0
102638,18,8,101,693,0
102639,17,9,26,38,0
102640,21,12,12,21,0
102641,14,3,2,2017,0
102642,7,4,10,1149,0
102643,9,6,6,209,0
102644,10,2,9,-1,0
102645,12,5,5,-1,0
102646,10,4,29,-1,0
102647,11,10,5,73,0
102648,8,4,10,-1,0
102649,18,8,12,-1,0
102650,18,9,8,-1,0
102651,11,2,4,-1,0
102652,9,2,5,-1,0
102653,12,0,9,-1,0
102654,13,7,8,203,0
102655,11,6,7,-1,0
102656,-1,7,5,-1,0
102657,-1,0,16,-1,0
102658,23,12,19,-1,0
102659,13,5,17,-1,0
102660,-1,2,23,19,1
102661,20,8,24,-1,0
102662,17,9,8,97,0
102663,10,2,4,-1,0
102664,17,11,5,-1,0
102665,9,4,4,68,0
102666,18,7,6,-1,0
102667,12,5,7,-1,0
102668,14,1,29,-1,0
102669,15,10,7,-1,0
102670,-1,8,14,16,0
102671,5,2,11,-1,0
102672,18,13,6,-1,0
102673,18,8,8,-1,0
102674,-1,6,41,-1,0
102675,12,3,11,40,0
102676,20,4,7,-1,0
102677,18,7,9,-1,0
102678,21,10,4,-1,0
102679,14,5,5,-1,0
102680,10,1,9,-1,0
102681,20,12,9,-1,0
102682,15,7,295,571,0
102683,18,5,9,-1,0
102684,17,10,17,-1,0
102685,19,7,16,1147,0
102686,12,4,52,-1,0
102687,17,9,4,-1,0
102688,12,1,6,-1,0
102689,17,18,24,-1,0
102690,18,5,14,13,1
102691,16,10,5,-1,0
102692,14,6,15,-1,0
102693,-1,-1,-1,-1,0
102694,15,6,12,11,1
102695,7,4,5,331,0
102696,23,7,2,1,1
102697,14,3,13,476,0
102698,12,11,8,7,1
102699,22,13,26,164,0
102700,17,9,9,-1,0
102701,32,11,12,-1,0
102702,15,8,10,-1,0
102703,15,8,9,-1,0
102704,13,6,6,-1,0
102705,19,16,20,32,0
102706,10,4,7,-1,0
102707,12,7,22,2210,0
102708,14,13,13,1415,0
102709,7,1,7,-1,0
102710,15,8,84,-1,0
102711,16,8,7,-1,0
102712,16,10,6,-1,0
102713,8,1,18,-1,0
102714,21,5,6,5,1
102715,22,6,5,-1,0
102716,5,0,9,-1,0
102717,21,8,29,-1,0
102718,17,8,9,-1,0
102719,1,1,4,-1,0
102720,11,5,9,-1,0
102721,10,0,7,-1,0
102722,9,-1,-1,-1,0
102723,17,8,11,-1,0
102724,18,8,9,-1,0
102725,20,5,24,206,0
102726,13,4,12,-1,0
102727,13,4,4,-1,0
102728,11,7,6,-1,0
102729,18,9,28,-1,0
102730,15,4,7,-1,0
102731,16,6,9,8,1
102732,22,11,10,-1,0
102733,17,11,8,866,0
102734,22,10,15,123,0
102735,17,12,53,-1,0
102736,11,7,3,-1,0
102737,24,9,10,9,1
102738,18,8,18,17,1
102739,28,17,17,16,1
102740,12,2,6,-1,0
102741,20,12,17,1096,0
102742,16,10,34,-1,0
102743,19,13,17,9,1
102744,16,9,9,-1,0
102745,4,3,8,-1,0
102746,14,8,6,-1,0
102747,15,5,10,-1,0
102748,18,4,25,219,0
102749,5,3,17,-1,0
102750,4,5,4,-1,0
102751,-1,13,4,-1,0
102752,13,3,10,9,1
102753,6,1,7,-1,0
102754,18,5,13,-1,0
102755,26,13,9,-1,0
102756,12,13,8,48,0
102757,15,7,10,-1,0
102758,10,1,11,-1,0
102759,9,1,2,-1,0
102760,12,3,5,-1,0
102761,17,3,5,4,1
102762,14,5,10,331,0
102763,-1,-1,9,-1,0
102764,17,14,14,-1,0
102765,18,8,7,-1,0
102766,19,13,8,7,1
102767,15,6,5,4,1
102768,10,8,30,104,0
102769,11,4,22,-1,0
102770,15,6,27,26,1
102771,23,9,8,-1,0
102772,24,8,4,3,1
102773,24,13,25,-1,0
102774,14,7,6,-1,0
102775,20,8,7,-1,0
102776,5,1,13,-1,0
102777,20,12,6,-1,0
102778,14,4,8,-1,0
102779,13,4,5,-1,0
102780,17,7,10,-1,0
102781,10,5,7,-1,0
102782,24,13,16,1063,0
102783,18,7,5,-1,0
102784,13,8,89,-1,0
102785,13,4,7,-1,0
102786,21,11,8,-1,0
102787,13,9,16,743,0
102788,17,11,11,130,0
102789,18,11,10,-1,0
102790,15,13,9,8,1
102791,22,9,7,6,1
102792,14,0,8,-1,0
102793,16,9,5,-1,0
102794,22,10,16,-1,0
102795,19,10,8,8,1
102796,16,8,5,-1,0
102797,13,2,16,11,1
102798,20,8,14,-1,0
102799,-1,11,12,7,1
102800,11,8,14,-1,0
102801,16,6,18,-1,0
102802,10,10,9,-1,0
102803,12,3,12,796,0
102804,23,8,8,3,1
102805,17,12,44,-1,0
102806,14,11,9,-1,0
102807,16,11,7,621,0
102808,9,1,4,-1,0
102809,16,7,11,635,0
102810,15,10,14,248,0
102811,18,14,20,96,0
102812,10,7,7,1039,0
102813,18,7,19,91,0
102814,13,13,52,-1,0
102815,10,3,7,-1,0
102816,9,2,2,-1,0
102817,18,7,7,1300,0
102818,12,1,4,-1,0
102819,-1,-1,-1,-1,0
102820,22,15,3,15,0
102821,-1,1,7,-1,0
102822,20,10,11,-1,0
102823,14,2,11,-1,0
102824,11,6,39,393,0
102825,22,11,4,3,1
102826,17,9,24,-1,0
102827,17,8,13,-1,0
102828,18,12,8,-1,0
102829,17,8,6,-1,0
102830,11,3,3,-1,0
102831,8,1,25,111,0
102832,10,7,8,-1,0
102833,5,1,4,-1,0
102834,11,9,5,-1,0
102835,8,3,13,-1,0
102836,17,5,12,193,0
102837,10,2,5,-1,0
102838,-1,1,3,-1,0
102839,16,6,13,17,0
102840,26,17,30,66,0
102841,20,7,18,-1,0
102842,18,9,7,-1,0
102843,15,7,7,-1,0
102844,10,3,3,843,0
102845,12,5,26,74,0
102846,14,8,16,-1,0
102847,15,7,27,-1,0
102848,16,8,10,1256,0
102849,25,10,9,-1,0
102850,-1,5,6,-1,0
102851,24,10,6,-1,0
102852,19,8,34,166,0
102853,16,14,11,-1,0
102854,11,4,7,6,1
102855,12,6,5,-1,0
102856,16,7,12,-1,0
102857,12,5,23,-1,0
102858,32,14,38,-1,0
102859,18,3,8,414,0
102860,25,9,26,-1,0
102861,17,11,9,-1,0
102862,15,6,24,-1,0
102863,23,8,9,-1,0
102864,14,9,17,-1,0
102865,13,2,4,-1,0
102866,21,7,13,1094,0
102867,18,8,5,-1,0
102868,15,8,7,-1,0
102869,9,3,5,-1,0
102870,5,2,4,587,0
102871,17,6,8,430,0
102872,10,2,20,-1,0
102873,4,1,2,-1,0
102874,18,7,21,350,0
102875,15,9,14,782,0
102876,19,9,9,-1,0
102877,15,7,8,-1,0
102878,12,5,24,19,1
102879,20,5,30,-1,0
102880,11,5,4,1318,0
102881,18,10,16,15,1
102882,9,1,9,-1,0
102883,22,-1,11,331,0
102884,-1,4,8,-1,0
102885,16,5,5,-1,0
102886,16,8,8,-1,0
102887,17,6,15,138,0
102888,20,13,14,-1,0
102889,26,14,15,14,1
102890,9,5,9,-1,0
102891,12,8,9,-1,0
102892,16,10,7,-1,0
102893,12,5,11,-1,0
102894,-1,-1,-1,-1,0
102895,14,-1,9,18,0
102896,16,4,3,-1,0
102897,15,5,11,8,1
102898,12,8,171,-1,0
102899,13,9,18,24,0
102900,15,11,8,185,0
102901,12,13,10,-1,0
102902,11,12,8,-1,0
102903,22,11,8,132,0
102904,9,3,8,1413,0
102905,12,8,10,1418,0
102906,17,6,3,2,1
102907,11,11,16,-1,0
102908,21,14,56,-1,0
102909,6,4,14,-1,0
102910,8,3,2,-1,0
102911,13,8,12,-1,0
102912,5,2,20,-1,0
102913,6,1,5,-1,0
102914,15,8,36,-1,0
102915,9,1,10,-1,0
102916,14,7,12,4,1
102917,19,4,4,-1,0
102918,20,13,34,-1,0
102919,16,4,8,-1,0
102920,17,12,14,-1,0
102921,15,6,9,-1,0
102922,6,0,8,-1,0
102923,13,3,3,-1,0
102924,8,1,4,-1,0
102925,14,4,7,52,0
102926,13,2,7,-1,0
102927,4,3,4,-1,0
102928,14,4,5,125,0
102929,7,3,3,-1,0
102930,13,11,10,1471,0
102931,10,-1,6,-1,0
102932,10,3,20,1344,0
102933,22,10,24,-1,0
102934,14,10,18,-1,0
102935,15,5,7,-1,0
102936,14,7,17,-1,0
102937,13,-1,16,-1,0
102938,18,6,19,72,0
102939,10,1,7,-1,0
102940,-1,-1,-1,6,0
102941,12,1,6,-1,0
102942,16,8,7,-1,0
102943,24,14,7,336,0
102944,21,13,7,-1,0
102945,4,1,2,-1,0
102946,13,5,16,56,0
102947,23,5,4,3,1
102948,11,5,8,476,0
102949,15,2,24,-1,0
102950,14,7,11,-1,0
102951,14,-1,18,-1,0
102952,7,1,7,-1,0
102953,19,5,11,42,0
102954,8,1,5,-1,0
102955,14,11,14,-1,0
102956,6,2,14,-1,0
102957,21,13,38,-1,0
102958,15,4,10,931,0
102959,19,9,5,-1,0
102960,16,7,6,-1,0
102961,15,4,14,-1,0
102962,-1,4,5,3,1
102963,8,1,4,3,1
102964,18,9,27,445,0
102965,17,8,17,-1,0
102966,21,13,4,-1,0
102967,15,8,35,-1,0
102968,20,14,28,27,1
102969,22,7,8,-1,0
102970,25,9,5,-1,0
102971,14,7,9,255,0
102972,15,1,8,-1,0
102973,2,1,13,-1,0
102974,9,3,10,-1,0
102975,20,4,17,-1,0
102976,13,10,24,1487,0
102977,13,6,4,528,0
102978,20,8,7,-1,0
102979,20,8,24,1266,0
102980,15,10,5,-1,0
102981,23,10,13,9,1
102982,11,-1,3,-1,0
102983,18,6,13,-1,0
102984,14,7,13,1021,0
102985,21,6,20,-1,0
102986,17,8,29,278,0
102987,10,2,11,-1,0
102988,20,13,9,-1,0
102989,25,4,25,91,0
102990,17,1,6,-1,0
102991,8,0,3,-1,0
102992,25,10,7,-1,0
102993,8,2,5,-1,0
102994,19,10,10,2,1
102995,16,6,16,-1,0
102996,24,4,58,-1,0
102997,17,1,26,80,0
102998,7,1,9,-1,0
102999,23,10,5,-1,0
103000,10,8,5,-1,0
103001,16,7,23,-1,0
103002,23,14,23,603,0
103003,20,10,5,-1,0
103004,14,6,8,1731,0
103005,16,6,6,-1,0
103006,25,12,10,-1,0
103007,8,1,8,-1,0
103008,15,9,33,1472,0
103009,21,10,6,6,1
103010,2,1,3,-1,0
103011,15,7,6,-1,0
103012,12,7,37,-1,0
103013,11,6,20,-1,0
103014,12,2,5,1620,0
103015,20,8,17,16,1
103016,20,12,25,-1,0
103017,18,10,12,-1,0
103018,30,13,5,4,1
103019,25,-1,10,9,1
103020,20,14,14,-1,0
103021,19,11,8,-1,0
103022,15,6,20,40,0
103023,8,6,10,-1,0
103024,28,14,11,236,0
103025,12,2,12,453,0
103026,20,9,6,-1,0
103027,10,0,6,-1,0
103028,19,5,7,5,1
103029,13,1,21,-1,0
103030,13,6,7,-1,0
103031,-1,1,5,-1,0
103032,24,14,12,6,1
103033,21,8,5,-1,0
103034,14,3,7,406,0
103035,-1,2,10,-1,0
103036,11,5,8,-1,0
103037,7,5,27,-1,0
103038,15,7,5,4,1
103039,18,8,6,-1,0
103040,9,2,13,451,0
103041,16,5,11,-1,0
103042,11,4,6,-1,0
103043,20,12,12,-1,0
103044,17,11,9,-1,0
103045,-1,1,14,-1,0
103046,18,8,6,-1,0
103047,16,7,46,-1,0
103048,-1,2,23,-1,0
103049,7,12,7,-1,0
103050,16,9,8,-1,0
103051,7,8,11,-1,0
103052,27,5,3,2,1
103053,8,3,5,-1,0
103054,6,1,10,-1,0
103055,19,11,9,-1,0
103056,15,7,16,-1,0
103057,18,8,7,-1,0
103058,3,4,3,-1,0
103059,20,10,22,-1,0
103060,14,10,5,-1,0
103061,9,11,12,17,0
103062,5,1,8,348,0
103063,11,6,7,-1,0
103064,14,4,5,-1,0
103065,8,2,5,-1,0
103066,21,12,6,-1,0
103067,13,6,8,-1,0
103068,23,10,17,-1,0
103069,17,9,25,-1,0
103070,10,1,21,-1,0
103071,11,2,7,62,0
103072,10,6,5,-1,0
103073,10,2,4,-1,0
103074,3,1,4,-1,0
103075,23,6,4,3,1
103076,14,4,10,-1,0
103077,21,11,4,2,1
103078,18,7,4,-1,0
103079,12,1,14,13,1
103080,17,15,20,113,0
103081,17,11,11,-1,0
103082,7,8,7,-1,0
103083,26,16,11,1380,0
103084,6,3,5,-1,0
103085,22,12,7,-1,0
103086,16,4,5,-1,0
103087,16,7,16,646,0
103088,11,6,6,-1,0
103089,10,9,20,-1,0
103090,8,1,3,-1,0
103091,9,2,28,-1,0
103092,17,2,19,-1,0
103093,-1,-1,-1,-1,0
103094,13,3,6,-1,0
103095,5,5,5,-1,0
103096,19,11,27,-1,0
103097,7,6,7,-1,0
103098,-1,-1,-1,141,0
103099,14,1,16,-1,0
103100,12,5,12,369,0
103101,20,12,7,-1,0
103102,22,15,11,-1,0
103103,21,10,13,-1,0
103104,13,4,3,-1,0
103105,12,9,14,-1,0
103106,8,10,14,13,1
103107,18,8,13,12,1
103108,13,4,30,-1,0
103109,16,8,8,963,0
103110,24,8,9,-1,0
103111,18,6,4,3,1
103112,17,5,19,-1,0
103113,20,8,5,-1,0
103114,18,11,28,-1,0
103115,20,7,24,-1,0
103116,19,5,10,-1,0
103117,18,9,29,302,0
103118,16,3,9,1115,0
103119,21,11,19,223,0
103120,7,0,17,-1,0
103121,23,-1,14,-1,0
103122,-1,0,3,-1,0
103123,21,12,24,1925,0
103124,16,11,7,-1,0
103125,10,5,5,-1,0
103126,6,5,12,11,1
103127,25,7,9,198,0
103128,16,5,10,95,0
103129,10,1,26,178,0
103130,7,2,23,-1,0
103131,22,8,16,-1,0
103132,14,8,4,-1,0
103133,16,6,12,-1,0
103134,11,1,6,233,0
103135,9,3,10,-1,0
103136,15,8,8,-1,0
103137,23,9,45,-1,0
103138,11,6,6,-1,0
103139,18,7,10,93,0
103140,6,2,20,-1,0
103141,9,2,17,-1,0
103142,9,2,5,-1,0
103143,14,6,7,6,1
103144,26,15,3,2,1
103145,12,11,28,-1,0
103146,11,3,26,-1,0
103147,19,11,21,-1,0
103148,24,12,31,-1,0
103149,13,1,8,1058,0
103150,15,6,10,-1,0
103151,-1,-1,-1,-1,0
103152,12,2,5,3,1
103153,14,10,9,423,0
103154,15,4,42,39,1
103155,15,11,18,-1,0
103156,20,9,9,-1,0
103157,16,4,7,1408,0
103158,13,3,6,124,0
103159,5,1,6,-1,0
103160,24,13,18,-1,0
103161,19,12,14,-1,0
103162,18,7,6,-1,0
103163,14,2,6,126,0
103164,10,2,5,-1,0
103165,15,2,45,668,0
103166,8,1,5,-1,0
103167,13,3,19,357,0
103168,19,11,4,-1,0
103169,13,4,3,4,0
103170,10,2,10,-1,0
103171,10,3,4,-1,0
103172,22,9,10,-1,0
103173,14,8,4,2,1
103174,15,6,9,4,1
103175,17,-1,3,-1,0
103176,20,10,10,-1,0
103177,11,6,13,-1,0
103178,12,8,12,41,0
103179,7,2,12,-1,0
103180,15,12,11,-1,0
103181,17,5,4,-1,0
103182,15,5,25,-1,0
103183,14,10,10,-1,0
103184,8,2,12,1332,0
103185,-1,-1,-1,-1,0
103186,13,9,17,-1,0
103187,10,8,11,877,0
103188,7,2,28,-1,0
103189,19,6,31,28,1
103190,23,10,8,-1,0
103191,8,3,15,-1,0
103192,22,7,8,1,1
103193,18,10,6,-1,0
103194,17,6,19,-1,0
103195,18,8,15,942,0
103196,10,5,18,-1,0
103197,20,7,4,1289,0
103198,13,4,35,-1,0
103199,26,22,5,4,1
103200,13,5,3,-1,0
103201,9,4,4,-1,0
103202,20,11,10,225,0
103203,18,3,20,248,0
103204,12,12,13,-1,0
103205,18,6,20,-1,0
103206,15,4,18,165,0
103207,15,6,7,-1,0
103208,15,7,17,-1,0
103209,16,8,9,-1,0
103210,11,5,19,-1,0
103211,14,4,3,13,0
103212,17,9,14,-1,0
103213,-1,6,9,-1,0
103214,16,6,17,706,0
103215,13,10,13,-1,0
103216,8,3,11,-1,0
103217,15,6,8,5,1
103218,-1,-1,-1,-1,0
103219,7,7,6,5,1
103220,11,6,6,-1,0
103221,22,12,6,-1,0
103222,-1,4,3,2,1
103223,19,12,5,-1,0
103224,12,4,21,-1,0
103225,20,9,9,9,1
103226,18,7,7,-1,0
103227,16,12,24,36,0
103228,12,3,9,1668,0
103229,13,6,9,1192,0
103230,17,8,23,-1,0
103231,19,3,11,-1,0
103232,18,9,5,-1,0
103233,11,2,10,-1,0
103234,10,0,13,-1,0
103235,19,11,14,8,1
103236,16,9,16,424,0
103237,17,5,4,-1,0
103238,-1,-1,-1,-1,0
103239,20,15,25,14,1
103240,26,11,9,-1,0
103241,9,5,6,195,0
103242,6,1,3,-1,0
103243,14,8,10,-1,0
103244,9,1,3,-1,0
103245,9,5,9,20,0
103246,15,9,8,-1,0
103247,15,10,19,-1,0
103248,19,6,28,-1,0
103249,12,7,15,56,0
103250,-1,11,16,384,0
103251,24,15,14,-1,0
103252,13,6,5,-1,0
103253,15,9,7,-1,0
103254,16,6,8,-1,0
103255,15,4,9,1001,0
103256,14,7,10,9,1
103257,10,2,34,823,0
103258,17,8,125,-1,0
103259,18,9,3,-1,0
103260,9,11,8,-1,0
103261,2,1,5,-1,0
103262,14,7,8,-1,0
103263,11,2,17,-1,0
103264,19,6,8,-1,0
103265,9,0,9,-1,0
103266,15,5,11,-1,0
103267,18,12,11,-1,0
103268,6,0,6,-1,0
103269,9,3,5,-1,0
103270,15,5,29,-1,0
103271,10,6,6,-1,0
103272,14,5,11,-1,0
103273,18,9,9,60,0
103274,14,7,8,388,0
103275,26,7,14,-1,0
103276,14,3,24,473,0
103277,16,12,20,17,1
103278,14,5,3,2,1
103279,15,11,10,-1,0
103280,15,10,8,6,1
103281,17,8,7,-1,0
103282,9,3,15,-1,0
103283,15,6,14,-1,0
103284,28,14,10,39,0
103285,17,13,3,2,1
103286,6,1,6,-1,0
103287,14,8,24,-1,0
103288,12,2,6,-1,0
103289,17,6,6,27,0
103290,17,8,5,-1,0
103291,11,3,12,-1,0
103292,19,16,38,-1,0
103293,14,7,13,808,0
103294,21,9,11,949,0
103295,24,8,27,26,1
103296,13,2,5,64,0
103297,11,6,8,-1,0
103298,8,3,5,-1,0
103299,10,2,15,-1,0
103300,14,1,7,133,0
103301,16,8,11,-1,0
103302,23,17,9,-1,0
103303,13,0,4,3,1
103304,14,2,5,561,0
103305,10,1,10,-1,0
103306,9,0,6,-1,0
103307,10,8,29,469,0
103308,10,1,4,296,0
103309,23,18,14,13,1
103310,-1,-1,-1,-1,0
103311,11,3,15,-1,0
103312,13,7,38,65,0
103313,14,6,9,-1,0
103314,21,11,10,-1,0
103315,20,13,9,-1,0
103316,-1,-1,-1,-1,0
103317,16,9,13,-1,0
103318,14,8,29,-1,0
103319,10,3,4,-1,0
103320,19,2,34,44,0
103321,14,8,24,-1,0
103322,16,3,5,-1,0
103323,10,5,9,-1,0
103324,20,12,18,-1,0
103325,18,7,9,-1,0
103326,7,1,8,-1,0
103327,27,12,14,-1,0
103328,17,12,10,-1,0
103329,13,6,10,558,0
103330,12,1,2,-1,0
103331,18,8,29,25,1
103332,9,2,12,-1,0
103333,17,8,9,8,1
103334,11,3,14,-1,0
103335,17,5,4,3,1
103336,21,7,19,138,0
103337,11,1,29,22,1
103338,19,6,28,80,0
103339,22,8,11,-1,0
103340,18,10,33,564,0
103341,16,9,9,-1,0
103342,12,1,7,1582,0
103343,20,7,26,20,1
103344,18,9,20,3,1
103345,13,-1,5,-1,0
103346,9,6,9,1887,0
103347,18,9,31,270,0
103348,6,2,17,-1,0
103349,18,7,11,503,0
103350,20,9,32,899,0
103351,11,9,6,-1,0
103352,14,8,7,-1,0
103353,14,8,5,4,1
103354,19,8,8,-1,0
103355,23,9,20,-1,0
103356,-1,12,6,5,1
103357,18,12,8,-1,0
103358,20,14,26,-1,0
103359,13,2,9,-1,0
103360,18,8,26,958,0
103361,11,9,9,8,1
103362,9,0,3,25,0
103363,15,10,15,-1,0
103364,14,1,6,-1,0
103365,6,3,7,-1,0
103366,10,1,5,420,0
103367,12,7,6,-1,0
103368,-1,-1,3,-1,0
103369,-1,5,17,1049,0
103370,9,3,11,1624,0
103371,19,10,20,13,1
103372,9,4,59,96,0
103373,19,12,4,3,1
103374,12,5,15,12,1
103375,-1,-1,-1,-1,0
103376,19,8,7,-1,0
103377,13,3,121,1967,0
103378,22,11,15,14,1
103379,11,2,5,-1,0
103380,16,11,21,-1,0
103381,11,2,29,23,1
103382,16,5,2,-1,0
103383,10,5,4,-1,0
103384,20,6,8,-1,0
103385,20,11,13,-1,0
103386,11,3,6,-1,0
103387,-1,-1,-1,-1,0
103388,16,5,6,112,0
103389,12,7,8,-1,0
103390,11,3,4,-1,0
103391,21,4,6,681,0
103392,21,7,10,-1,0
103393,10,2,9,2307,0
103394,8,7,14,-1,0
103395,15,9,25,442,0
103396,6,6,17,-1,0
103397,23,7,15,14,1
103398,18,7,15,-1,0
103399,22,13,6,-1,0
103400,12,2,14,-1,0
103401,7,8,6,-1,0
103402,9,3,5,-1,0
103403,19,11,10,647,0
103404,16,9,6,-1,0
103405,21,9,6,-1,0
103406,10,2,12,-1,0
103407,13,8,7,-1,0
103408,23,14,2,1,1
103409,10,3,2,-1,0
103410,19,10,12,-1,0
103411,10,8,30,950,0
103412,21,3,10,-1,0
103413,12,9,6,-1,0
103414,14,5,8,1580,0
103415,16,5,8,517,0
103416,10,5,27,-1,0
103417,5,3,9,-1,0
103418,5,6,8,-1,0
103419,17,8,4,-1,0
103420,13,5,13,238,0
103421,14,9,20,-1,0
103422,6,0,23,457,0
103423,9,5,8,-1,0
103424,28,16,12,1751,0
103425,12,6,8,-1,0
103426,18,10,27,-1,0
103427,15,10,12,-1,0
103428,16,5,33,-1,0
103429,22,7,12,-1,0
103430,17,7,19,-1,0
103431,10,9,6,5,1
103432,17,8,9,-1,0
103433,8,2,8,-1,0
103434,19,8,5,-1,0
103435,18,10,13,-1,0
103436,23,4,6,3,1
103437,17,12,3,1,1
103438,25,6,12,11,1
103439,19,12,17,-1,0
103440,16,4,3,2,1
103441,7,3,3,-1,0
103442,13,5,3,-1,0
103443,12,11,5,-1,0
103444,13,4,10,8,1
103445,18,4,25,-1,0
103446,10,2,4,-1,0
103447,14,1,11,-1,0
103448,16,12,10,-1,0
103449,14,7,9,-1,0
103450,17,5,13,-1,0
103451,24,8,5,4,1
103452,17,8,6,-1,0
103453,17,18,61,-1,0
103454,19,2,4,643,0
103455,16,7,38,-1,0
103456,17,2,17,-1,0
103457,15,10,13,-1,0
103458,22,13,6,-1,0
103459,18,12,20,19,1
103460,-1,0,8,-1,0
103461,28,9,36,228,0
103462,11,7,8,-1,0
103463,30,18,6,4,1
103464,10,1,7,19,0
103465,13,4,6,-1,0
103466,21,10,8,-1,0
103467,10,4,6,174,0
103468,-1,6,3,2,1
103469,22,12,49,114,0
103470,7,4,4,-1,0
103471,12,3,12,-1,0
103472,15,7,9,-1,0
103473,-1,-1,-1,-1,0
103474,11,3,12,183,0
103475,14,9,5,-1,0
103476,17,9,11,-1,0
103477,14,4,9,208,0
103478,8,4,6,-1,0
103479,17,1,8,-1,0
103480,11,6,10,-1,0
103481,9,2,13,1532,0
103482,12,2,11,10,1
103483,10,11,23,-1,0
103484,11,6,4,1315,0
103485,14,1,10,-1,0
103486,12,6,6,-1,0
103487,18,10,7,-1,0
103488,10,5,26,103,0
103489,16,1,18,-1,0
103490,7,4,8,-1,0
103491,8,2,13,229,0
103492,15,8,9,-1,0
103493,20,7,8,-1,0
103494,16,7,6,51,0
103495,12,3,42,414,0
103496,12,5,5,4,1
103497,9,-1,-1,-1,0
103498,14,8,11,1435,0
103499,19,9,16,-1,0
103500,13,8,37,-1,0
103501,13,4,15,5,1
103502,16,12,10,-1,0
103503,10,2,13,30,0
103504,21,7,50,-1,0
103505,-1,4,9,84,0
103506,21,9,10,-1,0
103507,18,16,7,-1,0
103508,12,8,6,-1,0
103509,28,7,16,41,0
103510,13,4,17,47,0
103511,12,4,3,-1,0
103512,21,4,22,-1,0
103513,18,12,21,-1,0
103514,5,2,8,-1,0
103515,16,6,34,32,1
103516,18,15,7,-1,0
103517,8,1,3,-1,0
103518,22,11,14,10,1
103519,14,5,11,10,1
103520,17,7,6,-1,0
103521,9,5,6,-1,0
103522,19,14,21,26,0
103523,17,8,19,-1,0
103524,20,5,5,684,0
103525,11,3,9,-1,0
103526,13,2,5,-1,0
103527,14,6,7,13,0
103528,10,3,6,1922,0
103529,16,6,9,-1,0
103530,16,7,26,1197,0
103531,15,8,29,31,0
103532,17,12,11,-1,0
103533,17,6,12,2278,0
103534,19,7,11,-1,0
103535,20,9,16,547,0
103536,9,1,6,-1,0
103537,15,6,17,65,0
103538,18,12,30,95,0
103539,19,9,28,965,0
103540,21,13,4,-1,0
103541,14,7,13,-1,0
103542,6,1,2,-1,0
103543,15,7,87,-1,0
103544,10,5,10,-1,0
103545,23,15,16,125,0
103546,19,7,11,-1,0
103547,18,8,23,-1,0
103548,14,6,49,-1,0
103549,4,3,4,-1,0
103550,21,10,31,28,1
103551,14,3,8,1408,0
103552,-1,0,6,5,1
103553,13,1,3,-1,0
103554,16,9,12,400,0
103555,17,7,18,-1,0
103556,12,1,9,-1,0
103557,18,0,5,-1,0
103558,19,6,11,-1,0
103559,21,8,13,-1,0
103560,22,9,8,642,0
103561,23,14,64,-1,0
103562,16,8,8,-1,0
103563,24,16,3,2,1
103564,-1,16,9,8,1
103565,2,6,12,-1,0
103566,13,11,5,-1,0
103567,15,6,2,-1,0
103568,19,9,26,-1,0
103569,14,7,2,994,0
103570,13,2,12,41,0
103571,9,3,36,-1,0
103572,-1,1,8,-1,0
103573,10,2,7,1945,0
103574,5,1,4,-1,0
103575,5,0,5,-1,0
103576,12,2,9,-1,0
103577,18,11,15,-1,0
103578,22,13,8,-1,0
103579,-1,9,23,22,1
103580,21,12,11,490,0
103581,15,6,6,537,0
103582,17,5,6,5,1
103583,25,8,14,10,1
103584,22,11,40,-1,0
103585,12,5,4,-1,0
103586,16,6,12,518,0
103587,9,8,16,-1,0
103588,18,7,6,-1,0
103589,7,2,20,611,0
103590,18,6,17,16,1
103591,11,1,13,-1,0
103592,-1,7,23,-1,0
103593,14,13,7,-1,0
103594,20,6,22,1160,0
103595,17,12,20,-1,0
103596,29,17,2,1,1
103597,11,2,6,1985,0
103598,11,0,2,-1,0
103599,18,11,27,-1,0
103600,2,1,16,-1,0
103601,16,8,3,2,1
103602,23,10,10,-1,0
103603,17,6,12,1956,0
103604,7,1,9,-1,0
103605,10,3,26,-1,0
103606,14,4,70,-1,0
103607,11,3,5,-1,0
103608,16,12,29,25,1
103609,11,4,40,344,0
103610,20,15,17,13,1
103611,12,7,19,14,1
103612,19,14,48,-1,0
103613,20,5,9,15,0
103614,23,14,59,92,0
103615,16,9,2,1,1
103616,12,4,5,-1,0
103617,10,6,4,200,0
103618,10,2,6,-1,0
103619,19,9,79,-1,0
103620,9,6,49,538,0
103621,8,6,19,-1,0
103622,13,9,20,-1,0
103623,17,10,10,121,0
103624,15,8,5,696,0
103625,12,2,12,1359,0
103626,12,4,9,377,0
103627,16,1,3,-1,0
103628,21,10,14,-1,0
103629,16,12,6,3,1
103630,20,9,5,667,0
103631,16,9,12,333,0
103632,11,1,13,-1,0
103633,23,16,3,2,1
103634,7,2,12,-1,0
103635,14,16,28,-1,0
103636,16,6,11,648,0
103637,16,7,22,-1,0
103638,11,4,28,27,1
103639,17,12,8,-1,0
103640,10,1,6,372,0
103641,15,14,24,-1,0
103642,20,6,11,-1,0
103643,22,9,6,2007,0
103644,14,6,23,-1,0
103645,22,12,10,-1,0
103646,15,9,23,-1,0
103647,14,3,5,-1,0
103648,17,5,18,26,0
103649,13,2,7,43,0
103650,11,0,5,-1,0
103651,12,6,24,102,0
103652,13,9,26,93,0
103653,14,-1,-1,-1,0
103654,21,4,6,-1,0
103655,13,4,15,14,1
103656,21,8,32,36,0
103657,16,7,19,526,0
103658,20,11,9,-1,0
103659,14,9,5,-1,0
103660,12,-1,12,-1,0
103661,8,0,10,-1,0
103662,19,8,5,-1,0
103663,19,11,31,30,1
103664,14,8,5,-1,0
103665,15,2,4,3,1
103666,26,12,3,2,1
103667,20,8,76,505,0
103668,14,9,10,841,0
103669,7,1,3,-1,0
103670,7,1,4,-1,0
103671,14,9,9,933,0
103672,15,5,11,-1,0
103673,22,8,14,162,0
103674,21,13,38,-1,0
103675,19,8,18,-1,0
103676,17,3,3,-1,0
103677,14,2,11,-1,0
103678,7,1,4,-1,0
103679,16,2,7,-1,0
103680,13,5,2,1,1
103681,20,8,11,-1,0
103682,12,-1,16,-1,0
103683,8,3,6,-1,0
103684,9,2,8,1375,0
103685,22,14,7,6,1
103686,4,0,8,-1,0
103687,8,1,4,3,1
103688,19,3,24,29,0
103689,18,4,10,4,1
103690,10,1,9,722,0
103691,-1,-1,4,3,1
103692,-1,-1,-1,-1,0
103693,17,11,16,15,1
103694,20,10,9,679,0
103695,14,8,8,-1,0
103696,18,10,7,-1,0
103697,19,8,15,-1,0
103698,26,11,2,1,1
103699,12,1,6,-1,0
103700,19,10,16,-1,0
103701,12,2,12,-1,0
103702,10,6,6,1569,0
103703,16,8,32,-1,0
103704,13,2,8,814,0
103705,10,5,5,-1,0
103706,12,2,11,-1,0
103707,11,1,11,-1,0
103708,18,9,18,-1,0
103709,14,8,20,19,1
103710,11,6,2,-1,0
103711,8,3,24,-1,0
103712,-1,-1,13,1085,0
103713,27,10,17,129,0
103714,27,15,6,5,1
103715,19,8,9,8,1
103716,20,14,62,39,1
103717,19,7,10,130,0
103718,7,1,3,-1,0
103719,9,4,19,1889,0
103720,23,12,8,-1,0
103721,20,16,6,5,1
103722,11,6,19,18,1
103723,-1,5,7,-1,0
103724,9,5,6,-1,0
103725,18,7,3,-1,0
103726,19,6,12,-1,0
103727,11,2,4,720,0
103728,10,3,23,-1,0
103729,17,8,6,-1,0
103730,20,7,6,5,1
103731,17,8,7,-1,0
103732,11,7,8,-1,0
103733,11,5,5,-1,0
103734,20,9,14,37,0
103735,9,9,22,-1,0
103736,15,9,2,-1,0
103737,14,8,5,-1,0
103738,10,9,3,2,1
103739,10,4,11,160,0
103740,23,11,9,-1,0
103741,18,6,14,474,0
103742,14,5,11,-1,0
103743,20,6,3,2,1
103744,9,9,10,-1,0
103745,18,9,17,282,0
103746,18,8,6,-1,0
103747,9,2,5,-1,0
103748,12,6,13,49,0
103749,16,10,3,33,0
103750,15,8,25,20,1
103751,18,12,16,-1,0
103752,-1,4,9,-1,0
103753,3,2,6,-1,0
103754,9,0,11,30,0
103755,10,1,9,-1,0
103756,14,0,6,-1,0
103757,17,11,5,-1,0
103758,11,3,11,459,0
103759,24,6,15,442,0
103760,14,8,4,-1,0
103761,12,5,4,2,1
103762,23,8,8,-1,0
103763,15,-1,49,-1,0
103764,9,3,4,51,0
103765,6,1,8,-1,0
103766,18,7,10,27,0
103767,14,2,11,-1,0
103768,11,4,14,74,0
103769,12,2,11,-1,0
103770,12,9,8,-1,0
103771,20,11,6,-1,0
103772,14,4,12,-1,0
103773,19,4,35,390,0
103774,24,14,6,2,1
103775,19,9,6,9,0
103776,17,6,15,-1,0
103777,20,11,12,535,0
103778,5,1,5,-1,0
103779,20,7,8,-1,0
103780,15,6,11,423,0
103781,-1,-1,-1,-1,0
103782,17,5,19,-1,0
103783,21,15,44,2062,0
103784,-1,-1,4,9,0
103785,12,3,25,-1,0
103786,-1,2,6,-1,0
103787,15,2,6,-1,0
103788,8,2,3,-1,0
103789,18,15,3,2,1
103790,15,6,6,-1,0
103791,20,10,11,-1,0
103792,-1,3,9,8,1
103793,16,10,11,-1,0
103794,12,1,3,699,0
103795,19,9,8,-1,0
103796,14,7,6,-1,0
103797,18,14,16,-1,0
103798,19,9,12,-1,0
103799,9,1,11,10,1
103800,5,-1,12,-1,0
103801,20,7,4,-1,0
103802,16,9,10,31,0
103803,15,10,32,-1,0
103804,10,8,5,-1,0
103805,12,9,6,224,0
103806,-1,5,5,69,0
103807,16,8,9,-1,0
103808,-1,0,9,-1,0
103809,19,12,13,12,1
103810,13,3,4,-1,0
103811,-1,-1,-1,-1,0
103812,13,5,21,-1,0
103813,14,6,3,653,0
103814,18,13,36,-1,0
103815,13,4,12,31,0
103816,13,8,30,-1,0
103817,18,7,40,-1,0
103818,22,9,6,-1,0
103819,14,1,22,-1,0
103820,12,2,17,-1,0
103821,24,9,44,8,1
103822,-1,8,3,67,0
103823,14,11,9,-1,0
103824,15,7,7,-1,0
103825,9,10,38,-1,0
103826,16,9,14,643,0
103827,24,9,9,8,1
103828,21,-1,-1,-1,0
103829,8,2,9,-1,0
103830,9,1,9,-1,0
103831,11,9,11,-1,0
103832,-1,4,5,-1,0
103833,11,1,7,-1,0
103834,16,8,3,-1,0
103835,18,8,10,-1,0
103836,17,4,20,19,1
103837,15,3,3,-1,0
103838,-1,-1,-1,-1,0
103839,10,7,12,-1,0
103840,13,5,25,-1,0
103841,15,4,11,4,1
103842,10,2,5,-1,0
103843,12,1,16,-1,0
103844,15,3,6,-1,0
103845,18,7,25,-1,0
103846,-1,-1,-1,-1,0
103847,13,2,67,-1,0
103848,10,2,4,-1,0
103849,-1,4,8,7,1
103850,17,8,3,2,1
103851,15,7,6,-1,0
103852,11,2,31,790,0
103853,-1,0,15,-1,0
103854,22,13,3,2,1
103855,21,9,8,-1,0
103856,17,5,17,24,0
103857,10,5,5,-1,0
103858,25,8,12,-1,0
103859,12,4,7,-1,0
103860,24,20,18,17,1
103861,11,2,5,-1,0
103862,18,7,16,-1,0
103863,14,9,21,1106,0
103864,13,3,4,3,1
103865,-1,4,22,-1,0
103866,10,1,13,78,0
103867,10,4,15,-1,0
103868,18,22,23,-1,0
103869,18,10,8,-1,0
103870,-1,14,34,48,0
103871,23,15,25,-1,0
103872,14,2,8,878,0
103873,20,3,4,2,1
103874,19,8,12,-1,0
103875,27,10,10,-1,0
103876,15,10,20,-1,0
103877,21,12,7,-1,0
103878,21,13,8,7,1
103879,5,2,5,-1,0
103880,10,3,4,-1,0
103881,16,8,27,-1,0
103882,20,8,23,-1,0
103883,6,1,3,-1,0
103884,16,6,34,32,1
103885,12,5,12,-1,0
103886,13,5,7,-1,0
103887,17,8,20,1018,0
103888,10,2,9,-1,0
103889,-1,-1,-1,-1,0
103890,12,8,33,23,1
103891,20,11,10,56,0
103892,14,6,5,-1,0
103893,19,8,8,-1,0
103894,14,7,12,11,1
103895,13,4,5,-1,0
103896,23,8,24,558,0
103897,12,4,7,-1,0
103898,20,9,7,-1,0
103899,7,4,11,-1,0
103900,19,13,3,-1,0
103901,24,7,41,68,0
103902,21,10,8,-1,0
103903,13,5,11,-1,0
103904,17,6,30,-1,0
103905,21,6,11,1006,0
103906,15,6,4,1327,0
103907,12,7,10,-1,0
103908,21,15,21,20,1
103909,11,6,21,-1,0
103910,19,14,34,31,1
103911,12,2,16,57,0
103912,10,4,5,-1,0
103913,14,5,17,-1,0
103914,17,10,10,254,0
103915,7,0,4,-1,0
103916,20,14,14,-1,0
103917,10,3,10,-1,0
103918,16,3,2,-1,0
103919,16,10,30,356,0
103920,9,12,10,13,0
103921,14,0,19,-1,0
103922,20,5,11,35,0
103923,16,-1,14,-1,0
103924,16,3,32,31,1
103925,15,7,30,97,0
103926,7,4,7,885,0
103927,6,1,5,-1,0
103928,22,11,8,-1,0
103929,19,6,5,4,1
103930,-1,8,4,3,1
103931,6,2,8,-1,0
103932,16,12,22,-1,0
103933,14,1,7,-1,0
103934,-1,6,21,926,0
103935,20,14,8,7,1
103936,-1,4,7,-1,0
103937,11,5,4,932,0
103938,17,8,19,263,0
103939,13,2,37,153,0
103940,20,10,6,-1,0
103941,12,12,35,-1,0
103942,17,4,8,-1,0
103943,10,3,6,-1,0
103944,7,1,7,-1,0
103945,16,5,6,5,1
103946,16,10,22,-1,0
103947,16,8,7,-1,0
103948,15,9,11,-1,0
103949,9,1,4,-1,0
103950,12,8,10,-1,0
103951,4,0,9,-1,0
103952,-1,-1,-1,-1,0
103953,11,4,4,567,0
103954,14,7,8,6,1
103955,16,6,27,17,1
103956,21,11,11,1068,0
103957,9,-1,11,-1,0
103958,13,8,31,29,1
103959,11,7,31,-1,0
103960,19,8,8,2,1
103961,22,10,32,102,0
103962,15,3,15,132,0
103963,18,5,34,-1,0
103964,13,5,2,-1,0
103965,21,9,22,18,1
103966,22,9,23,22,1
103967,18,6,5,-1,0
103968,15,2,36,-1,0
103969,12,3,8,287,0
103970,-1,-1,-1,-1,0
103971,-1,-1,-1,1151,0
103972,9,3,15,-1,0
103973,24,12,11,-1,0
103974,13,6,9,-1,0
103975,9,2,17,2306,0
103976,14,1,12,-1,0
103977,17,6,8,-1,0
103978,7,-1,13,-1,0
103979,6,1,4,-1,0
103980,24,10,37,-1,0
103981,19,9,10,-1,0
103982,14,10,7,227,0
103983,21,10,6,-1,0
103984,14,8,5,-1,0
103985,4,1,5,-1,0
103986,9,2,9,158,0
103987,25,17,47,-1,0
103988,12,1,4,-1,0
103989,15,4,8,-1,0
103990,17,9,7,-1,0
103991,-1,1,5,-1,0
103992,22,10,8,7,1
103993,8,1,2,-1,0
103994,11,4,7,-1,0
103995,20,10,21,-1,0
103996,12,7,30,-1,0
103997,14,9,124,-1,0
103998,20,12,9,-1,0
103999,13,5,12,804,0
104000,7,1,14,-1,0
104001,13,1,25,-1,0
104002,11,1,7,-1,0
104003,19,8,4,-1,0
104004,18,-1,40,171,0
104005,22,10,37,-1,0
104006,16,7,6,-1,0
104007,23,4,4,3,1
104008,25,13,17,-1,0
104009,17,6,12,-1,0
104010,15,8,18,-1,0
104011,21,6,13,-1,0
104012,20,6,11,-1,0
104013,10,8,6,-1,0
104014,18,8,7,-1,0
104015,14,7,10,-1,0
104016,9,6,5,-1,0
104017,24,10,25,96,0
104018,15,2,8,-1,0
104019,2,0,28,88,0
104020,13,7,18,-1,0
104021,17,13,35,-1,0
104022,17,9,27,997,0
104023,11,0,7,-1,0
104024,5,6,14,-1,0
104025,18,9,27,1581,0
104026,17,9,14,-1,0
104027,14,4,28,25,1
104028,8,7,17,-1,0
104029,15,7,7,6,1
104030,18,10,11,-1,0
104031,16,3,9,8,1
104032,22,13,11,-1,0
104033,12,7,13,-1,0
104034,10,1,16,-1,0
104035,15,7,35,34,1
104036,12,5,6,-1,0
104037,-1,-1,3,-1,0
104038,11,3,3,-1,0
104039,19,5,6,-1,0
104040,16,5,4,3,1
104041,16,6,10,-1,0
104042,12,8,30,-1,0
104043,21,5,7,-1,0
104044,17,9,68,-1,0
104045,15,5,13,-1,0
104046,7,2,8,-1,0
104047,12,6,20,-1,0
104048,17,8,11,1444,0
104049,9,1,10,-1,0
104050,19,11,8,-1,0
104051,6,1,4,-1,0
104052,13,5,20,33,0
104053,10,3,5,-1,0
104054,17,6,6,-1,0
104055,20,5,7,-1,0
104056,19,13,31,-1,0
104057,19,15,17,-1,0
104058,5,1,7,-1,0
104059,11,4,6,7,0
104060,7,1,8,-1,0
104061,13,9,64,-1,0
104062,11,12,12,11,1
104063,19,11,51,154,0
104064,17,5,3,2,1
104065,5,1,19,-1,0
104066,10,2,6,177,0
104067,21,9,6,-1,0
104068,13,7,14,-1,0
104069,10,2,25,17,1
104070,12,3,4,-1,0
104071,11,1,12,-1,0
104072,6,3,8,-1,0
104073,21,12,11,198,0
104074,11,2,18,-1,0
104075,13,3,5,-1,0
104076,13,6,16,-1,0
104077,10,1,12,60,0
104078,17,8,8,-1,0
104079,29,15,8,7,1
104080,20,9,15,-1,0
104081,16,4,5,4,1
104082,9,3,26,-1,0
104083,9,0,17,-1,0
104084,18,4,9,-1,0
104085,7,2,10,-1,0
104086,8,0,5,-1,0
104087,16,6,21,-1,0
104088,10,3,6,-1,0
104089,9,2,13,-1,0
104090,17,6,15,79,0
104091,-1,-1,14,14,1
104092,15,5,9,-1,0
104093,12,0,9,-1,0
104094,8,3,16,-1,0
104095,-1,4,15,14,1
104096,26,12,12,-1,0
104097,21,13,13,-1,0
104098,10,7,31,-1,0
104099,17,8,9,-1,0
104100,17,4,6,279,0
104101,7,7,8,-1,0
104102,18,8,5,-1,0
104103,24,16,6,5,1
104104,6,1,15,-1,0
104105,-1,-1,-1,-1,0
104106,16,6,9,-1,0
104107,10,-1,2,552,0
104108,22,15,24,18,1
104109,16,7,6,214,0
104110,15,2,11,-1,0
104111,13,-1,16,16,1
104112,11,2,22,-1,0
104113,19,6,2,313,0
104114,16,7,5,-1,0
104115,18,10,9,-1,0
104116,22,14,4,-1,0
104117,10,3,17,-1,0
104118,9,1,3,-1,0
104119,6,2,3,960,0
104120,19,8,14,13,1
104121,11,7,35,-1,0
104122,15,10,22,-1,0
104123,17,9,6,-1,0
104124,6,7,8,-1,0
104125,15,14,3,2,1
104126,19,7,20,-1,0
104127,15,1,20,-1,0
104128,18,-1,202,-1,0
104129,12,1,19,21,0
104130,19,12,6,-1,0
104131,27,10,17,-1,0
104132,6,-1,9,-1,0
104133,8,1,4,-1,0
104134,11,1,8,-1,0
104135,18,10,5,4,1
104136,19,10,20,-1,0
104137,15,6,12,-1,0
104138,10,1,4,-1,0
104139,9,6,9,607,0
104140,14,7,17,-1,0
104141,22,10,14,420,0
104142,18,12,11,-1,0
104143,19,13,18,556,0
104144,25,7,19,-1,0
104145,8,2,18,1307,0
104146,17,5,8,-1,0
104147,19,14,21,-1,0
104148,16,5,11,-1,0
104149,12,10,37,549,0
104150,21,11,17,-1,0
104151,16,6,9,-1,0
104152,17,5,4,2,1
104153,18,-1,-1,-1,0
104154,19,7,8,-1,0
104155,19,9,9,-1,0
104156,13,8,15,37,0
104157,7,4,21,-1,0
104158,22,9,13,-1,0
104159,10,6,3,132,0
104160,14,7,7,6,1
104161,11,2,57,-1,0
104162,10,2,17,-1,0
104163,15,7,26,-1,0
104164,16,16,5,4,1
104165,8,9,15,-1,0
104166,5,1,13,-1,0
104167,16,8,6,-1,0
104168,29,15,7,6,1
104169,10,1,11,-1,0
104170,8,2,12,-1,0
104171,9,3,29,24,1
104172,7,2,9,-1,0
104173,18,10,36,-1,0
104174,12,4,7,388,0
104175,16,7,35,192,0
104176,13,11,4,-1,0
104177,17,5,8,-1,0
104178,14,3,8,11,0
104179,14,5,6,363,0
104180,10,7,6,-1,0
104181,9,1,9,-1,0
104182,7,3,9,-1,0
104183,21,9,26,-1,0
104184,7,1,10,-1,0
104185,20,12,7,-1,0
104186,6,1,17,-1,0
104187,14,8,7,-1,0
104188,9,1,9,-1,0
104189,22,12,31,-1,0
104190,15,11,23,-1,0
104191,-1,-1,-1,-1,0
104192,14,13,11,-1,0
104193,22,8,57,-1,0
104194,8,1,7,-1,0
104195,15,1,13,483,0
104196,22,14,13,12,1
104197,11,7,13,-1,0
104198,14,12,10,-1,0
104199,6,1,17,-1,0
104200,8,9,25,-1,0
104201,15,6,4,-1,0
104202,9,1,20,-1,0
104203,8,5,4,-1,0
104204,8,2,4,-1,0
104205,21,12,9,7,1
104206,13,4,11,-1,0
104207,12,5,5,628,0
104208,24,7,4,-1,0
104209,14,1,13,415,0
104210,15,5,12,11,1
104211,11,4,15,-1,0
104212,22,11,8,-1,0
104213,19,12,10,-1,0
104214,17,4,37,43,0
104215,11,6,36,-1,0
104216,11,-1,4,735,0
104217,20,7,52,51,1
104218,9,1,7,-1,0
104219,6,3,6,-1,0
104220,22,8,14,14,1
104221,13,7,6,-1,0
104222,11,7,11,218,0
104223,18,11,9,-1,0
104224,18,12,14,1139,0
104225,16,14,9,-1,0
104226,10,2,4,-1,0
104227,13,8,52,109,0
104228,15,5,26,-1,0
104229,12,3,6,-1,0
104230,16,14,10,9,1
104231,9,3,46,-1,0
104232,9,1,7,-1,0
104233,19,11,12,-1,0
104234,15,9,5,317,0
104235,12,-1,-1,-1,0
104236,18,3,9,8,1
104237,15,1,6,5,1
104238,21,9,15,-1,0
104239,15,10,6,-1,0
104240,21,7,15,681,0
104241,18,7,8,-1,0
104242,-1,7,5,4,1
104243,13,11,7,6,1
104244,14,3,15,-1,0
104245,8,1,3,2216,0
104246,12,2,35,23,1
104247,12,9,14,-1,0
104248,20,8,21,15,1
104249,20,15,38,-1,0
104250,21,5,14,-1,0
104251,10,2,2,197,0
104252,24,6,5,4,1
104253,14,7,9,209,0
104254,17,8,6,-1,0
104255,14,7,42,-1,0
104256,5,2,6,-1,0
104257,14,11,6,-1,0
104258,-1,-1,-1,245,0
104259,15,8,12,-1,0
104260,15,13,21,-1,0
104261,13,7,7,-1,0
104262,21,-1,18,-1,0
104263,16,11,17,-1,0
104264,22,12,7,-1,0
104265,20,13,5,-1,0
104266,11,1,24,-1,0
104267,28,-1,6,162,0
104268,17,8,7,22,0
104269,15,8,6,-1,0
104270,-1,-1,-1,-1,0
104271,16,9,7,-1,0
104272,15,8,29,1082,0
104273,20,10,2,1,1
104274,22,9,25,90,0
104275,20,8,7,-1,0
104276,9,3,27,42,0
104277,15,9,17,271,0
104278,12,5,5,-1,0
104279,6,1,3,-1,0
104280,11,1,6,45,0
104281,19,8,4,-1,0
104282,-1,2,14,-1,0
104283,8,2,4,-1,0
104284,11,8,26,22,1
104285,10,4,11,-1,0
104286,16,7,10,1350,0
104287,20,9,30,29,1
104288,-1,1,11,-1,0
104289,29,10,3,2,1
104290,22,15,6,5,1
104291,12,9,3,2,1
104292,21,9,6,-1,0
104293,4,1,3,-1,0
104294,13,1,17,-1,0
104295,16,10,11,1018,0
104296,13,7,7,-1,0
104297,11,4,79,-1,0
104298,10,6,34,-1,0
104299,-1,0,38,-1,0
104300,22,10,9,2130,0
104301,24,18,28,-1,0
104302,14,9,6,84,0
104303,21,13,52,740,0
104304,12,3,5,-1,0
104305,14,2,6,-1,0
104306,-1,-1,6,-1,0
104307,21,12,5,-1,0
104308,15,10,60,-1,0
104309,27,12,21,109,0
104310,5,2,6,305,0
104311,20,6,7,6,1
104312,20,9,12,-1,0
104313,10,6,6,-1,0
104314,12,9,7,1718,0
104315,22,2,7,-1,0
104316,6,0,9,-1,0
104317,21,11,49,-1,0
104318,16,6,15,3,1
104319,20,13,11,48,0
104320,16,9,8,-1,0
104321,21,11,5,4,1
104322,9,6,3,2,1
104323,11,3,4,519,0
104324,2,0,5,-1,0
104325,25,14,8,7,1
104326,15,1,7,78,0
104327,14,6,6,-1,0
104328,6,0,7,35,0
104329,15,3,5,379,0
104330,20,7,6,-1,0
104331,18,11,21,5,1
104332,15,5,24,1528,0
104333,-1,5,2,1,1
104334,17,6,14,-1,0
104335,13,8,18,-1,0
104336,14,4,12,-1,0
104337,14,10,20,-1,0
104338,23,7,9,-1,0
104339,21,14,39,-1,0
104340,20,8,8,-1,0
104341,8,3,19,462,0
104342,15,8,5,-1,0
104343,-1,7,8,683,0
104344,17,11,8,-1,0
104345,8,2,6,-1,0
104346,23,13,14,1084,0
104347,13,6,18,-1,0
104348,20,10,5,48,0
104349,15,6,3,143,0
104350,16,8,34,32,1
104351,19,10,10,-1,0
104352,9,6,15,-1,0
104353,10,6,9,-1,0
104354,11,2,12,120,0
104355,21,10,5,4,1
104356,18,5,10,-1,0
104357,17,10,34,441,0
104358,9,1,8,-1,0
104359,19,11,19,-1,0
104360,18,7,14,266,0
104361,10,2,7,-1,0
104362,13,4,6,-1,0
104363,20,9,11,-1,0
104364,14,3,14,1631,0
104365,8,6,21,-1,0
104366,15,9,3,1,1
104367,14,5,30,-1,0
104368,12,3,12,9,1
104369,20,7,9,23,0
104370,17,7,16,247,0
104371,17,4,12,-1,0
104372,7,4,13,-1,0
104373,21,-1,4,4,1
104374,12,10,4,294,0
104375,12,7,17,139,0
104376,17,10,38,682,0
104377,11,4,4,-1,0
104378,22,8,20,-1,0
104379,20,10,14,13,1
104380,16,9,25,22,1
104381,13,7,6,-1,0
104382,15,9,18,17,1
104383,21,13,6,-1,0
104384,11,5,7,-1,0
104385,21,14,11,585,0
104386,13,2,3,-1,0
104387,10,5,11,282,0
104388,-1,-1,-1,-1,0
104389,6,2,6,-1,0
104390,11,2,7,-1,0
104391,20,10,34,32,1
104392,17,10,13,11,1
104393,15,5,20,17,1
104394,13,5,11,10,1
104395,18,4,18,-1,0
104396,11,5,7,-1,0
104397,17,9,6,5,1
104398,14,5,21,581,0
104399,14,11,6,1637,0
104400,-1,-1,3,-1,0
104401,18,7,6,-1,0
104402,6,3,23,-1,0
104403,16,10,8,-1,0
104404,15,7,28,-1,0
104405,8,0,3,-1,0
104406,17,8,7,-1,0
104407,20,13,16,-1,0
104408,19,5,8,-1,0
104409,12,6,11,-1,0
104410,14,8,16,-1,0
104411,27,15,12,-1,0
104412,16,2,24,-1,0
104413,18,5,16,15,1
104414,20,16,8,5,1
104415,13,6,13,383,0
104416,16,6,2,1,1
104417,15,8,17,-1,0
104418,14,15,20,-1,0
104419,11,5,22,514,0
104420,15,8,6,-1,0
104421,22,14,35,-1,0
104422,22,10,9,-1,0
104423,24,11,6,-1,0
104424,5,1,6,-1,0
104425,9,4,10,9,1
104426,12,4,7,280,0
104427,13,7,22,21,1
104428,11,1,34,-1,0
104429,19,7,21,-1,0
104430,5,0,13,-1,0
104431,16,7,18,-1,0
104432,9,6,4,24,0
104433,12,4,7,-1,0
104434,26,20,4,3,1
104435,18,5,18,-1,0
104436,11,1,16,-1,0
104437,11,4,116,-1,0
104438,10,9,32,61,0
104439,12,2,9,2124,0
104440,12,6,15,71,0
104441,21,12,8,-1,0
104442,22,9,10,-1,0
104443,-1,-1,-1,3,0
104444,16,7,17,42,0
104445,23,-1,5,-1,0
104446,10,4,7,152,0
104447,16,7,45,-1,0
104448,26,20,8,2,1
104449,14,5,30,184,0
104450,17,8,33,-1,0
104451,18,14,18,-1,0
104452,23,16,43,35,1
104453,15,6,6,-1,0
104454,27,12,13,163,0
104455,-1,11,8,494,0
104456,16,9,6,-1,0
104457,10,8,9,8,1
104458,18,7,6,-1,0
104459,23,3,5,266,0
104460,19,12,11,10,1
104461,20,8,10,-1,0
104462,17,8,4,-1,0
104463,21,8,7,-1,0
104464,17,7,5,-1,0
104465,21,13,13,-1,0
104466,23,9,6,-1,0
104467,14,7,17,1122,0
104468,12,1,9,-1,0
104469,22,9,13,-1,0
104470,15,13,32,-1,0
104471,15,6,13,-1,0
104472,7,5,3,-1,0
104473,16,10,8,6,1
104474,21,12,11,39,0
104475,15,13,6,-1,0
104476,9,4,4,-1,0
104477,10,1,11,-1,0
104478,10,7,6,-1,0
104479,26,12,17,2333,0
104480,8,1,4,-1,0
104481,16,7,10,-1,0
104482,6,1,10,-1,0
104483,7,0,14,-1,0
104484,20,5,24,-1,0
104485,8,4,11,-1,0
104486,15,8,34,274,0
104487,15,12,4,-1,0
104488,9,6,5,-1,0
104489,-1,16,5,4,1
104490,10,1,10,1046,0
104491,11,2,6,-1,0
104492,14,3,5,-1,0
104493,17,8,30,1725,0
104494,4,2,4,-1,0
104495,12,12,16,-1,0
104496,5,3,14,664,0
104497,20,8,7,1582,0
104498,10,11,5,4,1
104499,10,1,5,-1,0
104500,18,-1,6,-1,0
104501,19,12,23,-1,0
104502,14,6,7,-1,0
104503,8,0,13,-1,0
104504,17,12,12,-1,0
104505,19,11,26,-1,0
104506,13,3,17,1381,0
104507,16,10,23,16,1
104508,16,7,9,-1,0
104509,19,11,34,-1,0
104510,12,9,4,-1,0
104511,-1,11,15,-1,0
104512,22,8,7,-1,0
104513,20,6,13,-1,0
104514,9,2,21,-1,0
104515,14,3,9,-1,0
104516,17,2,12,11,1
104517,21,7,10,-1,0
104518,16,11,6,-1,0
104519,23,11,20,-1,0
104520,17,12,35,-1,0
104521,16,14,12,-1,0
104522,15,8,16,25,0
104523,25,11,14,-1,0
104524,19,13,23,22,1
104525,1,2,16,-1,0
104526,3,1,17,-1,0
104527,3,1,15,371,0
104528,11,7,26,605,0
104529,17,11,12,-1,0
104530,14,13,7,1018,0
104531,10,1,4,-1,0
104532,10,1,5,145,0
104533,30,20,8,7,1
104534,7,2,17,-1,0
104535,12,4,3,-1,0
104536,21,12,10,6,1
104537,16,7,16,-1,0
104538,11,9,23,-1,0
104539,11,3,10,-1,0
104540,6,3,6,479,0
104541,20,9,7,6,1
104542,18,8,22,21,1
104543,18,12,10,-1,0
104544,12,2,14,-1,0
104545,18,10,6,-1,0
104546,6,1,5,-1,0
104547,12,4,9,7,1
104548,14,8,22,-1,0
104549,28,9,1,1,1
104550,15,10,23,-1,0
104551,11,5,14,-1,0
104552,16,2,7,19,0
104553,7,2,7,-1,0
104554,12,7,5,-1,0
104555,13,4,5,-1,0
104556,22,13,38,-1,0
104557,19,11,8,-1,0
104558,17,8,11,-1,0
104559,16,7,5,656,0
104560,20,11,9,-1,0
104561,11,5,9,63,0
104562,19,13,10,363,0
104563,18,9,23,82,0
104564,8,3,8,-1,0
104565,13,8,8,-1,0
104566,23,8,9,-1,0
104567,10,3,8,-1,0
104568,-1,-1,-1,-1,0
104569,-1,-1,15,13,1
104570,20,11,3,2,1
104571,22,8,54,-1,0
104572,14,2,5,-1,0
104573,15,12,10,-1,0
104574,15,6,5,-1,0
104575,8,1,7,-1,0
104576,13,2,29,447,0
104577,21,5,30,-1,0
104578,14,3,10,-1,0
104579,10,2,8,-1,0
104580,14,7,15,-1,0
104581,21,11,16,-1,0
104582,21,3,10,12,0
104583,4,6,3,-1,0
104584,10,5,9,-1,0
104585,10,1,5,-1,0
104586,7,1,6,-1,0
104587,18,9,6,-1,0
104588,11,6,16,-1,0
104589,12,5,7,-1,0
104590,10,3,7,242,0
104591,23,15,42,-1,0
104592,18,13,33,1172,0
104593,18,9,19,-1,0
104594,7,1,11,-1,0
104595,27,14,41,-1,0
104596,20,6,6,3,1
104597,12,2,7,-1,0
104598,20,6,10,-1,0
104599,18,3,7,-1,0
104600,16,6,37,940,0
104601,16,6,8,-1,0
104602,20,10,10,540,0
104603,15,8,6,2,1
104604,13,5,7,-1,0
104605,15,7,7,-1,0
104606,11,6,18,-1,0
104607,7,3,5,3,1
104608,10,1,13,-1,0
104609,11,3,28,-1,0
104610,11,4,6,-1,0
104611,13,2,13,1483,0
104612,20,8,12,-1,0
104613,19,6,27,-1,0
104614,5,1,11,-1,0
104615,17,8,11,-1,0
104616,13,10,3,-1,0
104617,20,9,21,102,0
104618,18,12,9,2056,0
104619,22,13,18,16,1
104620,13,1,7,-1,0
104621,8,6,37,31,1
104622,16,8,5,-1,0
104623,12,7,6,-1,0
104624,19,10,7,-1,0
104625,8,1,8,-1,0
104626,18,9,5,-1,0
104627,7,1,10,9,1
104628,7,3,22,-1,0
104629,15,9,4,-1,0
104630,7,4,10,-1,0
104631,13,1,11,1445,0
104632,21,8,7,-1,0
104633,16,8,4,771,0
104634,16,10,69,-1,0
104635,14,4,50,2128,0
104636,16,7,6,-1,0
104637,7,4,14,-1,0
104638,14,13,11,586,0
104639,20,8,14,-1,0
104640,10,2,6,-1,0
104641,11,7,29,-1,0
104642,3,2,5,-1,0
104643,-1,11,10,847,0
104644,22,11,7,-1,0
104645,-1,-1,-1,-1,0
104646,17,5,23,-1,0
104647,4,1,12,-1,0
104648,10,7,9,-1,0
104649,9,3,21,473,0
104650,20,8,7,6,1
104651,15,5,6,-1,0
104652,9,-1,4,647,0
104653,-1,-1,-1,-1,0
104654,11,7,16,315,0
104655,25,12,13,407,0
104656,20,6,5,-1,0
104657,11,2,9,-1,0
104658,13,3,13,821,0
104659,15,4,10,2215,0
104660,12,6,13,-1,0
104661,5,2,9,-1,0
104662,20,6,10,-1,0
104663,17,11,10,-1,0
104664,18,7,9,1923,0
104665,24,9,7,-1,0
104666,8,1,4,-1,0
104667,-1,3,2,-1,0
104668,18,9,9,-1,0
104669,22,7,6,-1,0
104670,15,7,19,-1,0
104671,18,9,10,9,1
104672,19,9,8,476,0
104673,16,12,28,-1,0
104674,10,6,3,-1,0
104675,20,14,44,59,0
104676,19,7,8,-1,0
104677,15,7,5,4,1
104678,19,9,15,-1,0
104679,-1,9,14,13,1
104680,23,13,17,16,1
104681,-1,0,4,3,1
104682,12,7,18,-1,0
104683,22,12,4,3,1
104684,15,5,21,1822,0
104685,18,7,9,7,1
104686,11,7,11,-1,0
104687,12,14,7,-1,0
104688,6,2,5,-1,0
104689,21,13,7,-1,0
104690,10,4,5,-1,0
104691,10,6,25,24,1
104692,-1,3,6,-1,0
104693,22,10,11,-1,0
104694,21,9,29,523,0
104695,22,12,15,-1,0
104696,8,5,7,1082,0
104697,14,9,16,-1,0
104698,7,2,34,-1,0
104699,11,5,6,-1,0
104700,9,6,20,-1,0
104701,11,3,15,-1,0
104702,13,4,9,-1,0
104703,13,1,3,-1,0
104704,15,3,4,-1,0
104705,9,1,7,-1,0
104706,16,7,6,451,0
104707,14,7,11,149,0
104708,17,16,2,1,1
104709,29,13,4,3,1
104710,21,5,21,-1,0
104711,18,7,6,-1,0
104712,7,8,7,-1,0
104713,8,8,5,574,0
104714,6,1,17,-1,0
104715,19,10,6,-1,0
104716,11,2,13,-1,0
104717,15,10,8,-1,0
104718,8,7,10,105,0
104719,16,8,4,-1,0
104720,15,2,13,-1,0
104721,15,10,4,2,1
104722,16,12,7,-1,0
104723,22,12,11,-1,0
104724,22,13,7,-1,0
104725,14,10,8,-1,0
104726,23,17,4,1,1
104727,4,2,6,-1,0
104728,-1,1,6,5,1
104729,21,0,8,-1,0
104730,9,0,7,-1,0
104731,16,5,10,6,1
104732,10,1,3,-1,0
104733,19,7,6,-1,0
104734,16,7,31,26,1
104735,15,8,5,-1,0
104736,24,8,14,557,0
104737,38,20,6,1,1
104738,19,13,8,125,0
104739,4,2,8,-1,0
104740,19,4,13,-1,0
104741,19,10,14,-1,0
104742,16,6,3,2,1
104743,16,8,6,-1,0
104744,13,3,15,78,0
104745,19,9,12,2408,0
104746,3,3,9,-1,0
104747,14,9,3,2,1
104748,14,3,20,62,0
104749,18,6,6,-1,0
104750,17,7,5,-1,0
104751,18,9,10,184,0
104752,19,5,8,-1,0
104753,9,3,4,-1,0
104754,14,8,10,16,0
104755,15,15,20,1027,0
104756,9,1,4,-1,0
104757,14,5,5,-1,0
104758,10,1,7,-1,0
104759,19,7,13,-1,0
104760,23,14,4,3,1
104761,13,4,6,5,1
104762,6,2,7,-1,0
104763,19,7,12,471,0
104764,17,6,22,-1,0
104765,27,9,10,-1,0
104766,9,1,3,-1,0
104767,15,1,11,234,0
104768,-1,1,4,185,0
104769,-1,-1,-1,-1,0
104770,16,2,7,-1,0
104771,18,10,16,-1,0
104772,14,7,14,-1,0
104773,14,10,6,-1,0
104774,20,22,38,-1,0
104775,15,6,9,-1,0
104776,13,11,7,-1,0
104777,14,11,18,-1,0
104778,12,8,12,-1,0
104779,9,1,4,-1,0
104780,10,4,47,215,0
104781,10,2,10,426,0
104782,19,8,28,158,0
104783,18,16,15,-1,0
104784,11,8,13,-1,0
104785,-1,1,11,-1,0
104786,16,12,9,-1,0
104787,18,9,7,-1,0
104788,15,10,11,-1,0
104789,13,7,2,-1,0
104790,12,5,5,-1,0
104791,15,7,20,19,1
104792,17,13,16,-1,0
104793,20,7,11,-1,0
104794,21,14,14,-1,0
104795,20,2,4,1537,0
104796,23,11,8,-1,0
104797,8,2,9,-1,0
104798,6,1,12,-1,0
104799,12,3,25,24,1
104800,8,4,5,17,0
104801,14,2,3,144,0
104802,15,10,10,-1,0
104803,6,0,3,-1,0
104804,12,5,7,-1,0
104805,16,5,14,-1,0
104806,18,12,32,8,1
104807,18,13,14,-1,0
104808,14,1,5,178,0
104809,3,1,4,355,0
104810,11,5,6,-1,0
104811,7,3,8,-1,0
104812,10,0,8,-1,0
104813,14,11,9,-1,0
104814,8,1,7,-1,0
104815,15,6,9,136,0
104816,17,8,7,6,1
104817,7,4,6,-1,0
104818,8,-1,4,479,0
104819,2,1,8,-1,0
104820,13,5,13,-1,0
104821,22,11,13,-1,0
104822,16,7,10,-1,0
104823,9,3,6,-1,0
104824,9,1,6,715,0
104825,13,6,19,4,1
104826,24,10,10,-1,0
104827,24,16,6,1,1
104828,8,5,10,1253,0
104829,6,3,12,-1,0
104830,5,1,9,-1,0
104831,19,8,6,-1,0
104832,4,0,18,-1,0
104833,18,10,17,2198,0
104834,27,13,26,-1,0
104835,20,14,8,7,1
104836,15,5,3,-1,0
104837,15,9,9,-1,0
104838,12,6,6,11,0
104839,18,8,60,-1,0
104840,19,10,36,33,1
104841,26,9,24,20,1
104842,22,14,3,2,1
104843,21,11,8,-1,0
104844,12,4,11,37,0
104845,20,9,14,-1,0
104846,14,4,5,-1,0
104847,19,11,14,-1,0
104848,7,9,17,-1,0
104849,9,3,10,-1,0
104850,12,7,8,413,0
104851,14,9,8,157,0
104852,7,1,6,267,0
104853,19,6,5,-1,0
104854,13,6,9,62,0
104855,26,8,7,-1,0
104856,12,1,5,-1,0
104857,17,3,15,359,0
104858,16,6,22,563,0
104859,21,8,30,612,0
104860,14,5,16,-1,0
104861,21,9,9,-1,0
104862,13,4,4,-1,0
104863,5,0,17,-1,0
104864,22,9,6,-1,0
104865,10,1,15,609,0
104866,21,7,3,-1,0
104867,14,6,3,-1,0
104868,22,14,22,-1,0
104869,12,7,15,-1,0
104870,19,7,13,617,0
104871,15,13,44,-1,0
104872,22,12,17,-1,0
104873,9,1,6,-1,0
104874,15,7,4,-1,0
104875,7,1,4,269,0
104876,20,12,6,5,1
104877,16,7,19,-1,0
104878,12,2,8,822,0
104879,9,3,7,-1,0
104880,15,16,13,-1,0
104881,18,8,5,-1,0
104882,18,7,41,-1,0
104883,14,3,8,363,0
104884,19,11,33,-1,0
104885,6,0,13,-1,0
104886,19,10,7,6,1
104887,8,4,22,-1,0
104888,15,8,8,1373,0
104889,5,1,6,-1,0
104890,19,5,17,-1,0
104891,17,12,6,-1,0
104892,18,8,8,-1,0
104893,16,8,6,-1,0
104894,10,2,7,582,0
104895,23,12,27,61,0
104896,13,7,27,467,0
104897,4,0,15,-1,0
104898,-1,-1,-1,12,0
104899,8,5,9,-1,0
104900,10,2,9,-1,0
104901,17,10,8,-1,0
104902,19,12,8,-1,0
104903,15,10,16,-1,0
104904,22,13,18,17,1
104905,18,8,3,2,1
104906,11,10,31,-1,0
104907,21,7,11,-1,0
104908,8,0,7,-1,0
104909,11,1,3,-1,0
104910,10,7,11,15,0
104911,15,5,4,-1,0
104912,17,3,12,-1,0
104913,14,6,25,-1,0
104914,12,2,26,-1,0
104915,6,4,4,-1,0
104916,10,7,48,-1,0
104917,14,10,8,580,0
104918,11,4,2,-1,0
104919,16,8,20,-1,0
104920,14,3,5,5,1
104921,24,12,10,-1,0
104922,6,0,8,-1,0
104923,15,7,16,73,0
104924,22,5,12,182,0
104925,21,11,6,-1,0
104926,24,7,4,-1,0
104927,24,4,4,2,1
104928,-1,-1,5,1199,0
104929,7,2,4,-1,0
104930,16,9,14,-1,0
104931,15,7,5,-1,0
104932,10,2,3,-1,0
104933,17,7,10,1727,0
104934,17,13,25,40,0
104935,19,12,28,-1,0
104936,21,8,6,486,0
104937,10,11,5,-1,0
104938,22,10,37,-1,0
104939,16,11,14,-1,0
104940,9,4,9,8,1
104941,18,8,15,19,0
104942,12,4,10,-1,0
104943,-1,0,5,-1,0
104944,9,1,10,662,0
104945,13,3,9,-1,0
104946,6,1,4,-1,0
104947,19,12,2,1,1
104948,26,18,6,5,1
104949,19,7,16,-1,0
104950,10,0,2,804,0
104951,14,6,24,-1,0
104952,14,1,5,-1,0
104953,6,1,5,-1,0
104954,9,4,9,-1,0
104955,19,7,11,-1,0
104956,14,8,28,160,0
104957,10,3,5,4,1
104958,24,9,9,-1,0
104959,19,8,5,-1,0
104960,9,3,16,-1,0
104961,12,5,12,-1,0
104962,18,11,14,-1,0
104963,13,3,13,-1,0
104964,13,7,15,-1,0
104965,14,6,15,-1,0
104966,20,6,15,-1,0
104967,21,7,15,65,0
104968,17,10,5,-1,0
104969,23,14,2,1,1
104970,-1,2,6,-1,0
104971,8,1,12,-1,0
104972,20,11,3,-1,0
104973,20,9,7,-1,0
104974,11,1,9,-1,0
104975,-1,0,10,-1,0
104976,20,15,18,-1,0
104977,12,2,10,471,0
104978,16,7,5,1001,0
104979,21,9,16,-1,0
104980,18,12,9,-1,0
104981,12,4,10,103,0
104982,4,1,22,-1,0
104983,17,5,9,298,0
104984,15,4,4,-1,0
104985,-1,10,6,541,0
104986,16,9,11,-1,0
104987,18,7,9,-1,0
104988,18,6,5,-1,0
104989,20,7,3,2,1
104990,24,9,25,24,1
104991,10,5,44,-1,0
104992,9,2,6,344,0
104993,8,-1,6,-1,0
104994,12,2,4,1613,0
104995,19,12,17,112,0
104996,5,7,6,-1,0
104997,19,6,8,-1,0
104998,17,10,17,16,1
104999,12,2,11,-1,0
105000,18,12,6,-1,0
105001,10,4,9,76,0
105002,25,13,48,174,0
105003,15,11,8,-1,0
105004,23,10,22,-1,0
105005,22,8,11,-1,0
105006,5,3,10,-1,0
105007,21,10,9,-1,0
105008,16,9,17,-1,0
105009,11,5,8,811,0
105010,-1,7,11,167,0
105011,23,8,17,295,0
105012,25,14,25,-1,0
105013,16,5,9,85,0
105014,9,4,29,-1,0
105015,21,10,29,-1,0
105016,11,1,8,-1,0
105017,9,2,9,-1,0
105018,19,6,28,-1,0
105019,10,3,29,-1,0
105020,15,6,17,-1,0
105021,10,2,6,1633,0
105022,10,1,6,-1,0
105023,18,8,7,-1,0
105024,18,13,43,46,0
105025,13,4,8,-1,0
105026,-1,7,19,-1,0
105027,6,1,40,-1,0
105028,21,13,22,-1,0
105029,19,22,29,28,1
105030,10,1,3,-1,0
105031,18,6,6,-1,0
105032,19,11,6,-1,0
105033,-1,0,55,-1,0
105034,22,14,13,1980,0
105035,11,2,23,-1,0
105036,8,3,6,468,0
105037,10,5,4,776,0
105038,19,7,9,3,1
105039,24,13,28,27,1
105040,16,3,10,36,0
105041,27,19,9,8,1
105042,20,11,3,-1,0
105043,19,7,4,-1,0
105044,-1,11,5,7,0
105045,20,12,10,-1,0
105046,15,5,18,17,1
105047,25,10,17,-1,0
105048,21,10,14,367,0
105049,18,7,12,-1,0
105050,9,4,23,-1,0
105051,20,13,8,-1,0
105052,18,1,30,-1,0
105053,12,9,8,-1,0
105054,16,7,13,-1,0
105055,26,14,4,3,1
105056,12,1,12,-1,0
105057,21,9,6,-1,0
105058,17,9,7,-1,0
105059,20,7,36,-1,0
105060,14,2,5,3,1
105061,9,4,3,-1,0
105062,19,7,35,-1,0
105063,9,1,4,-1,0
105064,15,8,16,59,0
105065,15,8,4,3,1
105066,7,1,33,-1,0
105067,8,1,8,433,0
105068,18,11,9,-1,0
105069,13,3,11,-1,0
105070,6,1,21,255,0
105071,13,1,6,460,0
105072,10,-1,12,-1,0
105073,14,10,13,-1,0
105074,22,15,17,-1,0
105075,21,8,37,-1,0
105076,15,4,15,-1,0
105077,19,11,15,-1,0
105078,12,2,9,104,0
105079,-1,0,13,-1,0
105080,12,3,7,498,0
105081,14,2,2,-1,0
105082,17,5,10,6,1
105083,12,9,14,11,1
105084,11,0,4,-1,0
105085,21,10,18,-1,0
105086,14,2,3,-1,0
105087,14,8,17,-1,0
105088,16,11,6,-1,0
105089,8,0,6,-1,0
105090,15,5,10,-1,0
105091,20,9,4,-1,0
105092,25,11,7,-1,0
105093,25,9,11,-1,0
105094,17,10,8,129,0
105095,9,3,7,11,0
105096,13,9,7,136,0
105097,16,8,6,-1,0
105098,18,5,13,-1,0
105099,5,7,7,149,0
105100,10,1,19,-1,0
105101,18,7,14,-1,0
105102,18,11,26,224,0
105103,15,7,7,218,0
105104,19,0,13,-1,0
105105,14,10,7,-1,0
105106,14,6,42,706,0
105107,21,11,21,-1,0
105108,-1,-1,-1,-1,0
105109,11,8,19,-1,0
105110,9,0,17,16,1
105111,-1,-1,-1,-1,0
105112,13,6,8,-1,0
105113,24,12,8,7,1
105114,17,13,11,-1,0
105115,9,2,8,397,0
105116,20,4,2,1,1
105117,16,9,62,-1,0
105118,20,10,7,-1,0
105119,7,3,3,86,0
105120,24,9,13,-1,0
105121,11,3,11,-1,0
105122,16,10,13,1024,0
105123,22,11,14,13,1
105124,19,12,6,-1,0
105125,18,8,8,2,1
105126,12,2,28,-1,0
105127,7,1,13,-1,0
105128,9,10,7,-1,0
105129,17,12,7,1950,0
105130,9,0,15,-1,0
105131,14,11,15,-1,0
105132,22,7,14,-1,0
105133,14,4,5,29,0
105134,11,5,38,-1,0
105135,-1,0,7,-1,0
105136,15,4,8,85,0
105137,8,7,13,12,1
105138,11,4,8,-1,0
105139,-1,-1,-1,-1,0
105140,20,12,13,-1,0
105141,20,12,7,425,0
105142,18,8,14,-1,0
105143,16,4,32,-1,0
105144,16,6,14,-1,0
105145,4,0,29,-1,0
105146,18,7,9,-1,0
105147,20,12,15,317,0
105148,-1,-1,-1,-1,0
105149,11,9,4,-1,0
105150,21,9,6,5,1
105151,27,13,8,7,1
105152,14,11,28,-1,0
105153,15,12,33,1896,0
105154,20,4,14,-1,0
105155,18,12,10,-1,0
105156,16,9,2,1,1
105157,12,13,8,-1,0
105158,15,4,5,2202,0
105159,8,-1,12,-1,0
105160,-1,-1,-1,62,0
105161,15,2,7,838,0
105162,9,1,4,623,0
105163,6,0,3,-1,0
105164,22,9,3,2,1
105165,23,7,13,-1,0
105166,8,5,27,1304,0
105167,19,11,7,6,1
105168,19,-1,6,-1,0
105169,15,6,9,1692,0
105170,10,5,7,-1,0
105171,4,4,4,2367,0
105172,12,4,11,883,0
105173,10,4,9,-1,0
105174,11,0,13,-1,0
105175,21,13,7,-1,0
105176,23,11,11,-1,0
105177,-1,5,9,-1,0
105178,21,6,8,-1,0
105179,20,8,7,66,0
105180,18,3,7,509,0
105181,11,2,6,-1,0
105182,11,1,4,-1,0
105183,18,8,10,-1,0
105184,14,7,5,59,0
105185,15,10,17,-1,0
105186,20,11,13,-1,0
105187,16,7,16,-1,0
105188,5,0,7,713,0
105189,20,7,9,-1,0
105190,17,7,11,9,1
105191,12,3,3,2,1
105192,16,10,6,-1,0
105193,-1,8,5,-1,0
105194,5,1,4,-1,0
105195,15,12,32,-1,0
105196,17,11,5,-1,0
105197,17,7,9,-1,0
105198,22,12,28,83,0
105199,17,10,6,-1,0
105200,20,9,30,-1,0
105201,-1,-1,-1,-1,0
105202,19,11,9,-1,0
105203,13,5,14,1112,0
105204,17,11,4,3,1
105205,21,16,22,156,0
105206,8,6,11,-1,0
105207,21,12,11,10,1
105208,15,10,8,-1,0
105209,4,2,5,-1,0
105210,8,6,8,5,1
105211,21,7,3,2,1
105212,12,6,21,502,0
105213,12,12,9,797,0
105214,10,4,6,1023,0
105215,22,5,5,4,1
105216,14,9,8,-1,0
105217,19,7,7,6,1
105218,16,7,62,159,0
105219,10,8,13,-1,0
105220,5,1,5,-1,0
105221,7,1,9,-1,0
105222,22,10,10,742,0
105223,22,8,6,2,1
105224,16,10,8,-1,0
105225,16,10,12,-1,0
105226,9,1,7,-1,0
105227,12,6,6,-1,0
105228,14,3,10,-1,0
105229,14,9,7,-1,0
105230,20,11,5,363,0
105231,12,10,7,3,1
105232,16,13,17,-1,0
105233,21,7,29,-1,0
105234,18,11,10,7,1
105235,16,5,8,-1,0
105236,17,8,6,-1,0
105237,15,1,5,-1,0
105238,8,3,7,-1,0
105239,26,-1,9,9,1
105240,27,10,12,-1,0
105241,15,9,13,-1,0
105242,13,2,14,-1,0
105243,17,8,10,2386,0
105244,9,3,7,1977,0
105245,21,8,10,9,1
105246,8,1,3,-1,0
105247,11,4,6,-1,0
105248,9,1,5,-1,0
105249,17,14,40,-1,0
105250,20,10,19,77,0
105251,14,1,97,-1,0
105252,20,11,36,35,1
105253,12,2,14,13,1
105254,10,2,37,-1,0
105255,17,4,5,589,0
105256,10,2,5,2274,0
105257,19,6,3,-1,0
105258,13,7,7,1269,0
105259,9,1,20,-1,0
105260,14,4,6,-1,0
105261,18,7,16,-1,0
105262,22,18,12,6,1
105263,24,11,8,-1,0
105264,11,7,3,338,0
105265,16,9,11,14,0
105266,24,18,12,11,1
105267,12,12,6,3,1
105268,-1,9,9,-1,0
105269,10,2,18,833,0
105270,20,7,62,-1,0
105271,15,8,8,-1,0
105272,17,14,6,5,1
105273,11,5,10,-1,0
105274,12,3,16,103,0
105275,23,8,8,7,1
105276,26,11,7,-1,0
105277,14,6,24,-1,0
105278,11,1,11,-1,0
105279,16,4,9,8,1
105280,-1,20,3,2,1
105281,25,11,8,54,0
105282,5,2,6,-1,0
105283,19,11,29,173,0
105284,17,4,64,-1,0
105285,19,8,7,6,1
105286,14,5,16,-1,0
105287,20,10,12,-1,0
105288,18,9,7,-1,0
105289,13,3,9,876,0
105290,21,10,3,-1,0
105291,21,10,11,580,0
105292,21,9,11,-1,0
105293,17,8,46,-1,0
105294,19,5,4,236,0
105295,15,2,8,-1,0
105296,18,9,6,-1,0
105297,17,6,18,-1,0
105298,22,9,11,-1,0
105299,13,9,3,-1,0
105300,18,5,11,-1,0
105301,19,4,24,-1,0
105302,10,1,5,-1,0
105303,17,7,4,1,1
105304,16,3,8,-1,0
105305,13,6,18,818,0
105306,13,6,14,-1,0
105307,4,1,8,-1,0
105308,9,21,58,56,1
105309,8,3,17,-1,0
105310,11,5,21,-1,0
105311,10,4,3,-1,0
105312,16,13,12,362,0
105313,13,6,3,-1,0
105314,-1,-1,-1,-1,0
105315,15,3,5,992,0
105316,19,19,18,13,1
105317,15,-1,5,-1,0
105318,28,16,13,12,1
105319,-1,0,6,-1,0
105320,14,10,16,401,0
105321,13,5,22,-1,0
105322,11,7,20,-1,0
105323,15,8,21,74,0
105324,11,1,8,458,0
105325,9,1,9,954,0
105326,19,10,11,-1,0
105327,15,9,5,-1,0
105328,20,9,13,-1,0
105329,13,1,13,-1,0
105330,24,8,13,-1,0
105331,22,8,15,-1,0
105332,15,15,27,-1,0
105333,14,4,9,-1,0
105334,15,7,13,84,0
105335,20,7,13,704,0
105336,18,9,24,-1,0
105337,7,1,9,-1,0
105338,14,4,4,-1,0
105339,28,11,17,181,0
105340,13,7,11,24,0
105341,11,1,32,88,0
105342,6,4,11,-1,0
105343,19,14,20,-1,0
105344,26,10,10,9,1
105345,15,7,39,-1,0
105346,26,7,17,-1,0
105347,13,7,16,-1,0
105348,14,8,3,2,1
105349,20,10,8,-1,0
105350,12,7,20,-1,0
105351,18,10,7,-1,0
105352,7,0,7,-1,0
105353,16,8,3,2,1
105354,22,5,6,-1,0
105355,12,0,18,-1,0
105356,16,6,6,-1,0
105357,12,1,3,-1,0
105358,11,5,34,31,1
105359,14,3,4,-1,0
105360,19,3,10,-1,0
105361,9,6,4,-1,0
105362,6,0,5,-1,0
105363,6,0,13,-1,0
105364,-1,-1,4,-1,0
105365,13,4,13,-1,0
105366,16,10,15,-1,0
105367,12,1,10,1533,0
105368,14,7,10,-1,0
105369,18,9,5,-1,0
105370,10,12,4,1,1
105371,19,8,17,-1,0
105372,15,4,25,-1,0
105373,21,13,12,-1,0
105374,13,6,4,-1,0
105375,17,7,5,-1,0
105376,-1,0,4,-1,0
105377,18,5,3,557,0
105378,20,8,9,-1,0
105379,14,8,4,3,1
105380,5,0,7,-1,0
105381,4,1,7,-1,0
105382,4,1,12,-1,0
105383,6,2,16,-1,0
105384,19,6,19,-1,0
105385,12,2,6,579,0
105386,14,4,7,-1,0
105387,9,1,7,486,0
105388,11,3,3,-1,0
105389,-1,-1,-1,386,0
105390,21,8,7,-1,0
105391,16,6,41,-1,0
105392,14,3,16,-1,0
105393,15,5,6,-1,0
105394,6,5,9,8,1
105395,16,5,7,-1,0
105396,23,6,14,1439,0
105397,6,1,11,74,0
105398,12,3,5,-1,0
105399,24,15,7,6,1
105400,21,17,64,42,1
105401,16,6,25,-1,0
105402,9,1,12,-1,0
105403,7,0,8,-1,0
105404,12,7,13,2,1
105405,20,9,7,-1,0
105406,7,1,5,-1,0
105407,10,8,45,1045,0
105408,8,4,45,488,0
105409,22,11,8,-1,0
105410,20,7,11,10,1
105411,13,7,5,4,1
105412,11,7,7,-1,0
105413,14,4,9,489,0
105414,15,9,19,-1,0
105415,26,13,6,-1,0
105416,11,2,5,-1,0
105417,18,6,14,11,1
105418,17,12,6,-1,0
105419,11,1,4,-1,0
105420,13,11,21,265,0
105421,-1,6,3,307,0
105422,16,4,6,5,1
105423,8,1,2,-1,0
105424,18,5,17,-1,0
105425,11,2,4,3,1
105426,20,10,7,74,0
105427,13,8,10,537,0
105428,15,9,16,-1,0
105429,17,5,20,-1,0
105430,16,11,8,-1,0
105431,18,7,11,-1,0
105432,19,5,11,86,0
105433,15,1,15,-1,0
105434,15,6,7,-1,0
105435,23,14,13,12,1
105436,10,2,10,710,0
105437,-1,1,2,1557,0
105438,17,13,18,-1,0
105439,16,-1,-1,-1,0
105440,-1,4,24,-1,0
105441,19,9,25,-1,0
105442,22,9,42,82,0
105443,18,9,23,-1,0
105444,16,8,6,5,1
105445,14,3,22,126,0
105446,12,3,5,607,0
105447,15,7,10,1504,0
105448,14,6,11,92,0
105449,17,7,4,-1,0
105450,22,11,27,-1,0
105451,8,5,11,-1,0
105452,5,1,5,-1,0
105453,16,9,5,-1,0
105454,11,6,8,-1,0
105455,14,1,7,-1,0
105456,5,2,3,-1,0
105457,21,12,17,454,0
105458,19,8,12,838,0
105459,14,7,7,-1,0
105460,13,1,12,100,0
105461,15,12,16,-1,0
105462,18,4,25,995,0
105463,9,2,5,-1,0
105464,14,7,3,-1,0
105465,23,15,32,40,0
105466,5,1,22,170,0
105467,13,8,14,-1,0
105468,13,5,35,-1,0
105469,20,7,10,69,0
105470,15,7,4,3,1
105471,19,5,18,-1,0
105472,17,8,8,-1,0
105473,12,4,11,-1,0
105474,8,5,15,917,0
105475,17,6,8,-1,0
105476,12,2,13,-1,0
105477,12,4,4,165,0
105478,11,12,24,-1,0
105479,21,12,15,-1,0
105480,24,8,33,141,0
105481,10,2,17,-1,0
105482,12,1,16,-1,0
105483,19,7,5,-1,0
105484,20,11,15,-1,0
105485,11,3,8,7,1
105486,-1,5,7,1046,0
105487,21,12,8,-1,0
105488,13,4,4,537,0
105489,18,9,10,-1,0
105490,18,8,17,-1,0
105491,15,8,15,-1,0
105492,22,14,14,13,1
105493,13,5,43,40,1
105494,11,1,15,-1,0
105495,27,12,19,714,0
105496,16,5,15,-1,0
105497,16,6,23,-1,0
105498,14,15,36,-1,0
105499,6,-1,5,-1,0
105500,16,8,13,-1,0
105501,16,12,20,-1,0
105502,10,5,6,-1,0
105503,17,7,32,719,0
105504,12,2,13,145,0
105505,17,8,13,149,0
105506,-1,2,17,14,1
105507,5,1,4,2024,0
105508,9,4,7,-1,0
105509,10,2,4,89,0
105510,13,2,6,1046,0
105511,4,0,7,5,1
105512,15,10,22,304,0
105513,16,11,46,139,0
105514,22,10,43,46,0
105515,20,12,11,-1,0
105516,24,8,6,1673,0
105517,11,4,6,-1,0
105518,7,-1,3,-1,0
105519,13,7,8,-1,0
105520,13,9,29,-1,0
105521,24,11,14,-1,0
105522,9,4,22,-1,0
105523,25,14,52,-1,0
105524,17,7,12,532,0
105525,10,1,8,-1,0
105526,8,2,7,-1,0
105527,11,6,11,44,0
105528,17,8,12,337,0
105529,15,9,10,-1,0
105530,13,4,11,74,0
105531,12,4,7,-1,0
105532,16,7,11,-1,0
105533,18,9,26,-1,0
105534,13,15,19,1312,0
105535,3,0,9,-1,0
105536,8,5,17,23,0
105537,13,4,11,-1,0
105538,18,7,24,-1,0
105539,21,10,5,-1,0
105540,19,9,6,54,0
105541,21,11,27,26,1
105542,16,10,9,8,1
105543,-1,-1,7,1235,0
105544,-1,1,2,-1,0
105545,20,10,12,-1,0
105546,14,7,65,-1,0
105547,11,3,6,-1,0
105548,12,1,6,1223,0
105549,14,2,15,-1,0
105550,11,6,18,1018,0
105551,7,1,5,-1,0
105552,16,8,4,-1,0
105553,10,3,3,-1,0
105554,15,12,13,12,1
105555,9,1,11,139,0
105556,20,-1,12,-1,0
105557,17,5,12,-1,0
105558,15,4,11,-1,0
105559,21,12,6,-1,0
105560,19,4,9,354,0
105561,15,1,6,-1,0
105562,10,4,10,92,0
105563,14,7,6,5,1
105564,14,6,13,4,1
105565,9,1,3,-1,0
105566,20,7,9,-1,0
105567,14,3,11,-1,0
105568,13,8,6,-1,0
105569,11,4,12,53,0
105570,4,-1,12,-1,0
105571,21,10,16,-1,0
105572,24,12,4,-1,0
105573,4,6,27,-1,0
105574,21,8,8,88,0
105575,21,9,8,-1,0
105576,19,9,22,-1,0
105577,12,1,30,284,0
105578,20,10,44,34,1
105579,16,8,7,66,0
105580,17,7,8,-1,0
105581,18,14,19,-1,0
105582,11,4,38,-1,0
105583,23,6,22,-1,0
105584,14,9,13,1758,0
105585,10,6,3,-1,0
105586,17,9,8,7,1
105587,-1,-1,1,-1,0
105588,21,15,32,-1,0
105589,17,11,27,-1,0
105590,22,11,8,-1,0
105591,9,2,13,-1,0
105592,20,9,27,673,0
105593,6,3,7,-1,0
105594,15,6,4,5,0
105595,20,12,7,993,0
105596,13,3,3,2,1
105597,20,14,4,3,1
105598,9,4,18,-1,0
105599,19,8,7,-1,0
105600,14,3,10,-1,0
105601,13,5,6,-1,0
105602,14,10,16,-1,0
105603,24,9,10,416,0
105604,15,9,7,-1,0
105605,12,1,6,-1,0
105606,21,6,6,-1,0
105607,14,5,25,-1,0
105608,24,11,15,10,1
105609,20,9,16,-1,0
105610,15,12,5,-1,0
105611,12,1,6,-1,0
105612,20,10,6,-1,0
105613,21,7,5,-1,0
105614,14,7,12,10,1
105615,15,7,7,-1,0
105616,22,11,15,413,0
105617,16,11,30,29,1
105618,15,8,3,2,1
105619,10,9,14,-1,0
105620,20,9,10,101,0
105621,16,9,8,490,0
105622,9,4,8,371,0
105623,-1,0,13,-1,0
105624,21,7,9,-1,0
105625,14,4,16,14,1
105626,24,6,4,3,1
105627,12,7,6,-1,0
105628,8,1,12,257,0
105629,18,11,8,-1,0
105630,26,12,21,16,1
105631,17,10,52,-1,0
105632,15,6,18,-1,0
105633,14,11,19,1062,0
105634,3,1,11,-1,0
105635,11,9,49,-1,0
105636,13,4,6,-1,0
105637,11,7,19,-1,0
105638,25,7,8,-1,0
105639,15,4,9,-1,0
105640,16,6,10,46,0
105641,18,8,13,15,0
105642,10,6,11,-1,0
105643,20,5,6,159,0
105644,22,7,6,-1,0
105645,16,6,8,-1,0
105646,13,7,5,-1,0
105647,18,9,12,46,0
105648,25,9,18,18,1
105649,14,11,11,1226,0
105650,-1,1,4,5,0
105651,19,6,3,2,1
105652,23,9,7,-1,0
105653,20,11,12,1217,0
105654,14,2,91,366,0
105655,-1,8,31,99,0
105656,8,3,11,-1,0
105657,18,12,22,15,1
105658,20,6,25,994,0
105659,20,11,9,-1,0
105660,-1,-1,-1,136,0
105661,19,6,4,-1,0
105662,18,6,8,2120,0
105663,23,11,9,-1,0
105664,15,6,6,-1,0
105665,21,13,16,1675,0
105666,9,5,4,-1,0
105667,15,4,4,-1,0
105668,19,8,5,-1,0
105669,14,8,15,1484,0
105670,7,5,19,-1,0
105671,8,4,7,-1,0
105672,16,3,19,1858,0
105673,13,10,14,-1,0
105674,19,10,17,-1,0
105675,9,8,18,70,0
105676,13,2,16,-1,0
105677,24,-1,1,0,0
105678,18,11,26,-1,0
105679,18,8,17,-1,0
105680,16,9,29,413,0
105681,16,10,13,65,0
105682,18,8,7,724,0
105683,16,11,12,-1,0
105684,25,8,38,98,0
105685,9,5,4,3,1
105686,21,7,24,-1,0
105687,16,6,6,144,0
105688,5,1,5,-1,0
105689,21,13,8,7,1
105690,17,4,20,-1,0
105691,-1,11,9,-1,0
105692,-1,-1,-1,-1,0
105693,22,5,17,-1,0
105694,7,0,12,-1,0
105695,21,10,17,-1,0
105696,20,18,10,-1,0
105697,9,3,8,-1,0
105698,13,4,10,475,0
105699,18,5,6,317,0
105700,21,14,16,-1,0
105701,18,7,25,150,0
105702,-1,-1,-1,-1,0
105703,11,3,6,349,0
105704,19,8,7,-1,0
105705,17,11,12,-1,0
105706,13,11,4,-1,0
105707,20,9,7,-1,0
105708,20,14,14,-1,0
105709,11,7,8,-1,0
105710,15,7,20,568,0
105711,18,6,12,860,0
105712,29,17,10,1,1
105713,22,10,10,227,0
105714,15,6,7,-1,0
105715,13,6,10,-1,0
105716,16,4,8,34,0
105717,13,5,11,39,0
105718,14,10,51,-1,0
105719,7,4,12,-1,0
105720,11,-1,-1,454,0
105721,23,12,11,1027,0
105722,19,12,11,-1,0
105723,5,2,10,-1,0
105724,14,7,5,-1,0
105725,17,8,5,-1,0
105726,-1,11,8,63,0
105727,23,6,11,-1,0
105728,7,1,6,-1,0
105729,13,6,19,-1,0
105730,17,7,6,-1,0
105731,19,4,5,1281,0
105732,8,2,4,-1,0
105733,16,9,31,-1,0
105734,11,1,22,660,0
105735,10,2,15,-1,0
105736,14,12,5,-1,0
105737,8,0,11,-1,0
105738,20,5,8,1432,0
105739,8,6,30,63,0
105740,14,6,8,-1,0
105741,8,3,5,-1,0
105742,17,13,10,9,1
105743,10,9,3,-1,0
105744,12,5,8,-1,0
105745,8,1,11,94,0
105746,17,5,5,2028,0
105747,13,2,12,18,0
105748,11,2,8,-1,0
105749,28,9,13,-1,0
105750,19,20,19,-1,0
105751,9,0,4,-1,0
105752,15,-1,5,-1,0
105753,15,9,4,-1,0
105754,12,8,5,-1,0
105755,17,4,7,1367,0
105756,11,5,5,-1,0
105757,11,7,27,-1,0
105758,-1,1,9,-1,0
105759,15,7,10,-1,0
105760,18,10,16,-1,0
105761,11,-1,18,-1,0
105762,16,-1,18,-1,0
105763,19,13,2,1,1
105764,20,10,5,-1,0
105765,14,10,8,-1,0
105766,12,7,6,5,1
105767,13,7,4,-1,0
105768,10,2,9,-1,0
105769,20,7,11,1355,0
105770,17,12,11,-1,0
105771,13,6,16,206,0
105772,20,4,8,7,1
105773,17,1,19,-1,0
105774,11,3,18,-1,0
105775,16,5,22,-1,0
105776,-1,5,14,49,0
105777,17,14,28,26,1
105778,33,-1,6,4,1
105779,12,2,4,1236,0
105780,5,1,5,-1,0
105781,14,6,6,-1,0
105782,18,8,13,-1,0
105783,25,10,13,-1,0
105784,13,1,6,-1,0
105785,16,8,23,22,1
105786,21,8,6,-1,0
105787,13,7,28,-1,0
105788,7,2,22,-1,0
105789,24,12,26,-1,0
105790,15,8,8,1526,0
105791,21,13,11,10,1
105792,19,7,58,89,0
105793,9,1,13,-1,0
105794,11,4,13,-1,0
105795,14,-1,-1,-1,0
105796,-1,5,22,-1,0
105797,21,8,22,-1,0
105798,19,10,10,-1,0
105799,7,1,3,-1,0
105800,20,13,23,-1,0
105801,16,6,5,-1,0
105802,19,8,10,-1,0
105803,16,12,42,-1,0
105804,18,8,40,275,0
105805,18,8,11,38,0
105806,10,5,14,-1,0
105807,21,8,7,-1,0
105808,12,4,6,852,0
105809,14,3,4,1056,0
105810,10,5,38,-1,0
105811,11,2,9,8,1
105812,16,9,5,-1,0
105813,9,0,6,-1,0
105814,24,15,10,8,1
105815,16,3,7,1422,0
105816,18,10,9,8,1
105817,11,2,11,-1,0
105818,13,4,4,173,0
105819,-1,13,8,2408,0
105820,12,2,8,-1,0
105821,10,0,12,-1,0
105822,12,-1,2,-1,0
105823,15,1,11,-1,0
105824,14,6,8,7,1
105825,16,11,9,-1,0
105826,8,1,8,-1,0
105827,8,4,8,-1,0
105828,15,7,25,-1,0
105829,22,17,20,18,1
105830,14,6,8,-1,0
105831,18,6,6,-1,0
105832,18,11,7,-1,0
105833,12,5,25,183,0
105834,18,4,5,116,0
105835,-1,8,9,-1,0
105836,15,7,9,-1,0
105837,12,11,6,63,0
105838,29,16,36,-1,0
105839,-1,0,7,-1,0
105840,16,7,18,-1,0
105841,23,11,27,-1,0
105842,16,5,9,-1,0
105843,13,13,29,24,1
105844,21,9,8,7,1
105845,24,9,11,46,0
105846,16,8,15,-1,0
105847,27,10,5,-1,0
105848,25,16,8,7,1
105849,17,10,19,-1,0
105850,12,10,6,5,1
105851,7,6,4,-1,0
105852,19,10,10,-1,0
105853,13,5,24,-1,0
105854,2,1,4,-1,0
105855,12,7,32,-1,0
105856,16,8,7,-1,0
105857,22,9,8,-1,0
105858,10,2,22,-1,0
105859,15,12,11,462,0
105860,18,13,20,-1,0
105861,19,11,8,-1,0
105862,26,12,8,-1,0
105863,14,5,10,9,1
105864,19,11,27,-1,0
105865,7,2,25,-1,0
105866,11,7,5,2,1
105867,13,7,10,24,0
105868,22,17,12,126,0
105869,19,9,8,-1,0
105870,9,1,16,-1,0
105871,24,11,13,-1,0
105872,7,2,25,-1,0
105873,9,2,7,-1,0
105874,15,10,29,-1,0
105875,16,10,11,-1,0
105876,20,8,3,2,1
105877,24,10,23,-1,0
105878,12,5,13,2099,0
105879,4,9,9,-1,0
105880,19,10,18,17,1
105881,13,5,9,-1,0
105882,17,8,14,-1,0
105883,13,1,13,-1,0
105884,10,6,9,25,0
105885,17,11,8,-1,0
105886,17,10,8,1425,0
105887,22,11,13,-1,0
105888,14,6,19,-1,0
105889,20,14,15,-1,0
105890,19,12,20,47,0
105891,15,7,20,-1,0
105892,26,15,6,5,1
105893,4,2,6,-1,0
105894,8,1,7,436,0
105895,19,7,48,47,1
105896,16,10,138,33,1
105897,13,2,10,1277,0
105898,24,7,33,1221,0
105899,13,3,8,-1,0
105900,17,8,4,28,0
105901,16,7,8,359,0
105902,17,7,27,140,0
105903,-1,0,8,-1,0
105904,16,-1,12,-1,0
105905,10,12,76,-1,0
105906,20,13,33,-1,0
105907,16,8,10,9,1
105908,16,7,23,-1,0
105909,27,18,18,-1,0
105910,19,5,43,42,1
105911,18,9,8,-1,0
105912,14,3,7,-1,0
105913,-1,-1,-1,-1,0
105914,-1,5,30,6,1
105915,19,9,9,-1,0
105916,25,10,14,13,1
105917,19,1,20,-1,0
105918,10,2,47,588,0
105919,11,3,7,-1,0
105920,13,10,20,1572,0
105921,8,3,8,-1,0
105922,15,10,15,-1,0
105923,13,5,7,1653,0
105924,19,7,18,42,0
105925,12,2,5,66,0
105926,22,13,5,-1,0
105927,19,12,11,-1,0
105928,18,10,11,494,0
105929,14,6,8,-1,0
105930,5,4,18,-1,0
105931,19,7,9,-1,0
105932,16,5,6,-1,0
105933,14,10,10,-1,0
105934,-1,-1,-1,-1,0
105935,12,7,25,1199,0
105936,20,10,5,-1,0
105937,11,2,3,-1,0
105938,-1,3,36,-1,0
105939,13,6,15,14,1
105940,18,7,12,-1,0
105941,-1,-1,-1,-1,0
105942,12,0,6,-1,0
105943,19,12,4,3,1
105944,14,-1,5,-1,0
105945,14,2,19,-1,0
105946,12,4,7,1241,0
105947,19,8,7,6,1
105948,24,14,28,-1,0
105949,-1,-1,-1,-1,0
105950,12,2,9,99,0
105951,8,7,3,138,0
105952,14,6,16,13,1
105953,14,4,5,-1,0
105954,9,8,9,5,1
105955,23,15,18,269,0
105956,21,14,37,-1,0
105957,15,4,21,-1,0
105958,12,1,24,-1,0
105959,12,15,20,-1,0
105960,17,8,5,-1,0
105961,13,2,4,9,0
105962,10,6,11,-1,0
105963,12,1,7,-1,0
105964,12,1,6,5,1
105965,16,8,15,347,0
105966,19,10,13,-1,0
105967,26,12,10,-1,0
105968,16,12,24,60,0
105969,11,1,4,-1,0
105970,20,7,8,-1,0
105971,20,4,6,-1,0
105972,24,7,15,-1,0
105973,19,6,5,-1,0
105974,8,4,8,-1,0
105975,17,4,5,-1,0
105976,14,3,9,206,0
105977,8,3,11,1665,0
105978,6,0,8,-1,0
105979,8,1,4,-1,0
105980,19,12,15,708,0
105981,21,13,11,10,1
105982,8,0,27,-1,0
105983,19,10,10,9,1
105984,19,15,30,-1,0
105985,13,1,23,842,0
105986,27,20,29,-1,0
105987,3,1,6,-1,0
105988,22,7,10,-1,0
105989,17,4,32,25,1
105990,24,8,6,-1,0
105991,23,4,7,6,1
105992,17,6,7,-1,0
105993,16,10,6,3,1
105994,19,9,6,-1,0
105995,14,3,8,-1,0
105996,21,12,7,-1,0
105997,23,13,10,-1,0
105998,12,1,31,468,0
105999,15,6,6,-1,0
106000,12,4,5,-1,0
106001,22,11,7,-1,0
106002,10,1,17,-1,0
106003,10,1,10,-1,0
106004,16,5,21,56,0
106005,18,8,8,-1,0
106006,13,8,4,-1,0
106007,10,12,19,14,1
106008,9,1,12,-1,0
106009,7,6,4,44,0
106010,21,5,3,-1,0
106011,19,6,9,145,0
106012,22,8,4,-1,0
106013,20,8,17,343,0
106014,-1,1,22,-1,0
106015,14,7,17,474,0
106016,10,4,7,230,0
106017,19,7,5,-1,0
106018,22,11,8,1202,0
106019,14,6,12,-1,0
106020,8,2,30,-1,0
106021,19,12,10,-1,0
106022,11,3,11,2341,0
106023,10,8,51,134,0
106024,24,14,10,1,1
106025,12,4,4,-1,0
106026,18,4,13,252,0
106027,23,18,20,-1,0
106028,18,6,6,5,1
106029,12,9,6,-1,0
106030,15,9,15,7,1
106031,16,3,5,-1,0
106032,17,10,6,-1,0
106033,7,3,13,451,0
106034,22,8,4,3,1
106035,10,3,7,714,0
106036,13,3,10,1875,0
106037,15,7,10,-1,0
106038,22,10,13,655,0
106039,5,1,4,-1,0
106040,7,0,7,-1,0
106041,10,7,9,57,0
106042,16,5,23,736,0
106043,14,1,9,-1,0
106044,2,2,9,-1,0
106045,-1,12,8,7,1
106046,-1,0,18,-1,0
106047,21,5,17,-1,0
106048,14,6,8,-1,0
106049,12,5,19,-1,0
106050,14,6,15,2183,0
106051,7,2,4,-1,0
106052,11,6,9,-1,0
106053,19,6,7,-1,0
106054,22,12,12,-1,0
106055,14,13,35,-1,0
106056,10,1,8,329,0
106057,23,11,20,74,0
106058,16,7,15,284,0
106059,16,8,10,-1,0
106060,12,5,4,-1,0
106061,24,13,62,-1,0
106062,-1,-1,-1,0,0
106063,13,3,14,87,0
106064,6,2,5,-1,0
106065,26,18,3,2,1
106066,15,4,2,1,1
106067,16,11,11,-1,0
106068,18,8,2,-1,0
106069,16,9,13,-1,0
106070,10,5,29,-1,0
106071,15,6,15,806,0
106072,15,8,10,1270,0
106073,15,7,42,-1,0
106074,24,12,32,58,0
106075,6,6,15,405,0
106076,21,4,6,21,0
106077,16,8,26,628,0
106078,10,2,10,-1,0
106079,8,1,10,-1,0
106080,13,11,8,-1,0
106081,15,13,12,-1,0
106082,13,8,19,178,0
106083,15,1,4,-1,0
106084,-1,0,24,-1,0
106085,13,11,11,-1,0
106086,14,8,35,109,0
106087,13,7,10,-1,0
106088,10,8,5,-1,0
106089,9,1,6,-1,0
106090,21,8,14,-1,0
106091,6,2,16,37,0
106092,18,11,14,898,0
106093,-1,6,17,83,0
106094,11,0,10,36,0
106095,14,13,19,-1,0
106096,11,9,4,-1,0
106097,21,6,8,-1,0
106098,14,11,16,-1,0
106099,-1,-1,-1,-1,0
106100,-1,6,5,-1,0
106101,18,10,27,-1,0
106102,19,14,52,1,1
106103,10,5,7,-1,0
106104,11,1,3,576,0
106105,19,8,20,116,0
106106,15,10,14,513,0
106107,15,5,5,-1,0
106108,16,10,7,-1,0
106109,13,8,36,-1,0
106110,9,3,6,-1,0
106111,30,-1,17,-1,0
106112,22,12,7,3,1
106113,11,6,10,-1,0
106114,16,5,4,-1,0
106115,12,9,4,-1,0
106116,9,4,10,-1,0
106117,8,1,14,-1,0
106118,13,12,15,-1,0
106119,12,3,5,-1,0
106120,13,8,8,7,1
106121,11,8,6,-1,0
106122,-1,-1,10,-1,0
106123,26,15,17,-1,0
106124,13,1,4,-1,0
106125,7,1,9,-1,0
106126,17,5,27,-1,0
106127,18,-1,56,277,0
106128,12,-1,16,153,0
106129,7,3,5,128,0
106130,12,4,5,-1,0
106131,12,4,10,9,1
106132,11,0,4,534,0
106133,20,10,12,1248,0
106134,10,6,8,-1,0
106135,8,2,5,-1,0
106136,10,5,5,-1,0
106137,14,6,5,-1,0
106138,26,15,12,11,1
106139,21,10,14,2,1
106140,16,3,10,46,0
106141,9,0,14,-1,0
106142,15,5,26,25,1
106143,17,5,7,21,0
106144,17,1,4,-1,0
106145,14,5,21,-1,0
106146,14,7,31,52,0
106147,14,6,3,-1,0
106148,14,8,6,-1,0
106149,27,13,15,-1,0
106150,4,2,9,-1,0
106151,16,7,7,559,0
106152,11,4,12,11,1
106153,16,5,3,2,1
106154,12,-1,10,-1,0
106155,19,10,9,-1,0
106156,15,3,12,-1,0
106157,16,8,8,-1,0
106158,17,1,8,-1,0
106159,14,8,6,-1,0
106160,18,9,8,-1,0
106161,12,2,4,-1,0
106162,18,11,15,-1,0
106163,10,9,7,-1,0
106164,18,11,6,-1,0
106165,13,3,8,33,0
106166,17,7,8,195,0
106167,3,1,4,-1,0
106168,20,9,26,23,1
106169,14,8,8,-1,0
106170,13,9,8,-1,0
106171,16,8,7,-1,0
106172,18,8,35,244,0
106173,4,1,15,-1,0
106174,-1,10,14,431,0
106175,8,1,8,16,0
106176,13,8,11,-1,0
106177,31,22,3,2,1
106178,20,6,7,6,1
106179,5,0,3,-1,0
106180,19,10,48,-1,0
106181,12,6,5,-1,0
106182,30,14,36,53,0
106183,20,11,10,-1,0
106184,18,14,9,-1,0
106185,22,15,8,-1,0
106186,22,8,6,-1,0
106187,12,6,6,966,0
106188,-1,8,14,550,0
106189,16,6,22,-1,0
106190,17,6,22,-1,0
106191,14,6,20,135,0
106192,19,6,2,1,1
106193,-1,5,8,478,0
106194,18,7,23,1586,0
106195,19,17,7,-1,0
106196,19,3,17,-1,0
106197,16,8,11,-1,0
106198,20,7,3,-1,0
106199,10,6,10,-1,0
106200,5,-1,6,-1,0
106201,23,10,13,-1,0
106202,19,13,36,26,1
106203,9,7,12,-1,0
106204,14,4,27,722,0
106205,16,8,12,-1,0
106206,12,2,10,381,0
106207,24,10,19,691,0
106208,9,4,16,-1,0
106209,26,21,30,29,1
106210,17,8,15,-1,0
106211,9,3,8,-1,0
106212,13,13,6,-1,0
106213,8,2,22,10,1
106214,18,8,24,19,1
106215,16,8,7,-1,0
106216,22,6,16,-1,0
106217,14,5,12,-1,0
106218,11,8,4,-1,0
106219,9,8,6,197,0
106220,-1,-1,-1,-1,0
106221,9,3,13,-1,0
106222,11,0,5,-1,0
106223,20,-1,161,-1,0
106224,24,10,23,24,0
106225,19,4,7,-1,0
106226,13,3,27,-1,0
106227,15,6,6,-1,0
106228,13,4,8,-1,0
106229,10,0,13,12,1
106230,23,11,16,728,0
106231,21,16,28,241,0
106232,11,4,6,70,0
106233,18,8,13,12,1
106234,19,12,21,-1,0
106235,16,11,14,1047,0
106236,15,7,32,-1,0
106237,12,3,5,-1,0
106238,22,9,8,103,0
106239,16,9,18,-1,0
106240,22,11,17,49,0
106241,-1,2,7,-1,0
106242,15,3,10,578,0
106243,12,9,2,-1,0
106244,13,1,10,-1,0
106245,10,3,6,-1,0
106246,22,9,8,-1,0
106247,13,3,21,-1,0
106248,11,5,11,32,0
106249,14,7,16,-1,0
106250,10,1,15,951,0
106251,7,4,5,-1,0
106252,24,8,14,208,0
106253,9,1,4,-1,0
106254,22,8,7,-1,0
106255,9,1,16,-1,0
106256,17,9,6,-1,0
106257,11,5,17,887,0
106258,14,12,63,-1,0
106259,18,10,10,-1,0
106260,14,8,9,-1,0
106261,8,7,5,-1,0
106262,21,10,13,-1,0
106263,7,1,18,46,0
106264,14,9,7,-1,0
106265,10,0,8,-1,0
106266,12,5,7,-1,0
106267,16,8,5,-1,0
106268,29,18,43,42,1
106269,8,3,10,-1,0
106270,16,3,7,1305,0
106271,15,10,42,179,0
106272,14,10,15,838,0
106273,20,14,6,-1,0
106274,7,2,5,-1,0
106275,16,12,11,10,1
106276,18,9,8,-1,0
106277,11,7,6,-1,0
106278,12,1,7,-1,0
106279,6,3,4,-1,0
106280,6,3,13,-1,0
106281,9,4,19,-1,0
106282,6,1,4,-1,0
106283,15,11,24,-1,0
106284,22,12,4,3,1
106285,16,8,26,-1,0
106286,23,12,65,64,1
106287,25,10,8,-1,0
106288,6,1,13,-1,0
106289,22,9,16,-1,0
106290,15,9,8,-1,0
106291,12,4,11,-1,0
106292,12,0,3,-1,0
106293,7,4,10,-1,0
106294,2,2,6,-1,0
106295,15,10,25,800,0
106296,23,10,28,89,0
106297,12,4,11,-1,0
106298,16,12,4,-1,0
106299,33,22,7,1,1
106300,20,8,9,-1,0
106301,-1,0,12,-1,0
106302,18,3,10,-1,0
106303,22,13,10,-1,0
106304,17,3,3,236,0
106305,23,14,11,1641,0
106306,10,2,9,1772,0
106307,16,9,30,-1,0
106308,17,12,11,472,0
106309,15,8,23,-1,0
106310,18,7,8,-1,0
106311,22,8,8,-1,0
106312,13,6,6,-1,0
106313,12,3,10,-1,0
106314,16,5,50,481,0
106315,14,1,6,-1,0
106316,17,8,5,1046,0
106317,7,1,14,-1,0
106318,15,2,10,657,0
106319,6,2,8,-1,0
106320,7,2,6,8,0
106321,22,11,15,387,0
106322,18,7,10,-1,0
106323,15,9,6,-1,0
106324,6,1,7,-1,0
106325,16,3,19,1082,0
106326,10,2,7,-1,0
106327,15,6,13,-1,0
106328,16,8,7,-1,0
106329,22,10,6,-1,0
106330,18,5,20,-1,0
106331,20,7,9,1100,0
106332,20,9,6,1326,0
106333,16,8,12,2077,0
106334,18,6,9,8,1
106335,10,1,4,1608,0
106336,18,7,18,-1,0
106337,19,8,5,-1,0
106338,14,5,20,-1,0
106339,16,9,22,-1,0
106340,12,7,11,-1,0
106341,23,10,12,-1,0
106342,15,9,11,-1,0
106343,10,1,3,-1,0
106344,14,11,14,-1,0
106345,15,9,8,-1,0
106346,10,2,7,-1,0
106347,6,1,9,-1,0
106348,14,5,12,-1,0
106349,11,2,9,186,0
106350,19,10,11,10,1
106351,14,4,24,59,0
106352,15,4,5,-1,0
106353,18,6,13,126,0
106354,14,7,5,17,0
106355,6,1,5,-1,0
106356,7,4,33,206,0
106357,21,14,21,180,0
106358,12,1,4,-1,0
106359,-1,0,6,-1,0
106360,17,6,6,-1,0
106361,19,4,12,-1,0
106362,16,11,3,-1,0
106363,17,8,7,49,0
106364,16,4,5,4,1
106365,13,4,6,25,0
106366,18,10,14,-1,0
106367,10,2,5,-1,0
106368,21,5,8,-1,0
106369,11,6,4,344,0
106370,12,14,37,71,0
106371,18,8,9,-1,0
106372,16,11,11,-1,0
106373,4,6,13,-1,0
106374,12,8,9,-1,0
106375,7,4,18,-1,0
106376,15,8,9,-1,0
106377,8,0,12,93,0
106378,12,2,4,-1,0
106379,12,0,11,487,0
106380,14,9,6,-1,0
106381,18,12,13,-1,0
106382,17,11,14,-1,0
106383,17,6,6,-1,0
106384,4,1,3,-1,0
106385,22,11,27,22,1
106386,21,14,28,156,0
106387,11,1,3,-1,0
106388,19,9,6,-1,0
106389,16,10,13,-1,0
106390,9,1,3,-1,0
106391,18,11,13,1948,0
106392,20,17,73,-1,0
106393,15,10,4,315,0
106394,16,7,39,-1,0
106395,17,3,16,1611,0
106396,14,4,4,-1,0
106397,9,4,9,1604,0
106398,13,6,6,-1,0
106399,-1,20,24,-1,0
106400,16,6,9,-1,0
106401,-1,5,47,33,1
106402,12,-1,5,-1,0
106403,21,12,42,41,1
106404,15,1,3,-1,0
106405,16,11,7,-1,0
106406,-1,2,7,-1,0
106407,11,11,20,-1,0
106408,13,6,7,-1,0
106409,-1,3,6,5,1
106410,16,5,3,-1,0
106411,11,5,12,-1,0
106412,21,10,8,-1,0
106413,21,10,10,128,0
106414,18,11,13,-1,0
106415,13,8,10,-1,0
106416,18,8,5,4,1
106417,32,11,14,13,1
106418,20,10,7,-1,0
106419,23,9,5,-1,0
106420,8,2,3,-1,0
106421,14,3,4,332,0
106422,21,9,7,585,0
106423,18,3,19,23,0
106424,11,6,14,-1,0
106425,18,11,18,-1,0
106426,19,9,71,33,1
106427,18,12,9,-1,0
106428,7,1,21,-1,0
106429,15,9,15,40,0
106430,18,13,11,-1,0
106431,15,3,7,190,0
106432,11,2,13,227,0
106433,20,6,24,23,1
106434,8,1,9,-1,0
106435,14,2,5,-1,0
106436,21,18,17,11,1
106437,10,2,5,755,0
106438,20,13,7,-1,0
106439,-1,-1,-1,-1,0
106440,17,7,7,-1,0
106441,20,5,8,-1,0
106442,12,5,4,3,1
106443,21,-1,-1,24,0
106444,16,5,4,-1,0
106445,9,2,4,-1,0
106446,14,4,22,-1,0
106447,23,14,18,25,0
106448,6,1,7,-1,0
106449,16,5,24,37,0
106450,15,4,7,-1,0
106451,15,5,5,111,0
106452,27,18,20,17,1
106453,15,13,37,31,1
106454,13,4,4,-1,0
106455,-1,21,14,2,1
106456,19,7,8,-1,0
106457,12,6,8,7,1
106458,13,3,28,-1,0
106459,9,4,15,37,0
106460,6,3,6,28,0
106461,16,8,6,5,1
106462,21,11,19,-1,0
106463,7,1,9,-1,0
106464,19,14,10,-1,0
106465,8,3,18,-1,0
106466,13,5,4,-1,0
106467,22,16,2,1,1
106468,24,-1,7,-1,0
106469,6,0,4,-1,0
106470,18,9,30,28,1
106471,20,10,10,-1,0
106472,11,8,36,-1,0
106473,-1,5,8,-1,0
106474,17,10,16,-1,0
106475,12,9,15,-1,0
106476,22,14,12,11,1
106477,10,4,4,-1,0
106478,-1,-1,3,-1,0
106479,16,9,6,-1,0
106480,17,7,23,164,0
106481,19,8,6,5,1
106482,16,10,10,7,1
106483,4,3,18,274,0
106484,15,2,5,105,0
106485,15,14,42,-1,0
106486,11,7,6,-1,0
106487,15,3,11,175,0
106488,26,6,13,11,1
106489,10,4,6,-1,0
106490,15,6,6,545,0
106491,12,3,10,9,1
106492,14,9,11,-1,0
106493,20,4,29,-1,0
106494,11,4,8,926,0
106495,17,11,6,-1,0
106496,6,0,6,-1,0
106497,20,10,12,-1,0
106498,13,9,11,9,1
106499,12,2,8,-1,0
106500,18,16,9,806,0
106501,5,5,6,-1,0
106502,18,6,46,84,0
106503,11,2,7,-1,0
106504,17,10,13,-1,0
106505,13,7,18,1092,0
106506,20,9,9,8,1
106507,8,1,9,-1,0
106508,16,2,4,168,0
106509,18,7,46,-1,0
106510,21,9,5,4,1
106511,17,9,18,25,0
106512,10,4,4,-1,0
106513,11,2,10,123,0
106514,16,3,11,-1,0
106515,5,4,21,-1,0
106516,12,3,7,-1,0
106517,21,8,6,-1,0
106518,18,9,20,-1,0
106519,13,1,26,1438,0
106520,6,3,22,188,0
106521,15,6,4,3,1
106522,18,14,16,14,1
106523,13,1,27,733,0
106524,8,2,3,-1,0
106525,22,10,10,9,1
106526,18,11,15,-1,0
106527,19,8,5,2406,0
106528,14,6,5,-1,0
106529,11,9,79,-1,0
106530,12,1,6,-1,0
106531,16,13,10,-1,0
106532,21,12,3,2,1
106533,26,12,4,2048,0
106534,16,9,29,-1,0
106535,19,7,10,-1,0
106536,16,-1,41,-1,0
106537,13,0,4,-1,0
106538,15,5,6,-1,0
106539,11,1,6,-1,0
106540,9,2,15,-1,0
106541,24,14,8,-1,0
106542,22,12,25,391,0
106543,9,7,7,-1,0
106544,12,9,18,-1,0
106545,9,-1,10,183,0
106546,10,10,7,6,1
106547,20,11,8,-1,0
106548,24,10,9,-1,0
106549,18,8,8,-1,0
106550,19,10,47,480,0
106551,14,5,7,-1,0
106552,18,7,182,1114,0
106553,19,15,2,1,1
106554,18,16,58,-1,0
106555,6,0,16,-1,0
106556,18,4,19,-1,0
106557,4,2,5,-1,0
106558,14,2,30,335,0
106559,18,3,11,-1,0
106560,14,7,4,-1,0
106561,9,4,3,-1,0
106562,22,6,9,-1,0
106563,17,9,8,-1,0
106564,19,14,17,-1,0
106565,21,11,16,-1,0
106566,-1,-1,-1,-1,0
106567,18,4,6,-1,0
106568,9,2,36,1173,0
106569,21,8,8,7,1
106570,10,8,6,-1,0
106571,8,1,9,-1,0
106572,15,8,7,-1,0
106573,-1,0,6,-1,0
106574,13,6,13,985,0
106575,19,7,24,1459,0
106576,15,2,10,-1,0
106577,17,5,6,-1,0
106578,20,5,6,2013,0
106579,19,11,15,-1,0
106580,12,2,7,-1,0
106581,8,2,7,-1,0
106582,22,11,9,-1,0
106583,15,12,7,1074,0
106584,17,10,14,330,0
106585,20,12,21,451,0
106586,11,6,21,134,0
106587,-1,2,10,-1,0
106588,11,5,5,-1,0
106589,23,-1,7,-1,0
106590,15,2,5,-1,0
106591,23,12,13,12,1
106592,15,2,78,-1,0
106593,9,3,15,1846,0
106594,19,3,6,1404,0
106595,7,8,9,-1,0
106596,25,8,7,-1,0
106597,21,9,7,-1,0
106598,24,10,4,3,1
106599,22,14,30,255,0
106600,10,1,14,-1,0
106601,10,8,4,-1,0
106602,12,6,27,2431,0
106603,22,11,9,8,1
106604,11,7,5,-1,0
106605,-1,0,9,8,1
106606,11,7,24,387,0
106607,28,17,22,-1,0
106608,14,6,9,-1,0
106609,32,16,49,48,1
106610,13,4,17,55,0
106611,18,5,14,-1,0
106612,8,2,4,-1,0
106613,18,10,11,-1,0
106614,19,16,26,-1,0
106615,18,14,6,3,1
106616,8,2,23,-1,0
106617,8,7,16,15,1
106618,11,5,32,-1,0
106619,17,8,31,30,1
106620,11,0,5,-1,0
106621,20,6,23,-1,0
106622,6,1,16,15,1
106623,-1,1,3,-1,0
106624,-1,-1,-1,-1,0
106625,12,-1,26,-1,0
106626,11,2,8,615,0
106627,11,1,4,-1,0
106628,6,5,5,129,0
106629,10,5,11,-1,0
106630,14,7,3,-1,0
106631,28,-1,3,2,1
106632,14,9,26,-1,0
106633,24,15,2,1,1
106634,13,1,4,383,0
106635,19,7,8,2550,0
106636,6,1,7,6,1
106637,10,2,14,-1,0
106638,19,9,17,14,1
106639,6,1,11,-1,0
106640,22,-1,8,-1,0
106641,18,10,16,1088,0
106642,15,4,11,948,0
106643,7,0,3,456,0
106644,17,8,6,5,1
106645,20,13,11,-1,0
106646,11,3,29,700,0
106647,15,4,9,-1,0
106648,11,6,6,1074,0
106649,13,9,6,-1,0
106650,11,5,14,-1,0
106651,15,8,22,90,0
106652,28,8,15,30,0
106653,15,4,4,-1,0
106654,18,11,8,7,1
106655,20,9,17,9,1
106656,17,9,6,-1,0
106657,23,15,16,-1,0
106658,19,8,6,-1,0
106659,16,11,18,-1,0
106660,20,8,30,65,0
106661,12,2,9,-1,0
106662,17,5,10,-1,0
106663,10,2,17,1314,0
106664,11,3,9,565,0
106665,18,1,10,-1,0
106666,9,1,6,862,0
106667,14,3,92,-1,0
106668,6,1,10,698,0
106669,8,8,6,-1,0
106670,12,2,8,-1,0
106671,11,8,12,-1,0
106672,21,12,39,38,1
106673,19,11,2,1,1
106674,10,5,3,-1,0
106675,20,4,8,-1,0
106676,9,0,5,-1,0
106677,15,5,18,531,0
106678,9,5,7,1111,0
106679,13,12,19,-1,0
106680,18,12,14,13,1
106681,14,9,9,-1,0
106682,23,14,12,129,0
106683,18,12,12,11,1
106684,9,2,10,-1,0
106685,7,5,3,-1,0
106686,17,7,17,-1,0
106687,18,13,9,-1,0
106688,10,3,7,-1,0
106689,16,9,4,-1,0
106690,20,14,14,13,1
106691,7,2,8,-1,0
106692,18,9,8,-1,0
106693,21,7,13,1546,0
106694,17,8,19,18,1
106695,15,7,14,13,1
106696,12,3,13,-1,0
106697,17,7,5,69,0
106698,10,5,4,-1,0
106699,17,9,23,95,0
106700,12,2,56,-1,0
106701,7,2,7,-1,0
106702,11,7,9,-1,0
106703,11,6,11,1233,0
106704,18,11,11,-1,0
106705,22,13,7,-1,0
106706,18,11,12,-1,0
106707,16,8,18,-1,0
106708,13,9,32,106,0
106709,8,1,5,-1,0
106710,22,13,154,202,0
106711,-1,0,4,-1,0
106712,8,12,27,38,0
106713,11,0,24,-1,0
106714,25,11,12,11,1
106715,13,8,18,-1,0
106716,24,17,18,13,1
106717,11,3,9,142,0
106718,15,8,5,-1,0
106719,13,8,6,432,0
106720,23,9,8,-1,0
106721,23,16,22,-1,0
106722,15,11,6,271,0
106723,12,8,9,-1,0
106724,20,12,29,-1,0
106725,18,8,13,-1,0
106726,17,10,6,644,0
106727,20,10,14,27,0
106728,14,6,49,-1,0
106729,13,3,9,-1,0
106730,16,10,9,-1,0
106731,17,4,13,21,0
106732,21,8,14,120,0
106733,17,9,11,797,0
106734,11,3,5,34,0
106735,15,14,9,18,0
106736,12,2,12,-1,0
106737,20,9,20,-1,0
106738,-1,4,8,-1,0
106739,9,7,8,-1,0
106740,16,6,14,-1,0
106741,17,4,7,-1,0
106742,11,0,3,-1,0
106743,13,8,5,-1,0
106744,15,11,4,-1,0
106745,16,4,5,-1,0
106746,12,8,38,87,0
106747,15,4,7,6,1
106748,2,0,11,-1,0
106749,17,7,7,6,1
106750,20,14,8,-1,0
106751,19,9,53,102,0
106752,21,9,5,-1,0
106753,6,13,7,-1,0
106754,14,9,24,71,0
106755,11,1,23,75,0
106756,22,9,12,-1,0
106757,5,-1,2,551,0
106758,8,2,4,-1,0
106759,14,8,11,-1,0
106760,11,9,13,-1,0
106761,9,2,3,-1,0
106762,21,11,6,-1,0
106763,20,9,24,415,0
106764,10,1,6,-1,0
106765,13,8,20,-1,0
106766,11,9,9,65,0
106767,7,1,15,-1,0
106768,9,10,9,-1,0
106769,13,9,4,-1,0
106770,17,6,12,-1,0
106771,15,12,8,-1,0
106772,6,2,4,-1,0
106773,11,1,11,2126,0
106774,16,8,10,9,1
106775,24,6,11,147,0
106776,20,9,11,-1,0
106777,22,11,10,-1,0
106778,-1,-1,-1,-1,0
106779,16,9,12,15,0
106780,24,13,29,24,1
106781,16,7,5,-1,0
106782,16,5,14,13,1
106783,21,9,13,19,0
106784,11,1,6,-1,0
106785,14,6,7,-1,0
106786,15,8,11,-1,0
106787,15,6,7,-1,0
106788,22,10,8,7,1
106789,11,4,9,337,0
106790,18,7,36,-1,0
106791,-1,10,8,7,1
106792,11,0,21,-1,0
106793,7,1,3,-1,0
106794,13,1,14,-1,0
106795,5,2,4,-1,0
106796,21,11,13,185,0
106797,18,6,2,18,0
106798,18,5,7,6,1
106799,6,1,13,-1,0
106800,16,7,7,-1,0
106801,16,7,6,-1,0
106802,18,6,10,-1,0
106803,3,2,3,-1,0
106804,13,8,11,-1,0
106805,17,8,23,87,0
106806,8,1,10,-1,0
106807,10,4,52,51,1
106808,23,8,4,2,1
106809,15,10,19,-1,0
106810,21,12,10,-1,0
106811,4,4,7,-1,0
106812,9,1,5,264,0
106813,12,2,13,583,0
106814,6,3,7,589,0
106815,14,4,15,1335,0
106816,-1,5,4,93,0
106817,12,7,12,-1,0
106818,16,7,9,-1,0
106819,12,8,7,-1,0
106820,17,4,14,12,1
106821,11,1,10,-1,0
106822,17,6,10,-1,0
106823,13,3,20,-1,0
106824,23,-1,11,11,1
106825,19,6,14,13,1
106826,12,1,6,67,0
106827,12,4,15,-1,0
106828,19,7,5,-1,0
106829,23,8,42,51,0
106830,10,7,22,-1,0
106831,16,-1,8,40,0
106832,20,8,21,79,0
106833,14,5,17,14,1
106834,9,1,5,1496,0
106835,12,7,7,1569,0
106836,16,11,11,-1,0
106837,17,7,8,-1,0
106838,24,13,11,399,0
106839,18,6,12,11,1
106840,16,-1,10,-1,0
106841,13,2,12,1780,0
106842,15,7,7,-1,0
106843,18,8,29,-1,0
106844,13,8,8,1022,0
106845,22,14,3,-1,0
106846,10,9,18,-1,0
106847,20,10,18,15,1
106848,19,10,24,65,0
106849,13,13,15,-1,0
106850,-1,1,6,5,1
106851,17,11,37,128,0
106852,12,6,37,-1,0
106853,19,8,4,4,1
106854,14,4,5,4,1
106855,21,7,3,2,1
106856,22,6,5,-1,0
106857,18,6,81,331,0
106858,9,7,13,-1,0
106859,16,8,7,-1,0
106860,4,2,3,-1,0
106861,21,12,6,-1,0
106862,15,8,8,-1,0
106863,-1,-1,-1,-1,0
106864,21,13,17,-1,0
106865,21,8,28,30,0
106866,11,2,7,-1,0
106867,17,9,31,43,0
106868,19,8,7,-1,0
106869,22,9,19,-1,0
106870,7,3,15,-1,0
106871,19,13,9,566,0
106872,-1,7,4,3,1
106873,15,13,6,-1,0
106874,-1,4,9,5,1
106875,25,16,7,2,1
106876,15,8,9,-1,0
106877,19,6,22,-1,0
106878,25,10,10,-1,0
106879,16,6,6,-1,0
106880,16,6,7,6,1
106881,6,2,4,-1,0
106882,19,11,43,22,1
106883,16,7,26,25,1
106884,8,2,4,-1,0
106885,17,14,53,41,1
106886,14,3,21,-1,0
106887,14,2,4,-1,0
106888,14,7,5,-1,0
106889,13,3,16,-1,0
106890,18,4,17,13,1
106891,22,7,6,-1,0
106892,12,9,6,-1,0
106893,24,9,47,474,0
106894,12,6,18,-1,0
106895,19,-1,5,13,0
106896,21,11,16,-1,0
106897,13,7,13,1012,0
106898,15,3,6,-1,0
106899,12,5,15,-1,0
106900,10,2,27,-1,0
106901,15,10,7,-1,0
106902,15,9,4,-1,0
106903,7,2,4,-1,0
106904,11,7,7,-1,0
106905,13,3,4,-1,0
106906,19,8,5,-1,0
106907,23,12,14,13,1
106908,24,11,63,141,0
106909,21,7,3,2,1
106910,11,3,3,-1,0
106911,-1,3,7,-1,0
106912,5,1,5,-1,0
106913,11,2,12,-1,0
106914,12,0,33,621,0
106915,13,3,5,-1,0
106916,12,2,5,308,0
106917,14,9,20,364,0
106918,18,7,9,8,1
106919,17,8,16,335,0
106920,5,5,33,-1,0
106921,17,12,37,70,0
106922,19,13,9,1245,0
106923,17,6,14,639,0
106924,21,10,10,-1,0
106925,16,8,4,1149,0
106926,19,5,4,3,1
106927,17,8,15,58,0
106928,17,11,8,9,0
106929,14,1,5,-1,0
106930,21,7,11,21,0
106931,13,5,13,-1,0
106932,13,6,6,-1,0
106933,8,4,12,-1,0
106934,17,5,13,12,1
106935,9,1,7,374,0
106936,17,8,13,-1,0
106937,25,14,6,-1,0
106938,27,12,13,27,0
106939,18,6,8,-1,0
106940,7,3,3,-1,0
106941,24,8,58,-1,0
106942,16,9,8,-1,0
106943,16,14,8,-1,0
106944,6,1,7,-1,0
106945,10,0,10,-1,0
106946,24,12,21,286,0
106947,18,7,27,-1,0
106948,14,11,7,-1,0
106949,-1,3,6,342,0
106950,19,8,5,-1,0
106951,12,4,20,1708,0
106952,15,1,21,731,0
106953,18,15,30,-1,0
106954,18,9,10,-1,0
106955,19,7,14,13,1
106956,14,3,2,-1,0
106957,20,7,4,-1,0
106958,11,2,12,277,0
106959,20,9,7,-1,0
106960,14,9,37,-1,0
106961,20,12,16,58,0
106962,21,14,12,11,1
106963,11,4,19,269,0
106964,18,8,5,-1,0
106965,18,7,6,-1,0
106966,21,10,15,-1,0
106967,16,9,14,-1,0
106968,11,2,4,-1,0
106969,20,8,7,-1,0
106970,20,8,15,-1,0
106971,7,5,20,-1,0
106972,23,9,5,520,0
106973,8,4,23,-1,0
106974,14,1,8,-1,0
106975,16,11,8,-1,0
106976,11,2,7,101,0
106977,19,14,13,13,1
106978,15,11,17,-1,0
106979,10,5,2,-1,0
106980,18,6,43,108,0
106981,24,7,13,-1,0
106982,8,3,20,-1,0
106983,16,5,6,5,1
106984,-1,1,7,-1,0
106985,12,7,5,-1,0
106986,12,2,17,-1,0
106987,14,3,8,7,1
106988,15,10,9,-1,0
106989,20,5,6,5,1
106990,23,9,25,24,1
106991,13,-1,19,16,1
106992,12,8,18,-1,0
106993,14,8,29,1145,0
106994,11,12,18,-1,0
106995,16,5,5,-1,0
106996,26,22,29,-1,0
106997,10,1,6,-1,0
106998,13,6,10,-1,0
106999,15,2,8,533,0
107000,20,13,15,54,0
107001,10,6,8,-1,0
107002,11,5,4,-1,0
107003,10,1,9,-1,0
107004,18,4,43,-1,0
107005,12,7,6,-1,0
107006,15,7,7,-1,0
107007,20,11,10,-1,0
107008,12,4,19,1095,0
107009,19,9,6,-1,0
107010,20,11,20,-1,0
107011,15,5,36,-1,0
107012,15,3,5,25,0
107013,6,1,11,-1,0
107014,27,12,3,2,1
107015,22,10,7,2289,0
107016,15,8,7,-1,0
107017,17,8,16,366,0
107018,17,4,66,1711,0
107019,10,5,9,-1,0
107020,6,-1,-1,-1,0
107021,14,3,6,3,1
107022,24,13,13,-1,0
107023,16,11,8,-1,0
107024,13,6,8,-1,0
107025,15,13,18,-1,0
107026,19,7,4,-1,0
107027,25,13,32,-1,0
107028,19,6,7,6,1
107029,20,8,7,-1,0
107030,18,5,7,-1,0
107031,18,4,36,-1,0
107032,18,11,25,478,0
107033,18,6,24,40,0
107034,20,10,59,221,0
107035,22,17,22,1010,0
107036,21,10,34,-1,0
107037,11,2,9,152,0
107038,3,4,9,-1,0
107039,20,9,9,-1,0
107040,5,0,8,7,1
107041,13,8,23,-1,0
107042,21,5,10,-1,0
107043,15,5,4,3,1
107044,25,8,11,-1,0
107045,15,7,10,25,0
107046,28,13,27,-1,0
107047,13,9,15,14,1
107048,13,4,16,8,1
107049,12,1,14,365,0
107050,9,1,6,-1,0
107051,-1,5,8,1453,0
107052,4,1,107,1284,0
107053,19,8,11,78,0
107054,11,6,19,212,0
107055,8,3,3,-1,0
107056,8,5,3,-1,0
107057,20,8,8,-1,0
107058,17,9,5,-1,0
107059,18,6,37,-1,0
107060,23,9,14,-1,0
107061,15,1,13,-1,0
107062,9,7,27,-1,0
107063,7,3,5,-1,0
107064,22,7,19,-1,0
107065,11,15,40,39,1
107066,15,6,9,-1,0
107067,-1,3,6,-1,0
107068,9,0,3,-1,0
107069,11,-1,20,-1,0
107070,16,6,3,48,0
107071,5,0,4,-1,0
107072,14,4,6,-1,0
107073,12,-1,8,24,0
107074,12,10,7,6,1
107075,8,6,4,-1,0
107076,8,5,39,911,0
107077,17,7,28,-1,0
107078,11,9,11,-1,0
107079,13,4,6,5,1
107080,24,12,18,1816,0
107081,17,9,7,-1,0
107082,16,10,5,-1,0
107083,12,7,74,-1,0
107084,10,-1,5,-1,0
107085,16,8,14,1191,0
107086,13,6,3,561,0
107087,25,12,10,-1,0
107088,14,8,17,-1,0
107089,10,3,23,182,0
107090,19,9,9,-1,0
107091,22,9,8,-1,0
107092,15,11,52,-1,0
107093,15,8,8,-1,0
107094,13,8,8,-1,0
107095,8,0,3,149,0
107096,12,1,3,-1,0
107097,20,14,11,-1,0
107098,11,4,11,977,0
107099,11,2,6,-1,0
107100,21,5,10,1423,0
107101,15,2,7,44,0
107102,16,6,31,77,0
107103,23,17,3,2,1
107104,5,3,7,89,0
107105,12,4,6,-1,0
107106,14,5,29,-1,0
107107,4,1,6,-1,0
107108,4,2,12,11,1
107109,15,5,34,-1,0
107110,13,6,3,203,0
107111,12,3,14,-1,0
107112,16,10,12,1812,0
107113,12,4,29,50,0
107114,21,8,7,-1,0
107115,15,7,5,1557,0
107116,10,2,8,-1,0
107117,16,4,8,-1,0
107118,4,2,9,-1,0
107119,17,12,10,-1,0
107120,17,8,14,-1,0
107121,20,5,4,3,1
107122,18,6,6,-1,0
107123,-1,2,9,-1,0
107124,16,1,8,9,0
107125,22,12,11,-1,0
107126,21,6,13,-1,0
107127,17,6,7,6,1
107128,12,2,6,1007,0
107129,12,0,18,-1,0
107130,21,5,14,-1,0
107131,18,3,6,98,0
107132,13,5,28,21,1
107133,14,2,24,-1,0
107134,-1,0,4,-1,0
107135,16,9,5,4,1
107136,24,9,21,-1,0
107137,12,12,13,-1,0
107138,9,2,7,-1,0
107139,14,8,6,-1,0
107140,20,11,17,-1,0
107141,23,18,24,-1,0
107142,13,7,6,-1,0
107143,14,10,17,25,0
107144,21,12,11,929,0
107145,18,9,34,-1,0
107146,6,4,5,-1,0
107147,16,3,14,55,0
107148,11,1,4,-1,0
107149,16,8,3,1361,0
107150,10,7,10,23,0
107151,13,-1,26,-1,0
107152,7,0,8,-1,0
107153,16,9,23,-1,0
107154,18,12,19,-1,0
107155,17,12,29,-1,0
107156,11,3,7,6,1
107157,19,14,6,-1,0
107158,19,8,9,1214,0
107159,24,5,3,2,1
107160,-1,-1,-1,-1,0
107161,6,1,6,-1,0
107162,14,8,8,-1,0
107163,15,7,6,-1,0
107164,23,5,4,308,0
107165,17,10,13,-1,0
107166,17,2,17,-1,0
107167,7,1,2,-1,0
107168,15,5,31,-1,0
107169,29,14,19,18,1
107170,22,9,6,-1,0
107171,10,1,3,-1,0
107172,21,10,6,-1,0
107173,-1,1,4,-1,0
107174,12,2,15,1636,0
107175,11,4,16,365,0
107176,10,1,5,-1,0
107177,16,5,7,-1,0
107178,10,3,10,-1,0
107179,16,14,11,-1,0
107180,22,11,20,-1,0
107181,20,12,9,-1,0
107182,12,3,8,740,0
107183,11,3,14,13,1
107184,24,13,25,716,0
107185,14,8,8,-1,0
107186,19,6,18,7,1
107187,12,7,27,26,1
107188,9,2,3,-1,0
107189,20,8,25,298,0
107190,6,1,2,-1,0
107191,17,8,10,-1,0
107192,14,7,2,1,1
107193,7,1,8,-1,0
107194,9,1,4,-1,0
107195,-1,-1,-1,-1,0
107196,7,2,2,-1,0
107197,17,9,12,-1,0
107198,22,13,13,-1,0
107199,19,12,10,-1,0
107200,12,6,7,-1,0
107201,13,4,23,6,1
107202,18,8,6,-1,0
107203,7,4,3,-1,0
107204,17,10,12,-1,0
107205,19,6,52,-1,0
107206,8,3,6,-1,0
107207,20,8,3,-1,0
107208,8,3,7,-1,0
107209,11,0,12,-1,0
107210,15,7,6,-1,0
107211,19,9,10,9,1
107212,10,2,45,-1,0
107213,20,-1,28,27,1
107214,15,8,6,-1,0
107215,12,3,12,183,0
107216,4,1,5,-1,0
107217,22,12,19,-1,0
107218,10,5,9,-1,0
107219,11,6,9,-1,0
107220,13,8,12,-1,0
107221,11,11,6,201,0
107222,13,4,8,135,0
107223,16,8,33,636,0
107224,6,1,9,-1,0
107225,9,0,3,-1,0
107226,20,7,7,6,1
107227,11,8,6,-1,0
107228,12,4,16,-1,0
107229,22,8,33,467,0
107230,15,5,15,-1,0
107231,15,10,17,16,1
107232,7,1,9,-1,0
107233,23,12,28,15,1
107234,6,2,9,-1,0
107235,17,5,4,-1,0
107236,9,4,23,887,0
107237,6,5,8,-1,0
107238,14,7,16,2109,0
107239,10,1,5,-1,0
107240,12,6,6,-1,0
107241,20,9,12,-1,0
107242,19,4,14,1450,0
107243,19,8,29,-1,0
107244,16,13,38,-1,0
107245,25,15,44,43,1
107246,13,5,15,14,1
107247,19,4,10,713,0
107248,11,1,11,10,1
107249,10,-1,3,-1,0
107250,17,8,5,10,0
107251,6,0,5,-1,0
107252,17,8,4,7,0
107253,11,8,10,-1,0
107254,16,4,14,926,0
107255,8,1,7,-1,0
107256,18,11,7,-1,0
107257,18,9,12,1658,0
107258,15,2,7,-1,0
107259,12,5,7,-1,0
107260,18,5,6,58,0
107261,16,10,9,333,0
107262,13,5,9,-1,0
107263,19,11,14,-1,0
107264,-1,15,3,2,1
107265,12,1,3,-1,0
107266,11,3,11,186,0
107267,20,13,12,11,1
107268,12,7,25,-1,0
107269,9,1,11,-1,0
107270,14,12,4,-1,0
107271,5,2,16,-1,0
107272,23,8,10,9,1
107273,21,11,3,2,1
107274,19,9,5,-1,0
107275,15,1,2,-1,0
107276,18,11,4,3,1
107277,-1,5,10,14,0
107278,19,5,15,-1,0
107279,18,6,9,-1,0
107280,21,7,14,13,1
107281,15,6,10,79,0
107282,16,8,8,-1,0
107283,17,6,15,1267,0
107284,-1,-1,-1,-1,0
107285,7,1,11,759,0
107286,19,7,6,-1,0
107287,9,8,29,-1,0
107288,10,8,15,-1,0
107289,10,5,14,-1,0
107290,14,2,3,-1,0
107291,16,8,4,-1,0
107292,9,0,12,-1,0
107293,20,11,20,-1,0
107294,8,2,3,-1,0
107295,26,7,11,-1,0
107296,13,2,49,-1,0
107297,18,8,6,1110,0
107298,12,1,5,772,0
107299,17,14,11,-1,0
107300,-1,2,18,13,1
107301,11,3,25,-1,0
107302,16,5,12,-1,0
107303,15,6,21,66,0
107304,13,13,10,-1,0
107305,23,9,25,23,1
107306,5,3,25,36,0
107307,15,2,14,-1,0
107308,21,10,10,94,0
107309,-1,0,8,-1,0
107310,14,7,13,-1,0
107311,24,15,8,-1,0
107312,5,4,4,-1,0
107313,10,8,30,-1,0
107314,12,3,10,-1,0
107315,17,-1,11,11,1
107316,7,1,6,-1,0
107317,18,5,5,4,1
107318,17,16,38,1,1
107319,8,1,7,-1,0
107320,26,8,10,31,0
107321,9,1,5,-1,0
107322,22,13,45,596,0
107323,12,11,8,-1,0
107324,19,13,10,9,1
107325,13,7,3,-1,0
107326,20,10,10,7,1
107327,3,2,10,-1,0
107328,17,6,13,56,0
107329,18,6,7,325,0
107330,17,8,48,79,0
107331,12,3,6,-1,0
107332,12,3,22,-1,0
107333,10,-1,21,-1,0
107334,14,7,5,-1,0
107335,3,1,10,-1,0
107336,22,15,12,-1,0
107337,12,0,6,-1,0
107338,12,3,16,-1,0
107339,14,9,4,-1,0
107340,-1,1,5,-1,0
107341,25,10,43,-1,0
107342,27,9,28,-1,0
107343,13,9,11,927,0
107344,-1,6,7,147,0
107345,16,2,3,-1,0
107346,20,8,34,-1,0
107347,18,7,7,1186,0
107348,18,13,9,-1,0
107349,-1,-1,-1,-1,0
107350,13,0,16,-1,0
107351,11,2,7,1342,0
107352,8,1,11,-1,0
107353,10,0,7,896,0
107354,15,12,12,-1,0
107355,13,7,9,-1,0
107356,12,9,9,-1,0
107357,20,6,3,2,1
107358,12,5,18,1079,0
107359,20,11,10,10,1
107360,17,8,7,929,0
107361,-1,6,3,417,0
107362,20,6,12,7,1
107363,12,6,4,-1,0
107364,15,6,5,371,0
107365,19,7,12,11,1
107366,10,13,32,28,1
107367,13,6,7,-1,0
107368,14,5,8,7,1
107369,13,4,5,-1,0
107370,11,1,13,1397,0
107371,19,13,8,-1,0
107372,17,8,27,1028,0
107373,17,12,11,-1,0
107374,-1,7,3,2,1
107375,9,5,4,-1,0
107376,18,17,16,7,1
107377,8,1,4,-1,0
107378,17,7,22,-1,0
107379,11,10,38,1459,0
107380,24,9,29,-1,0
107381,8,3,22,-1,0
107382,16,3,14,-1,0
107383,7,1,4,180,0
107384,19,8,17,-1,0
107385,15,2,2,1300,0
107386,25,9,9,-1,0
107387,23,5,6,5,1
107388,23,13,15,14,1
107389,21,9,10,141,0
107390,13,6,9,-1,0
107391,14,11,12,-1,0
107392,16,8,6,-1,0
107393,20,7,10,9,1
107394,16,9,20,-1,0
107395,20,9,15,82,0
107396,12,2,12,10,1
107397,15,8,7,-1,0
107398,20,8,25,110,0
107399,10,1,11,51,0
107400,-1,1,17,376,0
107401,-1,-1,-1,313,0
107402,8,4,4,-1,0
107403,19,10,14,-1,0
107404,26,16,7,6,1
107405,11,2,5,1616,0
107406,15,6,7,733,0
107407,12,4,18,-1,0
107408,22,13,10,-1,0
107409,20,9,11,-1,0
107410,15,5,9,-1,0
107411,16,9,6,-1,0
107412,13,7,20,78,0
107413,19,12,98,97,1
107414,17,2,29,-1,0
107415,25,7,34,-1,0
107416,8,4,6,-1,0
107417,18,4,14,-1,0
107418,11,0,15,2083,0
107419,7,2,8,-1,0
107420,12,7,3,-1,0
107421,21,9,14,-1,0
107422,20,10,5,-1,0
107423,21,12,9,8,1
107424,12,2,7,-1,0
107425,-1,7,5,-1,0
107426,20,8,39,-1,0
107427,18,9,6,-1,0
107428,19,9,19,3,1
107429,16,7,20,10,1
107430,12,5,72,-1,0
107431,16,5,17,261,0
107432,19,8,14,-1,0
107433,17,7,4,3,1
107434,10,5,10,-1,0
107435,16,11,9,-1,0
107436,17,12,40,-1,0
107437,11,4,10,-1,0
107438,12,6,86,85,1
107439,15,8,9,-1,0
107440,12,7,17,159,0
107441,-1,4,8,-1,0
107442,20,8,13,-1,0
107443,19,5,21,88,0
107444,15,2,5,-1,0
107445,21,5,27,386,0
107446,10,2,40,-1,0
107447,20,5,34,89,0
107448,17,6,33,30,1
107449,14,8,4,-1,0
107450,20,6,10,-1,0
107451,22,8,6,-1,0
107452,22,8,59,924,0
107453,8,7,4,-1,0
107454,14,9,9,-1,0
107455,8,4,16,-1,0
107456,10,9,42,-1,0
107457,18,10,8,-1,0
107458,13,2,13,62,0
107459,7,6,17,-1,0
107460,12,9,21,-1,0
107461,13,4,15,-1,0
107462,14,6,9,-1,0
107463,20,13,8,17,0
107464,17,9,9,-1,0
107465,16,11,9,2,1
107466,5,0,7,-1,0
107467,19,11,12,-1,0
107468,-1,-1,-1,-1,0
107469,13,5,16,13,1
107470,23,11,11,986,0
107471,22,12,31,-1,0
107472,23,13,25,1454,0
107473,23,22,62,57,1
107474,9,1,7,171,0
107475,18,13,10,-1,0
107476,14,7,29,-1,0
107477,18,6,16,-1,0
107478,24,13,18,-1,0
107479,12,2,7,-1,0
107480,17,12,23,-1,0
107481,5,1,2,-1,0
107482,21,10,17,-1,0
107483,11,2,4,-1,0
107484,10,3,16,-1,0
107485,16,9,28,26,1
107486,22,11,13,-1,0
107487,18,9,12,35,0
107488,17,9,16,38,0
107489,20,11,13,12,1
107490,17,3,23,22,1
107491,6,2,27,-1,0
107492,14,10,16,-1,0
107493,15,8,20,-1,0
107494,8,2,25,-1,0
107495,14,7,6,-1,0
107496,12,3,30,133,0
107497,9,1,8,-1,0
107498,18,4,8,1526,0
107499,13,14,5,-1,0
107500,18,10,13,997,0
107501,16,10,9,-1,0
107502,7,1,5,-1,0
107503,-1,-1,-1,-1,0
107504,17,9,7,-1,0
107505,17,10,8,-1,0
107506,15,7,9,-1,0
107507,13,10,19,-1,0
107508,14,6,11,-1,0
107509,13,5,7,-1,0
107510,14,9,5,-1,0
107511,18,12,14,198,0
107512,12,4,10,85,0
107513,19,9,18,1836,0
107514,13,3,13,-1,0
107515,19,14,8,-1,0
107516,16,14,10,-1,0
107517,11,4,9,5,1
107518,2,1,9,-1,0
107519,19,15,32,-1,0
107520,15,6,16,15,1
107521,13,0,17,238,0
107522,30,15,10,-1,0
107523,13,5,6,-1,0
107524,17,14,22,908,0
107525,14,2,29,103,0
107526,23,18,5,4,1
107527,22,8,10,615,0
107528,10,4,3,2,1
107529,11,2,9,406,0
107530,-1,5,27,29,0
107531,23,9,29,-1,0
107532,18,12,22,793,0
107533,15,9,29,60,0
107534,9,0,19,-1,0
107535,30,20,4,2,1
107536,16,6,10,-1,0
107537,17,8,8,2140,0
107538,12,4,2,-1,0
107539,9,5,40,-1,0
107540,-1,3,5,-1,0
107541,17,11,9,-1,0
107542,13,6,28,-1,0
107543,-1,11,6,5,1
107544,12,7,11,-1,0
107545,18,6,12,11,1
107546,14,9,18,-1,0
107547,10,1,2,-1,0
107548,10,0,6,-1,0
107549,15,7,4,978,0
107550,17,11,15,-1,0
107551,20,17,12,11,1
107552,13,3,14,-1,0
107553,-1,0,25,-1,0
107554,24,15,29,15,1
107555,11,1,12,58,0
107556,12,4,6,898,0
107557,8,-1,3,-1,0
107558,19,12,10,-1,0
107559,9,7,6,-1,0
107560,12,2,16,15,1
107561,5,1,4,-1,0
107562,5,1,22,-1,0
107563,11,6,3,-1,0
107564,21,8,4,3,1
107565,14,7,8,-1,0
107566,10,3,6,-1,0
107567,12,6,6,1,1
107568,16,4,6,-1,0
107569,13,4,18,-1,0
107570,10,4,16,-1,0
107571,20,15,6,-1,0
107572,7,1,3,-1,0
107573,14,6,5,37,0
107574,15,9,2,395,0
107575,15,10,5,-1,0
107576,14,5,38,-1,0
107577,19,9,7,-1,0
107578,11,4,3,-1,0
107579,15,8,10,-1,0
107580,17,8,41,46,0
107581,9,2,10,-1,0
107582,-1,-1,-1,-1,0
107583,14,9,19,73,0
107584,13,6,6,610,0
107585,9,3,2,-1,0
107586,24,6,16,-1,0
107587,21,4,35,34,1
107588,12,2,3,-1,0
107589,23,8,4,-1,0
107590,19,12,26,-1,0
107591,13,-1,6,-1,0
107592,15,7,20,19,1
107593,20,7,8,-1,0
107594,14,4,7,6,1
107595,13,4,10,46,0
107596,14,4,20,-1,0
107597,15,5,13,12,1
107598,19,13,21,-1,0
107599,19,11,22,30,0
107600,22,10,5,-1,0
107601,14,1,9,-1,0
107602,8,4,11,26,0
107603,18,7,6,-1,0
107604,6,2,6,-1,0
107605,12,7,45,742,0
107606,18,10,23,427,0
107607,21,10,8,77,0
107608,18,6,11,-1,0
107609,12,2,7,-1,0
107610,6,1,17,-1,0
107611,14,2,21,-1,0
107612,20,19,29,9,1
107613,14,2,14,53,0
107614,10,8,12,310,0
107615,13,4,3,-1,0
107616,12,4,19,334,0
107617,17,-1,20,-1,0
107618,13,5,11,10,1
107619,13,3,14,-1,0
107620,13,4,5,-1,0
107621,10,2,23,133,0
107622,15,9,13,-1,0
107623,8,2,4,-1,0
107624,15,5,2,1,1
107625,14,6,30,622,0
107626,8,2,4,-1,0
107627,8,4,5,-1,0
107628,14,6,14,-1,0
107629,11,1,10,-1,0
107630,26,7,49,48,1
107631,18,11,6,-1,0
107632,17,13,35,-1,0
107633,-1,1,7,57,0
107634,14,7,31,-1,0
107635,21,13,7,-1,0
107636,13,4,5,1,1
107637,14,10,43,-1,0
107638,17,9,14,13,1
107639,7,2,9,-1,0
107640,9,2,5,-1,0
107641,13,2,13,-1,0
107642,5,4,15,2120,0
107643,17,9,8,7,1
107644,22,9,8,-1,0
107645,24,12,20,81,0
107646,6,0,3,-1,0
107647,11,5,7,-1,0
107648,7,2,17,16,1
107649,7,1,7,632,0
107650,17,-1,9,9,1
107651,20,8,6,-1,0
107652,16,4,7,-1,0
107653,21,9,8,-1,0
107654,8,2,3,-1,0
107655,22,10,4,-1,0
107656,10,1,6,-1,0
107657,16,9,6,5,1
107658,10,6,3,-1,0
107659,8,0,5,-1,0
107660,18,12,8,-1,0
107661,16,2,6,-1,0
107662,15,7,8,-1,0
107663,13,11,3,-1,0
107664,15,10,9,-1,0
107665,16,4,7,-1,0
107666,12,4,8,7,1
107667,17,5,22,-1,0
107668,9,2,4,-1,0
107669,22,6,7,-1,0
107670,12,7,38,-1,0
107671,17,12,42,1022,0
107672,21,12,15,-1,0
107673,19,10,8,2163,0
107674,6,2,13,-1,0
107675,6,4,5,-1,0
107676,8,10,20,13,1
107677,19,8,8,-1,0
107678,-1,6,28,-1,0
107679,18,6,9,8,1
107680,5,1,3,-1,0
107681,-1,-1,-1,-1,0
107682,23,13,36,764,0
107683,13,8,5,-1,0
107684,8,2,4,768,0
107685,19,8,8,-1,0
107686,10,0,17,-1,0
107687,17,11,10,-1,0
107688,11,7,11,-1,0
107689,-1,14,5,3,1
107690,20,13,28,462,0
107691,18,8,18,-1,0
107692,17,11,19,1539,0
107693,12,4,27,-1,0
107694,10,4,22,-1,0
107695,23,15,6,-1,0
107696,22,11,15,1361,0
107697,17,5,20,19,1
107698,11,10,13,-1,0
107699,12,2,14,-1,0
107700,25,14,20,19,1
107701,15,11,21,-1,0
107702,6,2,14,-1,0
107703,16,8,12,-1,0
107704,12,2,9,5,1
107705,19,7,4,3,1
107706,18,7,79,-1,0
107707,15,3,14,1955,0
107708,14,4,25,-1,0
107709,31,10,10,-1,0
107710,16,9,10,-1,0
107711,16,9,5,-1,0
107712,7,2,17,-1,0
107713,11,6,29,-1,0
107714,19,5,17,16,1
107715,6,0,6,-1,0
107716,16,9,24,21,1
107717,18,4,10,-1,0
107718,16,7,14,-1,0
107719,12,1,6,-1,0
107720,24,14,53,165,0
107721,19,10,8,-1,0
107722,19,12,11,-1,0
107723,17,4,8,15,0
107724,10,7,19,-1,0
107725,13,2,12,-1,0
107726,11,3,8,1541,0
107727,17,5,2,1,1
107728,18,5,8,-1,0
107729,8,1,14,-1,0
107730,10,1,36,436,0
107731,17,12,29,-1,0
107732,11,2,16,-1,0
107733,12,-1,5,842,0
107734,13,1,4,1106,0
107735,11,9,25,-1,0
107736,18,15,8,12,0
107737,19,10,11,-1,0
107738,19,11,9,778,0
107739,-1,-1,1,-1,0
107740,12,4,4,653,0
107741,6,1,5,-1,0
107742,15,5,12,-1,0
107743,11,1,25,24,1
107744,18,7,5,-1,0
107745,17,5,13,-1,0
107746,5,1,4,-1,0
107747,4,1,5,-1,0
107748,11,2,15,1706,0
107749,11,2,100,150,0
107750,23,14,19,-1,0
107751,11,8,17,16,1
107752,-1,-1,-1,-1,0
107753,11,4,7,-1,0
107754,23,14,12,11,1
107755,18,8,6,-1,0
107756,19,11,5,-1,0
107757,22,6,19,134,0
107758,9,3,6,-1,0
107759,9,10,8,-1,0
107760,24,15,18,-1,0
107761,8,1,3,-1,0
107762,10,5,7,5,1
107763,17,8,4,3,1
107764,13,6,6,-1,0
107765,13,8,7,-1,0
107766,18,5,15,2,1
107767,17,16,44,71,0
107768,21,2,34,-1,0
107769,21,7,10,-1,0
107770,17,11,17,-1,0
107771,9,1,13,-1,0
107772,17,10,13,-1,0
107773,22,10,15,-1,0
107774,12,7,17,16,1
107775,13,1,13,8,1
107776,16,8,13,-1,0
107777,20,9,17,28,0
107778,18,10,25,23,1
107779,4,1,7,-1,0
107780,16,12,5,-1,0
107781,17,8,8,-1,0
107782,15,2,6,-1,0
107783,11,3,8,949,0
107784,17,11,28,164,0
107785,14,5,12,-1,0
107786,13,6,3,-1,0
107787,20,8,76,725,0
107788,5,0,2,-1,0
107789,13,12,16,15,1
107790,16,11,4,-1,0
107791,9,1,3,-1,0
107792,15,-1,14,-1,0
107793,17,7,8,-1,0
107794,16,2,5,-1,0
107795,14,4,10,5,1
107796,14,3,8,7,1
107797,18,9,11,-1,0
107798,12,5,9,-1,0
107799,7,1,2,-1,0
107800,16,1,10,-1,0
107801,17,9,8,2445,0
107802,19,13,8,8,1
107803,17,7,7,205,0
107804,14,7,14,13,1
107805,-1,18,4,3,1
107806,17,5,10,-1,0
107807,16,4,5,-1,0
107808,11,-1,15,1889,0
107809,12,1,6,-1,0
107810,22,10,51,-1,0
107811,23,8,7,-1,0
107812,19,6,9,3,1
107813,19,11,74,120,0
107814,14,7,9,8,1
107815,17,12,12,-1,0
107816,14,9,30,482,0
107817,7,2,4,-1,0
107818,13,0,9,97,0
107819,13,4,7,881,0
107820,11,2,21,309,0
107821,18,14,14,-1,0
107822,16,4,7,-1,0
107823,20,14,3,2,1
107824,-1,1,3,-1,0
107825,13,9,18,-1,0
107826,14,7,10,-1,0
107827,13,6,17,157,0
107828,17,4,12,-1,0
107829,18,3,11,761,0
107830,9,8,48,-1,0
107831,15,11,5,4,1
107832,22,9,24,-1,0
107833,20,8,5,-1,0
107834,18,4,3,145,0
107835,17,7,17,61,0
107836,24,10,6,-1,0
107837,15,2,31,27,1
107838,6,0,4,161,0
107839,19,6,5,30,0
107840,13,4,5,-1,0
107841,23,13,23,-1,0
107842,13,7,19,18,1
107843,13,2,12,-1,0
107844,10,3,12,187,0
107845,15,7,7,-1,0
107846,14,4,4,-1,0
107847,18,9,24,49,0
107848,15,8,6,-1,0
107849,11,6,13,-1,0
107850,14,4,6,-1,0
107851,17,3,4,6,0
107852,6,2,6,-1,0
107853,14,9,19,-1,0
107854,8,1,13,-1,0
107855,17,4,7,607,0
107856,18,5,3,2,1
107857,18,8,15,246,0
107858,9,3,15,-1,0
107859,9,4,5,-1,0
107860,11,4,23,664,0
107861,14,8,11,-1,0
107862,12,11,13,-1,0
107863,10,1,20,-1,0
107864,13,0,8,1996,0
107865,11,3,17,13,1
107866,16,8,6,-1,0
107867,19,9,17,-1,0
107868,22,6,7,-1,0
107869,16,6,12,1536,0
107870,8,1,4,847,0
107871,7,0,28,-1,0
107872,19,10,16,15,1
107873,11,-1,6,-1,0
107874,12,8,7,1977,0
107875,20,12,13,-1,0
107876,19,-1,12,-1,0
107877,22,12,2,1,1
107878,11,1,8,-1,0
107879,19,9,14,-1,0
107880,16,9,13,-1,0
107881,23,10,6,-1,0
107882,18,5,10,-1,0
107883,23,7,4,3,1
107884,12,1,11,-1,0
107885,8,2,6,65,0
107886,19,11,57,-1,0
107887,17,15,40,-1,0
107888,20,11,6,-1,0
107889,10,3,5,-1,0
107890,14,7,22,-1,0
107891,-1,-1,9,-1,0
107892,6,4,6,-1,0
107893,20,9,14,-1,0
107894,16,2,16,967,0
107895,21,6,3,2,1
107896,19,8,6,5,1
107897,26,7,24,3,1
107898,12,8,6,-1,0
107899,18,8,3,1,1
107900,14,2,15,-1,0
107901,20,9,38,44,0
107902,20,8,8,776,0
107903,15,5,42,455,0
107904,12,2,8,295,0
107905,17,7,6,5,1
107906,14,8,9,-1,0
107907,16,3,5,-1,0
107908,18,10,16,287,0
107909,16,4,4,-1,0
107910,-1,-1,-1,50,0
107911,18,-1,12,12,1
107912,14,1,16,43,0
107913,11,2,32,-1,0
107914,12,7,6,-1,0
107915,12,2,11,-1,0
107916,20,4,25,-1,0
107917,16,8,13,-1,0
107918,10,5,30,466,0
107919,10,6,3,2,1
107920,23,14,27,11,1
107921,27,18,7,4,1
107922,25,12,12,-1,0
107923,14,1,93,-1,0
107924,13,3,11,-1,0
107925,9,2,6,103,0
107926,8,0,3,-1,0
107927,9,3,10,-1,0
107928,20,7,13,-1,0
107929,18,7,23,-1,0
107930,2,2,4,-1,0
107931,12,2,5,-1,0
107932,11,10,12,-1,0
107933,13,2,7,4,1
107934,20,10,9,-1,0
107935,21,9,10,-1,0
107936,17,6,9,-1,0
107937,16,2,10,-1,0
107938,16,7,10,-1,0
107939,10,1,6,-1,0
107940,7,3,16,6,1
107941,17,1,5,-1,0
107942,9,2,26,418,0
107943,-1,-1,-1,-1,0
107944,19,5,9,10,0
107945,27,6,7,-1,0
107946,27,-1,15,-1,0
107947,20,11,8,-1,0
107948,11,2,15,-1,0
107949,6,1,14,-1,0
107950,24,8,22,-1,0
107951,22,8,12,585,0
107952,16,8,13,33,0
107953,6,0,3,-1,0
107954,13,9,9,-1,0
107955,11,3,11,-1,0
107956,19,10,15,-1,0
107957,14,14,7,-1,0
107958,8,4,5,-1,0
107959,16,7,3,-1,0
107960,16,4,6,-1,0
107961,11,2,14,-1,0
107962,11,3,14,-1,0
107963,19,9,18,-1,0
107964,8,0,108,107,1
107965,14,8,6,-1,0
107966,16,5,13,97,0
107967,21,12,8,-1,0
107968,13,8,4,197,0
107969,6,1,5,140,0
107970,17,8,8,-1,0
107971,13,2,8,-1,0
107972,28,16,36,-1,0
107973,16,3,5,639,0
107974,14,11,10,-1,0
107975,16,7,36,530,0
107976,14,3,10,-1,0
107977,18,5,6,650,0
107978,9,3,9,-1,0
107979,12,1,3,-1,0
107980,14,6,7,-1,0
107981,22,9,10,9,1
107982,8,4,14,540,0
107983,9,8,4,2,1
107984,15,5,10,1399,0
107985,13,7,146,145,1
107986,16,4,4,3,1
107987,22,11,3,2,1
107988,3,1,11,412,0
107989,18,1,33,31,1
107990,8,10,4,456,0
107991,7,5,5,24,0
107992,19,8,6,5,1
107993,21,8,4,152,0
107994,13,7,12,-1,0
107995,-1,-1,-1,-1,0
107996,22,13,11,-1,0
107997,21,13,45,39,1
107998,10,1,12,-1,0
107999,6,5,8,-1,0
108000,22,11,29,21,1
108001,15,6,11,-1,0
108002,6,2,9,550,0
108003,-1,0,3,-1,0
108004,14,9,6,-1,0
108005,21,10,10,-1,0
108006,21,6,6,-1,0
108007,7,0,3,-1,0
108008,24,10,15,-1,0
108009,23,4,3,2,1
108010,9,2,6,-1,0
108011,11,6,11,-1,0
108012,-1,12,13,-1,0
108013,9,3,4,-1,0
108014,15,11,13,-1,0
108015,18,10,12,1441,0
108016,15,4,4,18,0
108017,9,9,11,10,1
108018,16,6,16,17,0
108019,23,12,23,-1,0
108020,21,8,8,-1,0
108021,13,4,19,18,1
108022,12,5,5,1229,0
108023,11,1,3,-1,0
108024,12,3,3,670,0
108025,8,4,9,144,0
108026,10,1,3,-1,0
108027,15,12,27,154,0
108028,19,10,11,-1,0
108029,16,7,10,-1,0
108030,25,9,14,1205,0
108031,7,1,3,-1,0
108032,21,13,7,-1,0
108033,9,1,5,-1,0
108034,14,5,39,10,1
108035,16,11,6,-1,0
108036,10,5,5,-1,0
108037,15,5,39,-1,0
108038,13,7,8,-1,0
108039,14,4,7,-1,0
108040,11,8,11,6,1
108041,11,8,5,-1,0
108042,20,6,19,-1,0
108043,20,14,64,63,1
108044,8,2,4,-1,0
108045,15,4,4,-1,0
108046,15,7,11,10,1
108047,13,10,26,88,0
108048,20,8,8,158,0
108049,20,8,10,-1,0
108050,12,7,4,-1,0
108051,17,3,43,-1,0
108052,4,1,5,-1,0
108053,19,10,4,3,1
108054,9,1,7,-1,0
108055,15,5,14,-1,0
108056,16,12,5,-1,0
108057,-1,2,17,-1,0
108058,13,12,16,15,1
108059,13,14,13,-1,0
108060,19,12,20,19,1
108061,23,-1,38,-1,0
108062,11,1,4,-1,0
108063,16,13,26,-1,0
108064,20,10,12,-1,0
108065,13,3,5,-1,0
108066,13,6,5,-1,0
108067,8,1,5,-1,0
108068,17,6,7,-1,0
108069,8,4,10,-1,0
108070,19,9,12,10,1
108071,3,1,5,-1,0
108072,8,3,5,-1,0
108073,16,5,10,-1,0
108074,16,12,5,4,1
108075,12,2,10,9,1
108076,23,10,7,-1,0
108077,6,1,11,-1,0
108078,11,9,16,435,0
108079,13,2,5,-1,0
108080,20,10,23,-1,0
108081,28,12,14,-1,0
108082,17,2,8,2531,0
108083,7,7,2,-1,0
108084,24,5,7,59,0
108085,-1,12,16,-1,0
108086,18,5,10,-1,0
108087,16,4,9,1353,0
108088,18,7,23,64,0
108089,24,6,15,14,1
108090,13,4,27,-1,0
108091,19,7,6,1321,0
108092,12,14,20,19,1
108093,14,7,6,-1,0
108094,12,0,11,-1,0
108095,19,9,21,171,0
108096,16,11,23,-1,0
108097,15,7,6,1473,0
108098,21,15,23,2,1
108099,10,6,13,-1,0
108100,7,1,5,-1,0
108101,17,11,59,67,0
108102,14,6,11,-1,0
108103,6,2,10,-1,0
108104,28,17,46,-1,0
108105,9,2,8,-1,0
108106,18,7,6,-1,0
108107,-1,-1,-1,-1,0
108108,20,12,25,-1,0
108109,7,2,7,-1,0
108110,9,3,6,-1,0
108111,8,1,4,-1,0
108112,18,5,14,754,0
108113,9,9,12,-1,0
108114,18,14,30,835,0
108115,18,11,11,10,1
108116,12,4,9,541,0
108117,9,4,9,-1,0
108118,27,4,15,16,0
108119,12,8,8,-1,0
108120,19,11,11,-1,0
108121,15,1,7,630,0
108122,15,6,5,1237,0
108123,14,7,7,701,0
108124,12,8,15,542,0
108125,12,2,10,-1,0
108126,23,9,3,2,1
108127,12,4,18,-1,0
108128,33,18,15,401,0
108129,20,9,9,17,0
108130,23,11,7,-1,0
108131,17,7,8,46,0
108132,9,10,17,16,1
108133,17,6,6,40,0
108134,8,-1,4,43,0
108135,22,13,7,3,1
108136,12,2,8,32,0
108137,9,1,12,-1,0
108138,16,10,6,-1,0
108139,19,11,24,-1,0
108140,13,2,3,-1,0
108141,10,2,16,-1,0
108142,19,7,13,-1,0
108143,14,2,8,377,0
108144,17,6,7,-1,0
108145,17,6,7,114,0
108146,16,6,16,-1,0
108147,13,1,7,-1,0
108148,14,5,27,-1,0
108149,12,2,10,9,1
108150,11,2,14,30,0
108151,12,4,5,29,0
108152,24,10,13,-1,0
108153,-1,-1,-1,-1,0
108154,12,2,38,293,0
108155,15,5,45,1287,0
108156,19,12,26,86,0
108157,15,4,25,2241,0
108158,16,3,4,-1,0
108159,21,-1,24,-1,0
108160,19,8,13,-1,0
108161,17,9,12,-1,0
108162,15,9,18,-1,0
108163,21,8,9,8,1
108164,-1,-1,-1,-1,0
108165,10,0,5,-1,0
108166,10,4,10,87,0
108167,14,9,5,1996,0
108168,24,6,30,-1,0
108169,14,6,17,-1,0
108170,13,5,7,352,0
108171,24,8,18,-1,0
108172,15,9,33,324,0
108173,12,2,3,1610,0
108174,21,8,5,-1,0
108175,17,10,66,-1,0
108176,21,10,30,-1,0
108177,13,9,22,-1,0
108178,14,5,8,4,1
108179,10,3,58,102,0
108180,14,2,5,833,0
108181,9,0,37,705,0
108182,18,2,11,4,1
108183,19,9,12,492,0
108184,14,4,14,62,0
108185,21,11,19,17,1
108186,23,9,19,14,1
108187,18,11,21,-1,0
108188,22,7,8,-1,0
108189,3,1,6,-1,0
108190,23,12,8,-1,0
108191,8,2,14,-1,0
108192,14,11,6,-1,0
108193,-1,1,15,-1,0
108194,26,15,19,18,1
108195,9,0,9,-1,0
108196,12,3,5,1242,0
108197,14,2,12,419,0
108198,14,4,11,-1,0
108199,7,1,10,87,0
108200,23,8,5,4,1
108201,16,7,6,5,1
108202,9,3,5,-1,0
108203,-1,7,9,8,1
108204,12,9,13,436,0
108205,21,5,3,2,1
108206,19,9,7,419,0
108207,16,12,15,-1,0
108208,21,9,5,4,1
108209,14,5,6,-1,0
108210,10,3,4,6,0
108211,16,3,5,4,1
108212,18,8,7,6,1
108213,15,8,9,-1,0
108214,21,11,8,7,1
108215,15,10,10,-1,0
108216,24,10,24,23,1
108217,18,6,5,-1,0
108218,17,9,9,169,0
108219,20,5,43,-1,0
108220,16,4,9,8,1
108221,9,2,15,14,1
108222,17,7,17,-1,0
108223,12,4,14,232,0
108224,-1,3,5,179,0
108225,8,7,10,9,1
108226,18,9,6,-1,0
108227,17,7,22,90,0
108228,23,8,30,-1,0
108229,-1,-1,-1,0,0
108230,20,10,36,120,0
108231,10,2,6,-1,0
108232,13,7,6,-1,0
108233,6,3,9,-1,0
108234,7,1,9,-1,0
108235,19,12,19,-1,0
108236,14,9,14,29,0
108237,4,2,14,-1,0
108238,13,5,22,216,0
108239,14,1,5,-1,0
108240,12,5,17,-1,0
108241,9,4,14,-1,0
108242,10,3,8,-1,0
108243,12,5,21,-1,0
108244,12,5,9,-1,0
108245,10,1,3,-1,0
108246,19,11,5,-1,0
108247,14,1,11,-1,0
108248,13,6,10,1012,0
108249,18,8,14,-1,0
108250,19,9,3,2,1
108251,20,7,12,-1,0
108252,10,8,6,-1,0
108253,15,9,9,-1,0
108254,14,3,7,26,0
108255,18,8,12,-1,0
108256,13,8,5,-1,0
108257,5,0,14,78,0
108258,18,9,16,-1,0
108259,14,6,19,-1,0
108260,6,1,25,-1,0
108261,23,12,10,-1,0
108262,29,13,8,7,1
108263,15,10,6,1370,0
108264,20,7,3,2,1
108265,13,-1,3,3,1
108266,8,1,7,-1,0
108267,18,8,9,-1,0
108268,13,13,10,6,1
108269,11,1,20,77,0
108270,16,11,10,-1,0
108271,16,7,4,3,1
108272,15,10,8,-1,0
108273,13,8,5,-1,0
108274,6,1,4,-1,0
108275,13,5,12,11,1
108276,18,-1,7,-1,0
108277,9,1,4,-1,0
108278,5,2,7,-1,0
108279,22,9,16,828,0
108280,15,2,14,11,1
108281,23,6,8,-1,0
108282,11,3,4,-1,0
108283,22,8,3,2,1
108284,20,15,25,2067,0
108285,17,5,9,718,0
108286,-1,3,4,-1,0
108287,15,18,24,-1,0
108288,5,1,4,-1,0
108289,-1,6,8,7,1
108290,14,10,7,-1,0
108291,20,10,9,8,1
108292,15,2,7,743,0
108293,10,1,9,-1,0
108294,13,6,12,-1,0
108295,15,6,31,270,0
108296,11,2,16,11,1
108297,7,3,3,-1,0
108298,19,10,17,16,1
108299,-1,-1,-1,-1,0
108300,10,3,38,36,1
108301,14,3,15,-1,0
108302,18,7,25,-1,0
108303,18,7,6,5,1
108304,25,14,11,9,1
108305,19,10,5,-1,0
108306,16,7,30,-1,0
108307,16,10,18,579,0
108308,11,5,10,1352,0
108309,15,4,9,-1,0
108310,20,9,8,1037,0
108311,17,3,12,175,0
108312,30,11,6,-1,0
108313,21,15,25,-1,0
108314,13,13,14,-1,0
108315,19,7,2,1,1
108316,13,10,39,-1,0
108317,10,0,4,-1,0
108318,10,0,7,453,0
108319,10,1,45,-1,0
108320,-1,2,8,7,1
108321,7,0,3,-1,0
108322,7,1,4,-1,0
108323,21,9,26,1268,0
108324,19,7,23,-1,0
108325,10,6,11,-1,0
108326,16,3,17,-1,0
108327,18,9,13,2003,0
108328,8,3,11,245,0
108329,4,1,2,-1,0
108330,9,8,4,-1,0
108331,7,4,15,-1,0
108332,14,13,6,5,1
108333,16,2,6,335,0
108334,19,10,16,-1,0
108335,19,6,25,24,1
108336,13,3,3,-1,0
108337,0,0,4,-1,0
108338,8,1,4,543,0
108339,6,0,5,-1,0
108340,10,2,8,-1,0
108341,21,6,36,2547,0
108342,-1,11,11,-1,0
108343,19,9,10,-1,0
108344,13,10,6,-1,0
108345,12,5,39,-1,0
108346,15,11,38,-1,0
108347,14,0,41,55,0
108348,18,10,19,-1,0
108349,18,6,23,252,0
108350,10,7,29,-1,0
108351,8,0,4,-1,0
108352,19,7,6,73,0
108353,15,6,6,-1,0
108354,16,7,4,-1,0
108355,-1,3,4,-1,0
108356,11,4,13,48,0
108357,18,9,10,-1,0
108358,12,12,7,-1,0
108359,17,9,7,-1,0
108360,11,3,4,1012,0
108361,13,7,4,-1,0
108362,10,2,6,-1,0
108363,10,1,11,-1,0
108364,13,5,12,-1,0
108365,18,10,23,-1,0
108366,13,2,3,-1,0
108367,18,11,5,-1,0
108368,25,14,8,7,1
108369,15,1,7,-1,0
108370,16,7,5,745,0
108371,10,5,10,-1,0
108372,19,6,8,-1,0
108373,12,11,10,-1,0
108374,21,9,57,16,1
108375,22,5,15,866,0
108376,19,11,17,-1,0
108377,17,5,3,2,1
108378,10,5,29,26,1
108379,5,1,12,23,0
108380,14,5,17,-1,0
108381,18,10,18,-1,0
108382,13,6,6,-1,0
108383,12,6,33,-1,0
108384,29,-1,4,1,1
108385,24,13,33,31,1
108386,22,3,4,-1,0
108387,20,5,32,31,1
108388,23,9,10,-1,0
108389,14,6,4,224,0
108390,22,11,32,-1,0
108391,9,5,13,-1,0
108392,14,5,11,1431,0
108393,15,4,12,-1,0
108394,13,7,9,17,0
108395,13,3,27,17,1
108396,14,10,6,96,0
108397,24,10,15,112,0
108398,18,10,8,-1,0
108399,20,6,51,441,0
108400,9,7,9,583,0
108401,12,3,8,-1,0
108402,21,6,8,5,1
108403,9,1,3,-1,0
108404,23,10,7,-1,0
108405,17,10,5,4,1
108406,18,1,8,7,1
108407,25,13,3,2,1
108408,16,11,8,-1,0
108409,11,9,10,440,0
108410,19,8,6,-1,0
108411,4,0,5,-1,0
108412,24,15,2,1,1
108413,14,6,9,19,0
108414,18,10,19,210,0
108415,16,6,17,-1,0
108416,14,9,11,-1,0
108417,13,4,17,2,1
108418,19,11,2,1,1
108419,-1,0,6,-1,0
108420,20,7,12,-1,0
108421,20,13,9,-1,0
108422,13,9,32,-1,0
108423,15,7,16,-1,0
108424,10,3,10,-1,0
108425,21,11,3,2,1
108426,-1,-1,5,1604,0
108427,24,7,8,3,1
108428,9,6,9,550,0
108429,15,7,10,-1,0
108430,13,6,21,-1,0
108431,20,11,12,225,0
108432,10,5,6,-1,0
108433,16,10,8,-1,0
108434,19,7,5,16,0
108435,19,14,5,2,1
108436,14,5,4,3,1
108437,18,10,10,-1,0
108438,12,10,12,-1,0
108439,19,14,14,-1,0
108440,15,11,5,-1,0
108441,16,11,5,-1,0
108442,12,11,19,-1,0
108443,17,12,3,-1,0
108444,12,5,7,1562,0
108445,17,3,5,-1,0
108446,20,6,5,1387,0
108447,22,-1,41,-1,0
108448,15,7,10,-1,0
108449,13,6,7,-1,0
108450,17,7,5,-1,0
108451,23,12,15,-1,0
108452,10,1,22,-1,0
108453,19,5,41,-1,0
108454,12,8,7,-1,0
108455,12,8,5,4,1
108456,21,9,12,697,0
108457,23,10,34,-1,0
108458,16,5,13,12,1
108459,23,10,40,-1,0
108460,18,11,17,-1,0
108461,4,5,34,-1,0
108462,15,8,13,1670,0
108463,4,0,11,982,0
108464,7,1,7,-1,0
108465,16,9,17,-1,0
108466,17,7,16,-1,0
108467,22,6,7,195,0
108468,23,11,39,38,1
108469,10,1,10,-1,0
108470,15,6,7,-1,0
108471,11,1,6,-1,0
108472,8,4,7,161,0
108473,8,-1,5,-1,0
108474,10,0,23,-1,0
108475,13,4,9,-1,0
108476,18,12,10,9,1
108477,7,2,5,-1,0
108478,19,5,6,-1,0
108479,14,2,4,-1,0
108480,15,6,5,67,0
108481,17,6,4,3,1
108482,16,5,5,301,0
108483,18,10,11,2260,0
108484,19,12,10,-1,0
108485,16,8,7,-1,0
108486,18,3,17,-1,0
108487,17,11,8,-1,0
108488,9,5,39,-1,0
108489,13,7,6,439,0
108490,15,7,20,193,0
108491,18,10,36,-1,0
108492,23,9,10,-1,0
108493,20,8,5,-1,0
108494,14,8,24,-1,0
108495,20,5,8,104,0
108496,30,22,4,3,1
108497,15,4,26,22,1
108498,5,0,6,-1,0
108499,15,8,19,564,0
108500,16,11,39,-1,0
108501,27,14,4,-1,0
108502,17,4,4,2232,0
108503,-1,6,6,-1,0
108504,10,3,30,-1,0
108505,18,9,20,17,1
108506,15,2,3,-1,0
108507,11,6,6,-1,0
108508,6,1,6,-1,0
108509,20,5,3,2,1
108510,30,13,57,40,1
108511,16,7,12,-1,0
108512,17,6,8,5,1
108513,14,7,3,-1,0
108514,14,2,5,-1,0
108515,7,1,10,-1,0
108516,12,9,11,1011,0
108517,16,11,15,-1,0
108518,14,6,11,-1,0
108519,17,12,21,-1,0
108520,9,5,9,145,0
108521,9,2,10,-1,0
108522,27,13,11,1098,0
108523,15,4,7,-1,0
108524,15,11,6,-1,0
108525,20,11,11,-1,0
108526,22,11,19,2190,0
108527,14,8,39,-1,0
108528,18,11,77,-1,0
108529,18,13,24,2,1
108530,17,8,7,-1,0
108531,16,-1,8,-1,0
108532,16,6,9,1243,0
108533,15,7,5,-1,0
108534,18,8,13,1068,0
108535,13,6,8,134,0
108536,20,12,5,-1,0
108537,16,4,12,-1,0
108538,10,4,16,15,1
108539,13,0,6,-1,0
108540,21,12,6,931,0
108541,29,13,24,23,1
108542,12,2,5,55,0
108543,10,1,8,-1,0
108544,17,2,11,10,1
108545,11,3,12,24,0
108546,6,4,12,-1,0
108547,21,-1,25,-1,0
108548,23,7,11,-1,0
108549,20,10,9,-1,0
108550,11,3,25,64,0
108551,14,2,17,373,0
108552,18,8,9,-1,0
108553,5,1,7,-1,0
108554,10,7,10,28,0
108555,12,2,9,-1,0
108556,10,4,8,7,1
108557,9,2,7,1215,0
108558,24,16,5,4,1
108559,17,9,12,-1,0
108560,17,16,2,1,1
108561,17,8,21,-1,0
108562,12,4,14,-1,0
108563,20,5,14,-1,0
108564,-1,0,9,-1,0
108565,7,1,6,-1,0
108566,16,7,7,234,0
108567,4,3,3,-1,0
108568,24,10,9,-1,0
108569,7,1,6,-1,0
108570,-1,4,61,-1,0
108571,15,4,2,911,0
108572,12,6,79,42,1
108573,6,2,16,-1,0
108574,22,12,20,-1,0
108575,11,6,6,-1,0
108576,16,8,36,-1,0
108577,26,10,4,3,1
108578,27,15,51,-1,0
108579,14,8,7,-1,0
108580,8,3,5,-1,0
108581,22,8,17,1742,0
108582,-1,2,12,73,0
108583,18,6,5,356,0
108584,20,14,18,37,0
108585,9,2,12,-1,0
108586,14,2,10,627,0
108587,13,8,20,-1,0
108588,9,1,5,-1,0
108589,17,5,9,1122,0
108590,17,8,22,21,1
108591,13,3,11,-1,0
108592,10,1,7,-1,0
108593,18,9,25,765,0
108594,22,11,36,48,0
108595,15,4,7,56,0
108596,29,15,26,121,0
108597,20,13,21,-1,0
108598,16,10,8,-1,0
108599,10,5,26,-1,0
108600,14,6,16,15,1
108601,-1,2,8,-1,0
108602,22,12,8,7,1
108603,16,10,13,-1,0
108604,11,2,10,651,0
108605,-1,3,8,-1,0
108606,16,15,19,25,0
108607,12,7,17,16,1
108608,14,5,6,829,0
108609,17,8,22,-1,0
108610,10,5,10,-1,0
108611,16,8,24,-1,0
108612,18,8,4,-1,0
108613,15,9,24,-1,0
108614,25,11,7,-1,0
108615,22,9,26,56,0
108616,5,2,6,-1,0
108617,10,1,6,-1,0
108618,24,-1,26,-1,0
108619,13,4,3,2,1
108620,13,2,5,-1,0
108621,17,11,6,-1,0
108622,8,1,7,-1,0
108623,15,6,8,7,1
108624,21,9,11,-1,0
108625,16,11,20,-1,0
108626,19,10,17,-1,0
108627,7,1,7,2436,0
108628,15,9,21,1166,0
108629,13,7,10,-1,0
108630,11,6,10,9,1
108631,28,11,15,262,0
108632,20,0,26,399,0
108633,14,10,23,265,0
108634,13,8,7,-1,0
108635,13,5,9,-1,0
108636,14,-1,8,4,1
108637,-1,-1,-1,-1,0
108638,11,8,8,-1,0
108639,-1,-1,-1,5,0
108640,24,15,9,1976,0
108641,18,7,21,-1,0
108642,16,5,16,51,0
108643,13,6,4,214,0
108644,11,-1,4,540,0
108645,12,2,17,21,0
108646,19,7,17,-1,0
108647,20,9,6,-1,0
108648,33,11,24,-1,0
108649,8,1,3,-1,0
108650,20,8,10,-1,0
108651,13,6,25,24,1
108652,21,4,10,-1,0
108653,22,12,22,-1,0
108654,14,8,39,-1,0
108655,21,9,5,-1,0
108656,25,12,3,2,1
108657,12,4,14,1057,0
108658,8,2,6,-1,0
108659,9,3,5,41,0
108660,-1,-1,-1,-1,0
108661,11,1,21,-1,0
108662,12,0,4,-1,0
108663,23,8,59,54,1
108664,15,12,17,-1,0
108665,14,5,10,7,1
108666,-1,7,9,-1,0
108667,17,11,70,69,1
108668,15,3,2,-1,0
108669,4,2,10,-1,0
108670,23,14,51,-1,0
108671,11,8,3,-1,0
108672,10,6,8,-1,0
108673,-1,5,3,1868,0
108674,10,2,14,-1,0
108675,12,15,27,-1,0
108676,6,1,9,-1,0
108677,9,1,8,-1,0
108678,18,10,9,2291,0
108679,16,6,11,-1,0
108680,16,13,14,294,0
108681,15,9,20,-1,0
108682,16,11,31,-1,0
108683,9,4,7,-1,0
108684,15,10,20,-1,0
108685,11,6,12,-1,0
108686,23,12,31,-1,0
108687,-1,5,10,369,0
108688,15,8,9,-1,0
108689,10,2,5,-1,0
108690,23,11,15,11,1
108691,24,13,46,-1,0
108692,15,6,7,-1,0
108693,19,15,8,7,1
108694,24,14,10,-1,0
108695,8,2,3,-1,0
108696,9,0,5,539,0
108697,17,2,20,30,0
108698,15,3,12,-1,0
108699,10,1,3,-1,0
108700,17,-1,46,-1,0
108701,9,1,10,-1,0
108702,10,3,27,325,0
108703,27,22,3,2,1
108704,16,9,35,169,0
108705,5,2,4,-1,0
108706,20,7,23,-1,0
108707,12,6,18,427,0
108708,20,19,11,2,1
108709,25,11,30,1444,0
108710,10,4,7,-1,0
108711,11,3,10,-1,0
108712,18,12,51,50,1
108713,9,2,5,-1,0
108714,24,13,22,-1,0
108715,20,15,20,8,1
108716,12,1,2,-1,0
108717,-1,-1,-1,-1,0
108718,11,4,5,-1,0
108719,15,9,8,-1,0
108720,11,3,9,-1,0
108721,13,7,32,-1,0
108722,19,10,21,-1,0
108723,20,14,37,23,1
108724,27,17,16,57,0
108725,20,7,5,-1,0
108726,21,7,14,837,0
108727,8,2,7,296,0
108728,17,8,6,-1,0
108729,14,11,4,-1,0
108730,17,13,26,476,0
108731,14,8,11,-1,0
108732,13,6,6,-1,0
108733,15,6,21,-1,0
108734,16,12,14,-1,0
108735,16,13,24,-1,0
108736,9,1,15,457,0
108737,11,1,22,1309,0
108738,19,2,8,436,0
108739,11,8,5,-1,0
108740,18,11,9,-1,0
108741,15,8,5,474,0
108742,19,8,4,-1,0
108743,13,2,7,-1,0
108744,15,5,4,-1,0
108745,16,11,15,24,0
108746,13,0,6,-1,0
108747,25,12,8,-1,0
108748,14,2,6,-1,0
108749,11,6,17,14,1
108750,24,14,10,9,1
108751,13,12,6,-1,0
108752,24,10,5,-1,0
108753,9,1,7,78,0
108754,9,3,16,-1,0
108755,17,7,6,-1,0
108756,10,5,9,69,0
108757,11,7,8,261,0
108758,13,10,30,-1,0
108759,23,10,16,177,0
108760,15,4,13,-1,0
108761,20,8,35,31,1
108762,9,1,8,-1,0
108763,17,7,8,-1,0
108764,30,21,17,16,1
108765,5,1,4,-1,0
108766,22,9,10,-1,0
108767,-1,0,7,-1,0
108768,9,3,8,553,0
108769,17,8,19,-1,0
108770,11,5,19,652,0
108771,20,11,4,1171,0
108772,12,7,7,-1,0
108773,12,1,7,-1,0
108774,8,5,4,1314,0
108775,19,11,31,-1,0
108776,16,12,17,-1,0
108777,15,8,17,-1,0
108778,4,1,8,-1,0
108779,7,1,26,-1,0
108780,15,6,12,496,0
108781,16,5,26,-1,0
108782,21,16,3,1,1
108783,17,11,7,1143,0
108784,19,8,8,16,0
108785,7,5,16,-1,0
108786,16,10,8,718,0
108787,28,11,9,-1,0
108788,8,2,7,541,0
108789,10,4,8,168,0
108790,14,3,8,-1,0
108791,16,10,4,-1,0
108792,19,12,25,385,0
108793,14,2,9,2006,0
108794,14,6,11,-1,0
108795,12,3,6,-1,0
108796,11,2,39,80,0
108797,7,0,3,-1,0
108798,6,2,29,-1,0
108799,22,12,17,-1,0
108800,20,13,7,-1,0
108801,18,11,13,297,0
108802,10,1,13,-1,0
108803,4,2,6,-1,0
108804,29,8,6,-1,0
108805,15,7,12,-1,0
108806,8,4,7,261,0
108807,6,2,10,-1,0
108808,8,3,5,-1,0
108809,15,6,12,1466,0
108810,14,5,18,-1,0
108811,22,3,5,-1,0
108812,21,8,18,33,0
108813,22,7,14,-1,0
108814,13,5,8,-1,0
108815,14,2,51,206,0
108816,16,4,9,-1,0
108817,13,7,33,-1,0
108818,13,7,51,382,0
108819,8,2,10,-1,0
108820,14,2,2,-1,0
108821,14,1,20,-1,0
108822,17,6,10,-1,0
108823,12,3,40,68,0
108824,21,13,14,13,1
108825,26,9,11,-1,0
108826,4,1,4,-1,0
108827,9,2,4,-1,0
108828,13,3,8,1101,0
108829,12,8,12,-1,0
108830,9,1,7,990,0
108831,13,7,4,-1,0
108832,17,11,10,6,1
108833,-1,4,15,3,1
108834,16,6,78,-1,0
108835,12,2,9,-1,0
108836,19,13,14,-1,0
108837,21,10,8,-1,0
108838,18,13,35,-1,0
108839,-1,7,6,3,1
108840,23,9,65,405,0
108841,9,2,11,-1,0
108842,17,8,16,-1,0
108843,17,6,22,21,1
108844,16,6,26,-1,0
108845,11,1,11,-1,0
108846,10,3,8,-1,0
108847,24,11,10,7,1
108848,13,4,8,-1,0
108849,14,13,2,-1,0
108850,21,6,6,-1,0
108851,12,13,11,-1,0
108852,12,0,19,-1,0
108853,13,5,19,-1,0
108854,8,3,9,-1,0
108855,18,4,3,-1,0
108856,8,-1,13,-1,0
108857,17,4,14,355,0
108858,16,9,58,146,0
108859,18,8,9,-1,0
108860,20,13,7,6,1
108861,-1,-1,10,0,0
108862,18,6,6,-1,0
108863,22,5,48,-1,0
108864,19,13,13,-1,0
108865,10,5,6,-1,0
108866,11,1,5,-1,0
108867,6,0,6,-1,0
108868,18,11,12,245,0
108869,9,6,13,-1,0
108870,14,9,5,-1,0
108871,24,5,76,-1,0
108872,21,14,9,462,0
108873,8,2,8,-1,0
108874,-1,4,14,156,0
108875,22,14,17,-1,0
108876,-1,5,35,79,0
108877,15,7,9,8,1
108878,12,7,32,1798,0
108879,12,2,6,-1,0
108880,11,5,5,-1,0
108881,-1,0,3,-1,0
108882,19,11,10,-1,0
108883,28,17,22,21,1
108884,-1,1,4,-1,0
108885,20,7,2,1,1
108886,8,3,9,-1,0
108887,11,8,12,-1,0
108888,15,6,8,237,0
108889,16,2,46,-1,0
108890,15,8,8,-1,0
108891,20,8,50,47,1
108892,21,6,29,-1,0
108893,19,6,5,4,1
108894,8,0,7,-1,0
108895,17,5,7,-1,0
108896,11,0,5,354,0
108897,15,10,20,-1,0
108898,24,9,22,-1,0
108899,19,4,11,-1,0
108900,9,1,11,-1,0
108901,19,8,6,-1,0
108902,15,6,28,26,1
108903,29,-1,19,2193,0
108904,11,4,29,-1,0
108905,17,6,9,176,0
108906,17,7,12,22,0
108907,21,11,31,356,0
108908,21,7,8,12,0
108909,6,0,2,-1,0
108910,17,6,5,197,0
108911,18,4,6,443,0
108912,11,6,23,63,0
108913,19,9,12,-1,0
108914,21,6,18,17,1
108915,-1,-1,-1,-1,0
108916,9,2,21,-1,0
108917,18,9,12,-1,0
108918,6,1,6,-1,0
108919,20,7,14,-1,0
108920,20,13,15,70,0
108921,7,7,6,1590,0
108922,20,9,7,-1,0
108923,6,3,6,-1,0
108924,6,1,12,-1,0
108925,19,11,5,-1,0
108926,10,10,5,4,1
108927,18,6,6,-1,0
108928,12,4,6,-1,0
108929,15,4,29,21,1
108930,16,5,29,-1,0
108931,7,-1,3,-1,0
108932,9,1,9,-1,0
108933,14,5,6,-1,0
108934,20,8,11,-1,0
108935,18,6,11,368,0
108936,20,14,22,527,0
108937,12,5,7,-1,0
108938,10,3,13,-1,0
108939,10,5,6,-1,0
108940,20,10,23,-1,0
108941,11,7,10,-1,0
108942,21,11,13,-1,0
108943,8,5,5,3,1
108944,-1,6,18,-1,0
108945,15,6,57,702,0
108946,10,5,14,1156,0
108947,17,11,28,597,0
108948,10,1,2,-1,0
108949,7,1,11,-1,0
108950,9,2,6,-1,0
108951,13,10,16,-1,0
108952,25,13,21,-1,0
108953,18,2,33,25,1
108954,20,11,7,6,1
108955,11,0,8,212,0
108956,28,16,13,-1,0
108957,16,10,36,-1,0
108958,28,12,33,22,1
108959,17,4,7,69,0
108960,11,2,4,-1,0
108961,14,8,34,-1,0
108962,16,9,20,155,0
108963,15,8,3,-1,0
108964,13,5,9,-1,0
108965,15,6,5,4,1
108966,25,11,22,21,1
108967,18,10,14,13,1
108968,11,6,11,42,0
108969,12,0,7,-1,0
108970,28,15,2,1,1
108971,14,9,10,-1,0
108972,9,5,7,-1,0
108973,19,6,13,-1,0
108974,18,9,9,-1,0
108975,8,2,4,-1,0
108976,26,21,14,13,1
108977,7,2,8,-1,0
108978,11,6,3,2,1
108979,14,10,8,-1,0
108980,21,11,18,18,1
108981,14,4,12,-1,0
108982,26,17,7,2,1
108983,7,2,9,144,0
108984,13,5,5,-1,0
108985,7,5,4,-1,0
108986,22,6,16,15,1
108987,9,1,8,-1,0
108988,16,12,19,-1,0
108989,27,10,6,-1,0
108990,21,7,8,25,0
108991,15,5,22,-1,0
108992,13,0,25,366,0
108993,-1,5,5,-1,0
108994,20,12,16,-1,0
108995,11,2,9,-1,0
108996,24,9,18,-1,0
108997,11,5,14,-1,0
108998,15,9,31,476,0
108999,23,11,37,-1,0
109000,19,8,18,-1,0
109001,4,0,6,-1,0
109002,-1,1,5,-1,0
109003,14,4,4,3,1
109004,16,4,8,2047,0
109005,9,9,5,-1,0
109006,21,11,10,135,0
109007,-1,-1,-1,-1,0
109008,9,0,19,-1,0
109009,15,4,12,-1,0
109010,17,7,22,-1,0
109011,15,9,22,-1,0
109012,14,5,12,-1,0
109013,10,7,11,395,0
109014,17,9,19,-1,0
109015,9,2,13,49,0
109016,11,2,6,10,0
109017,20,7,17,221,0
109018,15,7,3,2,1
109019,11,1,20,-1,0
109020,16,7,9,-1,0
109021,22,7,13,12,1
109022,16,4,10,-1,0
109023,18,12,5,-1,0
109024,16,8,4,-1,0
109025,15,7,6,-1,0
109026,15,5,5,1141,0
109027,24,10,3,-1,0
109028,21,9,16,5,1
109029,12,5,10,-1,0
109030,20,7,5,-1,0
109031,8,2,9,183,0
109032,11,5,23,1289,0
109033,9,0,15,-1,0
109034,12,6,5,-1,0
109035,10,6,4,-1,0
109036,12,8,16,377,0
109037,18,6,16,15,1
109038,19,10,33,-1,0
109039,17,8,53,-1,0
109040,18,9,7,-1,0
109041,10,6,5,90,0
109042,-1,3,3,-1,0
109043,13,9,31,-1,0
109044,20,10,27,245,0
109045,9,8,33,21,1
109046,13,2,15,-1,0
109047,18,5,101,134,0
109048,17,4,4,-1,0
109049,15,7,11,-1,0
109050,16,5,27,-1,0
109051,9,4,8,-1,0
109052,7,-1,3,373,0
109053,11,1,7,-1,0
109054,16,3,35,-1,0
109055,15,4,7,-1,0
109056,3,0,10,-1,0
109057,21,10,15,-1,0
109058,22,8,10,9,1
109059,5,2,4,-1,0
109060,10,2,3,-1,0
109061,33,15,6,8,0
109062,8,1,7,-1,0
109063,18,8,5,-1,0
109064,15,5,76,38,1
109065,14,11,18,-1,0
109066,11,4,9,-1,0
109067,16,7,17,513,0
109068,20,10,22,-1,0
109069,19,6,32,-1,0
109070,18,7,22,21,1
109071,8,1,8,-1,0
109072,-1,-1,-1,-1,0
109073,15,10,11,-1,0
109074,9,0,12,-1,0
109075,14,-1,2,1,1
109076,8,8,9,7,1
109077,13,3,7,1012,0
109078,28,12,14,-1,0
109079,23,14,9,5,1
109080,18,8,10,-1,0
109081,14,1,12,1666,0
109082,17,3,4,3,1
109083,-1,13,6,5,1
109084,13,2,41,-1,0
109085,24,11,24,189,0
109086,10,1,9,-1,0
109087,11,1,7,-1,0
109088,21,12,9,-1,0
109089,-1,9,11,10,1
109090,16,7,9,-1,0
109091,27,14,9,7,1
109092,24,7,8,-1,0
109093,19,10,27,-1,0
109094,13,12,11,10,1
109095,14,9,9,2186,0
109096,20,9,13,2664,0
109097,20,11,26,165,0
109098,15,3,6,656,0
109099,15,4,3,2,1
109100,8,4,11,-1,0
109101,8,1,3,-1,0
109102,14,2,10,-1,0
109103,23,12,12,11,1
109104,18,13,8,-1,0
109105,21,14,8,587,0
109106,21,12,22,-1,0
109107,10,11,9,7,1
109108,13,1,11,9,1
109109,17,11,5,-1,0
109110,13,8,14,-1,0
109111,9,3,4,-1,0
109112,16,7,20,21,0
109113,20,1,5,-1,0
109114,17,12,61,-1,0
109115,19,9,6,-1,0
109116,14,13,6,-1,0
109117,11,7,6,17,0
109118,-1,6,11,35,0
109119,15,5,10,-1,0
109120,13,9,18,-1,0
109121,23,13,13,-1,0
109122,19,5,7,26,0
109123,13,9,35,-1,0
109124,4,1,12,507,0
109125,17,2,8,665,0
109126,16,8,20,-1,0
109127,18,9,5,4,1
109128,15,1,7,-1,0
109129,14,4,9,-1,0
109130,12,5,29,-1,0
109131,15,8,27,31,0
109132,25,10,9,1454,0
109133,13,11,10,-1,0
109134,13,4,29,-1,0
109135,-1,-1,-1,-1,0
109136,18,8,10,127,0
109137,13,8,5,-1,0
109138,18,5,12,-1,0
109139,6,7,6,-1,0
109140,8,1,8,-1,0
109141,12,0,9,10,0
109142,4,0,13,-1,0
109143,25,12,10,104,0
109144,18,12,9,-1,0
109145,18,11,7,15,0
109146,10,0,3,-1,0
109147,8,1,4,-1,0
109148,12,6,42,20,1
109149,20,14,69,420,0
109150,11,7,7,61,0
109151,11,9,5,-1,0
109152,-1,-1,-1,-1,0
109153,7,3,19,-1,0
109154,10,1,6,-1,0
109155,23,12,17,1091,0
109156,16,8,4,-1,0
109157,14,2,5,88,0
109158,14,2,13,-1,0
109159,17,7,6,-1,0
109160,10,6,5,188,0
109161,18,11,8,-1,0
109162,13,5,22,-1,0
109163,14,8,14,-1,0
109164,14,11,21,1095,0
109165,17,11,11,-1,0
109166,10,10,9,-1,0
109167,18,7,10,-1,0
109168,21,19,13,4,1
109169,13,6,6,-1,0
109170,23,13,9,463,0
109171,18,11,19,494,0
109172,12,2,5,-1,0
109173,-1,-1,-1,-1,0
109174,12,6,22,5,1
109175,7,5,15,-1,0
109176,-1,12,12,53,0
109177,17,9,6,4,1
109178,13,9,6,-1,0
109179,16,9,13,11,1
109180,18,16,10,9,1
109181,15,6,15,-1,0
109182,10,5,10,-1,0
109183,19,8,14,-1,0
109184,20,10,15,-1,0
109185,14,5,10,9,1
109186,21,12,15,-1,0
109187,23,-1,22,52,0
109188,17,11,17,556,0
109189,9,0,6,1681,0
109190,16,5,19,18,1
109191,15,12,10,-1,0
109192,16,9,6,1213,0
109193,24,18,26,7,1
109194,13,6,4,-1,0
109195,11,6,5,5,1
109196,15,12,7,240,0
109197,9,6,10,168,0
109198,24,11,12,11,1
109199,20,15,29,-1,0
109200,10,-1,-1,-1,0
109201,15,5,6,-1,0
109202,16,7,6,4,1
109203,21,8,6,5,1
109204,15,7,14,61,0
109205,10,6,3,-1,0
109206,20,7,5,-1,0
109207,19,7,4,3,1
109208,16,13,32,38,0
109209,9,2,18,-1,0
109210,17,6,3,-1,0
109211,16,9,11,-1,0
109212,20,10,25,-1,0
109213,9,2,7,-1,0
109214,15,6,28,-1,0
109215,19,10,25,-1,0
109216,17,8,7,-1,0
109217,11,7,16,55,0
109218,5,1,6,-1,0
109219,20,4,30,28,1
109220,16,9,8,-1,0
109221,11,0,13,12,1
109222,10,7,11,-1,0
109223,10,10,28,138,0
109224,9,1,25,-1,0
109225,18,7,13,18,0
109226,13,7,20,19,1
109227,13,6,14,-1,0
109228,12,10,30,-1,0
109229,10,7,5,-1,0
109230,17,5,14,-1,0
109231,16,3,16,100,0
109232,9,6,9,-1,0
109233,21,5,27,-1,0
109234,23,13,40,425,0
109235,5,0,9,-1,0
109236,13,11,10,-1,0
109237,19,12,9,703,0
109238,12,2,12,-1,0
109239,-1,1,16,-1,0
109240,16,9,11,-1,0
109241,12,1,6,-1,0
109242,20,12,16,-1,0
109243,17,7,5,-1,0
109244,19,9,4,-1,0
109245,24,11,10,9,1
109246,16,12,8,-1,0
109247,10,11,16,558,0
109248,-1,9,9,-1,0
109249,13,9,10,637,0
109250,20,10,7,-1,0
109251,24,9,5,238,0
109252,14,4,13,-1,0
109253,15,1,11,26,0
109254,12,13,7,9,0
109255,13,7,11,-1,0
109256,23,9,47,203,0
109257,18,6,4,-1,0
109258,18,19,3,2,1
109259,6,0,2,-1,0
109260,16,7,28,-1,0
109261,16,7,15,-1,0
109262,15,4,11,-1,0
109263,22,4,11,-1,0
109264,-1,6,6,-1,0
109265,5,1,4,-1,0
109266,21,11,10,-1,0
109267,15,7,2,1,1
109268,9,1,12,-1,0
109269,18,15,8,12,0
109270,15,9,7,-1,0
109271,14,2,11,-1,0
109272,13,1,15,-1,0
109273,20,9,17,-1,0
109274,18,10,6,-1,0
109275,20,8,22,-1,0
109276,18,8,28,-1,0
109277,19,10,5,-1,0
109278,-1,11,10,-1,0
109279,10,5,4,70,0
109280,9,2,6,-1,0
109281,17,-1,5,5,1
109282,16,6,10,-1,0
109283,12,1,7,357,0
109284,6,1,5,-1,0
109285,15,12,16,217,0
109286,9,6,14,-1,0
109287,12,4,5,-1,0
109288,13,10,6,-1,0
109289,9,3,6,-1,0
109290,21,10,9,-1,0
109291,8,6,10,-1,0
109292,4,1,8,-1,0
109293,14,10,4,3,1
109294,15,3,4,463,0
109295,11,3,7,-1,0
109296,23,9,3,-1,0
109297,22,12,55,-1,0
109298,14,8,12,-1,0
109299,16,1,6,335,0
109300,6,3,6,-1,0
109301,11,3,11,504,0
109302,13,4,6,-1,0
109303,14,6,7,-1,0
109304,12,8,8,-1,0
109305,26,10,3,2,1
109306,14,5,3,2,1
109307,14,9,6,-1,0
109308,21,12,12,-1,0
109309,15,9,5,4,1
109310,6,1,9,-1,0
109311,8,9,6,-1,0
109312,-1,13,18,169,0
109313,11,2,17,-1,0
109314,13,2,7,-1,0
109315,14,5,7,-1,0
109316,3,7,11,412,0
109317,13,4,13,-1,0
109318,15,12,23,143,0
109319,10,1,15,-1,0
109320,7,1,11,-1,0
109321,28,-1,2,2,1
109322,22,12,5,-1,0
109323,12,6,20,-1,0
109324,9,4,6,-1,0
109325,18,8,14,41,0
109326,12,2,11,589,0
109327,8,4,5,-1,0
109328,6,2,5,-1,0
109329,15,8,22,-1,0
109330,22,8,6,-1,0
109331,18,6,5,3,1
109332,14,7,20,-1,0
109333,16,9,7,-1,0
109334,14,6,5,-1,0
109335,12,9,38,-1,0
109336,15,5,11,-1,0
109337,16,4,30,-1,0
109338,17,11,5,114,0
109339,14,-1,22,373,0
109340,21,10,38,37,1
109341,20,6,3,2,1
109342,20,10,10,-1,0
109343,17,5,6,-1,0
109344,19,10,25,951,0
109345,18,13,23,-1,0
109346,16,7,8,7,1
109347,23,3,8,-1,0
109348,19,7,10,336,0
109349,24,15,42,736,0
109350,15,6,5,-1,0
109351,23,13,8,145,0
109352,8,3,19,-1,0
109353,14,7,13,-1,0
109354,15,7,12,-1,0
109355,20,9,12,206,0
109356,9,1,9,-1,0
109357,4,5,4,904,0
109358,9,6,7,-1,0
109359,23,9,6,273,0
109360,16,7,11,1365,0
109361,19,6,9,1007,0
109362,13,10,6,579,0
109363,15,9,6,-1,0
109364,12,3,4,-1,0
109365,19,6,3,994,0
109366,7,0,18,17,1
109367,7,1,5,-1,0
109368,18,8,4,-1,0
109369,16,8,10,106,0
109370,16,5,22,-1,0
109371,22,10,28,148,0
109372,20,8,7,-1,0
109373,16,6,14,81,0
109374,14,8,9,-1,0
109375,15,5,20,-1,0
109376,9,3,8,1309,0
109377,18,12,8,-1,0
109378,24,16,19,-1,0
109379,9,4,3,2,1
109380,15,6,29,60,0
109381,22,14,28,14,1
109382,11,4,9,429,0
109383,15,9,15,13,1
109384,4,5,7,-1,0
109385,18,15,23,-1,0
109386,19,6,3,-1,0
109387,13,2,19,1248,0
109388,-1,3,3,2,1
109389,10,5,12,38,0
109390,12,1,6,435,0
109391,10,4,5,-1,0
109392,8,1,9,700,0
109393,-1,1,14,-1,0
109394,19,11,9,418,0
109395,11,4,14,-1,0
109396,16,8,26,-1,0
109397,10,0,13,-1,0
109398,12,10,16,10,1
109399,20,9,7,-1,0
109400,21,11,6,-1,0
109401,25,9,5,-1,0
109402,14,7,11,-1,0
109403,16,3,7,465,0
109404,12,7,24,14,1
109405,16,7,9,87,0
109406,11,6,58,67,0
109407,11,3,5,-1,0
109408,16,8,14,-1,0
109409,18,6,6,-1,0
109410,12,2,13,1601,0
109411,22,11,23,-1,0
109412,12,3,22,41,0
109413,12,1,3,-1,0
109414,20,9,13,-1,0
109415,8,3,8,-1,0
109416,19,9,3,-1,0
109417,11,1,3,791,0
109418,8,2,9,-1,0
109419,19,16,28,-1,0
109420,10,1,10,-1,0
109421,13,6,10,2478,0
109422,18,8,8,7,1
109423,-1,-1,-1,-1,0
109424,21,13,15,39,0
109425,5,0,10,-1,0
109426,10,9,18,16,1
109427,11,1,7,118,0
109428,15,6,10,-1,0
109429,8,2,9,-1,0
109430,16,2,5,4,1
109431,18,7,3,2,1
109432,9,2,11,-1,0
109433,15,6,9,8,1
109434,14,9,11,-1,0
109435,17,3,2,1,1
109436,13,2,5,-1,0
109437,16,5,19,666,0
109438,24,9,18,-1,0
109439,10,3,12,33,0
109440,22,15,11,-1,0
109441,11,2,13,-1,0
109442,14,8,55,-1,0
109443,10,4,19,-1,0
109444,9,2,5,-1,0
109445,-1,4,6,-1,0
109446,14,2,16,-1,0
109447,23,13,11,1210,0
109448,15,6,9,262,0
109449,8,9,13,317,0
109450,12,3,5,-1,0
109451,17,5,16,-1,0
109452,18,9,19,-1,0
109453,17,1,13,-1,0
109454,8,3,9,-1,0
109455,8,2,6,-1,0
109456,3,3,6,-1,0
109457,21,11,56,-1,0
109458,5,2,11,-1,0
109459,21,3,7,10,0
109460,12,8,12,11,1
109461,12,5,7,-1,0
109462,15,5,10,-1,0
109463,16,8,14,-1,0
109464,13,5,15,-1,0
109465,22,13,9,-1,0
109466,12,7,5,4,1
109467,14,10,21,-1,0
109468,15,11,11,-1,0
109469,11,4,6,-1,0
109470,13,4,31,282,0
109471,18,11,13,-1,0
109472,11,0,17,38,0
109473,15,10,10,-1,0
109474,17,7,16,-1,0
109475,8,8,11,-1,0
109476,13,5,4,-1,0
109477,-1,-1,-1,-1,0
109478,21,7,8,7,1
109479,18,8,4,-1,0
109480,6,1,3,-1,0
109481,12,1,7,-1,0
109482,12,4,6,77,0
109483,5,0,3,-1,0
109484,22,11,6,-1,0
109485,25,9,5,2,1
109486,-1,4,5,-1,0
109487,8,2,9,-1,0
109488,7,3,5,-1,0
109489,14,4,23,-1,0
109490,21,11,5,-1,0
109491,10,5,5,456,0
109492,10,5,6,-1,0
109493,-1,1,6,-1,0
109494,21,9,8,-1,0
109495,14,2,20,764,0
109496,15,12,6,-1,0
109497,28,11,3,2,1
109498,17,14,28,-1,0
109499,29,14,20,-1,0
109500,11,1,22,20,1
109501,17,10,22,81,0
109502,14,4,7,-1,0
109503,22,9,11,2020,0
109504,13,11,2,1,1
109505,7,4,27,-1,0
109506,9,6,6,253,0
109507,10,5,33,-1,0
109508,28,14,21,226,0
109509,13,1,9,-1,0
109510,20,12,6,3,1
109511,12,3,12,-1,0
109512,21,10,18,51,0
109513,5,1,10,-1,0
109514,10,5,4,-1,0
109515,13,8,29,24,1
109516,15,9,6,-1,0
109517,17,13,17,-1,0
109518,18,11,7,-1,0
109519,14,10,13,-1,0
109520,18,11,12,2632,0
109521,18,6,27,269,0
109522,7,7,16,13,1
109523,10,4,3,258,0
109524,9,2,3,-1,0
109525,15,11,25,124,0
109526,19,10,9,-1,0
109527,17,5,9,-1,0
109528,19,14,22,331,0
109529,15,11,33,66,0
109530,22,8,8,800,0
109531,-1,1,10,-1,0
109532,14,5,17,173,0
109533,9,5,6,-1,0
109534,12,1,6,-1,0
109535,-1,1,5,-1,0
109536,12,3,4,-1,0
109537,23,8,16,-1,0
109538,8,4,11,-1,0
109539,11,2,9,60,0
109540,12,1,16,1904,0
109541,13,3,6,734,0
109542,17,12,9,-1,0
109543,8,1,3,-1,0
109544,17,6,34,-1,0
109545,6,2,5,-1,0
109546,22,9,21,-1,0
109547,13,0,9,-1,0
109548,22,10,10,-1,0
109549,9,3,16,-1,0
109550,11,5,10,510,0
109551,19,9,24,395,0
109552,26,10,10,1194,0
109553,13,7,4,-1,0
109554,7,11,7,-1,0
109555,20,-1,8,131,0
109556,11,1,7,-1,0
109557,16,12,8,7,1
109558,-1,0,4,-1,0
109559,15,7,5,-1,0
109560,14,9,8,-1,0
109561,9,3,8,-1,0
109562,12,4,31,27,1
109563,12,1,11,-1,0
109564,23,8,5,470,0
109565,15,6,8,7,1
109566,15,4,5,-1,0
109567,27,12,8,-1,0
109568,8,0,12,1323,0
109569,8,5,7,-1,0
109570,16,9,14,-1,0
109571,15,11,17,143,0
109572,16,4,6,703,0
109573,20,12,18,1769,0
109574,21,7,3,2,1
109575,23,7,12,11,1
109576,9,2,4,-1,0
109577,24,8,6,86,0
109578,17,12,6,-1,0
109579,25,13,20,-1,0
109580,20,8,5,-1,0
109581,7,1,9,575,0
109582,19,15,4,-1,0
109583,17,7,8,-1,0
109584,14,8,9,286,0
109585,8,1,17,604,0
109586,16,11,8,-1,0
109587,10,4,3,-1,0
109588,13,5,7,6,1
109589,12,6,15,-1,0
109590,13,6,16,-1,0
109591,14,7,5,-1,0
109592,20,8,14,-1,0
109593,11,2,9,1119,0
109594,21,14,15,-1,0
109595,13,4,13,74,0
109596,16,5,7,-1,0
109597,17,3,6,405,0
109598,10,1,5,-1,0
109599,6,4,4,-1,0
109600,18,9,14,7,1
109601,14,7,7,6,1
109602,5,4,4,-1,0
109603,14,4,3,2,1
109604,12,1,8,-1,0
109605,22,14,14,915,0
109606,8,7,22,28,0
109607,20,13,29,-1,0
109608,-1,-1,-1,363,0
109609,24,13,21,20,1
109610,22,12,11,-1,0
109611,11,1,9,-1,0
109612,18,11,28,-1,0
109613,19,12,10,-1,0
109614,12,11,4,-1,0
109615,13,10,9,-1,0
109616,16,11,7,5,1
109617,1,0,2,-1,0
109618,13,6,8,-1,0
109619,7,1,8,1324,0
109620,17,7,84,-1,0
109621,15,5,6,5,1
109622,15,11,25,820,0
109623,14,6,87,86,1
109624,18,10,6,-1,0
109625,14,3,14,-1,0
109626,12,1,12,82,0
109627,26,7,5,-1,0
109628,13,3,9,-1,0
109629,10,8,9,-1,0
109630,-1,6,11,10,1
109631,21,13,10,2,1
109632,17,7,6,-1,0
109633,11,2,5,-1,0
109634,10,5,19,-1,0
109635,8,3,7,1007,0
109636,19,9,11,-1,0
109637,15,9,4,-1,0
109638,16,7,4,-1,0
109639,4,1,7,-1,0
109640,11,2,6,-1,0
109641,14,5,13,-1,0
109642,15,8,45,-1,0
109643,9,1,7,-1,0
109644,22,5,10,-1,0
109645,12,2,11,-1,0
109646,9,0,3,-1,0
109647,26,10,4,3,1
109648,21,5,2,1,1
109649,12,2,4,54,0
109650,15,6,8,-1,0
109651,6,1,4,-1,0
109652,12,4,13,-1,0
109653,17,13,103,19,1
109654,14,1,12,245,0
109655,3,3,7,-1,0
109656,12,1,5,-1,0
109657,9,1,12,11,1
109658,15,7,7,-1,0
109659,20,10,7,17,0
109660,26,10,10,296,0
109661,6,2,3,-1,0
109662,12,3,9,-1,0
109663,14,13,16,-1,0
109664,13,4,2,-1,0
109665,16,8,8,-1,0
109666,13,4,7,2311,0
109667,14,1,21,179,0
109668,10,3,6,1583,0
109669,6,1,9,-1,0
109670,14,5,4,-1,0
109671,18,9,28,45,0
109672,15,8,50,-1,0
109673,10,4,11,284,0
109674,13,15,15,-1,0
109675,17,10,17,5,1
109676,11,8,10,-1,0
109677,22,-1,16,16,1
109678,8,3,9,713,0
109679,21,8,4,-1,0
109680,21,-1,11,-1,0
109681,15,9,7,-1,0
109682,19,9,8,29,0
109683,18,4,10,-1,0
109684,12,1,9,665,0
109685,-1,1,2,1,1
109686,7,1,9,-1,0
109687,21,8,19,-1,0
109688,12,6,4,533,0
109689,23,8,41,-1,0
109690,10,5,6,-1,0
109691,21,12,16,-1,0
109692,21,10,7,-1,0
109693,15,8,6,-1,0
109694,5,1,8,-1,0
109695,13,4,26,-1,0
109696,20,11,12,-1,0
109697,18,10,29,-1,0
109698,10,8,10,16,0
109699,10,9,11,-1,0
109700,20,10,8,-1,0
109701,8,5,9,497,0
109702,16,5,44,-1,0
109703,16,4,2,1,1
109704,10,0,15,11,1
109705,8,1,14,-1,0
109706,17,-1,5,5,1
109707,21,17,23,88,0
109708,7,1,16,14,1
109709,14,10,47,-1,0
109710,10,4,6,-1,0
109711,24,10,6,-1,0
109712,14,4,7,449,0
109713,7,1,10,9,1
109714,2,1,10,-1,0
109715,13,5,10,-1,0
109716,21,9,25,-1,0
109717,9,3,3,-1,0
109718,17,14,12,-1,0
109719,16,2,7,456,0
109720,9,2,11,-1,0
109721,6,1,28,-1,0
109722,13,10,5,-1,0
109723,18,13,6,-1,0
109724,13,6,17,-1,0
109725,11,-1,10,10,1
109726,17,8,4,3,1
109727,15,11,5,-1,0
109728,21,8,10,-1,0
109729,10,1,10,-1,0
109730,12,11,7,-1,0
109731,25,12,18,-1,0
109732,19,10,8,-1,0
109733,17,6,4,-1,0
109734,11,1,6,118,0
109735,19,12,22,-1,0
109736,13,3,4,3,1
109737,15,10,33,-1,0
109738,12,-1,6,6,1
109739,18,9,5,4,1
109740,12,2,15,-1,0
109741,14,2,7,-1,0
109742,16,7,14,-1,0
109743,9,4,30,-1,0
109744,15,5,9,-1,0
109745,23,8,8,-1,0
109746,9,1,11,-1,0
109747,18,3,24,31,0
109748,19,7,9,8,1
109749,22,10,11,-1,0
109750,16,10,15,92,0
109751,14,6,15,-1,0
109752,14,4,6,1218,0
109753,26,11,9,-1,0
109754,9,3,22,-1,0
109755,16,8,7,-1,0
109756,23,14,4,3,1
109757,25,8,10,733,0
109758,8,0,3,-1,0
109759,12,11,10,-1,0
109760,18,8,5,4,1
109761,28,16,15,4,1
109762,23,12,17,259,0
109763,16,13,20,324,0
109764,14,1,3,-1,0
109765,19,12,20,-1,0
109766,20,5,11,1099,0
109767,15,6,14,18,0
109768,20,8,16,15,1
109769,20,13,13,-1,0
109770,21,8,8,-1,0
109771,13,6,11,10,1
109772,12,7,12,1653,0
109773,17,11,9,-1,0
109774,8,10,8,-1,0
109775,25,13,11,1928,0
109776,23,11,9,354,0
109777,6,5,26,-1,0
109778,8,4,4,-1,0
109779,14,8,29,-1,0
109780,12,2,16,-1,0
109781,17,8,9,819,0
109782,14,13,9,-1,0
109783,12,2,16,-1,0
109784,15,5,11,-1,0
109785,17,8,7,-1,0
109786,21,14,7,-1,0
109787,10,3,45,427,0
109788,22,12,15,-1,0
109789,18,14,7,-1,0
109790,7,2,9,1655,0
109791,15,3,9,-1,0
109792,20,12,16,-1,0
109793,11,7,5,-1,0
109794,12,2,4,-1,0
109795,13,6,21,-1,0
109796,13,3,6,-1,0
109797,18,8,18,-1,0
109798,18,8,11,-1,0
109799,20,5,28,80,0
109800,12,2,9,-1,0
109801,17,8,10,-1,0
109802,19,13,8,-1,0
109803,12,8,35,-1,0
109804,21,13,20,510,0
109805,5,1,18,-1,0
109806,8,1,4,-1,0
109807,6,5,28,730,0
109808,4,0,4,-1,0
109809,7,3,10,5,1
109810,24,13,10,246,0
109811,13,1,9,-1,0
109812,11,7,10,-1,0
109813,11,3,4,880,0
109814,28,15,19,2,1
109815,6,0,6,554,0
109816,21,10,35,323,0
109817,16,9,51,-1,0
109818,17,10,27,-1,0
109819,9,0,4,-1,0
109820,21,17,5,4,1
109821,27,13,17,73,0
109822,14,4,12,1445,0
109823,32,14,12,2,1
109824,15,6,6,-1,0
109825,15,7,4,-1,0
109826,19,8,36,-1,0
109827,21,7,18,-1,0
109828,8,2,7,-1,0
109829,20,12,11,-1,0
109830,9,3,7,-1,0
109831,22,7,12,42,0
109832,12,5,56,87,0
109833,12,7,4,-1,0
109834,20,13,42,-1,0
109835,5,5,8,-1,0
109836,14,9,10,709,0
109837,10,1,4,-1,0
109838,21,11,23,1175,0
109839,18,10,20,-1,0
109840,19,14,5,-1,0
109841,5,0,5,-1,0
109842,19,12,9,260,0
109843,12,2,4,-1,0
109844,8,5,12,434,0
109845,18,5,38,3,1
109846,16,4,5,109,0
109847,15,9,8,-1,0
109848,15,10,11,1395,0
109849,19,7,11,10,1
109850,19,10,23,-1,0
109851,19,7,33,-1,0
109852,-1,-1,-1,81,0
109853,24,6,12,-1,0
109854,7,3,2,-1,0
109855,21,10,12,-1,0
109856,17,8,24,-1,0
109857,14,3,11,-1,0
109858,13,5,10,-1,0
109859,19,9,7,1347,0
109860,13,2,4,-1,0
109861,11,3,5,-1,0
109862,12,4,2,-1,0
109863,20,12,14,1019,0
109864,20,8,5,-1,0
109865,19,15,21,-1,0
109866,13,4,7,-1,0
109867,19,14,5,9,0
109868,21,10,22,-1,0
109869,19,15,5,3,1
109870,8,2,9,-1,0
109871,21,7,7,-1,0
109872,15,7,8,-1,0
109873,18,7,3,2,1
109874,19,8,6,-1,0
109875,22,9,32,-1,0
109876,14,1,15,235,0
109877,8,2,2,-1,0
109878,9,7,8,-1,0
109879,12,8,12,1226,0
109880,21,9,13,-1,0
109881,19,8,15,-1,0
109882,15,8,6,5,1
109883,18,8,10,-1,0
109884,18,6,10,1438,0
109885,17,8,26,-1,0
109886,6,0,5,-1,0
109887,16,5,23,14,1
109888,26,9,16,194,0
109889,9,2,6,3,1
109890,15,6,5,-1,0
109891,8,3,17,1950,0
109892,10,6,22,-1,0
109893,11,1,8,-1,0
109894,15,7,17,-1,0
109895,15,3,13,10,1
109896,-1,-1,-1,-1,0
109897,16,7,24,625,0
109898,2,2,5,95,0
109899,18,8,16,-1,0
109900,8,3,6,-1,0
109901,15,4,41,-1,0
109902,9,3,14,18,0
109903,21,9,10,-1,0
109904,21,5,10,42,0
109905,14,11,31,-1,0
109906,14,4,17,-1,0
109907,12,13,5,4,1
109908,12,7,18,207,0
109909,20,13,16,-1,0
109910,19,8,164,-1,0
109911,23,10,14,107,0
109912,22,11,14,-1,0
109913,18,8,16,-1,0
109914,17,11,25,-1,0
109915,23,16,34,-1,0
109916,18,13,37,1005,0
109917,17,3,18,-1,0
109918,7,2,16,-1,0
109919,13,4,9,-1,0
109920,25,13,18,-1,0
109921,17,8,13,-1,0
109922,5,1,8,-1,0
109923,9,4,11,-1,0
109924,25,9,11,1252,0
109925,14,9,6,-1,0
109926,18,12,43,1641,0
109927,14,4,26,-1,0
109928,25,16,39,-1,0
109929,15,7,21,20,1
109930,21,3,5,-1,0
109931,16,8,21,-1,0
109932,15,4,13,354,0
109933,18,6,10,-1,0
109934,17,7,2,1,1
109935,5,0,3,-1,0
109936,10,11,4,-1,0
109937,16,12,22,-1,0
109938,18,14,16,55,0
109939,8,6,8,-1,0
109940,16,8,17,1779,0
109941,15,4,8,489,0
109942,10,1,6,-1,0
109943,12,4,21,-1,0
109944,16,8,23,-1,0
109945,20,13,20,13,1
109946,10,5,6,1199,0
109947,7,1,11,-1,0
109948,18,11,8,813,0
109949,22,11,22,-1,0
109950,8,2,5,581,0
109951,15,1,6,2051,0
109952,15,9,14,-1,0
109953,11,4,6,1893,0
109954,11,1,10,-1,0
109955,17,9,19,-1,0
109956,11,1,3,-1,0
109957,17,7,20,64,0
109958,18,4,8,-1,0
109959,12,9,14,-1,0
109960,16,10,10,-1,0
109961,13,3,6,5,1
109962,10,3,15,138,0
109963,9,3,8,-1,0
109964,23,7,5,4,1
109965,15,5,9,-1,0
109966,19,6,10,-1,0
109967,15,7,6,-1,0
109968,16,7,30,-1,0
109969,15,4,8,541,0
109970,-1,-1,-1,-1,0
109971,17,7,15,262,0
109972,11,5,8,898,0
109973,5,3,9,8,1
109974,1,3,7,-1,0
109975,12,1,33,-1,0
109976,-1,4,16,-1,0
109977,11,3,6,-1,0
109978,23,8,14,1565,0
109979,14,5,9,-1,0
109980,19,10,41,-1,0
109981,12,3,12,-1,0
109982,13,11,8,84,0
109983,24,13,6,5,1
109984,15,5,30,-1,0
109985,20,11,13,-1,0
109986,12,0,4,14,0
109987,18,8,12,186,0
109988,18,11,63,155,0
109989,16,13,4,2,1
109990,23,14,11,10,1
109991,10,1,10,-1,0
109992,18,11,27,43,0
109993,17,13,3,2,1
109994,7,4,10,-1,0
109995,23,10,8,-1,0
109996,16,5,5,-1,0
109997,13,5,14,-1,0
109998,17,17,10,9,1
109999,13,12,6,3,1
110000,17,9,13,-1,0
110001,15,3,23,44,0
110002,14,6,52,1061,0
110003,18,8,34,-1,0
110004,14,1,8,-1,0
110005,11,5,8,-1,0
110006,15,12,10,-1,0
110007,8,5,11,-1,0
110008,23,13,6,5,1
110009,20,13,7,-1,0
110010,-1,5,3,-1,0
110011,19,9,8,-1,0
110012,20,11,19,-1,0
110013,14,3,8,-1,0
110014,20,11,7,6,1
110015,4,0,4,-1,0
110016,7,2,3,-1,0
110017,22,16,15,14,1
110018,5,1,7,-1,0
110019,7,3,3,-1,0
110020,12,5,21,928,0
110021,14,-1,19,62,0
110022,6,2,6,-1,0
110023,17,13,20,-1,0
110024,16,7,13,-1,0
110025,14,5,7,6,1
110026,16,11,19,134,0
110027,16,7,54,-1,0
110028,4,2,13,-1,0
110029,19,5,8,7,1
110030,18,8,33,-1,0
110031,15,10,5,4,1
110032,14,6,14,-1,0
110033,18,7,10,-1,0
110034,6,7,25,979,0
110035,17,1,9,145,0
110036,19,13,14,391,0
110037,-1,7,14,611,0
110038,21,6,19,420,0
110039,17,7,16,-1,0
110040,14,6,6,-1,0
110041,20,11,15,48,0
110042,24,8,4,3,1
110043,10,0,9,-1,0
110044,17,11,3,2,1
110045,16,9,4,-1,0
110046,16,5,3,2,1
110047,14,3,12,-1,0
110048,14,9,30,-1,0
110049,-1,0,12,-1,0
110050,15,11,13,-1,0
110051,22,12,30,47,0
110052,24,9,4,1,1
110053,18,5,6,-1,0
110054,3,0,11,10,1
110055,23,12,14,-1,0
110056,18,9,18,24,0
110057,22,10,8,-1,0
110058,25,7,8,15,0
110059,5,4,14,-1,0
110060,24,13,9,-1,0
110061,19,13,15,128,0
110062,17,6,6,-1,0
110063,15,5,18,17,1
110064,17,5,7,-1,0
110065,21,7,14,66,0
110066,16,8,23,-1,0
110067,20,9,5,4,1
110068,13,6,10,-1,0
110069,5,1,4,-1,0
110070,14,3,10,14,0
110071,17,1,5,28,0
110072,21,9,18,91,0
110073,15,13,5,-1,0
110074,8,5,12,-1,0
110075,13,0,21,-1,0
110076,15,9,5,-1,0
110077,19,8,12,-1,0
110078,11,2,16,9,1
110079,9,3,3,-1,0
110080,13,3,16,1353,0
110081,4,-1,4,-1,0
110082,10,9,74,-1,0
110083,5,1,8,1475,0
110084,25,11,13,189,0
110085,10,12,10,-1,0
110086,13,14,35,-1,0
110087,17,3,8,521,0
110088,9,2,56,-1,0
110089,9,3,5,25,0
110090,6,1,11,-1,0
110091,20,13,15,-1,0
110092,21,8,28,341,0
110093,18,10,6,5,1
110094,13,9,6,-1,0
110095,10,2,5,-1,0
110096,18,7,16,15,1
110097,17,2,6,748,0
110098,13,6,6,-1,0
110099,9,1,8,-1,0
110100,15,10,6,-1,0
110101,9,7,8,-1,0
110102,17,9,18,66,0
110103,9,1,8,-1,0
110104,13,9,6,6,1
110105,13,5,11,9,1
110106,4,2,16,-1,0
110107,21,13,24,37,0
110108,8,2,11,-1,0
110109,9,4,76,-1,0
110110,10,10,6,623,0
110111,18,-1,3,614,0
110112,3,1,13,157,0
110113,16,6,14,13,1
110114,8,2,5,1718,0
110115,29,5,36,31,1
110116,23,9,16,-1,0
110117,10,6,8,-1,0
110118,20,4,14,15,0
110119,20,10,57,-1,0
110120,16,4,19,6,1
110121,14,5,19,18,1
110122,19,5,9,-1,0
110123,10,1,6,-1,0
110124,24,8,19,18,1
110125,12,9,39,82,0
110126,14,8,18,-1,0
110127,13,0,9,392,0
110128,8,5,5,-1,0
110129,14,7,7,-1,0
110130,24,11,18,-1,0
110131,17,13,11,1884,0
110132,24,13,11,-1,0
110133,19,-1,54,54,1
110134,18,1,9,-1,0
110135,28,18,22,21,1
110136,20,7,11,10,1
110137,8,1,5,-1,0
110138,6,8,8,-1,0
110139,22,7,12,11,1
110140,7,2,6,-1,0
110141,13,4,10,1401,0
110142,19,12,18,1181,0
110143,22,8,3,2,1
110144,13,6,6,-1,0
110145,16,12,13,-1,0
110146,12,5,20,-1,0
110147,16,8,12,-1,0
110148,12,6,7,-1,0
110149,15,7,10,-1,0
110150,17,7,6,-1,0
110151,21,7,9,-1,0
110152,11,5,25,480,0
110153,15,8,15,-1,0
110154,12,10,8,-1,0
110155,20,8,72,-1,0
110156,22,17,12,-1,0
110157,15,7,23,-1,0
110158,4,1,7,-1,0
110159,21,8,15,-1,0
110160,13,7,12,1050,0
110161,15,8,5,-1,0
110162,8,1,5,-1,0
110163,11,2,22,386,0
110164,9,8,10,8,1
110165,16,8,8,-1,0
110166,9,1,4,147,0
110167,18,3,53,-1,0
110168,8,2,10,-1,0
110169,15,6,7,-1,0
110170,5,1,2,1853,0
110171,17,2,29,23,1
110172,13,9,5,-1,0
110173,13,6,8,-1,0
110174,20,8,34,684,0
110175,7,1,17,-1,0
110176,11,1,27,208,0
110177,-1,2,21,-1,0
110178,20,10,26,-1,0
110179,10,3,12,11,1
110180,12,2,9,-1,0
110181,4,3,8,-1,0
110182,23,9,29,-1,0
110183,17,4,41,-1,0
110184,17,2,10,-1,0
110185,13,4,26,2141,0
110186,14,2,10,-1,0
110187,24,15,10,9,1
110188,12,1,5,-1,0
110189,7,5,8,866,0
110190,21,11,22,-1,0
110191,16,12,12,11,1
110192,20,12,25,47,0
110193,16,6,13,-1,0
110194,19,11,9,-1,0
110195,8,3,26,-1,0
110196,19,4,6,839,0
110197,13,7,3,202,0
110198,8,1,5,1497,0
110199,-1,3,24,-1,0
110200,17,2,3,710,0
110201,9,2,8,-1,0
110202,16,13,9,-1,0
110203,11,2,5,-1,0
110204,21,8,5,-1,0
110205,19,12,6,-1,0
110206,-1,0,8,-1,0
110207,27,12,11,619,0
110208,16,12,9,-1,0
110209,18,7,3,2,1
110210,8,2,18,-1,0
110211,12,1,5,8,0
110212,9,6,9,-1,0
110213,6,3,47,-1,0
110214,27,14,12,-1,0
110215,18,12,6,1595,0
110216,20,9,17,-1,0
110217,27,7,10,-1,0
110218,7,0,5,-1,0
110219,12,8,15,14,1
110220,19,6,60,333,0
110221,23,8,7,6,1
110222,13,7,22,-1,0
110223,22,6,4,3,1
110224,9,0,5,-1,0
110225,30,15,9,8,1
110226,25,12,15,-1,0
110227,14,3,7,-1,0
110228,10,9,40,-1,0
110229,11,0,9,-1,0
110230,12,3,6,-1,0
110231,22,12,8,-1,0
110232,17,6,13,-1,0
110233,16,11,7,2385,0
110234,20,15,5,4,1
110235,6,1,13,495,0
110236,12,8,14,13,1
110237,11,3,7,-1,0
110238,16,8,17,50,0
110239,16,14,11,-1,0
110240,14,4,10,-1,0
110241,21,14,8,-1,0
110242,16,13,7,-1,0
110243,5,1,4,-1,0
110244,-1,-1,-1,-1,0
110245,10,8,17,-1,0
110246,25,7,14,11,1
110247,22,8,15,10,1
110248,21,13,4,-1,0
110249,6,6,6,127,0
110250,16,14,84,81,1
110251,3,2,9,-1,0
110252,16,8,5,-1,0
110253,15,9,8,40,0
110254,9,8,5,537,0
110255,14,4,13,237,0
110256,5,1,15,-1,0
110257,23,13,9,-1,0
110258,16,9,11,-1,0
110259,11,1,15,-1,0
110260,5,2,5,-1,0
110261,8,1,5,538,0
110262,16,4,4,2056,0
110263,-1,1,17,56,0
110264,13,10,20,19,1
110265,12,3,26,-1,0
110266,21,8,9,-1,0
110267,13,4,5,-1,0
110268,22,14,41,172,0
110269,18,8,22,-1,0
110270,15,7,31,-1,0
110271,13,0,27,388,0
110272,8,1,9,1876,0
110273,8,4,45,41,1
110274,11,2,107,-1,0
110275,15,5,4,-1,0
110276,20,9,4,3,1
110277,14,5,3,2,1
110278,15,11,16,-1,0
110279,19,9,18,1476,0
110280,19,10,8,-1,0
110281,17,7,19,-1,0
110282,10,1,17,-1,0
110283,16,9,24,451,0
110284,19,10,23,-1,0
110285,8,1,3,-1,0
110286,16,6,8,-1,0
110287,11,1,5,-1,0
110288,14,7,6,50,0
110289,10,5,34,946,0
110290,8,2,13,-1,0
110291,-1,6,30,17,1
110292,12,6,7,-1,0
110293,9,1,9,-1,0
110294,6,0,5,-1,0
110295,17,7,10,-1,0
110296,-1,-1,-1,918,0
110297,17,7,5,-1,0
110298,15,8,8,239,0
110299,8,2,8,-1,0
110300,19,11,7,-1,0
110301,19,12,24,23,1
110302,15,-1,22,-1,0
110303,-1,6,11,10,1
110304,11,1,8,-1,0
110305,16,3,21,50,0
110306,18,1,8,153,0
110307,18,6,7,-1,0
110308,17,9,20,-1,0
110309,22,9,32,-1,0
110310,21,8,58,1471,0
110311,17,8,13,-1,0
110312,21,10,28,186,0
110313,10,10,15,1480,0
110314,21,10,17,260,0
110315,19,8,6,-1,0
110316,12,8,18,519,0
110317,17,11,11,-1,0
110318,18,8,4,179,0
110319,13,7,4,-1,0
110320,19,8,7,6,1
110321,15,2,3,-1,0
110322,6,0,8,-1,0
110323,10,3,12,116,0
110324,19,13,31,-1,0
110325,12,1,15,-1,0
110326,6,3,9,-1,0
110327,19,10,5,-1,0
110328,8,1,5,-1,0
110329,23,13,21,212,0
110330,15,7,25,-1,0
110331,20,7,13,12,1
110332,12,7,9,1266,0
110333,23,13,10,9,1
110334,11,5,9,8,1
110335,11,2,15,9,1
110336,15,13,22,21,1
110337,18,8,6,-1,0
110338,14,14,22,-1,0
110339,12,4,9,1451,0
110340,16,8,5,-1,0
110341,19,9,6,-1,0
110342,13,2,6,-1,0
110343,7,-1,-1,-1,0
110344,19,9,10,-1,0
110345,8,5,16,-1,0
110346,18,11,6,1151,0
110347,-1,3,4,2188,0
110348,18,9,13,-1,0
110349,26,15,35,-1,0
110350,16,8,6,-1,0
110351,21,9,16,44,0
110352,20,10,12,-1,0
110353,12,2,11,-1,0
110354,16,8,52,49,1
110355,18,10,10,368,0
110356,13,5,6,-1,0
110357,10,8,11,16,0
110358,18,12,8,-1,0
110359,19,6,21,-1,0
110360,20,7,38,52,0
110361,17,7,5,4,1
110362,15,12,27,25,1
110363,14,4,18,366,0
110364,14,5,15,-1,0
110365,18,7,20,18,1
110366,20,6,12,11,1
110367,7,2,7,-1,0
110368,15,6,8,-1,0
110369,14,10,7,-1,0
110370,22,13,15,1007,0
110371,13,11,22,-1,0
110372,-1,3,19,240,0
110373,10,1,8,-1,0
110374,11,1,4,-1,0
110375,9,7,7,97,0
110376,7,2,28,-1,0
110377,23,14,8,-1,0
110378,7,9,25,-1,0
110379,20,10,8,-1,0
110380,13,11,36,914,0
110381,6,4,11,359,0
110382,18,8,6,-1,0
110383,10,0,3,-1,0
110384,16,1,11,1506,0
110385,16,7,6,-1,0
110386,8,2,6,-1,0
110387,15,4,15,-1,0
110388,3,3,10,-1,0
110389,21,13,18,-1,0
110390,14,7,12,-1,0
110391,11,8,49,2014,0
110392,-1,1,13,-1,0
110393,18,8,6,350,0
110394,10,6,4,-1,0
110395,13,4,8,-1,0
110396,20,12,8,-1,0
110397,3,0,9,-1,0
110398,19,11,5,-1,0
110399,18,12,32,-1,0
110400,13,2,20,396,0
110401,8,2,3,895,0
110402,10,7,11,192,0
110403,19,8,42,138,0
110404,18,7,7,711,0
110405,9,3,5,1124,0
110406,17,18,8,7,1
110407,-1,14,3,2,1
110408,5,0,8,-1,0
110409,18,8,8,-1,0
110410,3,1,3,-1,0
110411,10,1,17,-1,0
110412,20,10,16,-1,0
110413,-1,-1,-1,-1,0
110414,19,8,7,70,0
110415,23,8,24,2028,0
110416,13,4,5,-1,0
110417,14,5,14,-1,0
110418,8,3,54,55,0
110419,11,2,16,-1,0
110420,6,4,11,22,0
110421,15,10,27,2368,0
110422,-1,-1,-1,-1,0
110423,16,8,6,-1,0
110424,25,17,30,3,1
110425,13,1,12,-1,0
110426,8,5,10,-1,0
110427,12,5,15,-1,0
110428,14,7,7,-1,0
110429,9,1,4,-1,0
110430,9,2,21,20,1
110431,16,4,10,-1,0
110432,24,9,17,-1,0
110433,19,9,15,-1,0
110434,15,8,11,-1,0
110435,17,8,14,-1,0
110436,7,3,16,-1,0
110437,14,4,4,-1,0
110438,17,11,9,-1,0
110439,20,11,4,562,0
110440,4,3,6,-1,0
110441,30,15,12,11,1
110442,30,16,14,13,1
110443,25,7,9,8,1
110444,18,12,7,-1,0
110445,11,3,5,-1,0
110446,8,2,3,4,0
110447,1,2,7,-1,0
110448,21,11,8,-1,0
110449,10,7,10,349,0
110450,5,1,9,-1,0
110451,21,7,18,-1,0
110452,5,3,15,-1,0
110453,22,7,18,171,0
110454,15,3,31,235,0
110455,15,3,2,-1,0
110456,18,7,10,88,0
110457,-1,0,4,3,1
110458,13,-1,11,-1,0
110459,11,3,7,6,1
110460,15,7,13,-1,0
110461,11,3,10,5,1
110462,16,13,13,-1,0
110463,24,10,22,21,1
110464,12,7,14,117,0
110465,18,5,15,-1,0
110466,19,10,13,11,1
110467,24,14,24,482,0
110468,13,7,30,27,1
110469,18,8,8,-1,0
110470,20,10,16,-1,0
110471,23,12,4,3,1
110472,3,5,9,-1,0
110473,6,1,11,-1,0
110474,11,3,9,-1,0
110475,19,8,20,73,0
110476,20,10,14,-1,0
110477,18,3,3,128,0
110478,10,1,2,-1,0
110479,15,5,22,-1,0
110480,22,13,28,141,0
110481,11,6,16,-1,0
110482,18,10,7,-1,0
110483,11,9,5,4,1
110484,21,6,11,-1,0
110485,20,5,34,13,1
110486,17,7,15,487,0
110487,19,9,4,-1,0
110488,15,9,6,-1,0
110489,20,9,20,409,0
110490,23,15,66,1851,0
110491,16,6,16,15,1
110492,26,12,20,-1,0
110493,15,5,7,-1,0
110494,11,-1,4,-1,0
110495,16,6,9,8,1
110496,17,9,21,301,0
110497,19,8,4,-1,0
110498,12,6,9,-1,0
110499,-1,-1,-1,-1,0
110500,17,9,5,4,1
110501,16,10,21,-1,0
110502,-1,7,62,-1,0
110503,21,15,18,1551,0
110504,5,2,10,-1,0
110505,12,4,4,-1,0
110506,16,3,8,-1,0
110507,-1,-1,5,1464,0
110508,15,4,5,-1,0
110509,11,5,11,-1,0
110510,10,5,4,-1,0
110511,19,9,8,-1,0
110512,-1,-1,-1,-1,0
110513,14,7,13,-1,0
110514,14,4,52,-1,0
110515,10,2,5,-1,0
110516,20,10,8,2161,0
110517,22,7,9,-1,0
110518,8,4,5,976,0
110519,18,8,19,61,0
110520,13,5,7,5,1
110521,15,10,7,-1,0
110522,14,14,20,572,0
110523,16,2,3,1162,0
110524,12,7,26,-1,0
110525,19,15,19,17,1
110526,22,10,23,32,0
110527,18,8,20,-1,0
110528,17,7,13,-1,0
110529,11,5,16,-1,0
110530,12,7,6,496,0
110531,15,8,11,-1,0
110532,22,15,33,32,1
110533,11,1,8,-1,0
110534,14,-1,5,47,0
110535,25,12,43,-1,0
110536,12,9,13,223,0
110537,18,10,9,1187,0
110538,15,6,4,3,1
110539,13,5,13,-1,0
110540,15,5,12,11,1
110541,21,13,11,-1,0
110542,2,0,3,-1,0
110543,9,3,6,111,0
110544,18,11,7,6,1
110545,16,7,7,6,1
110546,17,9,22,-1,0
110547,16,8,19,-1,0
110548,10,1,5,-1,0
110549,9,2,12,273,0
110550,12,5,4,-1,0
110551,19,10,13,-1,0
110552,13,8,33,-1,0
110553,21,13,6,752,0
110554,16,5,9,111,0
110555,7,5,9,-1,0
110556,-1,-1,-1,-1,0
110557,17,9,33,865,0
110558,11,10,5,-1,0
110559,15,16,9,-1,0
110560,14,4,20,134,0
110561,2,1,8,-1,0
110562,14,5,7,6,1
110563,16,16,20,19,1
110564,7,5,6,-1,0
110565,11,6,18,-1,0
110566,6,1,14,-1,0
110567,22,8,5,-1,0
110568,17,8,11,-1,0
110569,6,5,5,39,0
110570,12,8,9,31,0
110571,13,4,5,-1,0
110572,11,2,9,-1,0
110573,18,5,26,69,0
110574,15,15,21,-1,0
110575,18,1,8,-1,0
110576,11,7,5,-1,0
110577,19,5,43,57,0
110578,6,2,8,-1,0
110579,14,7,10,-1,0
110580,5,2,6,-1,0
110581,21,12,7,-1,0
110582,19,9,7,-1,0
110583,7,3,13,-1,0
110584,21,7,19,18,1
110585,18,9,14,-1,0
110586,7,0,4,-1,0
110587,7,8,3,-1,0
110588,16,4,7,-1,0
110589,19,10,61,-1,0
110590,23,10,11,-1,0
110591,13,-1,17,203,0
110592,13,9,18,42,0
110593,10,3,11,-1,0
110594,17,5,3,-1,0
110595,17,5,17,-1,0
110596,16,9,12,-1,0
110597,18,8,8,1755,0
110598,16,7,18,-1,0
110599,16,1,5,-1,0
110600,13,6,11,-1,0
110601,8,1,3,-1,0
110602,6,1,3,-1,0
110603,26,8,6,-1,0
110604,7,3,13,345,0
110605,21,13,33,17,1
110606,19,8,15,-1,0
110607,9,1,5,-1,0
110608,17,11,6,-1,0
110609,19,6,26,209,0
110610,26,14,21,185,0
110611,18,9,7,5,1
110612,20,8,6,-1,0
110613,-1,0,9,-1,0
110614,19,10,13,104,0
110615,14,9,7,-1,0
110616,16,4,7,4,1
110617,-1,14,9,23,0
110618,10,3,8,1307,0
110619,13,5,8,-1,0
110620,8,7,4,162,0
110621,8,2,12,-1,0
110622,7,3,14,-1,0
110623,20,7,17,-1,0
110624,13,8,11,-1,0
110625,28,14,11,1,1
110626,-1,11,11,-1,0
110627,12,5,7,-1,0
110628,19,12,14,330,0
110629,9,0,13,2008,0
110630,9,1,13,12,1
110631,19,8,11,922,0
110632,10,2,5,-1,0
110633,-1,5,14,122,0
110634,17,7,30,660,0
110635,2,1,11,957,0
110636,15,8,15,-1,0
110637,20,7,5,-1,0
110638,11,1,6,-1,0
110639,12,8,25,-1,0
110640,12,1,6,-1,0
110641,22,9,7,33,0
110642,18,12,10,-1,0
110643,18,11,21,254,0
110644,12,7,12,-1,0
110645,19,7,9,308,0
110646,17,4,13,-1,0
110647,20,5,59,-1,0
110648,17,15,11,1903,0
110649,20,10,7,-1,0
110650,8,0,42,-1,0
110651,12,4,16,236,0
110652,32,7,7,6,1
110653,19,9,12,-1,0
110654,-1,0,31,-1,0
110655,11,5,5,382,0
110656,18,7,7,-1,0
110657,17,8,12,-1,0
110658,20,6,24,-1,0
110659,22,8,9,-1,0
110660,20,9,20,59,0
110661,20,12,9,613,0
110662,3,2,20,-1,0
110663,-1,4,9,-1,0
110664,13,8,7,-1,0
110665,20,11,6,-1,0
110666,13,1,7,6,1
110667,17,13,12,-1,0
110668,16,6,17,-1,0
110669,22,9,8,-1,0
110670,23,14,9,16,0
110671,15,13,23,2417,0
110672,11,1,8,1469,0
110673,18,9,5,-1,0
110674,10,1,6,-1,0
110675,16,12,5,-1,0
110676,14,5,14,-1,0
110677,16,7,7,-1,0
110678,21,6,18,17,1
110679,8,5,12,1058,0
110680,10,2,11,-1,0
110681,14,5,28,-1,0
110682,15,7,18,988,0
110683,11,7,10,-1,0
110684,16,10,22,-1,0
110685,15,7,13,7,1
110686,15,2,8,-1,0
110687,7,1,6,-1,0
110688,17,9,16,-1,0
110689,17,10,7,-1,0
110690,20,5,7,-1,0
110691,17,11,10,-1,0
110692,24,9,8,19,0
110693,21,6,15,-1,0
110694,12,7,13,117,0
110695,20,13,16,-1,0
110696,15,6,24,86,0
110697,11,2,16,-1,0
110698,19,5,9,8,1
110699,10,2,7,-1,0
110700,17,17,44,-1,0
110701,8,1,8,-1,0
110702,5,2,16,-1,0
110703,13,2,2,-1,0
110704,23,15,11,-1,0
110705,14,6,6,5,1
110706,12,3,31,159,0
110707,19,7,26,59,0
110708,14,7,6,-1,0
110709,18,12,8,-1,0
110710,9,1,4,-1,0
110711,15,7,8,-1,0
110712,15,3,9,2,1
110713,17,11,9,-1,0
110714,-1,2,6,-1,0
110715,13,4,19,2053,0
110716,17,9,18,-1,0
110717,7,2,6,-1,0
110718,20,2,11,498,0
110719,12,4,5,3,1
110720,18,8,5,-1,0
110721,13,1,24,-1,0
110722,6,3,15,-1,0
110723,9,1,18,-1,0
110724,27,11,3,2,1
110725,12,6,14,139,0
110726,19,5,8,-1,0
110727,18,13,13,-1,0
110728,13,6,3,2,1
110729,20,7,13,8,1
110730,12,5,7,-1,0
110731,7,2,3,-1,0
110732,10,4,11,-1,0
110733,7,3,13,-1,0
110734,9,3,59,-1,0
110735,8,-1,24,247,0
110736,6,0,2,-1,0
110737,25,15,15,30,0
110738,15,6,13,-1,0
110739,16,8,5,-1,0
110740,23,9,10,-1,0
110741,9,1,32,-1,0
110742,14,9,18,795,0
110743,12,2,6,27,0
110744,15,7,18,-1,0
110745,12,7,9,434,0
110746,5,1,8,-1,0
110747,19,7,10,-1,0
110748,13,7,12,11,1
110749,19,9,19,184,0
110750,3,0,4,-1,0
110751,26,12,10,-1,0
110752,19,17,37,8,1
110753,9,3,13,512,0
110754,-1,-1,-1,0,0
110755,19,8,14,13,1
110756,17,10,9,923,0
110757,17,10,7,-1,0
110758,9,1,87,-1,0
110759,10,3,24,18,1
110760,11,2,2,516,0
110761,16,7,20,75,0
110762,9,3,17,470,0
110763,13,11,11,10,1
110764,10,1,15,-1,0
110765,-1,-1,-1,-1,0
110766,15,9,15,105,0
110767,10,3,10,128,0
110768,18,5,11,10,1
110769,18,10,29,-1,0
110770,13,2,19,-1,0
110771,18,8,9,-1,0
110772,16,9,14,-1,0
110773,19,9,22,-1,0
110774,18,10,4,-1,0
110775,17,7,5,4,1
110776,15,9,10,-1,0
110777,13,5,36,-1,0
110778,18,10,14,46,0
110779,12,7,6,-1,0
110780,16,4,9,-1,0
110781,13,1,4,-1,0
110782,10,0,11,98,0
110783,18,9,9,-1,0
110784,9,1,5,-1,0
110785,13,7,7,-1,0
110786,10,4,16,-1,0
110787,13,6,7,-1,0
110788,15,11,19,92,0
110789,10,7,5,-1,0
110790,-1,8,13,2276,0
110791,8,2,22,-1,0
110792,11,5,18,-1,0
110793,17,10,6,-1,0
110794,16,9,23,-1,0
110795,14,3,6,-1,0
110796,16,5,5,-1,0
110797,16,8,10,-1,0
110798,14,9,23,1444,0
110799,22,-1,16,375,0
110800,17,9,18,-1,0
110801,9,6,4,-1,0
110802,15,9,13,-1,0
110803,15,10,22,-1,0
110804,15,5,39,-1,0
110805,17,10,20,-1,0
110806,14,6,16,5,1
110807,17,6,7,763,0
110808,13,3,13,-1,0
110809,8,1,7,-1,0
110810,10,2,12,-1,0
110811,18,11,6,5,1
110812,22,10,17,94,0
110813,12,0,5,1432,0
110814,5,-1,7,-1,0
110815,12,11,19,-1,0
110816,4,0,11,-1,0
110817,8,1,9,-1,0
110818,21,14,6,3,1
110819,6,1,6,-1,0
110820,18,9,11,-1,0
110821,16,-1,15,33,0
110822,13,7,26,-1,0
110823,11,4,19,-1,0
110824,17,11,12,-1,0
110825,13,3,5,-1,0
110826,5,2,5,106,0
110827,13,6,6,1281,0
110828,13,2,6,85,0
110829,16,9,9,-1,0
110830,11,7,14,-1,0
110831,17,7,14,85,0
110832,17,-1,7,67,0
110833,-1,0,8,-1,0
110834,16,9,8,-1,0
110835,9,6,4,345,0
110836,9,2,10,1318,0
110837,21,10,9,431,0
110838,25,10,6,5,1
110839,20,12,16,-1,0
110840,13,5,13,-1,0
110841,11,1,5,-1,0
110842,11,2,6,-1,0
110843,18,8,8,1480,0
110844,14,9,14,425,0
110845,9,6,24,-1,0
110846,12,-1,2,-1,0
110847,16,4,19,-1,0
110848,13,3,10,-1,0
110849,23,12,9,-1,0
110850,13,1,2,804,0
110851,24,11,5,399,0
110852,17,9,5,2,1
110853,5,1,13,8,1
110854,5,4,7,-1,0
110855,12,9,17,-1,0
110856,11,7,12,-1,0
110857,16,9,21,-1,0
110858,15,2,24,126,0
110859,10,3,5,-1,0
110860,19,5,15,-1,0
110861,7,1,5,-1,0
110862,15,3,12,50,0
110863,9,5,15,1493,0
110864,15,6,6,-1,0
110865,16,5,12,1562,0
110866,5,-1,4,-1,0
110867,21,8,14,97,0
110868,8,5,8,-1,0
110869,14,1,17,-1,0
110870,20,12,41,46,0
110871,12,5,19,-1,0
110872,18,8,25,-1,0
110873,14,9,14,-1,0
110874,15,7,3,201,0
110875,18,8,8,7,1
110876,10,6,23,-1,0
110877,11,8,25,-1,0
110878,13,9,9,-1,0
110879,22,10,13,-1,0
110880,24,13,4,6,0
110881,12,5,18,-1,0
110882,18,11,19,793,0
110883,19,14,32,-1,0
110884,14,3,13,-1,0
110885,9,3,12,-1,0
110886,12,6,5,-1,0
110887,12,5,25,-1,0
110888,16,10,6,3,1
110889,19,13,19,-1,0
110890,16,3,17,527,0
110891,14,8,32,29,1
110892,14,8,6,-1,0
110893,16,5,60,961,0
110894,19,9,10,755,0
110895,19,10,6,-1,0
110896,13,1,17,230,0
110897,22,14,3,2,1
110898,16,12,14,-1,0
110899,9,5,36,-1,0
110900,14,11,9,-1,0
110901,16,6,5,-1,0
110902,14,12,8,1006,0
110903,17,5,14,345,0
110904,26,14,17,-1,0
110905,6,1,21,-1,0
110906,24,13,5,-1,0
110907,16,6,6,-1,0
110908,17,8,10,-1,0
110909,14,5,13,24,0
110910,16,7,11,-1,0
110911,18,9,8,-1,0
110912,10,2,8,-1,0
110913,11,11,32,31,1
110914,12,1,23,198,0
110915,9,7,27,269,0
110916,18,7,5,4,1
110917,10,3,5,-1,0
110918,11,3,5,-1,0
110919,19,13,14,-1,0
110920,8,-1,19,19,1
110921,6,2,15,-1,0
110922,17,12,12,11,1
110923,6,1,2,-1,0
110924,20,7,39,-1,0
110925,18,5,8,-1,0
110926,17,9,13,-1,0
110927,17,7,11,-1,0
110928,12,1,6,-1,0
110929,28,16,13,-1,0
110930,17,8,10,-1,0
110931,4,1,15,-1,0
110932,13,7,15,1272,0
110933,23,5,30,29,1
110934,16,10,12,-1,0
110935,15,6,14,-1,0
110936,7,1,5,-1,0
110937,13,10,6,21,0
110938,12,14,6,-1,0
110939,22,9,6,-1,0
110940,14,6,5,-1,0
110941,9,7,5,-1,0
110942,18,-1,10,-1,0
110943,21,10,11,10,1
110944,21,10,5,-1,0
110945,6,2,6,-1,0
110946,10,7,5,-1,0
110947,22,8,13,85,0
110948,14,9,8,-1,0
110949,20,16,6,5,1
110950,17,4,8,10,0
110951,12,1,4,-1,0
110952,16,9,35,11,1
110953,9,0,24,278,0
110954,14,3,4,-1,0
110955,17,7,20,23,0
110956,9,1,9,-1,0
110957,14,10,40,-1,0
110958,22,7,9,278,0
110959,17,9,14,-1,0
110960,9,3,4,931,0
110961,15,3,15,32,0
110962,16,8,8,47,0
110963,6,2,8,-1,0
110964,6,0,21,-1,0
110965,11,5,3,-1,0
110966,20,16,33,37,0
110967,19,9,10,-1,0
110968,18,9,25,-1,0
110969,-1,4,12,-1,0
110970,21,10,6,-1,0
110971,19,13,8,791,0
110972,20,12,11,-1,0
110973,17,7,24,-1,0
110974,7,4,5,-1,0
110975,16,5,5,295,0
110976,22,9,20,-1,0
110977,12,6,15,-1,0
110978,8,4,7,-1,0
110979,21,8,41,-1,0
110980,31,17,69,342,0
110981,15,7,9,-1,0
110982,18,4,9,618,0
110983,14,2,14,-1,0
110984,16,14,5,43,0
110985,12,4,6,-1,0
110986,14,6,11,-1,0
110987,16,11,28,-1,0
110988,8,1,13,-1,0
110989,23,7,15,-1,0
110990,18,3,47,-1,0
110991,14,7,12,-1,0
110992,15,5,33,31,1
110993,13,5,8,-1,0
110994,20,13,4,3,1
110995,10,3,20,-1,0
110996,6,2,8,-1,0
110997,21,7,8,-1,0
110998,6,3,14,-1,0
110999,19,9,5,-1,0
111000,5,0,11,-1,0
111001,7,3,5,-1,0
111002,23,18,13,-1,0
111003,27,13,13,2,1
111004,28,14,37,-1,0
111005,17,10,6,-1,0
111006,4,0,8,-1,0
111007,6,0,3,-1,0
111008,17,8,28,64,0
111009,12,2,13,-1,0
111010,15,10,18,-1,0
111011,9,1,4,-1,0
111012,15,6,4,-1,0
111013,12,2,6,2229,0
111014,16,8,8,1931,0
111015,23,10,127,110,1
111016,15,10,8,-1,0
111017,17,9,8,-1,0
111018,17,9,11,-1,0
111019,10,3,9,672,0
111020,12,7,13,239,0
111021,4,10,37,336,0
111022,19,8,6,-1,0
111023,16,12,9,-1,0
111024,-1,-1,-1,-1,0
111025,13,5,10,1772,0
111026,16,11,15,-1,0
111027,17,17,23,22,1
111028,-1,-1,3,-1,0
111029,10,2,19,28,0
111030,11,8,21,205,0
111031,10,7,33,-1,0
111032,22,8,6,-1,0
111033,17,11,22,15,1
111034,13,5,29,786,0
111035,21,10,12,11,1
111036,21,12,16,1369,0
111037,10,3,11,-1,0
111038,18,9,13,11,1
111039,17,11,32,-1,0
111040,-1,7,29,27,1
111041,19,9,13,18,0
111042,22,9,9,-1,0
111043,7,0,22,-1,0
111044,18,6,10,-1,0
111045,9,1,11,-1,0
111046,13,5,14,13,1
111047,8,2,4,-1,0
111048,12,7,18,-1,0
111049,9,2,7,-1,0
111050,14,8,15,2009,0
111051,18,15,11,1498,0
111052,11,6,3,2,1
111053,20,9,10,-1,0
111054,16,8,7,-1,0
111055,16,11,12,-1,0
111056,10,2,10,1733,0
111057,14,-1,26,25,1
111058,12,1,3,-1,0
111059,14,5,79,-1,0
111060,16,10,16,-1,0
111061,20,6,14,175,0
111062,14,4,2,1,1
111063,19,13,13,427,0
111064,15,6,11,1326,0
111065,16,9,6,649,0
111066,15,7,8,-1,0
111067,12,2,10,-1,0
111068,16,2,4,-1,0
111069,16,4,20,-1,0
111070,27,14,56,51,1
111071,13,3,9,-1,0
111072,-1,8,10,512,0
111073,11,2,3,-1,0
111074,-1,2,2,-1,0
111075,20,11,4,2,1
111076,-1,0,13,-1,0
111077,20,6,5,-1,0
111078,26,14,10,8,1
111079,10,8,10,-1,0
111080,16,6,10,-1,0
111081,12,1,26,-1,0
111082,14,8,5,-1,0
111083,10,2,5,-1,0
111084,18,9,6,-1,0
111085,16,3,24,-1,0
111086,16,11,7,-1,0
111087,12,9,42,-1,0
111088,12,6,23,870,0
111089,7,0,15,-1,0
111090,32,13,30,53,0
111091,20,13,46,36,1
111092,19,12,26,-1,0
111093,17,7,72,66,1
111094,5,1,7,-1,0
111095,9,0,8,-1,0
111096,14,4,28,-1,0
111097,26,10,12,-1,0
111098,27,12,13,-1,0
111099,17,12,6,-1,0
111100,16,10,42,1630,0
111101,20,6,12,11,1
111102,18,8,4,-1,0
111103,15,8,6,3,1
111104,17,6,5,-1,0
111105,13,10,45,44,1
111106,18,6,13,212,0
111107,11,10,7,-1,0
111108,15,7,10,-1,0
111109,18,5,10,8,1
111110,13,3,7,-1,0
111111,-1,2,5,-1,0
111112,10,2,5,-1,0
111113,16,3,9,147,0
111114,18,9,18,-1,0
111115,11,7,27,-1,0
111116,5,1,21,1242,0
111117,15,6,37,742,0
111118,13,4,7,539,0
111119,12,1,19,832,0
111120,18,6,19,183,0
111121,-1,-1,2,-1,0
111122,20,12,2,1,1
111123,10,2,42,47,0
111124,15,7,26,-1,0
111125,12,3,15,14,1
111126,8,2,7,-1,0
111127,10,2,3,525,0
111128,-1,1,5,-1,0
111129,14,10,10,103,0
111130,13,5,5,-1,0
111131,15,8,4,-1,0
111132,18,16,18,17,1
111133,23,9,11,70,0
111134,14,1,6,-1,0
111135,16,12,26,-1,0
111136,13,18,11,10,1
111137,6,1,13,121,0
111138,11,6,6,-1,0
111139,18,6,9,-1,0
111140,10,4,17,-1,0
111141,21,7,14,-1,0
111142,19,3,25,20,1
111143,14,5,21,51,0
111144,14,8,5,-1,0
111145,11,7,16,-1,0
111146,13,4,26,-1,0
111147,12,10,8,2051,0
111148,11,2,36,286,0
111149,12,2,6,-1,0
111150,18,8,6,-1,0
111151,12,11,11,-1,0
111152,21,5,8,-1,0
111153,14,3,7,-1,0
111154,13,7,11,-1,0
111155,14,1,12,-1,0
111156,21,10,4,-1,0
111157,10,5,4,-1,0
111158,12,5,5,-1,0
111159,21,10,11,-1,0
111160,10,0,7,1568,0
111161,3,0,5,-1,0
111162,21,10,26,-1,0
111163,17,8,9,-1,0
111164,20,7,9,-1,0
111165,14,4,8,-1,0
111166,18,8,17,13,1
111167,16,3,13,154,0
111168,10,10,6,-1,0
111169,19,10,8,5,1
111170,18,9,26,-1,0
111171,13,9,9,-1,0
111172,11,2,8,-1,0
111173,23,10,6,-1,0
111174,16,10,8,-1,0
111175,18,7,10,-1,0
111176,23,15,51,-1,0
111177,9,7,68,-1,0
111178,11,4,8,-1,0
111179,20,10,4,64,0
111180,12,3,44,48,0
111181,24,13,3,2,1
111182,15,6,11,-1,0
111183,22,10,17,14,1
111184,14,2,34,-1,0
111185,9,3,4,-1,0
111186,18,11,23,22,1
111187,15,5,29,28,1
111188,18,12,6,-1,0
111189,5,0,4,-1,0
111190,27,13,30,-1,0
111191,9,4,7,1690,0
111192,14,4,18,-1,0
111193,22,14,21,938,0
111194,14,9,8,-1,0
111195,18,10,11,-1,0
111196,16,12,8,-1,0
111197,16,12,2,1,1
111198,17,7,5,-1,0
111199,22,12,22,-1,0
111200,19,13,6,-1,0
111201,15,2,25,459,0
111202,14,-1,25,-1,0
111203,12,9,48,53,0
111204,10,12,17,-1,0
111205,15,5,20,-1,0
111206,-1,-1,-1,-1,0
111207,18,5,6,3,1
111208,11,2,23,22,1
111209,18,8,21,-1,0
111210,16,11,5,-1,0
111211,14,4,9,55,0
111212,15,5,10,-1,0
111213,18,6,5,3,1
111214,17,2,11,949,0
111215,13,4,8,6,1
111216,12,10,40,-1,0
111217,22,14,17,124,0
111218,15,6,14,-1,0
111219,18,7,17,14,1
111220,13,1,7,-1,0
111221,18,13,8,-1,0
111222,16,4,3,-1,0
111223,13,7,5,-1,0
111224,16,8,10,-1,0
111225,7,3,3,96,0
111226,24,13,3,2,1
111227,12,7,11,50,0
111228,18,8,5,-1,0
111229,16,1,12,609,0
111230,10,5,5,-1,0
111231,16,6,6,-1,0
111232,11,6,11,-1,0
111233,17,12,14,-1,0
111234,19,10,8,-1,0
111235,15,7,55,-1,0
111236,23,14,18,605,0
111237,-1,-1,2,-1,0
111238,-1,2,26,-1,0
111239,20,7,7,144,0
111240,15,9,10,-1,0
111241,15,11,18,-1,0
111242,10,1,9,-1,0
111243,24,13,24,-1,0
111244,9,2,5,969,0
111245,16,6,10,35,0
111246,12,6,85,-1,0
111247,12,6,20,11,1
111248,14,5,31,-1,0
111249,22,16,32,-1,0
111250,17,0,12,481,0
111251,-1,-1,-1,65,0
111252,6,1,6,-1,0
111253,5,-1,4,-1,0
111254,20,12,6,5,1
111255,15,3,4,1072,0
111256,18,6,5,4,1
111257,17,13,15,-1,0
111258,11,8,17,16,1
111259,11,-1,9,-1,0
111260,21,9,27,1541,0
111261,9,5,9,-1,0
111262,23,12,17,46,0
111263,4,1,4,-1,0
111264,10,7,9,-1,0
111265,15,12,21,-1,0
111266,11,1,4,-1,0
111267,24,11,12,-1,0
111268,20,9,7,-1,0
111269,-1,0,6,-1,0
111270,15,0,3,201,0
111271,15,7,10,1899,0
111272,13,5,38,557,0
111273,15,1,4,-1,0
111274,22,12,22,69,0
111275,14,6,35,239,0
111276,15,-1,4,-1,0
111277,11,3,3,53,0
111278,9,3,17,742,0
111279,11,2,9,-1,0
111280,5,4,6,109,0
111281,28,7,23,22,1
111282,10,0,20,-1,0
111283,16,8,6,1556,0
111284,12,11,17,1972,0
111285,19,7,11,-1,0
111286,21,14,4,3,1
111287,28,13,22,1832,0
111288,15,10,13,-1,0
111289,11,1,8,7,1
111290,12,2,6,1256,0
111291,16,13,7,-1,0
111292,14,7,14,604,0
111293,25,11,8,-1,0
111294,7,1,4,-1,0
111295,11,2,4,25,0
111296,15,18,18,17,1
111297,10,3,15,-1,0
111298,9,2,5,-1,0
111299,15,7,16,7,1
111300,20,12,6,5,1
111301,16,9,10,-1,0
111302,18,12,11,1783,0
111303,19,8,21,667,0
111304,20,9,12,-1,0
111305,6,1,22,-1,0
111306,15,10,2,1,1
111307,19,11,32,1599,0
111308,18,6,2,1,1
111309,9,5,13,981,0
111310,20,10,26,113,0
111311,-1,-1,-1,-1,0
111312,17,7,10,-1,0
111313,13,10,13,-1,0
111314,26,16,12,11,1
111315,18,12,24,-1,0
111316,7,5,6,72,0
111317,17,7,8,-1,0
111318,12,1,7,9,0
111319,-1,0,5,-1,0
111320,-1,0,11,-1,0
111321,14,3,12,-1,0
111322,-1,6,9,52,0
111323,18,7,12,-1,0
111324,18,11,18,17,1
111325,23,15,59,72,0
111326,-1,1,3,-1,0
111327,15,3,8,-1,0
111328,22,10,12,-1,0
111329,6,6,11,-1,0
111330,16,8,12,28,0
111331,15,8,5,-1,0
111332,19,14,8,6,1
111333,16,10,6,4,1
111334,13,4,9,-1,0
111335,9,3,17,-1,0
111336,-1,-1,-1,-1,0
111337,19,10,5,-1,0
111338,11,3,4,551,0
111339,25,13,30,-1,0
111340,14,2,30,28,1
111341,7,4,20,-1,0
111342,14,7,10,-1,0
111343,18,8,17,-1,0
111344,14,8,10,220,0
111345,20,6,9,-1,0
111346,8,2,4,-1,0
111347,-1,0,11,-1,0
111348,17,8,6,-1,0
111349,18,7,18,-1,0
111350,19,8,13,39,0
111351,8,3,7,-1,0
111352,17,9,23,-1,0
111353,21,11,22,237,0
111354,14,8,7,-1,0
111355,18,7,8,-1,0
111356,17,9,9,7,1
111357,13,1,26,953,0
111358,11,9,8,-1,0
111359,22,11,18,123,0
111360,3,1,12,-1,0
111361,17,13,4,3,1
111362,8,5,8,-1,0
111363,24,11,12,-1,0
111364,12,1,16,-1,0
111365,18,9,14,-1,0
111366,13,12,23,-1,0
111367,-1,9,11,-1,0
111368,15,5,4,3,1
111369,9,1,17,-1,0
111370,16,8,25,80,0
111371,15,3,4,836,0
111372,15,4,24,67,0
111373,7,4,14,60,0
111374,18,8,4,-1,0
111375,14,4,10,-1,0
111376,15,8,19,-1,0
111377,22,11,31,34,0
111378,12,6,24,-1,0
111379,12,5,4,-1,0
111380,11,2,16,-1,0
111381,21,10,6,1306,0
111382,7,8,21,-1,0
111383,21,11,11,-1,0
111384,15,5,11,654,0
111385,20,10,51,127,0
111386,16,8,17,16,1
111387,10,3,5,-1,0
111388,12,6,14,-1,0
111389,25,8,11,-1,0
111390,25,10,7,-1,0
111391,18,13,27,109,0
111392,15,16,9,8,1
111393,18,5,7,-1,0
111394,21,13,6,62,0
111395,25,14,9,8,1
111396,11,5,14,-1,0
111397,12,9,15,-1,0
111398,7,3,14,-1,0
111399,21,12,28,211,0
111400,17,13,33,171,0
111401,11,3,7,-1,0
111402,6,1,4,-1,0
111403,5,1,10,-1,0
111404,5,0,9,-1,0
111405,17,11,5,4,1
111406,23,9,10,-1,0
111407,10,4,3,2,1
111408,13,6,7,-1,0
111409,19,12,10,-1,0
111410,15,8,10,977,0
111411,10,2,17,-1,0
111412,16,12,29,161,0
111413,13,11,6,-1,0
111414,24,11,5,-1,0
111415,12,3,24,14,1
111416,10,5,23,-1,0
111417,7,3,5,-1,0
111418,11,6,14,-1,0
111419,16,7,3,42,0
111420,5,3,8,-1,0
111421,10,6,11,-1,0
111422,10,3,10,9,1
111423,17,7,6,-1,0
111424,9,6,8,-1,0
111425,16,5,33,-1,0
111426,12,6,29,28,1
111427,19,9,23,-1,0
111428,7,2,8,-1,0
111429,12,9,26,-1,0
111430,20,8,7,-1,0
111431,16,8,7,-1,0
111432,17,7,13,12,1
111433,21,5,9,-1,0
111434,22,9,9,-1,0
111435,20,16,30,-1,0
111436,11,3,7,-1,0
111437,20,10,20,-1,0
111438,12,4,16,-1,0
111439,20,11,14,-1,0
111440,19,13,6,-1,0
111441,15,6,6,-1,0
111442,8,1,18,1505,0
111443,21,8,14,-1,0
111444,18,8,17,-1,0
111445,18,7,24,-1,0
111446,18,13,39,-1,0
111447,17,4,10,1451,0
111448,15,5,35,-1,0
111449,18,11,14,-1,0
111450,13,5,12,-1,0
111451,-1,5,17,8,1
111452,18,9,15,-1,0
111453,18,7,17,15,1
111454,5,1,4,-1,0
111455,17,7,29,-1,0
111456,19,8,6,-1,0
111457,17,8,7,-1,0
111458,15,6,3,2,1
111459,13,8,8,1978,0
111460,18,12,21,20,1
111461,16,1,7,6,1
111462,7,7,4,3,1
111463,5,3,7,-1,0
111464,11,9,3,2,1
111465,20,10,23,-1,0
111466,19,9,12,-1,0
111467,12,2,8,172,0
111468,12,3,8,523,0
111469,16,8,7,-1,0
111470,16,5,8,151,0
111471,20,14,10,-1,0
111472,16,15,6,5,1
111473,16,3,6,-1,0
111474,12,5,14,-1,0
111475,12,2,4,3,1
111476,8,1,9,-1,0
111477,12,6,18,-1,0
111478,18,13,26,89,0
111479,14,4,30,-1,0
111480,14,7,8,-1,0
111481,7,1,3,2,1
111482,-1,0,13,-1,0
111483,-1,-1,-1,-1,0
111484,19,5,8,-1,0
111485,15,6,9,48,0
111486,4,0,11,229,0
111487,15,10,14,1782,0
111488,18,8,14,-1,0
111489,16,11,35,-1,0
111490,7,3,3,1525,0
111491,19,6,5,-1,0
111492,-1,8,8,-1,0
111493,25,7,8,-1,0
111494,17,6,12,11,1
111495,16,6,10,-1,0
111496,12,7,10,82,0
111497,4,1,3,-1,0
111498,19,8,15,4,1
111499,18,7,25,-1,0
111500,21,8,8,-1,0
111501,12,1,9,-1,0
111502,27,5,16,-1,0
111503,14,9,24,-1,0
111504,9,6,8,-1,0
111505,10,3,10,18,0
111506,-1,6,9,-1,0
111507,21,10,8,452,0
111508,15,12,14,-1,0
111509,15,5,6,-1,0
111510,20,14,17,-1,0
111511,12,4,18,10,1
111512,22,9,10,9,1
111513,23,10,3,2,1
111514,13,9,12,11,1
111515,24,13,24,15,1
111516,16,11,21,-1,0
111517,17,8,10,360,0
111518,13,7,17,16,1
111519,23,7,4,5,0
111520,13,1,4,-1,0
111521,16,8,3,-1,0
111522,18,12,5,-1,0
111523,13,11,8,-1,0
111524,20,8,14,-1,0
111525,-1,-1,-1,4,0
111526,16,11,6,5,1
111527,17,8,16,424,0
111528,9,2,9,-1,0
111529,19,13,42,-1,0
111530,10,7,10,-1,0
111531,15,3,17,68,0
111532,17,6,14,13,1
111533,5,1,6,-1,0
111534,13,-1,18,-1,0
111535,11,3,4,1849,0
111536,11,3,14,454,0
111537,17,17,3,2,1
111538,22,7,9,8,1
111539,12,4,5,-1,0
111540,10,5,9,-1,0
111541,25,13,18,17,1
111542,20,12,9,-1,0
111543,18,12,14,13,1
111544,2,1,8,-1,0
111545,-1,3,27,212,0
111546,17,9,11,10,1
111547,8,10,20,6,1
111548,10,5,60,-1,0
111549,22,9,17,16,1
111550,19,6,22,-1,0
111551,21,14,26,590,0
111552,-1,-1,-1,-1,0
111553,10,3,8,-1,0
111554,12,4,4,-1,0
111555,15,5,3,-1,0
111556,14,3,39,2,1
111557,14,7,24,27,0
111558,3,4,6,-1,0
111559,11,8,44,-1,0
111560,6,4,4,-1,0
111561,22,8,28,-1,0
111562,15,4,4,-1,0
111563,6,0,6,-1,0
111564,12,1,17,-1,0
111565,12,10,7,-1,0
111566,15,6,13,12,1
111567,15,9,10,-1,0
111568,18,7,35,222,0
111569,15,8,5,20,0
111570,20,7,29,238,0
111571,25,11,11,20,0
111572,10,7,10,-1,0
111573,15,10,12,338,0
111574,15,5,8,-1,0
111575,11,2,4,-1,0
111576,14,4,20,137,0
111577,18,15,31,-1,0
111578,17,11,14,-1,0
111579,8,1,9,-1,0
111580,8,1,11,-1,0
111581,11,6,5,-1,0
111582,24,8,6,-1,0
111583,16,12,20,726,0
111584,12,8,8,-1,0
111585,14,4,21,-1,0
111586,21,8,13,-1,0
111587,13,6,4,-1,0
111588,10,3,5,-1,0
111589,19,14,16,143,0
111590,22,10,5,4,1
111591,17,7,3,-1,0
111592,21,13,16,-1,0
111593,15,5,11,-1,0
111594,14,9,7,-1,0
111595,17,5,3,2,1
111596,10,2,31,-1,0
111597,23,15,16,45,0
111598,13,3,17,-1,0
111599,14,1,3,-1,0
111600,6,2,3,-1,0
111601,23,15,12,-1,0
111602,6,1,4,-1,0
111603,13,10,14,-1,0
111604,8,7,7,-1,0
111605,28,7,36,-1,0
111606,16,9,7,-1,0
111607,22,10,5,-1,0
111608,15,9,9,-1,0
111609,14,8,15,-1,0
111610,16,13,11,1443,0
111611,21,7,7,12,0
111612,11,-1,2,1,1
111613,-1,2,16,-1,0
111614,10,8,14,-1,0
111615,15,6,8,149,0
111616,19,12,15,14,1
111617,20,8,20,352,0
111618,11,10,8,103,0
111619,16,5,13,1161,0
111620,19,10,7,-1,0
111621,16,7,6,-1,0
111622,20,13,5,4,1
111623,23,12,10,172,0
111624,9,0,10,-1,0
111625,21,17,8,-1,0
111626,15,2,7,6,1
111627,22,8,7,-1,0
111628,12,1,4,470,0
111629,19,5,9,290,0
111630,19,10,7,-1,0
111631,-1,3,2,1127,0
111632,22,12,14,73,0
111633,22,9,18,-1,0
111634,12,-1,41,-1,0
111635,9,1,9,33,0
111636,11,1,10,-1,0
111637,14,3,42,-1,0
111638,19,2,20,455,0
111639,11,9,10,548,0
111640,17,8,4,-1,0
111641,17,7,7,-1,0
111642,23,18,40,-1,0
111643,14,7,3,2,1
111644,12,1,4,-1,0
111645,28,15,2,1,1
111646,12,7,2,1,1
111647,19,12,7,5,1
111648,2,2,29,-1,0
111649,15,10,20,-1,0
111650,11,11,20,-1,0
111651,-1,1,17,-1,0
111652,13,6,12,4,1
111653,14,5,34,205,0
111654,23,2,5,-1,0
111655,7,1,5,-1,0
111656,13,5,11,9,1
111657,17,7,4,523,0
111658,8,6,28,-1,0
111659,10,9,39,-1,0
111660,11,5,25,-1,0
111661,19,5,12,82,0
111662,10,4,20,-1,0
111663,19,6,40,1327,0
111664,13,3,15,-1,0
111665,-1,7,9,71,0
111666,19,9,5,-1,0
111667,-1,8,13,128,0
111668,19,14,19,-1,0
111669,10,1,19,-1,0
111670,17,7,5,-1,0
111671,16,5,20,215,0
111672,13,1,7,-1,0
111673,27,16,3,2,1
111674,20,14,19,307,0
111675,23,-1,5,-1,0
111676,17,11,8,7,1
111677,12,8,9,-1,0
111678,19,7,10,-1,0
111679,8,0,3,-1,0
111680,17,8,16,-1,0
111681,10,6,5,-1,0
111682,17,7,5,-1,0
111683,24,13,8,1019,0
111684,17,3,7,-1,0
111685,17,8,12,-1,0
111686,18,12,27,-1,0
111687,11,0,10,121,0
111688,9,2,5,21,0
111689,7,10,5,-1,0
111690,18,5,6,-1,0
111691,21,14,14,-1,0
111692,17,6,8,7,1
111693,12,11,49,48,1
111694,7,5,20,-1,0
111695,22,11,5,-1,0
111696,17,5,24,-1,0
111697,10,9,9,8,1
111698,7,8,6,-1,0
111699,16,8,15,-1,0
111700,19,9,10,-1,0
111701,13,6,4,-1,0
111702,17,4,15,16,0
111703,20,13,6,-1,0
111704,8,7,9,24,0
111705,22,11,11,-1,0
111706,11,6,25,-1,0
111707,6,2,10,9,1
111708,15,-1,6,-1,0
111709,17,9,8,-1,0
111710,19,9,8,2123,0
111711,9,2,21,-1,0
111712,15,3,36,-1,0
111713,18,8,14,88,0
111714,14,7,25,-1,0
111715,-1,-1,-1,-1,0
111716,7,6,10,72,0
111717,12,7,15,-1,0
111718,19,5,18,-1,0
111719,12,1,4,-1,0
111720,13,8,5,-1,0
111721,19,8,7,-1,0
111722,15,4,34,311,0
111723,13,2,6,1241,0
111724,14,6,6,-1,0
111725,19,9,8,7,1
111726,18,11,21,222,0
111727,22,6,3,2,1
111728,15,9,18,-1,0
111729,15,10,22,199,0
111730,6,1,2,-1,0
111731,16,7,4,3,1
111732,11,9,5,-1,0
111733,14,2,10,6,1
111734,8,4,81,-1,0
111735,19,12,16,-1,0
111736,24,14,9,7,1
111737,17,8,5,3,1
111738,18,8,11,-1,0
111739,18,10,28,27,1
111740,18,7,15,-1,0
111741,15,5,5,-1,0
111742,17,12,13,-1,0
111743,14,3,20,295,0
111744,8,1,7,-1,0
111745,8,2,6,-1,0
111746,13,7,9,-1,0
111747,11,9,7,6,1
111748,21,-1,-1,2,0
111749,14,2,10,-1,0
111750,-1,1,7,1096,0
111751,11,1,24,-1,0
111752,13,3,6,-1,0
111753,16,9,23,534,0
111754,17,11,13,804,0
111755,17,9,14,359,0
111756,13,2,3,1520,0
111757,14,6,4,-1,0
111758,12,7,84,126,0
111759,9,-1,-1,-1,0
111760,11,7,7,5,1
111761,13,3,13,206,0
111762,-1,-1,-1,-1,0
111763,7,0,7,-1,0
111764,14,2,5,-1,0
111765,13,3,4,-1,0
111766,5,6,10,-1,0
111767,4,2,9,335,0
111768,14,-1,26,526,0
111769,9,6,14,-1,0
111770,5,0,7,-1,0
111771,10,6,6,-1,0
111772,10,9,19,-1,0
111773,11,0,3,-1,0
111774,15,6,10,-1,0
111775,10,6,5,894,0
111776,-1,9,9,10,0
111777,14,6,18,1212,0
111778,19,9,4,-1,0
111779,17,5,33,981,0
111780,12,3,8,-1,0
111781,14,11,9,-1,0
111782,16,7,24,25,0
111783,8,1,5,-1,0
111784,17,8,9,721,0
111785,17,8,9,8,1
111786,12,4,13,-1,0
111787,17,6,4,-1,0
111788,12,5,20,19,1
111789,14,7,6,-1,0
111790,18,3,4,3,1
111791,12,1,56,-1,0
111792,23,13,27,30,0
111793,8,1,20,402,0
111794,14,2,3,2,1
111795,15,2,19,-1,0
111796,25,10,12,-1,0
111797,24,11,8,-1,0
111798,9,8,8,7,1
111799,18,8,13,-1,0
111800,20,12,11,2028,0
111801,19,12,34,-1,0
111802,18,12,2,1,1
111803,-1,3,9,-1,0
111804,24,9,7,-1,0
111805,18,9,4,-1,0
111806,20,8,4,792,0
111807,18,10,7,-1,0
111808,-1,-1,-1,-1,0
111809,19,14,10,-1,0
111810,22,11,6,5,1
111811,14,8,28,-1,0
111812,15,8,32,30,1
111813,17,7,10,1268,0
111814,11,5,11,-1,0
111815,18,11,14,-1,0
111816,7,1,8,-1,0
111817,13,9,12,-1,0
111818,-1,1,4,39,0
111819,14,9,52,-1,0
111820,18,6,30,-1,0
111821,21,11,10,-1,0
111822,11,6,8,-1,0
111823,14,4,9,-1,0
111824,21,11,35,58,0
111825,14,2,9,-1,0
111826,19,7,8,-1,0
111827,11,1,92,-1,0
111828,14,3,22,-1,0
111829,14,2,3,88,0
111830,15,11,18,17,1
111831,17,10,8,-1,0
111832,12,7,13,-1,0
111833,19,8,11,834,0
111834,17,7,9,136,0
111835,11,6,5,-1,0
111836,3,0,22,-1,0
111837,10,9,13,-1,0
111838,17,-1,26,-1,0
111839,13,8,8,-1,0
111840,9,3,8,-1,0
111841,15,16,12,-1,0
111842,14,4,54,-1,0
111843,13,4,8,131,0
111844,21,14,9,-1,0
111845,9,9,9,-1,0
111846,20,10,5,-1,0
111847,18,13,27,1548,0
111848,20,12,38,565,0
111849,24,9,6,-1,0
111850,-1,-1,15,-1,0
111851,10,9,6,204,0
111852,9,6,61,-1,0
111853,6,5,8,-1,0
111854,8,2,25,24,1
111855,16,9,7,-1,0
111856,14,5,8,35,0
111857,12,5,8,-1,0
111858,9,7,3,-1,0
111859,24,10,10,6,1
111860,13,1,6,-1,0
111861,11,7,18,-1,0
111862,17,7,11,16,0
111863,14,8,18,-1,0
111864,10,3,6,-1,0
111865,9,1,3,-1,0
111866,-1,-1,-1,1568,0
111867,9,7,37,-1,0
111868,15,2,66,-1,0
111869,12,15,26,25,1
111870,12,4,16,15,1
111871,9,4,10,405,0
111872,14,8,6,406,0
111873,10,1,17,21,0
111874,16,7,10,-1,0
111875,17,13,12,-1,0
111876,19,3,5,-1,0
111877,18,8,7,-1,0
111878,10,1,15,14,1
111879,23,10,15,904,0
111880,15,10,25,-1,0
111881,26,15,17,-1,0
111882,12,1,12,-1,0
111883,6,0,5,-1,0
111884,21,9,18,-1,0
111885,8,1,9,-1,0
111886,15,2,32,-1,0
111887,21,13,6,-1,0
111888,17,8,11,-1,0
111889,17,10,21,-1,0
111890,18,2,12,1168,0
111891,7,0,12,74,0
111892,11,-1,7,-1,0
111893,23,11,10,9,1
111894,9,10,5,-1,0
111895,4,1,3,10,0
111896,5,-1,10,-1,0
111897,14,4,3,100,0
111898,21,-1,25,2192,0
111899,19,9,11,-1,0
111900,8,1,6,-1,0
111901,13,17,22,395,0
111902,4,8,7,-1,0
111903,12,4,13,16,0
111904,14,4,5,4,1
111905,14,13,17,225,0
111906,11,9,7,-1,0
111907,17,4,16,39,0
111908,13,10,13,166,0
111909,15,3,4,2,1
111910,24,10,12,7,1
111911,10,3,39,854,0
111912,13,8,11,-1,0
111913,12,11,9,5,1
111914,15,2,5,-1,0
111915,13,7,4,-1,0
111916,16,7,5,-1,0
111917,17,8,8,-1,0
111918,9,5,8,15,0
111919,-1,3,11,110,0
111920,20,5,34,421,0
111921,23,9,19,1029,0
111922,15,7,10,-1,0
111923,4,2,3,-1,0
111924,14,9,27,15,1
111925,8,2,5,-1,0
111926,16,9,13,-1,0
111927,13,7,11,-1,0
111928,19,5,21,199,0
111929,19,6,4,2053,0
111930,10,1,13,-1,0
111931,11,8,9,8,1
111932,17,9,25,-1,0
111933,8,4,8,-1,0
111934,10,5,21,-1,0
111935,14,5,17,2177,0
111936,20,11,24,-1,0
111937,9,8,13,31,0
111938,24,8,20,-1,0
111939,13,7,17,-1,0
111940,19,7,5,878,0
111941,10,1,27,-1,0
111942,13,3,9,162,0
111943,18,4,19,223,0
111944,21,9,12,-1,0
111945,6,2,8,-1,0
111946,11,3,28,-1,0
111947,24,11,17,-1,0
111948,19,9,10,9,1
111949,9,2,5,-1,0
111950,13,5,11,-1,0
111951,23,8,20,83,0
111952,21,8,3,2,1
111953,16,7,5,-1,0
111954,10,2,3,-1,0
111955,16,7,18,-1,0
111956,19,11,11,-1,0
111957,9,0,5,-1,0
111958,20,10,10,-1,0
111959,13,9,9,2219,0
111960,21,10,40,85,0
111961,14,2,14,-1,0
111962,18,14,17,-1,0
111963,16,13,12,4,1
111964,20,6,8,1234,0
111965,26,16,3,2,1
111966,12,3,64,-1,0
111967,9,2,10,-1,0
111968,16,8,2,1,1
111969,10,5,9,-1,0
111970,22,14,7,2350,0
111971,-1,-1,-1,4,0
111972,16,1,7,-1,0
111973,10,2,8,1471,0
111974,9,0,6,-1,0
111975,14,10,19,-1,0
111976,9,4,11,-1,0
111977,20,12,7,321,0
111978,15,12,4,-1,0
111979,15,6,9,506,0
111980,8,9,6,-1,0
111981,26,13,8,-1,0
111982,14,3,8,-1,0
111983,17,9,30,635,0
111984,9,3,4,-1,0
111985,18,9,3,2,1
111986,10,2,9,-1,0
111987,16,12,11,-1,0
111988,15,8,5,-1,0
111989,14,9,17,16,1
111990,24,15,20,-1,0
111991,19,10,7,-1,0
111992,15,10,16,-1,0
111993,10,2,8,-1,0
111994,-1,-1,4,-1,0
111995,19,8,25,-1,0
111996,20,-1,11,65,0
111997,21,11,12,60,0
111998,6,1,4,-1,0
111999,14,7,7,-1,0
112000,6,1,7,-1,0
