RecordID,In-hospital_death,split
100001,0,test
100002,1,train
100003,0,train
100004,1,test
100005,0,train
100006,0,train
100007,0,validation
100008,0,train
100009,0,train
100010,0,train
100011,0,test
100012,0,validation
100013,0,train
100014,0,validation
100015,0,train
100016,0,validation
100017,0,test
100018,0,train
100019,0,train
100020,0,train
100021,0,validation
100022,1,train
100023,0,train
100024,0,validation
100025,0,train
100026,0,train
100027,0,test
100028,0,train
100029,0,test
100030,1,train
100031,0,train
100032,0,train
100033,0,train
100034,0,train
100035,0,train
100036,0,train
100037,0,train
100038,0,train
100039,0,train
100040,0,train
100041,0,train
100042,0,train
100043,0,train
100044,0,validation
100045,1,train
100046,0,train
100047,0,train
100048,0,train
100049,0,train
100050,0,train
100051,0,validation
100052,0,train
100053,0,train
100054,0,train
100055,1,train
100056,0,test
100057,0,test
100058,0,train
100059,0,train
100060,0,test
100061,0,train
100062,0,train
100063,0,train
100064,0,train
100065,1,train
100066,1,train
100067,0,train
100068,0,test
100069,0,train
100070,0,train
100071,0,train
100072,1,train
100073,0,train
100074,0,train
100075,0,test
100076,0,train
100077,0,train
100078,0,train
100079,0,train
100080,0,validation
100081,0,train
100082,0,test
100083,0,train
100084,0,train
100085,0,train
100086,0,train
100087,0,validation
100088,0,validation
100089,0,train
100090,0,train
100091,0,train
100092,0,validation
100093,1,validation
100094,0,train
100095,0,test
100096,1,test
100097,0,train
100098,0,test
100099,0,train
100100,0,validation
100101,0,train
100102,0,train
100103,0,validation
100104,0,validation
100105,1,train
100106,0,train
100107,0,train
100108,1,test
100109,0,train
100110,0,train
100111,0,train
100112,0,train
100113,0,validation
100114,0,train
100115,0,train
100116,1,train
100117,0,validation
100118,0,train
100119,0,test
100120,1,validation
100121,0,train
100122,0,train
100123,0,validation
100124,0,train
100125,0,train
100126,1,train
100127,0,validation
100128,0,train
100129,0,validation
100130,0,train
100131,0,train
100132,0,test
100133,0,test
100134,0,validation
100135,0,validation
100136,0,train
100137,0,train
100138,0,train
100139,0,validation
100140,1,train
100141,0,train
100142,0,validation
100143,0,train
100144,1,train
100145,1,test
100146,0,validation
100147,0,test
100148,0,test
100149,0,train
100150,0,train
100151,0,train
100152,0,train
100153,1,validation
100154,0,train
100155,0,test
100156,0,train
100157,0,test
100158,0,validation
100159,0,validation
100160,0,train
100161,0,validation
100162,0,train
100163,0,train
100164,1,test
100165,0,validation
100166,0,train
100167,0,train
100168,0,test
100169,0,train
100170,0,validation
100171,0,validation
100172,0,train
100173,0,train
100174,0,train
100175,0,train
100176,0,train
100177,1,test
100178,0,train
100179,0,train
100180,0,validation
100181,0,train
100182,0,train
100183,0,test
100184,0,train
100185,0,train
100186,0,train
100187,0,train
100188,0,train
100189,0,validation
100190,0,test
100191,0,validation
100192,0,validation
100193,0,train
100194,0,train
100195,0,validation
100196,1,test
100197,0,test
100198,0,test
100199,0,train
100200,0,validation
100201,0,test
100202,0,test
100203,0,train
100204,1,validation
100205,0,test
100206,0,train
100207,0,train
100208,0,train
100209,1,train
100210,0,train
100211,0,test
100212,1,validation
100213,0,test
100214,0,test
100215,1,train
100216,0,train
100217,0,train
100218,0,train
100219,1,train
100220,0,train
100221,0,validation
100222,0,test
100223,0,train
100224,0,validation
100225,0,train
100226,0,train
100227,0,train
100228,1,train
100229,0,train
100230,0,test
100231,0,test
100232,0,train
100233,0,train
100234,0,test
100235,0,validation
100236,0,train
100237,0,train
100238,0,train
100239,0,train
100240,0,train
100241,0,validation
100242,0,train
100243,0,train
100244,0,test
100245,0,train
100246,1,train
100247,0,test
100248,0,validation
100249,0,train
100250,0,train
100251,0,validation
100252,0,train
100253,1,train
100254,0,train
100255,0,train
100256,0,train
100257,0,train
100258,0,test
100259,0,test
100260,1,test
100261,0,train
100262,1,train
100263,1,test
100264,0,test
100265,1,train
100266,0,train
100267,0,train
100268,1,train
100269,0,train
100270,0,validation
100271,0,test
100272,0,train
100273,0,train
100274,0,train
100275,1,train
100276,1,train
100277,1,train
100278,0,train
100279,0,train
100280,0,test
100281,0,train
100282,0,train
100283,1,validation
100284,0,train
100285,0,train
100286,0,validation
100287,0,train
100288,0,train
100289,0,test
100290,0,test
100291,1,train
100292,0,train
100293,0,train
100294,0,train
100295,0,train
100296,0,train
100297,1,train
100298,0,train
100299,0,test
100300,0,test
100301,1,train
100302,0,train
100303,0,train
100304,0,test
100305,0,validation
100306,0,test
100307,0,test
100308,0,test
100309,0,validation
100310,0,test
100311,0,train
100312,1,train
100313,0,train
100314,0,train
100315,0,validation
100316,0,train
100317,0,validation
100318,0,train
100319,0,train
100320,1,train
100321,1,train
100322,0,validation
100323,0,train
100324,0,train
100325,0,train
100326,0,validation
100327,0,train
100328,0,train
100329,0,train
100330,0,train
100331,0,train
100332,0,train
100333,0,test
100334,0,validation
100335,0,train
100336,0,train
100337,0,validation
100338,0,test
100339,0,test
100340,0,train
100341,0,train
100342,1,train
100343,0,validation
100344,0,train
100345,0,train
100346,0,train
100347,0,train
100348,0,train
100349,0,train
100350,0,train
100351,0,train
100352,1,train
100353,0,train
100354,0,test
100355,0,validation
100356,1,train
100357,1,test
100358,0,validation
100359,0,train
100360,0,test
100361,1,train
100362,0,train
100363,0,train
100364,0,train
100365,0,train
100366,0,train
100367,0,validation
100368,0,train
100369,0,train
100370,1,test
100371,0,train
100372,0,test
100373,0,train
100374,0,test
100375,0,train
100376,0,train
100377,1,validation
100378,0,train
100379,0,train
100380,1,train
100381,0,train
100382,0,train
100383,1,test
100384,0,train
100385,0,train
100386,0,validation
100387,1,train
100388,0,test
100389,0,train
100390,1,test
100391,1,validation
100392,0,train
100393,1,validation
100394,0,validation
100395,0,validation
100396,0,validation
100397,0,train
100398,0,train
100399,0,train
100400,1,train
100401,0,train
100402,0,train
100403,0,train
100404,0,train
100405,0,validation
100406,0,train
100407,0,train
100408,1,train
100409,0,train
100410,0,train
100411,1,train
100412,0,validation
100413,0,train
100414,0,test
100415,0,train
100416,0,train
100417,0,train
100418,0,test
100419,0,train
100420,0,test
100421,1,train
100422,1,validation
100423,0,train
100424,0,test
100425,0,train
100426,0,train
100427,0,test
100428,0,train
100429,0,train
100430,0,train
100431,0,validation
100432,0,validation
100433,1,train
100434,0,train
100435,0,train
100436,0,validation
100437,0,train
100438,0,train
100439,0,test
100440,0,train
100441,0,validation
100442,0,train
100443,0,train
100444,1,train
100445,0,train
100446,0,validation
100447,0,train
100448,0,test
100449,0,train
100450,0,train
100451,1,train
100452,0,train
100453,0,test
100454,1,train
100455,0,test
100456,1,validation
100457,0,validation
100458,1,train
100459,0,train
100460,0,train
100461,1,test
100462,0,train
100463,0,test
100464,1,train
100465,1,validation
100466,0,train
100467,0,train
100468,0,train
100469,0,train
100470,0,validation
100471,0,train
100472,0,train
100473,0,validation
100474,0,test
100475,0,test
100476,0,train
100477,0,train
100478,0,train
100479,0,train
100480,0,test
100481,0,validation
100482,0,train
100483,0,train
100484,0,test
100485,0,train
100486,1,test
100487,0,train
100488,0,train
100489,1,train
100490,0,validation
100491,0,train
100492,1,test
100493,0,train
100494,0,train
100495,0,train
100496,0,train
100497,0,train
100498,1,train
100499,0,train
100500,0,train
100501,0,train
100502,0,train
100503,0,train
100504,0,train
100505,0,train
100506,0,train
100507,0,train
100508,0,validation
100509,0,validation
100510,0,train
100511,0,train
100512,0,train
100513,0,validation
100514,0,train
100515,0,test
100516,0,validation
100517,0,train
100518,0,test
100519,0,train
100520,1,train
100521,0,train
100522,0,validation
100523,0,train
100524,0,validation
100525,0,train
100526,0,train
100527,1,test
100528,0,train
100529,0,validation
100530,0,train
100531,0,test
100532,0,train
100533,0,train
100534,0,validation
100535,0,test
100536,0,train
100537,0,train
100538,0,train
100539,0,train
100540,0,train
100541,0,train
100542,0,test
100543,0,train
100544,0,train
100545,0,validation
100546,0,validation
100547,0,train
100548,1,train
100549,0,train
100550,0,test
100551,1,train
100552,0,train
100553,0,train
100554,0,train
100555,1,train
100556,0,validation
100557,0,validation
100558,1,train
100559,0,train
100560,0,validation
100561,0,train
100562,0,test
100563,0,validation
100564,0,test
100565,0,test
100566,0,train
100567,0,train
100568,0,train
100569,0,train
100570,0,train
100571,0,train
100572,0,train
100573,0,test
100574,0,train
100575,0,train
100576,0,train
100577,0,validation
100578,0,validation
100579,0,validation
100580,0,train
100581,0,validation
100582,0,validation
100583,1,train
100584,0,test
100585,0,train
100586,0,train
100587,0,train
100588,0,train
100589,0,test
100590,0,train
100591,0,validation
100592,0,train
100593,0,test
100594,0,train
100595,1,train
100596,0,train
100597,0,validation
100598,1,train
100599,0,validation
100600,1,test
100601,0,train
100602,0,train
100603,0,train
100604,0,train
100605,1,validation
100606,0,train
100607,0,validation
100608,0,test
100609,0,validation
100610,0,validation
100611,0,validation
100612,1,train
100613,0,train
100614,0,train
100615,0,train
100616,0,validation
100617,0,train
100618,0,train
100619,0,train
100620,0,train
100621,0,test
100622,0,train
100623,0,validation
100624,0,train
100625,0,train
100626,0,train
100627,0,validation
100628,1,validation
100629,0,train
100630,0,validation
100631,0,test
100632,1,train
100633,0,train
100634,0,train
100635,1,train
100636,0,train
100637,0,train
100638,0,train
100639,1,train
100640,0,train
100641,0,train
100642,0,train
100643,0,train
100644,0,train
100645,0,train
100646,1,train
100647,0,validation
100648,0,train
100649,0,validation
100650,0,test
100651,0,train
100652,0,train
100653,1,train
100654,0,train
100655,0,train
100656,1,train
100657,0,test
100658,0,validation
100659,0,validation
100660,0,train
100661,0,train
100662,0,test
100663,0,train
100664,0,train
100665,0,train
100666,0,train
100667,1,validation
100668,0,validation
100669,0,train
100670,0,train
100671,0,train
100672,0,train
100673,1,train
100674,0,train
100675,0,train
100676,0,train
100677,0,train
100678,0,train
100679,0,train
100680,0,train
100681,0,validation
100682,0,train
100683,0,train
100684,0,validation
100685,0,train
100686,0,test
100687,0,validation
100688,0,train
100689,0,test
100690,1,train
100691,0,validation
100692,0,test
100693,0,train
100694,0,test
100695,0,train
100696,1,test
100697,0,train
100698,0,validation
100699,1,train
100700,0,train
100701,0,train
100702,0,train
100703,0,train
100704,0,validation
100705,0,train
100706,0,train
100707,0,validation
100708,0,train
100709,0,train
100710,1,train
100711,0,train
100712,0,train
100713,0,test
100714,0,train
100715,0,train
100716,0,train
100717,0,train
100718,0,test
100719,0,train
100720,0,train
100721,0,train
100722,0,validation
100723,0,train
100724,0,train
100725,0,train
100726,0,train
100727,0,train
100728,0,train
100729,0,test
100730,0,validation
100731,0,train
100732,0,train
100733,0,train
100734,0,train
100735,0,validation
100736,0,train
100737,1,test
100738,0,train
100739,0,train
100740,0,validation
100741,0,train
100742,0,train
100743,0,train
100744,0,validation
100745,0,validation
100746,0,train
100747,0,train
100748,0,train
100749,0,validation
100750,0,train
100751,0,test
100752,0,train
100753,0,test
100754,0,train
100755,0,validation
100756,0,test
100757,0,train
100758,0,test
100759,0,train
100760,0,train
100761,1,train
100762,1,train
100763,0,train
100764,0,train
100765,1,train
100766,1,train
100767,0,train
100768,0,train
100769,0,train
100770,0,validation
100771,0,train
100772,1,train
100773,1,train
100774,0,train
100775,0,train
100776,0,train
100777,0,train
100778,0,train
100779,0,train
100780,0,train
100781,0,train
100782,0,test
100783,0,train
100784,0,train
100785,0,test
100786,0,train
100787,0,train
100788,0,train
100789,0,train
100790,1,train
100791,0,train
100792,0,train
100793,1,train
100794,0,train
100795,1,train
100796,0,train
100797,1,validation
100798,0,train
100799,0,validation
100800,0,train
100801,0,train
100802,0,train
100803,0,test
100804,0,train
100805,0,train
100806,0,test
100807,0,train
100808,0,train
100809,0,test
100810,0,train
100811,0,test
100812,0,validation
100813,0,train
100814,0,train
100815,0,validation
100816,0,train
100817,1,train
100818,0,test
100819,0,test
100820,0,train
100821,0,validation
100822,1,train
100823,0,train
100824,0,train
100825,1,test
100826,0,train
100827,0,train
100828,0,train
100829,0,train
100830,0,train
100831,0,train
100832,1,train
100833,0,train
100834,0,test
100835,0,train
100836,1,train
100837,0,train
100838,0,train
100839,0,train
100840,0,validation
100841,1,validation
100842,0,test
100843,0,train
100844,0,train
100845,1,train
100846,0,test
100847,1,train
100848,0,train
100849,1,test
100850,0,test
100851,0,test
100852,0,train
100853,0,train
100854,0,train
100855,0,test
100856,0,train
100857,0,train
100858,1,train
100859,0,train
100860,0,train
100861,0,test
100862,0,validation
100863,0,train
100864,0,train
100865,0,train
100866,1,validation
100867,0,test
100868,0,train
100869,0,train
100870,0,train
100871,0,validation
100872,0,validation
100873,0,train
100874,0,test
100875,1,validation
100876,0,train
100877,0,train
100878,0,train
100879,0,test
100880,0,test
100881,1,validation
100882,1,validation
100883,1,train
100884,0,train
100885,0,train
100886,0,train
100887,0,validation
100888,0,train
100889,0,train
100890,0,validation
100891,0,train
100892,0,validation
100893,0,test
100894,1,validation
100895,0,train
100896,0,validation
100897,0,train
100898,1,train
100899,0,train
100900,0,test
100901,1,train
100902,0,validation
100903,0,train
100904,0,train
100905,0,train
100906,0,train
100907,0,validation
100908,0,test
100909,1,train
100910,0,train
100911,0,train
100912,1,train
100913,0,validation
100914,0,train
100915,0,train
100916,0,validation
100917,0,train
100918,0,train
100919,0,train
100920,0,train
100921,0,test
100922,0,train
100923,1,test
100924,0,validation
100925,1,train
100926,0,train
100927,0,train
100928,0,train
100929,1,train
100930,0,train
100931,0,train
100932,0,train
100933,0,train
100934,0,test
100935,0,train
100936,0,validation
100937,0,train
100938,0,train
100939,1,validation
100940,0,validation
100941,0,validation
100942,0,train
100943,1,train
100944,0,train
100945,0,train
100946,0,train
100947,0,train
100948,0,train
100949,0,train
100950,0,train
100951,0,train
100952,0,train
100953,1,validation
100954,0,train
100955,0,train
100956,0,train
100957,0,train
100958,1,train
100959,0,train
100960,0,train
100961,0,test
100962,1,train
100963,0,train
100964,0,train
100965,1,test
100966,1,train
100967,0,validation
100968,0,test
100969,0,validation
100970,0,train
100971,0,test
100972,0,validation
100973,0,validation
100974,0,train
100975,0,train
100976,0,train
100977,1,validation
100978,1,train
100979,0,test
100980,0,train
100981,0,validation
100982,1,validation
100983,1,test
100984,1,train
100985,0,validation
100986,0,validation
100987,0,train
100988,0,train
100989,0,train
100990,0,train
100991,1,train
100992,0,train
100993,0,train
100994,1,train
100995,0,train
100996,0,train
100997,0,train
100998,0,train
100999,1,train
101000,0,train
101001,1,train
101002,0,train
101003,0,train
101004,0,validation
101005,0,train
101006,0,train
101007,0,validation
101008,0,train
101009,0,train
101010,0,train
101011,0,train
101012,0,train
101013,1,train
101014,0,test
101015,0,test
101016,0,test
101017,0,validation
101018,0,train
101019,0,validation
101020,0,train
101021,0,test
101022,0,train
101023,0,train
101024,0,train
101025,0,train
101026,0,validation
101027,0,test
101028,0,train
101029,1,train
101030,0,test
101031,0,validation
101032,0,train
101033,0,train
101034,0,train
101035,0,train
101036,0,train
101037,0,train
101038,1,train
101039,0,test
101040,0,train
101041,0,train
101042,0,test
101043,0,validation
101044,0,train
101045,0,train
101046,0,train
101047,1,test
101048,0,train
101049,0,train
101050,0,validation
101051,0,train
101052,0,train
101053,0,train
101054,0,validation
101055,0,train
101056,0,train
101057,0,train
101058,0,train
101059,0,validation
101060,0,train
101061,0,validation
101062,0,train
101063,1,train
101064,1,validation
101065,1,train
101066,1,train
101067,0,train
101068,0,train
101069,0,train
101070,0,train
101071,0,train
101072,0,train
101073,0,train
101074,0,train
101075,0,validation
101076,0,train
101077,0,train
101078,0,train
101079,0,validation
101080,0,validation
101081,0,train
101082,0,test
101083,0,test
101084,0,train
101085,0,train
101086,0,train
101087,0,test
101088,1,train
101089,0,train
101090,0,train
101091,1,validation
101092,0,train
101093,0,train
101094,1,train
101095,0,train
101096,1,train
101097,0,test
101098,0,train
101099,0,train
101100,0,train
101101,1,train
101102,1,train
101103,0,train
101104,0,train
101105,0,train
101106,0,validation
101107,0,train
101108,0,train
101109,0,train
101110,0,train
101111,0,validation
101112,0,train
101113,0,test
101114,0,validation
101115,1,train
101116,0,test
101117,1,train
101118,0,test
101119,0,train
101120,0,train
101121,0,train
101122,0,train
101123,0,validation
101124,0,train
101125,0,validation
101126,0,train
101127,1,train
101128,0,validation
101129,0,validation
101130,0,train
101131,0,train
101132,0,train
101133,0,validation
101134,0,train
101135,0,train
101136,0,validation
101137,0,train
101138,0,train
101139,0,train
101140,0,train
101141,1,train
101142,0,train
101143,1,train
101144,0,train
101145,0,validation
101146,0,train
101147,1,train
101148,1,train
101149,0,train
101150,0,train
101151,0,test
101152,0,train
101153,0,test
101154,0,train
101155,0,train
101156,0,train
101157,0,train
101158,0,train
101159,0,train
101160,0,train
101161,1,train
101162,1,train
101163,0,train
101164,1,train
101165,0,train
101166,0,train
101167,0,train
101168,0,train
101169,0,train
101170,1,validation
101171,0,test
101172,0,train
101173,1,train
101174,0,train
101175,0,train
101176,0,train
101177,1,train
101178,0,validation
101179,1,validation
101180,1,test
101181,1,test
101182,0,train
101183,0,validation
101184,0,test
101185,0,train
101186,0,test
101187,0,validation
101188,0,train
101189,0,train
101190,0,train
101191,0,test
101192,0,test
101193,0,train
101194,0,test
101195,0,train
101196,1,validation
101197,1,test
101198,0,test
101199,1,train
101200,0,train
101201,0,test
101202,0,train
101203,1,train
101204,0,test
101205,0,validation
101206,1,train
101207,1,validation
101208,1,train
101209,1,train
101210,1,train
101211,0,train
101212,0,train
101213,0,train
101214,0,train
101215,1,train
101216,0,train
101217,1,train
101218,0,train
101219,0,test
101220,0,validation
101221,1,test
101222,0,train
101223,0,test
101224,0,validation
101225,0,validation
101226,0,train
101227,1,train
101228,1,train
101229,0,train
101230,0,train
101231,0,train
101232,0,train
101233,0,test
101234,0,train
101235,0,test
101236,0,validation
101237,0,train
101238,0,train
101239,0,train
101240,0,train
101241,0,train
101242,0,train
101243,0,train
101244,0,train
101245,0,train
101246,0,train
101247,1,train
101248,0,validation
101249,0,test
101250,0,train
101251,0,train
101252,0,train
101253,0,train
101254,0,train
101255,0,validation
101256,0,validation
101257,0,train
101258,0,train
101259,1,test
101260,0,test
101261,0,validation
101262,0,train
101263,0,validation
101264,0,train
101265,0,train
101266,0,train
101267,0,train
101268,0,train
101269,0,train
101270,0,train
101271,0,train
101272,0,validation
101273,0,train
101274,0,train
101275,0,train
101276,1,train
101277,1,train
101278,0,train
101279,0,train
101280,0,train
101281,0,train
101282,1,train
101283,0,train
101284,0,train
101285,0,train
101286,0,test
101287,0,train
101288,1,train
101289,1,train
101290,0,train
101291,1,train
101292,0,train
101293,1,train
101294,0,train
101295,0,train
101296,0,train
101297,1,train
101298,0,test
101299,0,train
101300,0,train
101301,0,train
101302,0,train
101303,0,train
101304,0,train
101305,0,train
101306,0,train
101307,0,train
101308,0,train
101309,0,train
101310,1,train
101311,0,train
101312,0,train
101313,0,train
101314,1,test
101315,0,validation
101316,0,validation
101317,0,train
101318,0,train
101319,0,train
101320,0,validation
101321,1,train
101322,1,train
101323,0,train
101324,0,train
101325,1,test
101326,0,train
101327,0,train
101328,0,validation
101329,0,train
101330,0,test
101331,0,train
101332,0,train
101333,0,train
101334,0,validation
101335,1,train
101336,0,train
101337,0,train
101338,0,train
101339,0,train
101340,1,train
101341,0,validation
101342,0,train
101343,0,train
101344,0,train
101345,0,train
101346,0,train
101347,0,validation
101348,0,train
101349,0,train
101350,0,train
101351,0,train
101352,0,train
101353,1,test
101354,0,train
101355,0,test
101356,0,train
101357,0,test
101358,1,train
101359,0,train
101360,0,test
101361,1,train
101362,0,train
101363,0,train
101364,0,train
101365,0,train
101366,0,test
101367,0,validation
101368,0,train
101369,0,train
101370,0,test
101371,0,train
101372,0,test
101373,1,train
101374,1,train
101375,0,validation
101376,0,train
101377,0,train
101378,1,train
101379,0,train
101380,0,train
101381,1,validation
101382,0,train
101383,1,train
101384,0,train
101385,0,train
101386,0,train
101387,1,train
101388,0,validation
101389,1,train
101390,0,train
101391,0,train
101392,1,train
101393,0,test
101394,0,train
101395,0,train
101396,0,train
101397,0,train
101398,0,validation
101399,0,test
101400,1,train
101401,0,train
101402,0,train
101403,1,train
101404,0,train
101405,0,test
101406,0,train
101407,0,train
101408,0,validation
101409,0,train
101410,0,train
101411,0,validation
101412,0,train
101413,0,train
101414,0,train
101415,0,train
101416,0,train
101417,1,validation
101418,0,validation
101419,0,test
101420,1,train
101421,1,train
101422,1,train
101423,0,train
101424,1,train
101425,0,train
101426,0,train
101427,0,validation
101428,0,train
101429,0,test
101430,0,train
101431,0,train
101432,1,train
101433,0,train
101434,0,train
101435,1,train
101436,0,test
101437,0,validation
101438,0,test
101439,0,validation
101440,0,train
101441,0,train
101442,0,train
101443,0,train
101444,0,train
101445,0,train
101446,1,train
101447,0,train
101448,0,train
101449,0,train
101450,0,train
101451,1,test
101452,0,train
101453,0,test
101454,0,train
101455,0,train
101456,0,test
101457,0,train
101458,0,train
101459,0,train
101460,0,train
101461,0,train
101462,0,train
101463,0,train
101464,0,train
101465,0,train
101466,0,train
101467,0,validation
101468,0,train
101469,0,test
101470,1,validation
101471,1,validation
101472,0,train
101473,0,train
101474,0,train
101475,0,train
101476,1,train
101477,1,test
101478,0,test
101479,1,train
101480,0,validation
101481,0,train
101482,0,train
101483,0,train
101484,1,train
101485,0,train
101486,0,train
101487,0,train
101488,0,train
101489,0,train
101490,0,train
101491,0,train
101492,0,train
101493,0,validation
101494,0,test
101495,0,test
101496,0,test
101497,0,train
101498,0,train
101499,1,train
101500,0,validation
101501,0,validation
101502,0,train
101503,0,test
101504,0,train
101505,0,train
101506,0,train
101507,0,train
101508,0,train
101509,0,train
101510,0,train
101511,0,train
101512,0,train
101513,0,train
101514,0,test
101515,0,train
101516,0,train
101517,0,train
101518,0,train
101519,1,train
101520,0,train
101521,1,train
101522,0,test
101523,0,train
101524,0,train
101525,0,train
101526,0,train
101527,1,train
101528,0,train
101529,0,train
101530,0,validation
101531,0,train
101532,1,validation
101533,0,train
101534,0,train
101535,0,train
101536,0,train
101537,0,train
101538,0,train
101539,0,train
101540,0,train
101541,0,train
101542,0,train
101543,0,validation
101544,0,test
101545,0,train
101546,0,train
101547,0,validation
101548,1,train
101549,1,validation
101550,0,test
101551,0,test
101552,0,train
101553,1,train
101554,0,train
101555,1,train
101556,0,train
101557,0,train
101558,0,train
101559,0,test
101560,0,train
101561,0,validation
101562,0,train
101563,0,train
101564,0,train
101565,0,train
101566,0,train
101567,0,validation
101568,0,validation
101569,0,train
101570,0,validation
101571,1,train
101572,0,train
101573,1,train
101574,0,train
101575,0,train
101576,1,validation
101577,0,train
101578,0,train
101579,0,train
101580,0,train
101581,0,validation
101582,0,test
101583,0,train
101584,0,train
101585,0,test
101586,1,train
101587,0,train
101588,0,train
101589,0,train
101590,0,train
101591,0,validation
101592,0,train
101593,0,train
101594,0,test
101595,1,train
101596,0,train
101597,0,train
101598,0,train
101599,0,train
101600,0,train
101601,0,train
101602,0,train
101603,0,train
101604,1,validation
101605,0,train
101606,0,train
101607,0,train
101608,0,validation
101609,0,test
101610,0,train
101611,0,validation
101612,0,train
101613,0,validation
101614,0,test
101615,0,train
101616,0,train
101617,0,test
101618,0,train
101619,0,train
101620,0,train
101621,0,train
101622,1,test
101623,1,validation
101624,1,train
101625,0,validation
101626,0,train
101627,0,train
101628,0,test
101629,0,validation
101630,0,train
101631,0,train
101632,1,train
101633,0,train
101634,0,train
101635,0,train
101636,0,train
101637,0,test
101638,0,validation
101639,0,train
101640,0,train
101641,0,validation
101642,0,train
101643,0,train
101644,1,test
101645,0,train
101646,0,validation
101647,0,train
101648,0,train
101649,0,train
101650,1,train
101651,0,test
101652,0,train
101653,0,train
101654,0,train
101655,0,train
101656,0,test
101657,0,train
101658,0,test
101659,0,train
101660,0,train
101661,0,test
101662,0,validation
101663,0,train
101664,0,train
101665,1,train
101666,0,train
101667,0,train
101668,0,train
101669,0,train
101670,0,train
101671,1,train
101672,0,train
101673,0,validation
101674,0,train
101675,0,validation
101676,0,train
101677,0,train
101678,0,train
101679,0,test
101680,0,train
101681,0,train
101682,0,train
101683,0,validation
101684,0,train
101685,1,test
101686,0,test
101687,0,train
101688,0,train
101689,0,train
101690,1,train
101691,0,train
101692,1,train
101693,0,test
101694,0,train
101695,0,train
101696,0,test
101697,0,train
101698,0,test
101699,0,train
101700,0,train
101701,0,train
101702,0,train
101703,1,validation
101704,0,train
101705,0,train
101706,0,test
101707,0,train
101708,0,train
101709,0,train
101710,0,train
101711,1,train
101712,0,train
101713,0,validation
101714,0,validation
101715,0,train
101716,0,train
101717,1,train
101718,0,train
101719,0,train
101720,0,train
101721,1,train
101722,0,train
101723,0,train
101724,1,train
101725,0,test
101726,0,train
101727,0,train
101728,1,test
101729,0,validation
101730,0,train
101731,0,train
101732,0,train
101733,0,train
101734,1,train
101735,0,train
101736,0,train
101737,0,train
101738,0,train
101739,1,train
101740,0,validation
101741,0,train
101742,0,train
101743,0,train
101744,0,test
101745,0,train
101746,0,train
101747,0,train
101748,0,test
101749,0,train
101750,0,validation
101751,0,train
101752,0,train
101753,0,train
101754,1,train
101755,0,train
101756,0,train
101757,0,train
101758,0,train
101759,1,train
101760,0,test
101761,0,train
101762,0,train
101763,0,train
101764,0,train
101765,0,test
101766,0,train
101767,0,train
101768,0,validation
101769,0,train
101770,0,validation
101771,0,validation
101772,0,train
101773,1,train
101774,0,train
101775,0,validation
101776,0,validation
101777,0,train
101778,0,validation
101779,0,train
101780,0,train
101781,0,test
101782,0,train
101783,0,train
101784,0,train
101785,1,train
101786,0,train
101787,1,train
101788,0,test
101789,0,train
101790,0,train
101791,0,test
101792,0,validation
101793,0,train
101794,0,test
101795,0,validation
101796,0,train
101797,0,train
101798,1,train
101799,0,validation
101800,0,test
101801,0,train
101802,0,train
101803,1,train
101804,0,train
101805,1,train
101806,0,train
101807,0,train
101808,0,train
101809,0,train
101810,0,test
101811,0,train
101812,0,test
101813,0,train
101814,1,train
101815,0,test
101816,0,test
101817,0,train
101818,0,validation
101819,0,train
101820,1,train
101821,0,train
101822,0,validation
101823,0,train
101824,0,train
101825,0,train
101826,0,train
101827,0,test
101828,0,train
101829,0,train
101830,0,train
101831,0,train
101832,0,test
101833,0,test
101834,0,test
101835,0,validation
101836,0,test
101837,0,train
101838,0,test
101839,0,validation
101840,0,test
101841,0,validation
101842,0,train
101843,0,validation
101844,1,validation
101845,0,train
101846,0,validation
101847,0,test
101848,0,train
101849,0,train
101850,0,test
101851,0,train
101852,0,train
101853,0,train
101854,1,train
101855,0,validation
101856,0,validation
101857,0,test
101858,0,train
101859,0,train
101860,0,train
101861,0,train
101862,0,test
101863,0,validation
101864,0,train
101865,1,train
101866,0,test
101867,0,train
101868,0,train
101869,0,validation
101870,1,train
101871,1,train
101872,0,train
101873,0,train
101874,0,test
101875,0,test
101876,0,train
101877,0,validation
101878,0,train
101879,0,train
101880,0,train
101881,0,validation
101882,0,train
101883,0,train
101884,0,train
101885,0,train
101886,0,train
101887,0,train
101888,1,train
101889,0,train
101890,0,test
101891,0,validation
101892,0,train
101893,0,train
101894,0,train
101895,0,train
101896,0,train
101897,1,train
101898,1,train
101899,0,train
101900,0,train
101901,0,train
101902,0,validation
101903,1,train
101904,1,train
101905,0,train
101906,0,train
101907,0,test
101908,0,train
101909,0,validation
101910,0,train
101911,0,validation
101912,0,train
101913,0,validation
101914,0,train
101915,0,train
101916,0,train
101917,0,test
101918,0,train
101919,1,train
101920,0,train
101921,1,train
101922,1,train
101923,0,train
101924,0,validation
101925,0,validation
101926,0,train
101927,0,train
101928,1,train
101929,0,train
101930,0,train
101931,0,train
101932,0,test
101933,1,validation
101934,0,train
101935,0,test
101936,0,train
101937,0,test
101938,0,train
101939,0,train
101940,0,train
101941,0,validation
101942,0,train
101943,0,test
101944,0,train
101945,1,validation
101946,0,train
101947,0,train
101948,0,train
101949,0,train
101950,1,train
101951,0,train
101952,0,validation
101953,0,validation
101954,1,train
101955,0,validation
101956,0,train
101957,0,train
101958,0,train
101959,1,train
101960,0,train
101961,0,train
101962,0,train
101963,0,validation
101964,0,train
101965,0,train
101966,1,train
101967,0,train
101968,0,train
101969,0,validation
101970,0,validation
101971,1,train
101972,0,test
101973,0,train
101974,0,train
101975,0,train
101976,0,train
101977,0,train
101978,0,train
101979,0,validation
101980,0,validation
101981,0,validation
101982,0,validation
101983,0,train
101984,0,validation
101985,0,validation
101986,0,train
101987,0,train
101988,0,train
101989,0,validation
101990,0,train
101991,0,train
101992,0,validation
101993,0,test
101994,0,train
101995,0,train
101996,0,test
101997,0,validation
101998,0,train
101999,0,train
102000,0,train
102001,0,train
102002,0,test
102003,0,train
102004,0,train
102005,1,train
102006,0,train
102007,0,train
102008,1,train
102009,1,validation
102010,0,test
102011,0,train
102012,0,train
102013,0,train
102014,0,train
102015,0,train
102016,0,train
102017,0,train
102018,0,train
102019,1,validation
102020,0,train
102021,0,train
102022,0,train
102023,1,train
102024,1,train
102025,0,train
102026,0,validation
102027,0,validation
102028,0,train
102029,0,validation
102030,0,train
102031,0,train
102032,0,test
102033,0,validation
102034,0,train
102035,0,train
102036,0,train
102037,0,train
102038,1,train
102039,0,train
102040,1,test
102041,0,validation
102042,0,train
102043,1,train
102044,1,train
102045,0,train
102046,1,train
102047,0,train
102048,0,train
102049,0,train
102050,1,test
102051,0,train
102052,0,train
102053,0,train
102054,0,test
102055,0,test
102056,1,validation
102057,0,train
102058,0,test
102059,0,validation
102060,0,train
102061,0,train
102062,0,train
102063,0,train
102064,0,test
102065,0,train
102066,0,train
102067,1,train
102068,0,train
102069,0,train
102070,0,test
102071,0,test
102072,0,train
102073,0,validation
102074,0,test
102075,1,train
102076,1,train
102077,0,train
102078,0,train
102079,0,test
102080,0,train
102081,0,train
102082,0,train
102083,0,test
102084,0,train
102085,1,train
102086,0,train
102087,0,train
102088,0,train
102089,0,validation
102090,1,test
102091,0,train
102092,0,train
102093,0,train
102094,0,train
102095,0,train
102096,0,train
102097,0,train
102098,0,train
102099,0,test
102100,0,train
102101,0,train
102102,0,validation
102103,0,validation
102104,0,validation
102105,0,test
102106,0,train
102107,1,test
102108,0,train
102109,0,test
102110,0,train
102111,1,train
102112,0,validation
102113,0,train
102114,0,train
102115,0,validation
102116,0,train
102117,0,train
102118,0,validation
102119,0,train
102120,0,validation
102121,0,train
102122,0,train
102123,0,train
102124,0,train
102125,0,train
102126,0,validation
102127,0,test
102128,1,train
102129,1,train
102130,0,train
102131,0,validation
102132,0,validation
102133,0,validation
102134,0,train
102135,0,validation
102136,0,train
102137,0,train
102138,0,train
102139,0,train
102140,0,train
102141,0,train
102142,0,train
102143,1,train
102144,0,train
102145,0,test
102146,0,train
102147,0,train
102148,0,validation
102149,0,test
102150,1,train
102151,1,test
102152,0,validation
102153,0,train
102154,0,train
102155,0,train
102156,0,train
102157,0,train
102158,1,train
102159,0,train
102160,0,train
102161,1,train
102162,0,train
102163,0,train
102164,0,test
102165,0,train
102166,0,validation
102167,0,test
102168,0,train
102169,1,test
102170,0,train
102171,0,validation
102172,0,train
102173,0,train
102174,0,train
102175,0,train
102176,1,train
102177,0,train
102178,0,train
102179,1,test
102180,0,train
102181,0,train
102182,0,train
102183,0,train
102184,0,validation
102185,0,train
102186,0,train
102187,0,train
102188,0,train
102189,0,train
102190,0,validation
102191,0,validation
102192,0,train
102193,1,test
102194,1,test
102195,0,validation
102196,1,test
102197,0,validation
102198,0,train
102199,0,train
102200,0,train
102201,0,validation
102202,0,test
102203,0,train
102204,1,validation
102205,0,test
102206,0,validation
102207,0,train
102208,0,test
102209,0,train
102210,0,train
102211,0,validation
102212,0,train
102213,0,train
102214,0,train
102215,0,train
102216,0,train
102217,0,train
102218,0,train
102219,0,train
102220,0,train
102221,0,test
102222,0,train
102223,0,train
102224,0,train
102225,0,train
102226,1,train
102227,0,train
102228,0,train
102229,0,validation
102230,0,train
102231,0,train
102232,0,train
102233,1,validation
102234,0,train
102235,1,validation
102236,0,train
102237,0,train
102238,0,train
102239,1,train
102240,1,validation
102241,0,test
102242,0,test
102243,0,train
102244,0,train
102245,0,validation
102246,0,train
102247,0,train
102248,1,train
102249,0,test
102250,0,train
102251,0,train
102252,0,train
102253,0,train
102254,0,test
102255,1,train
102256,0,test
102257,0,test
102258,0,train
102259,0,train
102260,0,train
102261,0,train
102262,1,train
102263,0,validation
102264,0,test
102265,0,train
102266,0,train
102267,0,train
102268,0,train
102269,0,train
102270,1,train
102271,0,test
102272,0,train
102273,1,train
102274,0,train
102275,0,validation
102276,0,train
102277,0,test
102278,0,train
102279,0,train
102280,0,train
102281,0,test
102282,1,train
102283,0,train
102284,0,train
102285,1,train
102286,0,train
102287,0,train
102288,1,train
102289,0,train
102290,0,train
102291,0,test
102292,0,train
102293,0,test
102294,0,train
102295,0,train
102296,0,train
102297,0,train
102298,0,train
102299,0,train
102300,0,train
102301,0,train
102302,0,train
102303,0,train
102304,0,test
102305,0,train
102306,0,train
102307,1,train
102308,0,train
102309,1,validation
102310,0,test
102311,0,train
102312,0,train
102313,0,validation
102314,0,train
102315,1,train
102316,0,train
102317,0,train
102318,0,train
102319,1,train
102320,0,validation
102321,0,test
102322,0,train
102323,0,train
102324,1,validation
102325,0,test
102326,0,train
102327,0,train
102328,1,train
102329,0,train
102330,0,train
102331,0,validation
102332,0,train
102333,0,validation
102334,0,train
102335,1,train
102336,0,train
102337,0,test
102338,1,train
102339,0,train
102340,0,train
102341,0,train
102342,0,train
102343,0,train
102344,0,train
102345,0,validation
102346,0,train
102347,0,validation
102348,0,train
102349,1,train
102350,0,validation
102351,0,train
102352,1,train
102353,0,validation
102354,0,test
102355,0,validation
102356,0,train
102357,0,test
102358,0,validation
102359,0,train
102360,1,train
102361,0,train
102362,0,train
102363,0,train
102364,0,train
102365,0,train
102366,0,train
102367,1,train
102368,0,train
102369,0,train
102370,0,train
102371,0,train
102372,0,train
102373,1,validation
102374,0,train
102375,0,train
102376,0,train
102377,0,train
102378,1,train
102379,0,validation
102380,0,validation
102381,0,train
102382,0,test
102383,0,train
102384,1,train
102385,0,train
102386,0,train
102387,0,validation
102388,0,train
102389,0,test
102390,0,test
102391,0,train
102392,0,train
102393,0,validation
102394,0,train
102395,0,test
102396,0,test
102397,1,train
102398,0,train
102399,1,test
102400,0,train
102401,0,train
102402,0,train
102403,0,train
102404,0,train
102405,1,validation
102406,0,train
102407,0,train
102408,0,train
102409,0,validation
102410,0,train
102411,0,train
102412,0,train
102413,0,validation
102414,0,train
102415,0,test
102416,0,train
102417,0,test
102418,0,train
102419,0,train
102420,0,train
102421,0,train
102422,0,validation
102423,0,test
102424,1,validation
102425,0,train
102426,0,train
102427,1,train
102428,0,train
102429,0,train
102430,0,validation
102431,0,train
102432,0,train
102433,0,test
102434,0,train
102435,1,validation
102436,0,train
102437,0,train
102438,0,train
102439,1,train
102440,0,test
102441,0,train
102442,0,train
102443,0,train
102444,0,train
102445,0,train
102446,0,train
102447,0,train
102448,0,test
102449,0,test
102450,0,train
102451,0,train
102452,1,test
102453,0,train
102454,1,train
102455,1,test
102456,0,train
102457,0,train
102458,0,validation
102459,0,validation
102460,0,train
102461,0,train
102462,0,train
102463,0,train
102464,0,validation
102465,0,train
102466,0,train
102467,0,train
102468,0,train
102469,0,train
102470,0,validation
102471,1,validation
102472,0,train
102473,0,train
102474,0,train
102475,0,validation
102476,0,train
102477,0,validation
102478,0,train
102479,0,train
102480,1,test
102481,0,train
102482,0,train
102483,0,test
102484,0,validation
102485,0,train
102486,0,validation
102487,0,train
102488,0,train
102489,0,train
102490,0,train
102491,0,train
102492,0,train
102493,0,train
102494,0,train
102495,0,train
102496,0,train
102497,0,train
102498,0,train
102499,0,train
102500,1,train
102501,0,test
102502,0,validation
102503,0,train
102504,0,test
102505,0,train
102506,0,train
102507,1,train
102508,0,train
102509,0,train
102510,0,train
102511,0,train
102512,0,test
102513,0,train
102514,0,train
102515,0,train
102516,0,train
102517,0,test
102518,0,train
102519,0,train
102520,0,train
102521,1,train
102522,0,validation
102523,0,validation
102524,0,train
102525,0,test
102526,0,train
102527,0,test
102528,0,train
102529,0,train
102530,1,train
102531,0,train
102532,1,train
102533,0,test
102534,0,test
102535,0,train
102536,0,train
102537,0,train
102538,0,train
102539,0,test
102540,0,train
102541,0,train
102542,0,test
102543,0,validation
102544,0,train
102545,1,train
102546,0,train
102547,0,train
102548,0,train
102549,0,train
102550,0,train
102551,0,train
102552,0,validation
102553,0,train
102554,0,train
102555,0,train
102556,0,train
102557,0,validation
102558,0,test
102559,0,test
102560,0,train
102561,0,train
102562,0,train
102563,0,test
102564,0,train
102565,0,train
102566,0,train
102567,0,validation
102568,0,train
102569,1,train
102570,0,train
102571,0,train
102572,0,train
102573,0,train
102574,0,train
102575,0,train
102576,0,train
102577,0,train
102578,0,test
102579,0,train
102580,0,train
102581,1,train
102582,0,validation
102583,0,validation
102584,0,validation
102585,0,train
102586,0,validation
102587,0,train
102588,0,train
102589,1,train
102590,0,validation
102591,0,validation
102592,0,test
102593,0,train
102594,0,validation
102595,1,train
102596,0,test
102597,0,validation
102598,0,train
102599,1,train
102600,0,train
102601,0,train
102602,0,train
102603,1,validation
102604,0,train
102605,0,test
102606,0,validation
102607,0,train
102608,0,train
102609,0,test
102610,0,validation
102611,0,train
102612,0,train
102613,0,train
102614,1,test
102615,0,train
102616,0,train
102617,0,train
102618,0,train
102619,0,train
102620,0,train
102621,0,train
102622,0,train
102623,1,train
102624,1,train
102625,0,train
102626,0,train
102627,0,train
102628,0,train
102629,0,train
102630,0,train
102631,0,train
102632,0,train
102633,0,train
102634,0,test
102635,1,train
102636,0,train
102637,0,validation
102638,0,train
102639,0,train
102640,0,train
102641,0,train
102642,0,train
102643,0,train
102644,0,train
102645,0,validation
102646,0,validation
102647,0,test
102648,0,train
102649,0,train
102650,0,train
102651,0,train
102652,0,train
102653,0,train
102654,0,train
102655,0,train
102656,0,train
102657,0,train
102658,0,train
102659,0,validation
102660,1,train
102661,0,test
102662,0,train
102663,0,train
102664,0,train
102665,0,train
102666,0,test
102667,0,train
102668,0,train
102669,0,train
102670,0,train
102671,0,validation
102672,0,test
102673,0,train
102674,0,train
102675,0,train
102676,0,train
102677,0,test
102678,0,test
102679,0,train
102680,0,train
102681,0,train
102682,0,train
102683,0,train
102684,0,train
102685,0,train
102686,0,train
102687,0,test
102688,0,train
102689,0,validation
102690,1,train
102691,0,train
102692,0,train
102693,0,train
102694,1,train
102695,0,train
102696,1,train
102697,0,test
102698,1,test
102699,0,validation
102700,0,train
102701,0,test
102702,0,train
102703,0,train
102704,0,train
102705,0,train
102706,0,train
102707,0,test
102708,0,train
102709,0,train
102710,0,train
102711,0,train
102712,0,train
102713,0,train
102714,1,train
102715,0,test
102716,0,validation
102717,0,train
102718,0,validation
102719,0,validation
102720,0,train
102721,0,train
102722,0,train
102723,0,train
102724,0,train
102725,0,train
102726,0,train
102727,0,train
102728,0,train
102729,0,train
102730,0,train
102731,1,train
102732,0,validation
102733,0,train
102734,0,train
102735,0,train
102736,0,train
102737,1,train
102738,1,test
102739,1,test
102740,0,validation
102741,0,validation
102742,0,train
102743,1,test
102744,0,train
102745,0,train
102746,0,train
102747,0,train
102748,0,train
102749,0,train
102750,0,train
102751,0,test
102752,1,train
102753,0,train
102754,0,train
102755,0,validation
102756,0,train
102757,0,train
102758,0,validation
102759,0,test
102760,0,train
102761,1,test
102762,0,train
102763,0,test
102764,0,train
102765,0,test
102766,1,train
102767,1,train
102768,0,test
102769,0,train
102770,1,train
102771,0,test
102772,1,train
102773,0,validation
102774,0,train
102775,0,train
102776,0,train
102777,0,train
102778,0,train
102779,0,train
102780,0,train
102781,0,validation
102782,0,validation
102783,0,train
102784,0,validation
102785,0,train
102786,0,train
102787,0,train
102788,0,test
102789,0,test
102790,1,train
102791,1,validation
102792,0,train
102793,0,train
102794,0,train
102795,1,validation
102796,0,validation
102797,1,test
102798,0,train
102799,1,train
102800,0,train
102801,0,train
102802,0,train
102803,0,train
102804,1,train
102805,0,validation
102806,0,train
102807,0,validation
102808,0,test
102809,0,train
102810,0,train
102811,0,train
102812,0,train
102813,0,validation
102814,0,test
102815,0,test
102816,0,train
102817,0,train
102818,0,train
102819,0,train
102820,0,train
102821,0,train
102822,0,train
102823,0,train
102824,0,train
102825,1,train
102826,0,train
102827,0,test
102828,0,train
102829,0,train
102830,0,train
102831,0,train
102832,0,train
102833,0,train
102834,0,train
102835,0,train
102836,0,train
102837,0,train
102838,0,train
102839,0,train
102840,0,train
102841,0,test
102842,0,train
102843,0,train
102844,0,train
102845,0,validation
102846,0,train
102847,0,train
102848,0,train
102849,0,train
102850,0,train
102851,0,train
102852,0,train
102853,0,test
102854,1,train
102855,0,train
102856,0,train
102857,0,train
102858,0,train
102859,0,train
102860,0,validation
102861,0,validation
102862,0,validation
102863,0,test
102864,0,train
102865,0,train
102866,0,train
102867,0,train
102868,0,train
102869,0,train
102870,0,train
102871,0,train
102872,0,train
102873,0,validation
102874,0,train
102875,0,train
102876,0,train
102877,0,train
102878,1,validation
102879,0,test
102880,0,train
102881,1,train
102882,0,validation
102883,0,train
102884,0,train
102885,0,train
102886,0,validation
102887,0,train
102888,0,train
102889,1,validation
102890,0,validation
102891,0,test
102892,0,train
102893,0,train
102894,0,train
102895,0,train
102896,0,train
102897,1,validation
102898,0,train
102899,0,train
102900,0,train
102901,0,train
102902,0,train
102903,0,train
102904,0,train
102905,0,test
102906,1,train
102907,0,train
102908,0,train
102909,0,train
102910,0,train
102911,0,train
102912,0,train
102913,0,train
102914,0,train
102915,0,train
102916,1,test
102917,0,train
102918,0,train
102919,0,train
102920,0,validation
102921,0,train
102922,0,test
102923,0,train
102924,0,validation
102925,0,train
102926,0,train
102927,0,train
102928,0,train
102929,0,train
102930,0,train
102931,0,train
102932,0,train
102933,0,test
102934,0,train
102935,0,train
102936,0,train
102937,0,train
102938,0,train
102939,0,train
102940,0,train
102941,0,train
102942,0,train
102943,0,validation
102944,0,train
102945,0,validation
102946,0,train
102947,1,train
102948,0,train
102949,0,train
102950,0,train
102951,0,train
102952,0,train
102953,0,test
102954,0,train
102955,0,test
102956,0,test
102957,0,train
102958,0,train
102959,0,train
102960,0,train
102961,0,test
102962,1,train
102963,1,train
102964,0,train
102965,0,train
102966,0,validation
102967,0,train
102968,1,train
102969,0,train
102970,0,train
102971,0,test
102972,0,train
102973,0,train
102974,0,train
102975,0,train
102976,0,test
102977,0,train
102978,0,test
102979,0,train
102980,0,validation
102981,1,train
102982,0,validation
102983,0,test
102984,0,train
102985,0,train
102986,0,train
102987,0,train
102988,0,test
102989,0,train
102990,0,validation
102991,0,validation
102992,0,train
102993,0,train
102994,1,train
102995,0,train
102996,0,train
102997,0,train
102998,0,train
102999,0,train
103000,0,train
103001,0,train
103002,0,train
103003,0,train
103004,0,train
103005,0,train
103006,0,train
103007,0,train
103008,0,test
103009,1,train
103010,0,train
103011,0,test
103012,0,train
103013,0,train
103014,0,train
103015,1,validation
103016,0,validation
103017,0,train
103018,1,validation
103019,1,train
103020,0,train
103021,0,train
103022,0,validation
103023,0,train
103024,0,train
103025,0,validation
103026,0,train
103027,0,train
103028,1,train
103029,0,validation
103030,0,test
103031,0,validation
103032,1,test
103033,0,train
103034,0,validation
103035,0,train
103036,0,test
103037,0,train
103038,1,train
103039,0,train
103040,0,validation
103041,0,train
103042,0,train
103043,0,validation
103044,0,train
103045,0,train
103046,0,train
103047,0,train
103048,0,validation
103049,0,validation
103050,0,train
103051,0,train
103052,1,validation
103053,0,train
103054,0,train
103055,0,train
103056,0,train
103057,0,train
103058,0,train
103059,0,train
103060,0,test
103061,0,train
103062,0,train
103063,0,validation
103064,0,test
103065,0,train
103066,0,train
103067,0,train
103068,0,validation
103069,0,validation
103070,0,test
103071,0,train
103072,0,train
103073,0,train
103074,0,train
103075,1,train
103076,0,train
103077,1,train
103078,0,train
103079,1,train
103080,0,train
103081,0,train
103082,0,train
103083,0,validation
103084,0,train
103085,0,train
103086,0,test
103087,0,train
103088,0,test
103089,0,train
103090,0,train
103091,0,validation
103092,0,validation
103093,0,train
103094,0,train
103095,0,test
103096,0,train
103097,0,train
103098,0,train
103099,0,train
103100,0,test
103101,0,train
103102,0,train
103103,0,test
103104,0,test
103105,0,train
103106,1,test
103107,1,train
103108,0,train
103109,0,test
103110,0,test
103111,1,test
103112,0,train
103113,0,validation
103114,0,test
103115,0,train
103116,0,validation
103117,0,train
103118,0,train
103119,0,test
103120,0,test
103121,0,train
103122,0,test
103123,0,train
103124,0,train
103125,0,train
103126,1,train
103127,0,train
103128,0,train
103129,0,train
103130,0,train
103131,0,test
103132,0,train
103133,0,test
103134,0,train
103135,0,train
103136,0,train
103137,0,validation
103138,0,train
103139,0,test
103140,0,train
103141,0,train
103142,0,train
103143,1,validation
103144,1,validation
103145,0,train
103146,0,train
103147,0,validation
103148,0,train
103149,0,train
103150,0,train
103151,0,train
103152,1,train
103153,0,train
103154,1,train
103155,0,validation
103156,0,validation
103157,0,train
103158,0,train
103159,0,train
103160,0,train
103161,0,validation
103162,0,train
103163,0,train
103164,0,validation
103165,0,train
103166,0,test
103167,0,test
103168,0,train
103169,0,validation
103170,0,train
103171,0,validation
103172,0,test
103173,1,train
103174,1,test
103175,0,train
103176,0,test
103177,0,train
103178,0,validation
103179,0,test
103180,0,validation
103181,0,train
103182,0,validation
103183,0,train
103184,0,test
103185,0,train
103186,0,test
103187,0,train
103188,0,test
103189,1,train
103190,0,train
103191,0,test
103192,1,validation
103193,0,train
103194,0,train
103195,0,train
103196,0,train
103197,0,train
103198,0,train
103199,1,train
103200,0,validation
103201,0,train
103202,0,train
103203,0,train
103204,0,validation
103205,0,train
103206,0,train
103207,0,train
103208,0,test
103209,0,test
103210,0,train
103211,0,validation
103212,0,train
103213,0,validation
103214,0,train
103215,0,train
103216,0,validation
103217,1,validation
103218,0,validation
103219,1,train
103220,0,train
103221,0,train
103222,1,train
103223,0,validation
103224,0,train
103225,1,validation
103226,0,train
103227,0,validation
103228,0,train
103229,0,train
103230,0,train
103231,0,train
103232,0,validation
103233,0,train
103234,0,validation
103235,1,train
103236,0,test
103237,0,train
103238,0,train
103239,1,train
103240,0,train
103241,0,train
103242,0,train
103243,0,test
103244,0,train
103245,0,train
103246,0,train
103247,0,validation
103248,0,validation
103249,0,train
103250,0,train
103251,0,train
103252,0,train
103253,0,train
103254,0,train
103255,0,train
103256,1,test
103257,0,train
103258,0,train
103259,0,train
103260,0,validation
103261,0,train
103262,0,train
103263,0,train
103264,0,train
103265,0,train
103266,0,validation
103267,0,train
103268,0,train
103269,0,train
103270,0,train
103271,0,train
103272,0,train
103273,0,train
103274,0,test
103275,0,validation
103276,0,test
103277,1,train
103278,1,train
103279,0,test
103280,1,train
103281,0,test
103282,0,test
103283,0,train
103284,0,train
103285,1,train
103286,0,train
103287,0,validation
103288,0,train
103289,0,train
103290,0,validation
103291,0,train
103292,0,train
103293,0,train
103294,0,train
103295,1,test
103296,0,train
103297,0,train
103298,0,train
103299,0,train
103300,0,train
103301,0,train
103302,0,train
103303,1,train
103304,0,train
103305,0,train
103306,0,test
103307,0,train
103308,0,train
103309,1,validation
103310,0,train
103311,0,train
103312,0,train
103313,0,train
103314,0,train
103315,0,test
103316,0,validation
103317,0,train
103318,0,train
103319,0,test
103320,0,train
103321,0,train
103322,0,validation
103323,0,train
103324,0,validation
103325,0,validation
103326,0,test
103327,0,train
103328,0,test
103329,0,train
103330,0,train
103331,1,test
103332,0,test
103333,1,validation
103334,0,train
103335,1,train
103336,0,train
103337,1,test
103338,0,train
103339,0,train
103340,0,test
103341,0,train
103342,0,train
103343,1,validation
103344,1,train
103345,0,validation
103346,0,train
103347,0,train
103348,0,train
103349,0,train
103350,0,train
103351,0,train
103352,0,train
103353,1,validation
103354,0,train
103355,0,train
103356,1,test
103357,0,train
103358,0,train
103359,0,train
103360,0,train
103361,1,validation
103362,0,test
103363,0,train
103364,0,train
103365,0,validation
103366,0,train
103367,0,train
103368,0,train
103369,0,train
103370,0,train
103371,1,train
103372,0,test
103373,1,train
103374,1,train
103375,0,validation
103376,0,train
103377,0,test
103378,1,train
103379,0,train
103380,0,train
103381,1,test
103382,0,test
103383,0,test
103384,0,train
103385,0,train
103386,0,train
103387,0,train
103388,0,train
103389,0,train
103390,0,test
103391,0,train
103392,0,validation
103393,0,train
103394,0,validation
103395,0,train
103396,0,train
103397,1,train
103398,0,train
103399,0,train
103400,0,validation
103401,0,train
103402,0,train
103403,0,test
103404,0,train
103405,0,train
103406,0,train
103407,0,train
103408,1,validation
103409,0,train
103410,0,validation
103411,0,train
103412,0,train
103413,0,train
103414,0,train
103415,0,train
103416,0,train
103417,0,train
103418,0,train
103419,0,train
103420,0,train
103421,0,train
103422,0,test
103423,0,train
103424,0,test
103425,0,train
103426,0,train
103427,0,train
103428,0,train
103429,0,validation
103430,0,train
103431,1,test
103432,0,train
103433,0,train
103434,0,validation
103435,0,train
103436,1,train
103437,1,train
103438,1,train
103439,0,train
103440,1,train
103441,0,train
103442,0,train
103443,0,train
103444,1,train
103445,0,test
103446,0,validation
103447,0,train
103448,0,validation
103449,0,test
103450,0,validation
103451,1,test
103452,0,train
103453,0,validation
103454,0,train
103455,0,train
103456,0,train
103457,0,train
103458,0,train
103459,1,train
103460,0,train
103461,0,train
103462,0,validation
103463,1,train
103464,0,train
103465,0,train
103466,0,test
103467,0,train
103468,1,validation
103469,0,train
103470,0,test
103471,0,validation
103472,0,test
103473,0,test
103474,0,train
103475,0,validation
103476,0,train
103477,0,train
103478,0,train
103479,0,train
103480,0,validation
103481,0,train
103482,1,train
103483,0,train
103484,0,validation
103485,0,train
103486,0,train
103487,0,test
103488,0,train
103489,0,train
103490,0,train
103491,0,train
103492,0,validation
103493,0,train
103494,0,validation
103495,0,train
103496,1,train
103497,0,train
103498,0,train
103499,0,train
103500,0,test
103501,1,train
103502,0,validation
103503,0,train
103504,0,train
103505,0,train
103506,0,validation
103507,0,test
103508,0,train
103509,0,train
103510,0,train
103511,0,train
103512,0,train
103513,0,train
103514,0,train
103515,1,train
103516,0,train
103517,0,validation
103518,1,train
103519,1,train
103520,0,train
103521,0,train
103522,0,validation
103523,0,train
103524,0,validation
103525,0,train
103526,0,train
103527,0,train
103528,0,train
103529,0,train
103530,0,train
103531,0,train
103532,0,train
103533,0,train
103534,0,test
103535,0,train
103536,0,train
103537,0,test
103538,0,train
103539,0,train
103540,0,test
103541,0,train
103542,0,train
103543,0,train
103544,0,test
103545,0,train
103546,0,train
103547,0,train
103548,0,train
103549,0,validation
103550,1,train
103551,0,train
103552,1,validation
103553,0,train
103554,0,train
103555,0,train
103556,0,train
103557,0,train
103558,0,test
103559,0,train
103560,0,train
103561,0,train
103562,0,test
103563,1,train
103564,1,train
103565,0,test
103566,0,train
103567,0,test
103568,0,validation
103569,0,train
103570,0,train
103571,0,validation
103572,0,train
103573,0,test
103574,0,train
103575,0,train
103576,0,train
103577,0,train
103578,0,train
103579,1,train
103580,0,test
103581,0,validation
103582,1,train
103583,1,train
103584,0,test
103585,0,validation
103586,0,train
103587,0,train
103588,0,train
103589,0,train
103590,1,train
103591,0,train
103592,0,train
103593,0,train
103594,0,train
103595,0,train
103596,1,train
103597,0,validation
103598,0,train
103599,0,train
103600,0,train
103601,1,test
103602,0,train
103603,0,train
103604,0,train
103605,0,train
103606,0,test
103607,0,test
103608,1,train
103609,0,validation
103610,1,train
103611,1,train
103612,0,validation
103613,0,train
103614,0,test
103615,1,train
103616,0,validation
103617,0,train
103618,0,train
103619,0,test
103620,0,train
103621,0,train
103622,0,train
103623,0,train
103624,0,train
103625,0,train
103626,0,validation
103627,0,train
103628,0,train
103629,1,train
103630,0,test
103631,0,train
103632,0,train
103633,1,test
103634,0,train
103635,0,train
103636,0,train
103637,0,train
103638,1,train
103639,0,train
103640,0,train
103641,0,test
103642,0,train
103643,0,test
103644,0,train
103645,0,train
103646,0,train
103647,0,train
103648,0,train
103649,0,test
103650,0,train
103651,0,train
103652,0,train
103653,0,test
103654,0,train
103655,1,train
103656,0,train
103657,0,train
103658,0,train
103659,0,train
103660,0,train
103661,0,test
103662,0,train
103663,1,train
103664,0,test
103665,1,train
103666,1,train
103667,0,train
103668,0,train
103669,0,validation
103670,0,train
103671,0,validation
103672,0,test
103673,0,validation
103674,0,train
103675,0,test
103676,0,test
103677,0,validation
103678,0,train
103679,0,train
103680,1,train
103681,0,train
103682,0,validation
103683,0,test
103684,0,test
103685,1,test
103686,0,train
103687,1,train
103688,0,train
103689,1,train
103690,0,train
103691,1,test
103692,0,train
103693,1,train
103694,0,test
103695,0,train
103696,0,train
103697,0,test
103698,1,train
103699,0,train
103700,0,train
103701,0,test
103702,0,validation
103703,0,train
103704,0,train
103705,0,train
103706,0,train
103707,0,validation
103708,0,train
103709,1,train
103710,0,train
103711,0,train
103712,0,test
103713,0,train
103714,1,test
103715,1,train
103716,1,train
103717,0,train
103718,0,train
103719,0,train
103720,0,train
103721,1,train
103722,1,train
103723,0,train
103724,0,train
103725,0,train
103726,0,test
103727,0,train
103728,0,train
103729,0,train
103730,1,validation
103731,0,train
103732,0,train
103733,0,test
103734,0,test
103735,0,validation
103736,0,train
103737,0,train
103738,1,train
103739,0,test
103740,0,test
103741,0,train
103742,0,train
103743,1,train
103744,0,train
103745,0,validation
103746,0,train
103747,0,test
103748,0,test
103749,0,train
103750,1,train
103751,0,train
103752,0,train
103753,0,test
103754,0,train
103755,0,train
103756,0,validation
103757,0,test
103758,0,test
103759,0,test
103760,0,train
103761,1,train
103762,0,test
103763,0,train
103764,0,train
103765,0,train
103766,0,train
103767,0,train
103768,0,test
103769,0,train
103770,0,train
103771,0,test
103772,0,validation
103773,0,train
103774,1,train
103775,0,train
103776,0,test
103777,0,train
103778,0,train
103779,0,train
103780,0,train
103781,0,train
103782,0,train
103783,0,train
103784,0,train
103785,0,test
103786,0,test
103787,0,train
103788,0,train
103789,1,train
103790,0,validation
103791,0,validation
103792,1,train
103793,0,train
103794,0,train
103795,0,train
103796,0,train
103797,0,train
103798,0,test
103799,1,train
103800,0,train
103801,0,train
103802,0,validation
103803,0,train
103804,0,train
103805,0,train
103806,0,train
103807,0,train
103808,0,train
103809,1,train
103810,0,train
103811,0,test
103812,0,train
103813,0,train
103814,0,test
103815,0,validation
103816,0,train
103817,0,train
103818,0,train
103819,0,train
103820,0,train
103821,1,test
103822,0,test
103823,0,train
103824,0,train
103825,0,train
103826,0,train
103827,1,train
103828,0,train
103829,0,train
103830,0,train
103831,0,train
103832,0,validation
103833,0,train
103834,0,train
103835,0,test
103836,1,train
103837,0,validation
103838,0,test
103839,0,train
103840,0,train
103841,1,train
103842,0,validation
103843,0,test
103844,0,test
103845,0,train
103846,0,train
103847,0,train
103848,0,test
103849,1,train
103850,1,train
103851,0,validation
103852,0,validation
103853,0,train
103854,1,validation
103855,0,train
103856,0,validation
103857,0,validation
103858,0,train
103859,0,train
103860,1,train
103861,0,train
103862,0,train
103863,0,validation
103864,1,train
103865,0,train
103866,0,train
103867,0,train
103868,0,train
103869,0,train
103870,0,train
103871,0,validation
103872,0,test
103873,1,validation
103874,0,train
103875,0,train
103876,0,train
103877,0,train
103878,1,train
103879,0,train
103880,0,train
103881,0,train
103882,0,train
103883,0,train
103884,1,train
103885,0,train
103886,0,train
103887,0,validation
103888,0,test
103889,0,validation
103890,1,train
103891,0,train
103892,0,validation
103893,0,test
103894,1,train
103895,0,train
103896,0,train
103897,0,train
103898,0,train
103899,0,train
103900,0,train
103901,0,train
103902,0,train
103903,0,validation
103904,0,train
103905,0,train
103906,0,train
103907,0,validation
103908,1,train
103909,0,test
103910,1,train
103911,0,train
103912,0,train
103913,0,train
103914,0,validation
103915,0,train
103916,0,train
103917,0,train
103918,0,test
103919,0,train
103920,0,validation
103921,0,train
103922,0,train
103923,0,train
103924,1,train
103925,0,train
103926,0,train
103927,0,train
103928,0,train
103929,1,train
103930,1,train
103931,0,train
103932,0,train
103933,0,train
103934,0,train
103935,1,train
103936,0,train
103937,0,train
103938,0,test
103939,0,train
103940,0,train
103941,0,train
103942,0,train
103943,0,train
103944,0,train
103945,1,train
103946,0,train
103947,0,train
103948,0,train
103949,0,train
103950,0,train
103951,0,validation
103952,0,train
103953,0,train
103954,1,validation
103955,1,train
103956,0,test
103957,0,validation
103958,1,train
103959,0,train
103960,1,test
103961,0,train
103962,0,train
103963,0,train
103964,0,train
103965,1,train
103966,1,validation
103967,0,train
103968,0,train
103969,0,test
103970,0,train
103971,0,test
103972,0,train
103973,0,train
103974,0,train
103975,0,train
103976,0,train
103977,0,train
103978,0,train
103979,0,validation
103980,0,train
103981,0,test
103982,0,test
103983,0,train
103984,0,train
103985,0,train
103986,0,train
103987,0,train
103988,0,train
103989,0,train
103990,0,train
103991,0,train
103992,1,train
103993,0,train
103994,0,train
103995,0,train
103996,0,train
103997,0,validation
103998,0,validation
103999,0,train
104000,0,train
104001,0,validation
104002,0,test
104003,0,train
104004,0,train
104005,0,train
104006,0,test
104007,1,train
104008,0,validation
104009,0,test
104010,0,train
104011,0,train
104012,0,train
104013,0,validation
104014,0,validation
104015,0,train
104016,0,test
104017,0,train
104018,0,validation
104019,0,train
104020,0,train
104021,0,validation
104022,0,validation
104023,0,train
104024,0,train
104025,0,train
104026,0,train
104027,1,test
104028,0,train
104029,1,validation
104030,0,train
104031,1,train
104032,0,validation
104033,0,train
104034,0,validation
104035,1,train
104036,0,train
104037,0,train
104038,0,train
104039,0,train
104040,1,train
104041,0,train
104042,0,train
104043,0,train
104044,0,train
104045,0,validation
104046,0,train
104047,0,train
104048,0,train
104049,0,test
104050,0,train
104051,0,train
104052,0,train
104053,0,validation
104054,0,train
104055,0,validation
104056,0,test
104057,0,train
104058,0,train
104059,0,test
104060,0,train
104061,0,train
104062,1,train
104063,0,test
104064,1,validation
104065,0,train
104066,0,train
104067,0,train
104068,0,train
104069,1,test
104070,0,train
104071,0,train
104072,0,train
104073,0,train
104074,0,train
104075,0,validation
104076,0,train
104077,0,train
104078,0,train
104079,1,validation
104080,0,train
104081,1,train
104082,0,train
104083,0,train
104084,0,train
104085,0,train
104086,0,train
104087,0,train
104088,0,train
104089,0,train
104090,0,test
104091,1,validation
104092,0,test
104093,0,train
104094,0,train
104095,1,train
104096,0,validation
104097,0,test
104098,0,train
104099,0,train
104100,0,train
104101,0,test
104102,0,train
104103,1,validation
104104,0,train
104105,0,train
104106,0,test
104107,0,train
104108,1,train
104109,0,train
104110,0,train
104111,1,test
104112,0,train
104113,0,train
104114,0,train
104115,0,validation
104116,0,train
104117,0,validation
104118,0,test
104119,0,test
104120,1,train
104121,0,train
104122,0,train
104123,0,train
104124,0,validation
104125,1,validation
104126,0,train
104127,0,train
104128,0,train
104129,0,validation
104130,0,train
104131,0,test
104132,0,train
104133,0,train
104134,0,train
104135,1,train
104136,0,test
104137,0,train
104138,0,train
104139,0,train
104140,0,train
104141,0,train
104142,0,train
104143,0,train
104144,0,test
104145,0,train
104146,0,train
104147,0,test
104148,0,train
104149,0,train
104150,0,train
104151,0,train
104152,1,train
104153,0,train
104154,0,train
104155,0,train
104156,0,train
104157,0,train
104158,0,test
104159,0,test
104160,1,train
104161,0,train
104162,0,validation
104163,0,train
104164,1,train
104165,0,validation
104166,0,train
104167,0,train
104168,1,train
104169,0,train
104170,0,train
104171,1,validation
104172,0,test
104173,0,train
104174,0,train
104175,0,train
104176,0,train
104177,0,train
104178,0,test
104179,0,test
104180,0,train
104181,0,train
104182,0,test
104183,0,train
104184,0,validation
104185,0,train
104186,0,train
104187,0,train
104188,0,train
104189,0,test
104190,0,test
104191,0,train
104192,0,train
104193,0,test
104194,0,validation
104195,0,train
104196,1,test
104197,0,test
104198,0,train
104199,0,train
104200,0,train
104201,0,train
104202,0,train
104203,0,train
104204,0,train
104205,1,train
104206,0,validation
104207,0,train
104208,0,train
104209,0,test
104210,1,train
104211,0,train
104212,0,train
104213,0,train
104214,0,train
104215,0,train
104216,0,train
104217,1,validation
104218,0,train
104219,0,train
104220,1,train
104221,0,train
104222,0,train
104223,0,train
104224,0,train
104225,0,test
104226,0,train
104227,0,train
104228,0,train
104229,0,train
104230,1,train
104231,0,train
104232,0,train
104233,0,train
104234,0,validation
104235,0,test
104236,1,train
104237,1,train
104238,0,test
104239,0,train
104240,0,validation
104241,0,train
104242,1,validation
104243,1,train
104244,0,train
104245,0,test
104246,1,test
104247,0,train
104248,1,validation
104249,0,train
104250,0,test
104251,0,validation
104252,1,train
104253,0,train
104254,0,train
104255,0,train
104256,0,train
104257,0,validation
104258,0,train
104259,0,train
104260,0,train
104261,0,validation
104262,0,train
104263,0,validation
104264,0,test
104265,0,train
104266,0,train
104267,0,train
104268,0,test
104269,0,train
104270,0,test
104271,0,train
104272,0,test
104273,1,train
104274,0,validation
104275,0,train
104276,0,train
104277,0,validation
104278,0,train
104279,0,train
104280,0,train
104281,0,train
104282,0,train
104283,0,validation
104284,1,train
104285,0,validation
104286,0,train
104287,1,train
104288,0,train
104289,1,train
104290,1,train
104291,1,train
104292,0,train
104293,0,train
104294,0,train
104295,0,train
104296,0,train
104297,0,train
104298,0,train
104299,0,train
104300,0,train
104301,0,test
104302,0,validation
104303,0,train
104304,0,train
104305,0,test
104306,0,train
104307,0,train
104308,0,validation
104309,0,train
104310,0,train
104311,1,validation
104312,0,train
104313,0,train
104314,0,train
104315,0,validation
104316,0,train
104317,0,train
104318,1,test
104319,0,train
104320,0,test
104321,1,train
104322,1,train
104323,0,train
104324,0,train
104325,1,train
104326,0,test
104327,0,validation
104328,0,train
104329,0,train
104330,0,train
104331,1,train
104332,0,train
104333,1,train
104334,0,validation
104335,0,train
104336,0,train
104337,0,train
104338,0,train
104339,0,validation
104340,0,train
104341,0,train
104342,0,validation
104343,0,test
104344,0,train
104345,0,train
104346,0,train
104347,0,train
104348,0,train
104349,0,test
104350,1,validation
104351,0,train
104352,0,train
104353,0,train
104354,0,train
104355,1,train
104356,0,train
104357,0,train
104358,0,train
104359,0,validation
104360,0,validation
104361,0,train
104362,0,train
104363,0,validation
104364,0,train
104365,0,test
104366,1,test
104367,0,train
104368,1,train
104369,0,train
104370,0,train
104371,0,train
104372,0,test
104373,1,train
104374,0,validation
104375,0,train
104376,0,train
104377,0,validation
104378,0,train
104379,1,train
104380,1,train
104381,0,test
104382,1,train
104383,0,train
104384,0,train
104385,0,train
104386,0,train
104387,0,train
104388,0,train
104389,0,train
104390,0,test
104391,1,train
104392,1,test
104393,1,train
104394,1,train
104395,0,test
104396,0,train
104397,1,train
104398,0,train
104399,0,train
104400,0,train
104401,0,train
104402,0,test
104403,0,train
104404,0,train
104405,0,train
104406,0,test
104407,0,train
104408,0,train
104409,0,train
104410,0,train
104411,0,test
104412,0,train
104413,1,test
104414,1,train
104415,0,train
104416,1,validation
104417,0,train
104418,0,train
104419,0,train
104420,0,train
104421,0,train
104422,0,train
104423,0,train
104424,0,train
104425,1,train
104426,0,validation
104427,1,test
104428,0,train
104429,0,train
104430,0,train
104431,0,train
104432,0,train
104433,0,train
104434,1,train
104435,0,train
104436,0,train
104437,0,train
104438,0,test
104439,0,validation
104440,0,train
104441,0,train
104442,0,train
104443,0,train
104444,0,test
104445,0,train
104446,0,train
104447,0,train
104448,1,train
104449,0,train
104450,0,train
104451,0,train
104452,1,train
104453,0,validation
104454,0,train
104455,0,train
104456,0,test
104457,1,train
104458,0,train
104459,0,train
104460,1,validation
104461,0,train
104462,0,train
104463,0,train
104464,0,train
104465,0,test
104466,0,train
104467,0,train
104468,0,train
104469,0,train
104470,0,test
104471,0,train
104472,0,train
104473,1,train
104474,0,train
104475,0,train
104476,0,train
104477,0,test
104478,0,train
104479,0,train
104480,0,test
104481,0,train
104482,0,train
104483,0,test
104484,0,train
104485,0,train
104486,0,train
104487,0,train
104488,0,train
104489,1,train
104490,0,test
104491,0,validation
104492,0,train
104493,0,test
104494,0,validation
104495,0,train
104496,0,test
104497,0,validation
104498,1,train
104499,0,train
104500,0,validation
104501,0,train
104502,0,train
104503,0,train
104504,0,test
104505,0,train
104506,0,validation
104507,1,train
104508,0,train
104509,0,test
104510,0,train
104511,0,train
104512,0,test
104513,0,test
104514,0,train
104515,0,validation
104516,1,train
104517,0,train
104518,0,train
104519,0,train
104520,0,train
104521,0,train
104522,0,train
104523,0,train
104524,1,validation
104525,0,train
104526,0,validation
104527,0,train
104528,0,train
104529,0,train
104530,0,validation
104531,0,test
104532,0,train
104533,1,train
104534,0,train
104535,0,test
104536,1,train
104537,0,train
104538,0,train
104539,0,train
104540,0,train
104541,1,test
104542,1,validation
104543,0,train
104544,0,validation
104545,0,train
104546,0,train
104547,1,test
104548,0,validation
104549,1,train
104550,0,train
104551,0,test
104552,0,validation
104553,0,train
104554,0,test
104555,0,train
104556,0,train
104557,0,train
104558,0,train
104559,0,train
104560,0,train
104561,0,train
104562,0,train
104563,0,train
104564,0,train
104565,0,train
104566,0,test
104567,0,train
104568,0,train
104569,1,train
104570,1,train
104571,0,train
104572,0,test
104573,0,test
104574,0,validation
104575,0,validation
104576,0,train
104577,0,test
104578,0,test
104579,0,train
104580,0,train
104581,0,train
104582,0,validation
104583,0,validation
104584,0,train
104585,0,train
104586,0,train
104587,0,validation
104588,0,test
104589,0,validation
104590,0,train
104591,0,train
104592,0,train
104593,0,validation
104594,0,train
104595,0,train
104596,1,train
104597,0,train
104598,0,train
104599,0,train
104600,0,test
104601,0,train
104602,0,train
104603,1,train
104604,0,train
104605,0,test
104606,0,test
104607,1,train
104608,0,train
104609,0,train
104610,0,validation
104611,0,validation
104612,0,train
104613,0,train
104614,0,validation
104615,0,test
104616,0,train
104617,0,test
104618,0,train
104619,1,test
104620,0,validation
104621,1,test
104622,0,validation
104623,0,validation
104624,0,train
104625,0,train
104626,0,train
104627,1,test
104628,0,train
104629,0,train
104630,0,train
104631,0,train
104632,0,train
104633,0,test
104634,0,test
104635,0,train
104636,0,validation
104637,0,train
104638,0,train
104639,0,train
104640,0,validation
104641,0,train
104642,0,train
104643,0,validation
104644,0,train
104645,0,train
104646,0,train
104647,0,validation
104648,0,train
104649,0,train
104650,1,train
104651,0,train
104652,0,train
104653,0,train
104654,0,test
104655,0,train
104656,0,validation
104657,0,train
104658,0,validation
104659,0,train
104660,0,train
104661,0,validation
104662,0,train
104663,0,train
104664,0,train
104665,0,train
104666,0,train
104667,0,test
104668,0,train
104669,0,train
104670,0,train
104671,1,train
104672,0,train
104673,0,train
104674,0,test
104675,0,validation
104676,0,train
104677,1,train
104678,0,train
104679,1,test
104680,1,test
104681,1,train
104682,0,validation
104683,1,test
104684,0,train
104685,1,train
104686,0,train
104687,0,train
104688,0,validation
104689,0,validation
104690,0,train
104691,1,validation
104692,0,train
104693,0,train
104694,0,train
104695,0,validation
104696,0,train
104697,0,train
104698,0,train
104699,0,train
104700,0,train
104701,0,test
104702,0,train
104703,0,test
104704,0,train
104705,0,train
104706,0,train
104707,0,train
104708,1,validation
104709,1,train
104710,0,train
104711,0,train
104712,0,train
104713,0,train
104714,0,train
104715,0,test
104716,0,test
104717,0,train
104718,0,train
104719,0,train
104720,0,test
104721,1,train
104722,0,validation
104723,0,train
104724,0,test
104725,0,validation
104726,1,train
104727,0,train
104728,1,validation
104729,0,train
104730,0,validation
104731,1,train
104732,0,train
104733,0,train
104734,1,train
104735,0,train
104736,0,train
104737,1,validation
104738,0,train
104739,0,train
104740,0,train
104741,0,train
104742,1,train
104743,0,train
104744,0,test
104745,0,train
104746,0,train
104747,1,train
104748,0,train
104749,0,train
104750,0,train
104751,0,train
104752,0,train
104753,0,train
104754,0,train
104755,0,train
104756,0,train
104757,0,train
104758,0,train
104759,0,train
104760,1,train
104761,1,test
104762,0,train
104763,0,train
104764,0,validation
104765,0,test
104766,0,train
104767,0,train
104768,0,train
104769,0,train
104770,0,test
104771,0,train
104772,0,train
104773,0,train
104774,0,train
104775,0,train
104776,0,train
104777,0,train
104778,0,train
104779,0,test
104780,0,validation
104781,0,train
104782,0,train
104783,0,train
104784,0,train
104785,0,train
104786,0,validation
104787,0,train
104788,0,train
104789,0,train
104790,0,test
104791,1,train
104792,0,train
104793,0,train
104794,0,test
104795,0,train
104796,0,train
104797,0,test
104798,0,validation
104799,1,validation
104800,0,train
104801,0,train
104802,0,validation
104803,0,validation
104804,0,train
104805,0,train
104806,1,train
104807,0,train
104808,0,test
104809,0,train
104810,0,train
104811,0,train
104812,0,train
104813,0,train
104814,0,train
104815,0,validation
104816,1,train
104817,0,train
104818,0,validation
104819,0,test
104820,0,train
104821,0,train
104822,0,train
104823,0,train
104824,0,train
104825,1,train
104826,0,train
104827,1,validation
104828,0,test
104829,0,validation
104830,0,validation
104831,0,train
104832,0,test
104833,0,train
104834,0,train
104835,1,test
104836,0,validation
104837,0,train
104838,0,train
104839,0,train
104840,1,train
104841,1,test
104842,1,train
104843,0,train
104844,0,train
104845,0,validation
104846,0,test
104847,0,train
104848,0,train
104849,0,train
104850,0,test
104851,0,train
104852,0,train
104853,0,validation
104854,0,test
104855,0,train
104856,0,train
104857,0,train
104858,0,validation
104859,0,train
104860,0,validation
104861,0,train
104862,0,train
104863,0,train
104864,0,train
104865,0,train
104866,0,train
104867,0,train
104868,0,train
104869,0,train
104870,0,train
104871,0,train
104872,0,test
104873,0,train
104874,0,train
104875,0,test
104876,1,train
104877,0,train
104878,0,train
104879,0,train
104880,0,test
104881,0,validation
104882,0,validation
104883,0,train
104884,0,validation
104885,0,train
104886,1,train
104887,0,train
104888,0,train
104889,0,train
104890,0,train
104891,0,test
104892,0,train
104893,0,validation
104894,0,test
104895,0,test
104896,0,train
104897,0,validation
104898,0,train
104899,0,test
104900,0,train
104901,0,train
104902,0,train
104903,0,train
104904,1,train
104905,1,test
104906,0,validation
104907,0,train
104908,0,validation
104909,0,validation
104910,0,train
104911,0,train
104912,0,validation
104913,0,validation
104914,0,test
104915,0,train
104916,0,train
104917,0,test
104918,0,train
104919,0,train
104920,1,validation
104921,0,test
104922,0,train
104923,0,validation
104924,0,test
104925,0,train
104926,0,train
104927,1,test
104928,0,validation
104929,0,train
104930,0,test
104931,0,train
104932,0,train
104933,0,train
104934,0,train
104935,0,train
104936,0,validation
104937,0,train
104938,0,train
104939,0,train
104940,1,train
104941,0,train
104942,0,train
104943,0,train
104944,0,train
104945,0,validation
104946,0,train
104947,1,test
104948,1,train
104949,0,train
104950,0,train
104951,0,validation
104952,0,train
104953,0,test
104954,0,train
104955,0,train
104956,0,validation
104957,1,train
104958,0,train
104959,0,train
104960,0,train
104961,0,train
104962,0,train
104963,0,train
104964,0,test
104965,0,train
104966,0,validation
104967,0,test
104968,0,test
104969,1,validation
104970,0,train
104971,0,test
104972,0,train
104973,0,train
104974,0,train
104975,0,train
104976,0,train
104977,0,train
104978,0,train
104979,0,test
104980,0,test
104981,0,train
104982,0,train
104983,0,validation
104984,0,train
104985,0,test
104986,0,train
104987,0,train
104988,0,train
104989,1,train
104990,1,train
104991,0,train
104992,0,train
104993,0,train
104994,0,train
104995,0,train
104996,0,train
104997,0,train
104998,1,train
104999,0,train
105000,0,validation
105001,0,train
105002,0,validation
105003,0,test
105004,0,test
105005,0,train
105006,0,train
105007,0,train
105008,0,train
105009,0,train
105010,0,train
105011,0,train
105012,0,validation
105013,0,train
105014,0,train
105015,0,test
105016,0,train
105017,0,train
105018,0,test
105019,0,validation
105020,0,validation
105021,0,train
105022,0,validation
105023,0,validation
105024,0,train
105025,0,train
105026,0,validation
105027,0,train
105028,0,train
105029,1,train
105030,0,validation
105031,0,train
105032,0,test
105033,0,train
105034,0,train
105035,0,train
105036,0,train
105037,0,train
105038,1,train
105039,1,train
105040,0,validation
105041,1,test
105042,0,test
105043,0,test
105044,0,test
105045,0,train
105046,1,validation
105047,0,train
105048,0,train
105049,0,train
105050,0,train
105051,0,train
105052,0,test
105053,0,test
105054,0,train
105055,1,validation
105056,0,test
105057,0,train
105058,0,train
105059,0,train
105060,1,train
105061,0,test
105062,0,train
105063,0,validation
105064,0,test
105065,1,train
105066,0,train
105067,0,train
105068,0,validation
105069,0,train
105070,0,train
105071,0,train
105072,0,train
105073,0,train
105074,0,train
105075,0,validation
105076,0,train
105077,0,train
105078,0,train
105079,0,train
105080,0,train
105081,0,validation
105082,1,train
105083,1,train
105084,0,train
105085,0,validation
105086,0,test
105087,0,test
105088,0,train
105089,0,validation
105090,0,test
105091,0,test
105092,0,test
105093,0,test
105094,0,train
105095,0,test
105096,0,train
105097,0,train
105098,0,train
105099,0,train
105100,0,train
105101,0,train
105102,0,train
105103,0,train
105104,0,train
105105,0,train
105106,0,test
105107,0,test
105108,0,validation
105109,0,validation
105110,1,test
105111,0,train
105112,0,train
105113,1,test
105114,0,train
105115,0,test
105116,1,train
105117,0,train
105118,0,test
105119,0,train
105120,0,train
105121,0,train
105122,0,validation
105123,1,train
105124,0,test
105125,1,train
105126,0,train
105127,0,test
105128,0,train
105129,0,train
105130,0,train
105131,0,train
105132,0,train
105133,0,test
105134,0,train
105135,0,train
105136,0,train
105137,1,train
105138,0,test
105139,0,train
105140,0,train
105141,0,train
105142,0,validation
105143,0,validation
105144,0,train
105145,0,test
105146,0,test
105147,0,test
105148,0,validation
105149,0,train
105150,1,validation
105151,1,train
105152,0,train
105153,0,train
105154,0,test
105155,0,train
105156,1,test
105157,0,test
105158,0,test
105159,0,train
105160,0,train
105161,0,train
105162,0,train
105163,0,train
105164,1,train
105165,0,train
105166,0,train
105167,1,validation
105168,0,train
105169,0,train
105170,0,test
105171,0,test
105172,0,test
105173,0,train
105174,0,train
105175,0,train
105176,0,validation
105177,0,train
105178,0,train
105179,0,train
105180,0,test
105181,0,train
105182,0,train
105183,0,train
105184,0,validation
105185,0,train
105186,0,train
105187,0,validation
105188,0,validation
105189,0,train
105190,1,train
105191,1,train
105192,0,validation
105193,0,validation
105194,0,train
105195,0,test
105196,0,train
105197,0,train
105198,0,train
105199,0,train
105200,0,train
105201,0,train
105202,0,train
105203,0,train
105204,1,train
105205,0,test
105206,0,train
105207,1,train
105208,0,validation
105209,0,validation
105210,1,test
105211,1,train
105212,0,train
105213,0,test
105214,0,train
105215,1,train
105216,0,train
105217,1,train
105218,0,test
105219,0,train
105220,0,test
105221,0,train
105222,0,validation
105223,1,train
105224,0,train
105225,0,train
105226,0,test
105227,0,validation
105228,0,train
105229,0,train
105230,0,train
105231,1,train
105232,0,train
105233,0,train
105234,1,train
105235,0,test
105236,0,train
105237,0,train
105238,0,validation
105239,1,train
105240,0,train
105241,0,test
105242,0,train
105243,0,validation
105244,0,train
105245,1,train
105246,0,train
105247,0,train
105248,0,test
105249,0,test
105250,0,train
105251,0,train
105252,1,train
105253,1,train
105254,0,train
105255,0,train
105256,0,validation
105257,0,train
105258,0,train
105259,0,test
105260,0,train
105261,0,train
105262,1,validation
105263,0,train
105264,0,train
105265,0,train
105266,1,test
105267,1,train
105268,0,train
105269,0,validation
105270,0,train
105271,0,test
105272,1,train
105273,0,test
105274,0,train
105275,1,train
105276,0,train
105277,0,validation
105278,0,train
105279,1,train
105280,1,test
105281,0,train
105282,0,validation
105283,0,train
105284,0,test
105285,1,validation
105286,0,train
105287,0,train
105288,0,validation
105289,0,validation
105290,0,train
105291,0,test
105292,0,train
105293,0,test
105294,0,train
105295,0,validation
105296,0,validation
105297,0,train
105298,0,validation
105299,0,train
105300,0,train
105301,0,train
105302,0,validation
105303,1,train
105304,0,train
105305,0,validation
105306,0,train
105307,0,train
105308,1,train
105309,0,train
105310,0,train
105311,0,train
105312,0,train
105313,0,train
105314,0,train
105315,0,test
105316,1,test
105317,0,validation
105318,1,train
105319,0,train
105320,0,validation
105321,0,train
105322,0,train
105323,0,validation
105324,0,test
105325,0,train
105326,0,train
105327,0,train
105328,0,validation
105329,0,train
105330,0,train
105331,0,train
105332,0,train
105333,0,train
105334,0,train
105335,0,train
105336,0,train
105337,0,test
105338,0,validation
105339,0,train
105340,0,test
105341,0,train
105342,0,test
105343,0,train
105344,1,train
105345,0,train
105346,0,train
105347,0,train
105348,1,train
105349,0,train
105350,0,test
105351,0,train
105352,0,train
105353,1,train
105354,0,train
105355,0,train
105356,0,train
105357,0,train
105358,1,train
105359,0,train
105360,0,train
105361,0,train
105362,0,test
105363,0,train
105364,0,train
105365,0,train
105366,0,train
105367,0,train
105368,0,train
105369,0,test
105370,1,validation
105371,0,train
105372,0,train
105373,0,train
105374,0,train
105375,0,train
105376,0,test
105377,0,validation
105378,0,train
105379,1,test
105380,0,train
105381,0,train
105382,0,train
105383,0,train
105384,0,train
105385,0,train
105386,0,train
105387,0,train
105388,0,train
105389,0,train
105390,0,train
105391,0,train
105392,0,train
105393,0,validation
105394,1,test
105395,0,train
105396,0,validation
105397,0,train
105398,0,train
105399,1,test
105400,1,train
105401,0,train
105402,0,train
105403,0,test
105404,1,validation
105405,0,train
105406,0,train
105407,0,train
105408,0,train
105409,0,train
105410,1,train
105411,1,train
105412,0,validation
105413,0,test
105414,0,validation
105415,0,train
105416,0,test
105417,1,train
105418,0,train
105419,0,train
105420,0,train
105421,0,train
105422,1,validation
105423,0,train
105424,0,test
105425,1,validation
105426,0,train
105427,0,train
105428,0,validation
105429,0,train
105430,0,test
105431,0,validation
105432,0,train
105433,0,train
105434,0,train
105435,1,train
105436,0,train
105437,0,train
105438,0,train
105439,0,test
105440,0,train
105441,0,test
105442,0,validation
105443,0,test
105444,1,train
105445,0,train
105446,0,train
105447,0,train
105448,0,test
105449,0,train
105450,0,train
105451,0,train
105452,0,test
105453,0,train
105454,0,test
105455,0,train
105456,0,train
105457,0,train
105458,0,test
105459,0,train
105460,0,train
105461,0,train
105462,0,train
105463,0,train
105464,0,test
105465,0,test
105466,0,train
105467,0,train
105468,0,validation
105469,0,test
105470,1,validation
105471,0,train
105472,0,train
105473,0,train
105474,0,train
105475,0,train
105476,0,train
105477,0,test
105478,0,test
105479,0,train
105480,0,train
105481,0,train
105482,0,test
105483,0,train
105484,0,train
105485,1,train
105486,0,test
105487,0,train
105488,0,train
105489,0,test
105490,0,train
105491,0,train
105492,1,train
105493,1,train
105494,0,validation
105495,0,train
105496,0,train
105497,0,train
105498,0,test
105499,0,test
105500,0,train
105501,0,validation
105502,0,train
105503,0,train
105504,0,train
105505,0,train
105506,1,validation
105507,0,train
105508,0,train
105509,0,train
105510,0,train
105511,1,train
105512,0,train
105513,0,train
105514,0,train
105515,0,train
105516,0,test
105517,0,train
105518,0,test
105519,0,test
105520,0,validation
105521,0,test
105522,0,train
105523,0,train
105524,0,train
105525,0,train
105526,0,train
105527,0,train
105528,0,test
105529,0,train
105530,0,train
105531,0,train
105532,0,test
105533,0,test
105534,0,validation
105535,0,train
105536,0,train
105537,0,test
105538,0,train
105539,0,validation
105540,0,train
105541,1,train
105542,1,train
105543,0,train
105544,0,train
105545,0,validation
105546,0,test
105547,0,train
105548,0,train
105549,0,train
105550,0,train
105551,0,train
105552,0,train
105553,0,train
105554,1,train
105555,0,train
105556,0,train
105557,0,train
105558,0,train
105559,0,validation
105560,0,train
105561,0,train
105562,0,train
105563,1,train
105564,1,train
105565,0,train
105566,0,test
105567,0,train
105568,0,validation
105569,0,train
105570,0,train
105571,0,train
105572,0,train
105573,0,test
105574,0,train
105575,0,train
105576,0,train
105577,0,train
105578,1,train
105579,0,train
105580,0,test
105581,0,train
105582,0,train
105583,0,train
105584,0,test
105585,0,train
105586,1,train
105587,0,train
105588,0,train
105589,0,train
105590,0,train
105591,0,test
105592,0,train
105593,0,train
105594,0,train
105595,0,train
105596,1,train
105597,1,train
105598,0,train
105599,0,validation
105600,0,train
105601,0,train
105602,0,validation
105603,0,train
105604,0,validation
105605,0,train
105606,0,train
105607,0,train
105608,1,train
105609,0,validation
105610,0,validation
105611,0,train
105612,0,train
105613,0,validation
105614,1,validation
105615,0,train
105616,0,train
105617,1,validation
105618,1,train
105619,0,train
105620,0,train
105621,0,validation
105622,0,train
105623,0,train
105624,0,train
105625,1,train
105626,1,train
105627,0,validation
105628,0,train
105629,0,test
105630,1,train
105631,0,train
105632,0,train
105633,0,train
105634,0,train
105635,0,validation
105636,0,train
105637,0,test
105638,0,train
105639,0,train
105640,0,train
105641,0,validation
105642,0,validation
105643,0,train
105644,0,train
105645,0,train
105646,0,train
105647,0,train
105648,1,train
105649,0,test
105650,0,train
105651,1,train
105652,0,train
105653,0,train
105654,0,train
105655,0,train
105656,0,test
105657,1,train
105658,0,validation
105659,0,test
105660,0,validation
105661,0,train
105662,0,train
105663,0,train
105664,0,train
105665,0,train
105666,0,train
105667,0,train
105668,0,train
105669,0,train
105670,0,train
105671,0,train
105672,0,train
105673,0,train
105674,0,train
105675,0,train
105676,0,train
105677,0,test
105678,0,train
105679,0,test
105680,0,train
105681,0,train
105682,0,train
105683,0,train
105684,0,train
105685,1,train
105686,0,train
105687,0,train
105688,0,validation
105689,1,train
105690,0,validation
105691,0,train
105692,0,train
105693,0,train
105694,0,train
105695,0,train
105696,0,test
105697,0,train
105698,0,train
105699,0,train
105700,0,validation
105701,0,validation
105702,0,test
105703,0,test
105704,0,train
105705,0,train
105706,0,train
105707,0,test
105708,0,test
105709,0,train
105710,0,validation
105711,0,test
105712,1,test
105713,0,validation
105714,0,train
105715,0,train
105716,0,validation
105717,0,test
105718,0,test
105719,0,train
105720,0,train
105721,0,train
105722,0,train
105723,0,validation
105724,0,train
105725,0,test
105726,0,train
105727,0,validation
105728,0,validation
105729,0,train
105730,0,train
105731,0,validation
105732,0,train
105733,0,test
105734,0,test
105735,0,train
105736,0,train
105737,0,train
105738,0,train
105739,0,train
105740,0,validation
105741,0,train
105742,1,train
105743,0,train
105744,0,train
105745,0,test
105746,0,train
105747,0,test
105748,0,train
105749,0,validation
105750,0,test
105751,0,train
105752,0,train
105753,0,train
105754,0,train
105755,0,train
105756,0,test
105757,0,train
105758,0,train
105759,0,train
105760,0,train
105761,0,train
105762,0,validation
105763,1,train
105764,0,train
105765,0,train
105766,1,test
105767,0,test
105768,0,train
105769,0,validation
105770,0,train
105771,0,validation
105772,1,test
105773,0,train
105774,0,train
105775,0,train
105776,0,train
105777,1,train
105778,1,train
105779,0,validation
105780,0,train
105781,0,train
105782,0,train
105783,0,train
105784,0,train
105785,1,test
105786,0,validation
105787,0,train
105788,0,train
105789,0,train
105790,0,train
105791,1,train
105792,0,train
105793,0,train
105794,0,validation
105795,0,train
105796,0,validation
105797,0,train
105798,0,train
105799,0,train
105800,0,validation
105801,0,train
105802,0,train
105803,0,test
105804,0,test
105805,0,train
105806,0,train
105807,0,test
105808,0,train
105809,0,train
105810,0,validation
105811,1,train
105812,0,train
105813,0,train
105814,1,test
105815,0,test
105816,1,train
105817,0,train
105818,0,train
105819,0,validation
105820,0,train
105821,0,test
105822,0,test
105823,0,train
105824,1,train
105825,0,validation
105826,0,train
105827,0,train
105828,0,train
105829,1,train
105830,0,train
105831,0,train
105832,0,test
105833,0,train
105834,0,train
105835,0,train
105836,0,train
105837,0,train
105838,0,train
105839,0,validation
105840,0,test
105841,0,train
105842,0,train
105843,1,train
105844,1,train
105845,0,train
105846,0,test
105847,0,train
105848,1,train
105849,0,train
105850,1,train
105851,0,train
105852,0,train
105853,0,train
105854,0,train
105855,0,validation
105856,0,train
105857,0,test
105858,0,train
105859,0,train
105860,0,train
105861,0,train
105862,0,train
105863,1,validation
105864,0,test
105865,0,train
105866,1,train
105867,0,train
105868,0,train
105869,0,train
105870,0,train
105871,0,train
105872,0,train
105873,0,train
105874,0,train
105875,0,train
105876,1,train
105877,0,validation
105878,0,validation
105879,0,test
105880,1,train
105881,0,train
105882,0,test
105883,0,test
105884,0,train
105885,0,test
105886,0,train
105887,0,validation
105888,0,train
105889,0,train
105890,0,validation
105891,0,train
105892,1,train
105893,0,train
105894,0,train
105895,1,train
105896,1,train
105897,0,validation
105898,0,train
105899,0,test
105900,0,test
105901,0,validation
105902,0,train
105903,0,train
105904,0,train
105905,0,validation
105906,0,train
105907,1,test
105908,0,train
105909,0,test
105910,1,validation
105911,0,test
105912,0,train
105913,0,validation
105914,1,train
105915,0,validation
105916,1,train
105917,0,validation
105918,0,validation
105919,0,train
105920,0,train
105921,0,validation
105922,0,train
105923,0,validation
105924,0,validation
105925,0,test
105926,0,train
105927,0,train
105928,0,train
105929,0,train
105930,0,train
105931,0,validation
105932,0,validation
105933,0,train
105934,0,train
105935,0,validation
105936,0,train
105937,0,train
105938,0,train
105939,1,train
105940,0,train
105941,0,train
105942,0,train
105943,1,validation
105944,0,train
105945,0,train
105946,0,train
105947,1,train
105948,0,train
105949,0,train
105950,0,train
105951,0,validation
105952,1,train
105953,0,train
105954,1,train
105955,0,train
105956,0,test
105957,0,train
105958,0,test
105959,0,train
105960,0,validation
105961,0,test
105962,0,train
105963,0,train
105964,1,train
105965,0,train
105966,0,train
105967,0,train
105968,0,train
105969,0,test
105970,0,test
105971,0,test
105972,0,test
105973,0,test
105974,0,train
105975,0,train
105976,0,train
105977,0,test
105978,0,train
105979,0,train
105980,0,train
105981,1,validation
105982,0,train
105983,1,train
105984,0,test
105985,0,train
105986,0,validation
105987,0,train
105988,0,validation
105989,1,train
105990,0,train
105991,1,train
105992,0,validation
105993,1,train
105994,0,train
105995,0,validation
105996,0,train
105997,0,train
105998,0,validation
105999,0,train
106000,0,train
106001,0,train
106002,0,validation
106003,0,validation
106004,0,train
106005,0,train
106006,0,train
106007,1,train
106008,0,validation
106009,0,train
106010,0,train
106011,0,train
106012,0,validation
106013,0,validation
106014,0,validation
106015,0,validation
106016,0,train
106017,0,train
106018,0,train
106019,0,test
106020,0,train
106021,0,validation
106022,0,train
106023,0,test
106024,1,train
106025,0,test
106026,0,test
106027,0,train
106028,1,train
106029,0,train
106030,1,train
106031,0,train
106032,0,validation
106033,0,train
106034,1,train
106035,0,train
106036,0,train
106037,0,train
106038,0,train
106039,0,train
106040,0,validation
106041,0,train
106042,0,train
106043,0,train
106044,0,validation
106045,1,train
106046,0,train
106047,0,validation
106048,0,train
106049,0,train
106050,0,train
106051,0,train
106052,0,train
106053,0,train
106054,0,train
106055,0,test
106056,0,train
106057,0,train
106058,0,train
106059,0,train
106060,0,test
106061,0,train
106062,0,train
106063,0,train
106064,0,train
106065,1,train
106066,1,validation
106067,0,train
106068,0,train
106069,0,train
106070,0,train
106071,0,train
106072,0,train
106073,0,train
106074,0,test
106075,0,train
106076,0,train
106077,0,train
106078,0,train
106079,0,train
106080,0,train
106081,0,test
106082,0,validation
106083,0,train
106084,0,train
106085,0,test
106086,0,validation
106087,0,train
106088,0,train
106089,0,validation
106090,0,train
106091,0,train
106092,0,train
106093,0,train
106094,0,validation
106095,0,train
106096,0,train
106097,0,train
106098,0,train
106099,0,test
106100,0,train
106101,0,train
106102,1,validation
106103,0,test
106104,0,train
106105,0,test
106106,0,train
106107,0,test
106108,0,validation
106109,0,train
106110,0,test
106111,0,test
106112,1,train
106113,0,train
106114,0,train
106115,0,train
106116,0,validation
106117,0,train
106118,0,validation
106119,0,validation
106120,1,train
106121,0,train
106122,0,test
106123,0,train
106124,0,train
106125,0,train
106126,0,train
106127,0,train
106128,0,validation
106129,0,test
106130,0,validation
106131,1,test
106132,0,train
106133,0,train
106134,0,train
106135,0,train
106136,0,train
106137,0,train
106138,1,validation
106139,1,train
106140,0,train
106141,0,train
106142,1,train
106143,0,validation
106144,0,train
106145,0,train
106146,0,train
106147,0,train
106148,0,train
106149,0,validation
106150,0,train
106151,0,train
106152,1,validation
106153,1,train
106154,0,train
106155,0,train
106156,0,train
106157,0,train
106158,0,train
106159,0,train
106160,0,train
106161,0,test
106162,0,test
106163,0,train
106164,0,train
106165,0,train
106166,0,train
106167,0,test
106168,1,train
106169,0,train
106170,0,validation
106171,0,train
106172,0,train
106173,0,test
106174,0,train
106175,0,train
106176,0,validation
106177,1,train
106178,1,validation
106179,0,train
106180,0,train
106181,0,train
106182,0,train
106183,0,validation
106184,0,train
106185,0,train
106186,0,test
106187,0,train
106188,0,validation
106189,0,test
106190,0,test
106191,0,train
106192,1,test
106193,0,train
106194,0,train
106195,0,test
106196,0,train
106197,0,validation
106198,0,train
106199,0,test
106200,0,train
106201,0,validation
106202,1,validation
106203,0,train
106204,0,train
106205,0,train
106206,0,train
106207,0,train
106208,0,train
106209,1,train
106210,0,train
106211,0,test
106212,0,test
106213,1,validation
106214,1,train
106215,0,train
106216,0,train
106217,0,validation
106218,0,train
106219,0,validation
106220,0,train
106221,0,train
106222,0,train
106223,0,train
106224,0,train
106225,0,train
106226,0,test
106227,0,validation
106228,0,train
106229,1,train
106230,0,train
106231,0,validation
106232,0,train
106233,1,validation
106234,0,train
106235,0,train
106236,0,train
106237,0,validation
106238,0,test
106239,0,test
106240,0,train
106241,0,validation
106242,0,train
106243,0,train
106244,0,train
106245,0,test
106246,0,train
106247,0,train
106248,0,train
106249,0,train
106250,0,train
106251,0,train
106252,0,test
106253,0,train
106254,0,test
106255,0,train
106256,0,train
106257,0,train
106258,0,train
106259,0,train
106260,0,validation
106261,0,train
106262,0,train
106263,0,train
106264,0,train
106265,0,validation
106266,0,train
106267,0,test
106268,1,validation
106269,0,train
106270,0,train
106271,0,validation
106272,0,train
106273,0,train
106274,0,test
106275,1,train
106276,0,train
106277,0,test
106278,0,validation
106279,0,validation
106280,0,test
106281,0,test
106282,0,train
106283,0,train
106284,1,validation
106285,0,train
106286,1,train
106287,0,train
106288,0,train
106289,0,train
106290,0,train
106291,0,validation
106292,0,train
106293,0,train
106294,0,train
106295,0,validation
106296,0,train
106297,0,train
106298,0,train
106299,1,train
106300,0,train
106301,0,test
106302,0,validation
106303,0,validation
106304,0,train
106305,0,train
106306,0,train
106307,0,train
106308,0,train
106309,0,validation
106310,0,train
106311,0,train
106312,0,train
106313,0,train
106314,0,validation
106315,0,train
106316,0,train
106317,0,train
106318,0,train
106319,0,train
106320,0,validation
106321,0,train
106322,0,train
106323,0,validation
106324,0,train
106325,0,train
106326,0,test
106327,0,validation
106328,0,train
106329,0,train
106330,0,train
106331,0,validation
106332,0,train
106333,0,validation
106334,1,test
106335,0,test
106336,0,test
106337,0,train
106338,0,test
106339,0,train
106340,0,train
106341,0,train
106342,0,train
106343,0,test
106344,0,train
106345,0,train
106346,0,train
106347,0,validation
106348,0,train
106349,0,train
106350,1,train
106351,0,train
106352,0,train
106353,0,train
106354,0,train
106355,0,validation
106356,0,train
106357,0,train
106358,0,test
106359,0,test
106360,0,train
106361,0,train
106362,0,train
106363,0,train
106364,1,validation
106365,0,train
106366,0,train
106367,0,train
106368,0,test
106369,0,test
106370,0,validation
106371,0,train
106372,0,train
106373,0,train
106374,0,train
106375,0,test
106376,0,train
106377,0,train
106378,0,train
106379,0,train
106380,0,train
106381,0,train
106382,0,train
106383,0,train
106384,0,train
106385,1,validation
106386,0,train
106387,0,train
106388,0,train
106389,0,train
106390,0,validation
106391,0,train
106392,0,train
106393,0,train
106394,0,train
106395,0,train
106396,0,train
106397,0,train
106398,0,validation
106399,0,validation
106400,0,validation
106401,1,train
106402,0,train
106403,1,train
106404,0,train
106405,0,test
106406,0,train
106407,0,train
106408,0,test
106409,1,train
106410,0,train
106411,0,test
106412,0,validation
106413,0,test
106414,0,test
106415,0,train
106416,1,train
106417,1,train
106418,0,train
106419,0,train
106420,0,train
106421,0,train
106422,0,train
106423,0,test
106424,0,validation
106425,0,train
106426,1,train
106427,0,train
106428,0,train
106429,0,test
106430,0,train
106431,0,train
106432,0,train
106433,1,train
106434,0,train
106435,0,train
106436,1,train
106437,0,train
106438,0,train
106439,0,train
106440,0,test
106441,0,train
106442,1,train
106443,0,train
106444,0,train
106445,0,train
106446,0,train
106447,0,train
106448,0,train
106449,0,train
106450,0,validation
106451,0,train
106452,1,train
106453,1,train
106454,0,train
106455,1,train
106456,0,train
106457,1,validation
106458,0,test
106459,0,train
106460,0,validation
106461,1,test
106462,0,train
106463,0,train
106464,0,train
106465,0,train
106466,0,train
106467,1,train
106468,0,train
106469,0,train
106470,1,train
106471,0,train
106472,0,train
106473,0,train
106474,0,train
106475,0,train
106476,1,train
106477,0,validation
106478,0,test
106479,0,test
106480,0,test
106481,1,train
106482,1,train
106483,0,train
106484,0,train
106485,0,test
106486,0,validation
106487,0,train
106488,1,validation
106489,0,train
106490,0,train
106491,1,train
106492,0,test
106493,0,train
106494,0,validation
106495,0,train
106496,0,test
106497,0,train
106498,1,train
106499,0,train
106500,0,train
106501,0,train
106502,0,train
106503,0,train
106504,0,train
106505,0,train
106506,1,train
106507,0,train
106508,0,train
106509,0,train
106510,1,train
106511,0,test
106512,0,train
106513,0,validation
106514,0,train
106515,0,train
106516,0,train
106517,0,train
106518,0,validation
106519,0,validation
106520,0,validation
106521,1,train
106522,1,test
106523,0,train
106524,0,train
106525,1,train
106526,0,train
106527,0,train
106528,0,train
106529,0,train
106530,0,train
106531,0,test
106532,1,train
106533,0,train
106534,0,train
106535,0,train
106536,0,train
106537,0,train
106538,0,train
106539,0,train
106540,0,train
106541,0,train
106542,0,train
106543,0,train
106544,0,validation
106545,0,test
106546,1,test
106547,0,test
106548,0,train
106549,0,train
106550,0,validation
106551,0,validation
106552,0,validation
106553,1,train
106554,0,train
106555,0,validation
106556,0,test
106557,0,test
106558,0,train
106559,0,train
106560,0,validation
106561,0,train
106562,0,train
106563,0,train
106564,0,train
106565,0,test
106566,0,validation
106567,0,train
106568,0,test
106569,1,train
106570,0,train
106571,0,train
106572,0,train
106573,0,train
106574,0,train
106575,0,train
106576,0,train
106577,0,test
106578,0,validation
106579,0,train
106580,0,train
106581,0,train
106582,0,train
106583,0,train
106584,0,train
106585,0,train
106586,0,train
106587,0,train
106588,0,train
106589,0,train
106590,0,train
106591,1,train
106592,0,train
106593,0,validation
106594,0,test
106595,0,test
106596,0,train
106597,0,train
106598,1,train
106599,0,train
106600,0,train
106601,0,train
106602,0,train
106603,1,validation
106604,0,train
106605,1,validation
106606,0,train
106607,0,train
106608,0,train
106609,1,train
106610,0,validation
106611,0,train
106612,0,train
106613,0,train
106614,0,validation
106615,1,test
106616,0,test
106617,1,validation
106618,0,train
106619,1,train
106620,0,train
106621,0,train
106622,1,train
106623,0,train
106624,0,train
106625,0,train
106626,0,train
106627,0,train
106628,0,train
106629,0,train
106630,0,train
106631,1,train
106632,0,train
106633,1,train
106634,0,train
106635,0,train
106636,1,train
106637,0,train
106638,1,validation
106639,0,train
106640,0,train
106641,0,validation
106642,0,validation
106643,0,test
106644,1,test
106645,0,test
106646,0,train
106647,0,train
106648,0,train
106649,0,train
106650,0,train
106651,0,train
106652,0,train
106653,0,train
106654,1,train
106655,1,train
106656,0,train
106657,0,test
106658,0,train
106659,0,validation
106660,0,train
106661,0,validation
106662,0,train
106663,0,test
106664,0,train
106665,0,train
106666,0,train
106667,0,validation
106668,0,train
106669,0,train
106670,0,train
106671,0,test
106672,1,validation
106673,1,train
106674,0,train
106675,0,train
106676,0,validation
106677,0,test
106678,0,train
106679,0,train
106680,1,train
106681,0,validation
106682,0,test
106683,1,train
106684,0,train
106685,0,test
106686,0,train
106687,0,train
106688,0,train
106689,0,train
106690,1,validation
106691,0,train
106692,0,train
106693,0,train
106694,1,train
106695,1,test
106696,0,train
106697,0,train
106698,0,test
106699,0,validation
106700,0,train
106701,0,train
106702,0,train
106703,0,train
106704,0,train
106705,0,train
106706,0,train
106707,0,train
106708,0,train
106709,0,validation
106710,0,train
106711,0,train
106712,0,validation
106713,0,train
106714,1,test
106715,0,validation
106716,1,train
106717,0,test
106718,0,validation
106719,0,test
106720,0,validation
106721,0,train
106722,0,train
106723,0,train
106724,0,test
106725,0,train
106726,0,test
106727,0,test
106728,0,test
106729,0,test
106730,0,validation
106731,0,test
106732,0,train
106733,0,validation
106734,0,train
106735,0,train
106736,0,train
106737,0,train
106738,0,train
106739,0,train
106740,0,train
106741,0,validation
106742,0,test
106743,0,validation
106744,0,train
106745,0,train
106746,0,train
106747,1,test
106748,0,validation
106749,1,train
106750,0,train
106751,0,train
106752,0,train
106753,0,train
106754,0,train
106755,0,train
106756,0,train
106757,0,train
106758,0,train
106759,0,train
106760,0,train
106761,0,test
106762,0,test
106763,0,train
106764,0,train
106765,0,train
106766,0,train
106767,0,train
106768,0,train
106769,0,train
106770,0,train
106771,0,train
106772,0,train
106773,0,test
106774,1,train
106775,0,test
106776,0,train
106777,0,validation
106778,0,test
106779,0,train
106780,1,test
106781,0,test
106782,1,train
106783,0,train
106784,0,train
106785,0,test
106786,0,train
106787,0,train
106788,1,train
106789,0,train
106790,0,train
106791,1,train
106792,0,validation
106793,0,test
106794,0,train
106795,0,test
106796,0,train
106797,0,train
106798,1,train
106799,0,validation
106800,0,validation
106801,0,train
106802,0,train
106803,0,train
106804,0,train
106805,0,train
106806,0,train
106807,1,train
106808,1,train
106809,0,validation
106810,0,train
106811,0,train
106812,0,validation
106813,0,validation
106814,0,train
106815,0,train
106816,0,train
106817,0,train
106818,0,train
106819,0,train
106820,1,train
106821,0,validation
106822,0,train
106823,0,train
106824,1,train
106825,1,train
106826,0,validation
106827,0,train
106828,0,test
106829,0,train
106830,0,train
106831,0,train
106832,0,train
106833,1,validation
106834,0,validation
106835,0,train
106836,0,train
106837,0,train
106838,0,train
106839,1,train
106840,0,train
106841,0,test
106842,0,train
106843,0,train
106844,0,train
106845,0,train
106846,0,train
106847,1,train
106848,0,train
106849,0,test
106850,1,test
106851,0,test
106852,0,test
106853,1,train
106854,1,train
106855,1,train
106856,0,train
106857,0,train
106858,0,train
106859,0,test
106860,0,train
106861,0,test
106862,0,train
106863,0,train
106864,0,train
106865,0,train
106866,0,train
106867,0,train
106868,0,train
106869,0,train
106870,0,train
106871,0,train
106872,1,train
106873,0,train
106874,1,test
106875,1,validation
106876,0,train
106877,0,train
106878,0,validation
106879,0,train
106880,1,train
106881,0,train
106882,1,train
106883,1,train
106884,0,train
106885,1,train
106886,0,train
106887,0,train
106888,0,train
106889,0,validation
106890,1,train
106891,0,validation
106892,0,validation
106893,0,train
106894,0,train
106895,0,train
106896,0,validation
106897,0,test
106898,0,validation
106899,0,validation
106900,0,train
106901,0,train
106902,0,train
106903,0,train
106904,0,train
106905,0,train
106906,0,validation
106907,1,train
106908,0,test
106909,1,train
106910,0,train
106911,0,validation
106912,0,train
106913,0,validation
106914,0,train
106915,0,validation
106916,0,train
106917,0,train
106918,1,train
106919,0,test
106920,0,train
106921,0,train
106922,0,train
106923,0,train
106924,0,validation
106925,0,validation
106926,1,train
106927,0,train
106928,0,validation
106929,0,train
106930,0,train
106931,0,train
106932,0,test
106933,0,train
106934,1,validation
106935,0,train
106936,0,train
106937,0,train
106938,0,test
106939,0,test
106940,0,train
106941,0,train
106942,0,train
106943,0,test
106944,0,train
106945,0,train
106946,0,train
106947,0,train
106948,0,train
106949,0,train
106950,0,test
106951,0,train
106952,0,test
106953,0,validation
106954,0,test
106955,1,test
106956,0,train
106957,0,train
106958,0,validation
106959,0,validation
106960,0,train
106961,0,train
106962,1,train
106963,0,train
106964,0,train
106965,0,train
106966,0,train
106967,0,train
106968,0,train
106969,0,validation
106970,0,train
106971,0,test
106972,0,test
106973,0,train
106974,0,validation
106975,0,train
106976,0,train
106977,1,train
106978,0,train
106979,0,test
106980,0,train
106981,0,train
106982,0,train
106983,1,test
106984,0,test
106985,0,validation
106986,0,train
106987,1,validation
106988,0,train
106989,1,validation
106990,1,train
106991,1,train
106992,0,test
106993,0,train
106994,0,train
106995,0,train
106996,0,train
106997,0,train
106998,0,train
106999,0,validation
107000,0,train
107001,0,train
107002,0,validation
107003,0,train
107004,0,train
107005,0,validation
107006,0,train
107007,0,train
107008,0,train
107009,0,train
107010,0,test
107011,0,validation
107012,0,train
107013,0,test
107014,1,train
107015,0,validation
107016,0,train
107017,0,train
107018,0,test
107019,0,train
107020,0,train
107021,1,train
107022,0,validation
107023,0,train
107024,0,train
107025,0,test
107026,0,test
107027,0,train
107028,1,train
107029,0,train
107030,0,train
107031,0,train
107032,0,train
107033,0,train
107034,0,train
107035,0,train
107036,0,train
107037,0,train
107038,0,train
107039,0,train
107040,1,train
107041,0,train
107042,0,train
107043,1,train
107044,0,train
107045,0,train
107046,0,train
107047,1,train
107048,1,validation
107049,0,train
107050,0,train
107051,0,validation
107052,0,train
107053,0,test
107054,0,validation
107055,0,validation
107056,0,test
107057,0,train
107058,0,test
107059,0,train
107060,0,test
107061,0,validation
107062,0,train
107063,0,test
107064,0,train
107065,1,test
107066,0,train
107067,0,train
107068,0,train
107069,0,train
107070,0,train
107071,0,train
107072,0,test
107073,0,train
107074,1,train
107075,0,train
107076,0,train
107077,0,validation
107078,0,train
107079,1,train
107080,0,train
107081,0,train
107082,0,validation
107083,0,validation
107084,0,train
107085,0,train
107086,0,train
107087,0,train
107088,0,train
107089,0,train
107090,0,train
107091,0,train
107092,0,train
107093,0,train
107094,0,train
107095,0,validation
107096,0,validation
107097,0,train
107098,0,train
107099,0,train
107100,0,test
107101,0,train
107102,0,train
107103,1,train
107104,0,train
107105,0,validation
107106,0,train
107107,0,train
107108,1,train
107109,0,train
107110,0,validation
107111,0,train
107112,0,validation
107113,0,test
107114,0,train
107115,0,train
107116,0,validation
107117,0,test
107118,0,test
107119,0,train
107120,0,validation
107121,1,train
107122,0,train
107123,0,train
107124,0,train
107125,0,test
107126,0,train
107127,1,validation
107128,0,validation
107129,0,train
107130,0,train
107131,0,train
107132,1,test
107133,0,train
107134,0,train
107135,1,train
107136,0,train
107137,0,train
107138,0,train
107139,0,train
107140,0,train
107141,0,train
107142,0,train
107143,0,train
107144,0,train
107145,0,train
107146,0,test
107147,0,train
107148,0,test
107149,0,train
107150,0,validation
107151,0,train
107152,0,test
107153,0,validation
107154,0,train
107155,0,train
107156,1,train
107157,0,train
107158,0,train
107159,1,test
107160,0,validation
107161,0,train
107162,0,train
107163,0,train
107164,0,test
107165,0,train
107166,0,train
107167,0,validation
107168,0,train
107169,1,train
107170,0,train
107171,0,train
107172,0,train
107173,0,train
107174,0,train
107175,0,train
107176,0,train
107177,0,train
107178,0,train
107179,0,train
107180,0,train
107181,0,validation
107182,0,train
107183,1,train
107184,0,train
107185,0,test
107186,1,train
107187,1,test
107188,0,train
107189,0,validation
107190,0,train
107191,0,train
107192,1,test
107193,0,train
107194,0,validation
107195,0,train
107196,0,train
107197,0,train
107198,0,train
107199,0,train
107200,0,test
107201,1,train
107202,0,test
107203,0,train
107204,0,test
107205,0,train
107206,0,train
107207,0,train
107208,0,train
107209,0,test
107210,0,train
107211,1,train
107212,0,train
107213,1,train
107214,0,test
107215,0,train
107216,0,train
107217,0,train
107218,0,test
107219,0,test
107220,0,train
107221,0,train
107222,0,test
107223,0,validation
107224,0,validation
107225,0,validation
107226,1,train
107227,0,train
107228,0,train
107229,0,test
107230,0,train
107231,1,test
107232,0,train
107233,1,train
107234,0,test
107235,0,train
107236,0,train
107237,0,train
107238,0,train
107239,0,validation
107240,0,train
107241,0,train
107242,0,train
107243,0,train
107244,0,train
107245,1,test
107246,1,validation
107247,0,validation
107248,1,train
107249,0,train
107250,0,validation
107251,0,train
107252,0,train
107253,0,validation
107254,0,train
107255,0,train
107256,0,test
107257,0,train
107258,0,train
107259,0,train
107260,0,train
107261,0,train
107262,0,train
107263,0,test
107264,1,train
107265,0,train
107266,0,train
107267,1,train
107268,0,train
107269,0,train
107270,0,train
107271,0,train
107272,1,train
107273,1,train
107274,0,train
107275,0,train
107276,1,train
107277,0,train
107278,0,train
107279,0,train
107280,1,train
107281,0,train
107282,0,train
107283,0,train
107284,0,train
107285,0,train
107286,0,validation
107287,0,validation
107288,0,train
107289,0,train
107290,0,train
107291,0,train
107292,0,train
107293,0,train
107294,0,train
107295,0,test
107296,0,train
107297,0,train
107298,0,train
107299,0,train
107300,1,train
107301,0,train
107302,0,train
107303,0,validation
107304,0,train
107305,1,train
107306,0,train
107307,0,test
107308,0,test
107309,0,train
107310,0,train
107311,0,validation
107312,0,test
107313,0,train
107314,0,train
107315,1,train
107316,0,validation
107317,1,train
107318,1,train
107319,0,train
107320,0,test
107321,0,test
107322,0,test
107323,0,test
107324,1,validation
107325,0,train
107326,1,train
107327,0,train
107328,0,train
107329,0,train
107330,0,train
107331,0,train
107332,0,test
107333,0,train
107334,0,train
107335,0,train
107336,0,train
107337,0,validation
107338,0,train
107339,0,train
107340,0,test
107341,0,train
107342,0,train
107343,0,train
107344,0,test
107345,0,train
107346,0,train
107347,0,validation
107348,0,test
107349,0,test
107350,0,train
107351,0,validation
107352,0,train
107353,0,train
107354,0,train
107355,0,train
107356,0,train
107357,1,train
107358,0,train
107359,1,train
107360,0,train
107361,0,train
107362,1,test
107363,0,train
107364,0,validation
107365,1,train
107366,1,test
107367,0,test
107368,1,validation
107369,0,validation
107370,0,train
107371,0,train
107372,0,test
107373,0,test
107374,1,train
107375,0,train
107376,1,train
107377,0,train
107378,0,train
107379,0,train
107380,0,train
107381,0,train
107382,0,validation
107383,0,train
107384,0,train
107385,0,test
107386,0,validation
107387,1,train
107388,1,test
107389,0,train
107390,0,train
107391,0,train
107392,0,test
107393,1,train
107394,0,train
107395,0,train
107396,1,validation
107397,0,test
107398,0,train
107399,0,train
107400,0,train
107401,0,train
107402,0,validation
107403,0,test
107404,1,validation
107405,0,train
107406,0,validation
107407,0,validation
107408,0,train
107409,0,test
107410,0,train
107411,0,validation
107412,0,train
107413,1,train
107414,0,train
107415,0,validation
107416,0,train
107417,0,train
107418,0,train
107419,0,train
107420,0,train
107421,0,train
107422,0,train
107423,1,train
107424,0,train
107425,0,train
107426,0,train
107427,0,train
107428,1,train
107429,1,train
107430,0,test
107431,0,validation
107432,0,train
107433,1,train
107434,0,test
107435,0,train
107436,0,validation
107437,0,test
107438,1,train
107439,0,train
107440,0,test
107441,0,validation
107442,0,train
107443,0,train
107444,0,train
107445,0,train
107446,0,train
107447,0,train
107448,1,train
107449,0,train
107450,0,train
107451,0,validation
107452,0,train
107453,0,train
107454,0,train
107455,0,train
107456,0,validation
107457,0,train
107458,0,train
107459,0,train
107460,0,validation
107461,0,train
107462,0,train
107463,0,validation
107464,0,train
107465,1,train
107466,0,train
107467,0,train
107468,0,train
107469,1,train
107470,0,validation
107471,0,train
107472,0,train
107473,1,train
107474,0,train
107475,0,train
107476,0,test
107477,0,train
107478,0,train
107479,0,train
107480,0,train
107481,0,train
107482,0,train
107483,0,validation
107484,0,train
107485,1,validation
107486,0,test
107487,0,train
107488,0,train
107489,1,train
107490,1,train
107491,0,train
107492,0,train
107493,0,train
107494,0,train
107495,0,train
107496,0,test
107497,0,train
107498,0,train
107499,0,train
107500,0,train
107501,0,train
107502,0,train
107503,0,train
107504,0,train
107505,0,train
107506,0,train
107507,0,train
107508,0,test
107509,0,train
107510,0,test
107511,0,train
107512,0,validation
107513,0,validation
107514,0,train
107515,0,test
107516,0,test
107517,1,train
107518,0,train
107519,0,train
107520,1,train
107521,0,train
107522,0,train
107523,0,validation
107524,0,train
107525,0,train
107526,1,train
107527,0,train
107528,1,validation
107529,0,train
107530,0,train
107531,0,train
107532,0,test
107533,0,train
107534,0,train
107535,1,validation
107536,0,train
107537,0,validation
107538,0,train
107539,0,train
107540,0,train
107541,0,train
107542,0,train
107543,1,train
107544,0,train
107545,1,train
107546,0,train
107547,0,test
107548,0,train
107549,0,train
107550,0,train
107551,1,train
107552,0,train
107553,0,test
107554,1,train
107555,0,validation
107556,0,train
107557,0,train
107558,0,train
107559,0,validation
107560,1,train
107561,0,train
107562,0,train
107563,0,train
107564,1,train
107565,0,train
107566,0,train
107567,1,train
107568,0,train
107569,0,validation
107570,0,validation
107571,0,validation
107572,0,train
107573,0,train
107574,0,train
107575,0,train
107576,0,train
107577,0,train
107578,0,train
107579,0,train
107580,0,validation
107581,0,train
107582,0,train
107583,0,test
107584,0,train
107585,0,train
107586,0,test
107587,1,test
107588,0,validation
107589,0,validation
107590,0,train
107591,0,train
107592,1,train
107593,0,train
107594,1,train
107595,0,train
107596,0,train
107597,1,train
107598,0,validation
107599,0,validation
107600,0,train
107601,0,train
107602,0,validation
107603,0,train
107604,0,train
107605,0,train
107606,0,test
107607,0,train
107608,0,test
107609,0,train
107610,0,train
107611,0,train
107612,1,validation
107613,0,test
107614,0,train
107615,0,train
107616,0,train
107617,0,train
107618,1,train
107619,0,test
107620,0,train
107621,0,validation
107622,0,train
107623,0,test
107624,1,train
107625,0,validation
107626,0,train
107627,0,train
107628,0,train
107629,0,train
107630,1,test
107631,0,train
107632,0,train
107633,0,train
107634,0,train
107635,0,train
107636,1,validation
107637,0,train
107638,1,train
107639,0,train
107640,0,train
107641,0,train
107642,0,test
107643,1,test
107644,0,train
107645,0,train
107646,0,train
107647,0,train
107648,1,train
107649,0,test
107650,1,test
107651,0,validation
107652,0,train
107653,0,train
107654,0,train
107655,0,test
107656,0,train
107657,1,train
107658,0,test
107659,0,train
107660,0,train
107661,0,train
107662,0,train
107663,0,train
107664,0,validation
107665,0,train
107666,1,train
107667,0,train
107668,0,train
107669,0,train
107670,0,train
107671,0,train
107672,0,train
107673,0,train
107674,0,train
107675,0,train
107676,1,train
107677,0,train
107678,0,test
107679,1,train
107680,0,train
107681,0,test
107682,0,train
107683,0,train
107684,0,train
107685,0,validation
107686,0,train
107687,0,train
107688,0,test
107689,1,train
107690,0,train
107691,0,train
107692,0,train
107693,0,train
107694,0,train
107695,0,validation
107696,0,test
107697,1,train
107698,0,train
107699,0,train
107700,1,train
107701,0,train
107702,0,test
107703,0,validation
107704,1,train
107705,1,train
107706,0,train
107707,0,validation
107708,0,train
107709,0,test
107710,0,train
107711,0,train
107712,0,validation
107713,0,train
107714,1,validation
107715,0,test
107716,1,test
107717,0,test
107718,0,train
107719,0,train
107720,0,train
107721,0,train
107722,0,validation
107723,0,train
107724,0,test
107725,0,train
107726,0,train
107727,1,train
107728,0,train
107729,0,test
107730,0,validation
107731,0,train
107732,0,train
107733,0,train
107734,0,test
107735,0,train
107736,0,train
107737,0,test
107738,0,train
107739,0,validation
107740,0,test
107741,0,test
107742,0,validation
107743,1,train
107744,0,validation
107745,0,test
107746,0,validation
107747,0,train
107748,0,train
107749,0,train
107750,0,train
107751,1,train
107752,0,validation
107753,0,train
107754,1,train
107755,0,train
107756,0,validation
107757,0,train
107758,0,train
107759,0,validation
107760,0,train
107761,0,test
107762,1,train
107763,1,train
107764,0,test
107765,0,train
107766,1,test
107767,0,train
107768,0,train
107769,0,train
107770,0,train
107771,0,train
107772,0,train
107773,0,train
107774,1,train
107775,1,train
107776,0,train
107777,0,validation
107778,1,validation
107779,0,train
107780,0,train
107781,0,train
107782,0,train
107783,0,train
107784,0,train
107785,0,test
107786,0,train
107787,0,train
107788,0,train
107789,1,train
107790,0,train
107791,0,train
107792,0,train
107793,0,train
107794,0,train
107795,1,train
107796,1,train
107797,0,test
107798,0,test
107799,0,train
107800,0,train
107801,0,train
107802,1,test
107803,0,train
107804,1,validation
107805,1,test
107806,0,validation
107807,0,validation
107808,0,train
107809,0,train
107810,0,validation
107811,0,train
107812,1,test
107813,0,train
107814,1,train
107815,0,train
107816,0,train
107817,0,train
107818,0,test
107819,0,train
107820,0,validation
107821,0,test
107822,0,train
107823,1,test
107824,0,train
107825,0,train
107826,0,validation
107827,0,test
107828,0,train
107829,0,validation
107830,0,train
107831,1,train
107832,0,test
107833,0,train
107834,0,test
107835,0,train
107836,0,train
107837,1,train
107838,0,train
107839,0,train
107840,0,test
107841,0,train
107842,1,test
107843,0,train
107844,0,train
107845,0,train
107846,0,train
107847,0,train
107848,0,test
107849,0,test
107850,0,validation
107851,0,train
107852,0,validation
107853,0,train
107854,0,test
107855,0,train
107856,1,train
107857,0,train
107858,0,train
107859,0,train
107860,0,validation
107861,0,train
107862,0,train
107863,0,test
107864,0,train
107865,1,train
107866,0,validation
107867,0,train
107868,0,train
107869,0,train
107870,0,train
107871,0,train
107872,1,test
107873,0,train
107874,0,train
107875,0,test
107876,0,test
107877,1,test
107878,0,train
107879,0,test
107880,0,train
107881,0,train
107882,0,train
107883,1,train
107884,0,train
107885,0,train
107886,0,train
107887,0,train
107888,0,test
107889,0,train
107890,0,train
107891,0,train
107892,0,test
107893,0,test
107894,0,train
107895,1,test
107896,1,train
107897,1,train
107898,0,train
107899,1,validation
107900,0,test
107901,0,validation
107902,0,train
107903,0,validation
107904,0,train
107905,1,validation
107906,0,train
107907,0,validation
107908,0,train
107909,0,validation
107910,0,train
107911,1,train
107912,0,train
107913,0,test
107914,0,train
107915,0,train
107916,0,train
107917,0,validation
107918,0,test
107919,1,train
107920,1,test
107921,1,validation
107922,0,train
107923,0,train
107924,0,train
107925,0,train
107926,0,validation
107927,0,test
107928,0,train
107929,0,validation
107930,0,validation
107931,0,train
107932,0,test
107933,1,train
107934,0,train
107935,0,validation
107936,0,train
107937,0,test
107938,0,train
107939,0,validation
107940,1,train
107941,0,train
107942,0,test
107943,0,train
107944,0,train
107945,0,test
107946,0,train
107947,0,validation
107948,0,train
107949,0,train
107950,0,train
107951,0,train
107952,0,test
107953,0,validation
107954,0,validation
107955,0,test
107956,0,train
107957,0,test
107958,0,train
107959,0,train
107960,0,train
107961,0,train
107962,0,train
107963,0,validation
107964,1,train
107965,0,validation
107966,0,validation
107967,0,validation
107968,0,train
107969,0,train
107970,0,validation
107971,0,train
107972,0,train
107973,0,test
107974,0,train
107975,0,train
107976,0,train
107977,0,train
107978,0,train
107979,0,validation
107980,0,train
107981,1,test
107982,0,validation
107983,1,train
107984,0,train
107985,1,test
107986,1,train
107987,1,train
107988,0,train
107989,1,train
107990,0,train
107991,0,train
107992,1,train
107993,0,validation
107994,0,validation
107995,0,train
107996,0,train
107997,1,train
107998,0,train
107999,0,train
108000,1,train
108001,0,train
108002,0,train
108003,0,train
108004,0,train
108005,0,train
108006,0,train
108007,0,train
108008,0,train
108009,1,test
108010,0,test
108011,0,test
108012,0,train
108013,0,train
108014,0,train
108015,0,test
108016,0,validation
108017,1,test
108018,0,train
108019,0,train
108020,0,test
108021,1,train
108022,0,train
108023,0,train
108024,0,train
108025,0,train
108026,0,test
108027,0,train
108028,0,train
108029,0,test
108030,0,train
108031,0,validation
108032,0,train
108033,0,train
108034,1,train
108035,0,test
108036,0,train
108037,0,train
108038,0,train
108039,0,train
108040,1,train
108041,0,test
108042,0,test
108043,1,train
108044,0,train
108045,0,train
108046,1,train
108047,0,validation
108048,0,train
108049,0,train
108050,0,train
108051,0,train
108052,0,train
108053,1,train
108054,0,validation
108055,0,train
108056,0,train
108057,0,test
108058,1,train
108059,0,train
108060,1,validation
108061,0,train
108062,0,train
108063,0,train
108064,0,test
108065,0,train
108066,0,train
108067,0,train
108068,0,train
108069,0,train
108070,1,train
108071,0,train
108072,0,train
108073,0,test
108074,1,train
108075,1,test
108076,0,train
108077,0,train
108078,0,validation
108079,0,train
108080,0,train
108081,0,validation
108082,0,train
108083,0,train
108084,0,test
108085,0,test
108086,0,train
108087,0,train
108088,0,validation
108089,1,validation
108090,0,train
108091,0,train
108092,1,train
108093,0,train
108094,0,train
108095,0,validation
108096,0,train
108097,0,train
108098,1,train
108099,0,train
108100,0,train
108101,0,train
108102,0,train
108103,0,train
108104,0,validation
108105,0,validation
108106,0,train
108107,0,test
108108,0,test
108109,0,train
108110,0,train
108111,0,train
108112,0,test
108113,0,train
108114,0,test
108115,1,test
108116,0,train
108117,0,train
108118,0,train
108119,0,validation
108120,0,train
108121,0,train
108122,0,train
108123,0,train
108124,0,validation
108125,0,train
108126,1,train
108127,0,test
108128,0,train
108129,0,validation
108130,0,train
108131,0,validation
108132,1,validation
108133,0,train
108134,0,train
108135,1,train
108136,0,train
108137,0,train
108138,0,train
108139,0,train
108140,0,validation
108141,0,validation
108142,0,train
108143,0,validation
108144,0,validation
108145,0,validation
108146,0,train
108147,0,validation
108148,0,train
108149,1,train
108150,0,train
108151,0,train
108152,0,train
108153,0,test
108154,0,test
108155,0,train
108156,0,train
108157,0,train
108158,0,test
108159,0,train
108160,0,train
108161,0,train
108162,0,train
108163,1,train
108164,0,train
108165,0,train
108166,0,train
108167,0,test
108168,0,train
108169,0,train
108170,0,test
108171,0,train
108172,0,train
108173,0,train
108174,0,validation
108175,0,train
108176,0,train
108177,0,validation
108178,1,train
108179,0,test
108180,0,train
108181,0,test
108182,1,train
108183,0,validation
108184,0,train
108185,1,train
108186,1,test
108187,0,train
108188,0,train
108189,0,test
108190,0,train
108191,0,validation
108192,0,train
108193,0,train
108194,1,validation
108195,0,train
108196,0,test
108197,0,train
108198,0,train
108199,0,train
108200,1,train
108201,1,test
108202,0,validation
108203,1,train
108204,0,test
108205,1,validation
108206,0,test
108207,0,validation
108208,1,train
108209,0,validation
108210,0,train
108211,1,train
108212,1,train
108213,0,train
108214,1,train
108215,0,train
108216,1,train
108217,0,train
108218,0,train
108219,0,test
108220,1,train
108221,1,train
108222,0,train
108223,0,test
108224,0,validation
108225,1,validation
108226,0,test
108227,0,validation
108228,0,train
108229,0,train
108230,0,test
108231,0,train
108232,0,train
108233,0,test
108234,0,train
108235,0,validation
108236,0,test
108237,0,test
108238,0,train
108239,0,train
108240,0,validation
108241,0,train
108242,0,test
108243,0,validation
108244,0,train
108245,0,train
108246,0,train
108247,0,test
108248,0,train
108249,0,test
108250,1,test
108251,0,train
108252,0,train
108253,0,train
108254,0,train
108255,0,train
108256,0,train
108257,0,test
108258,0,train
108259,0,train
108260,0,train
108261,0,test
108262,1,train
108263,0,train
108264,1,train
108265,1,train
108266,0,validation
108267,0,train
108268,1,train
108269,0,train
108270,0,test
108271,1,test
108272,0,train
108273,0,train
108274,0,validation
108275,1,train
108276,0,train
108277,0,train
108278,0,train
108279,0,train
108280,1,train
108281,0,validation
108282,0,validation
108283,1,test
108284,0,train
108285,0,train
108286,0,train
108287,0,train
108288,0,test
108289,1,train
108290,0,test
108291,1,train
108292,0,train
108293,0,train
108294,0,train
108295,0,train
108296,1,test
108297,0,train
108298,1,train
108299,0,validation
108300,1,train
108301,0,train
108302,0,train
108303,1,test
108304,1,train
108305,0,train
108306,0,validation
108307,0,train
108308,0,train
108309,0,validation
108310,0,train
108311,0,validation
108312,0,test
108313,0,train
108314,0,test
108315,1,validation
108316,0,train
108317,0,train
108318,0,train
108319,0,test
108320,1,test
108321,0,train
108322,0,train
108323,0,train
108324,0,train
108325,0,train
108326,0,validation
108327,0,train
108328,0,train
108329,0,train
108330,0,test
108331,0,train
108332,1,train
108333,0,train
108334,0,test
108335,1,test
108336,0,train
108337,0,train
108338,0,train
108339,0,train
108340,0,train
108341,0,test
108342,0,train
108343,0,validation
108344,0,train
108345,0,validation
108346,0,train
108347,0,train
108348,0,validation
108349,0,train
108350,0,train
108351,0,validation
108352,0,validation
108353,0,train
108354,0,train
108355,0,validation
108356,0,test
108357,0,test
108358,0,train
108359,0,train
108360,0,test
108361,0,train
108362,0,train
108363,0,train
108364,0,train
108365,0,train
108366,0,train
108367,0,train
108368,1,train
108369,0,validation
108370,0,validation
108371,0,test
108372,0,train
108373,0,train
108374,1,train
108375,0,train
108376,0,train
108377,1,train
108378,1,train
108379,0,validation
108380,0,train
108381,0,test
108382,0,train
108383,0,test
108384,1,test
108385,1,train
108386,0,train
108387,1,train
108388,0,train
108389,0,train
108390,0,train
108391,0,test
108392,0,train
108393,0,train
108394,0,validation
108395,1,test
108396,0,train
108397,0,train
108398,0,train
108399,0,train
108400,0,train
108401,0,train
108402,1,train
108403,0,validation
108404,0,test
108405,1,test
108406,1,train
108407,1,validation
108408,0,validation
108409,0,train
108410,0,validation
108411,0,validation
108412,1,train
108413,0,train
108414,0,train
108415,0,train
108416,0,train
108417,1,train
108418,1,validation
108419,0,train
108420,0,test
108421,0,train
108422,0,train
108423,0,train
108424,0,train
108425,1,test
108426,0,test
108427,1,validation
108428,0,validation
108429,0,validation
108430,0,train
108431,0,train
108432,0,test
108433,0,train
108434,0,test
108435,1,test
108436,1,test
108437,0,train
108438,0,train
108439,0,train
108440,0,train
108441,0,train
108442,0,validation
108443,0,train
108444,0,test
108445,0,validation
108446,0,train
108447,0,train
108448,0,train
108449,0,train
108450,0,train
108451,0,train
108452,0,test
108453,0,train
108454,0,train
108455,1,train
108456,0,train
108457,0,train
108458,1,train
108459,0,test
108460,0,train
108461,0,test
108462,0,validation
108463,0,train
108464,0,train
108465,0,validation
108466,0,test
108467,0,train
108468,1,train
108469,0,train
108470,0,test
108471,0,test
108472,0,train
108473,0,test
108474,0,train
108475,0,train
108476,1,validation
108477,0,train
108478,0,validation
108479,0,test
108480,0,train
108481,1,validation
108482,0,train
108483,0,validation
108484,0,train
108485,0,train
108486,0,train
108487,0,train
108488,0,train
108489,0,train
108490,0,train
108491,0,train
108492,0,train
108493,0,train
108494,0,validation
108495,0,train
108496,1,test
108497,1,train
108498,0,train
108499,0,train
108500,0,train
108501,0,validation
108502,0,train
108503,0,train
108504,0,train
108505,1,train
108506,0,train
108507,0,train
108508,0,train
108509,1,train
108510,1,train
108511,0,train
108512,1,test
108513,0,test
108514,0,train
108515,0,test
108516,0,train
108517,0,train
108518,0,train
108519,0,train
108520,0,train
108521,0,train
108522,0,train
108523,0,test
108524,0,train
108525,0,train
108526,0,train
108527,0,train
108528,0,train
108529,1,train
108530,0,test
108531,0,train
108532,0,train
108533,0,train
108534,0,train
108535,0,train
108536,0,train
108537,0,validation
108538,1,train
108539,0,train
108540,0,train
108541,1,train
108542,0,validation
108543,0,train
108544,1,train
108545,0,train
108546,0,train
108547,0,validation
108548,0,test
108549,0,train
108550,0,train
108551,0,validation
108552,0,train
108553,0,train
108554,0,test
108555,0,train
108556,1,validation
108557,0,train
108558,1,test
108559,0,train
108560,1,train
108561,0,train
108562,0,train
108563,0,train
108564,0,train
108565,0,test
108566,0,validation
108567,0,test
108568,0,train
108569,0,validation
108570,0,validation
108571,0,train
108572,1,validation
108573,0,test
108574,0,validation
108575,0,train
108576,0,test
108577,1,train
108578,0,train
108579,0,train
108580,0,train
108581,0,test
108582,0,train
108583,0,train
108584,0,train
108585,0,train
108586,0,train
108587,0,train
108588,0,train
108589,0,train
108590,1,train
108591,0,validation
108592,0,test
108593,0,validation
108594,0,train
108595,0,train
108596,0,train
108597,0,train
108598,0,test
108599,0,train
108600,1,validation
108601,0,validation
108602,1,train
108603,0,validation
108604,0,train
108605,0,validation
108606,0,train
108607,1,validation
108608,0,train
108609,0,train
108610,0,validation
108611,0,train
108612,0,validation
108613,0,train
108614,0,train
108615,0,validation
108616,0,train
108617,0,train
108618,0,train
108619,1,test
108620,0,train
108621,0,train
108622,0,validation
108623,1,train
108624,0,train
108625,0,test
108626,0,train
108627,0,test
108628,0,train
108629,0,train
108630,1,train
108631,0,train
108632,0,train
108633,0,train
108634,0,train
108635,0,test
108636,1,train
108637,0,train
108638,0,train
108639,0,train
108640,0,train
108641,0,train
108642,0,train
108643,0,train
108644,0,validation
108645,0,train
108646,0,train
108647,0,test
108648,0,train
108649,0,validation
108650,0,test
108651,1,train
108652,0,train
108653,0,validation
108654,0,validation
108655,0,train
108656,1,train
108657,0,test
108658,0,train
108659,0,train
108660,0,test
108661,0,train
108662,0,train
108663,1,validation
108664,0,train
108665,1,test
108666,0,test
108667,1,train
108668,0,train
108669,0,test
108670,0,train
108671,0,train
108672,0,train
108673,0,train
108674,0,train
108675,0,validation
108676,0,train
108677,0,train
108678,0,train
108679,0,validation
108680,0,train
108681,0,train
108682,0,train
108683,0,train
108684,0,train
108685,0,train
108686,0,train
108687,0,train
108688,0,train
108689,0,test
108690,1,train
108691,0,test
108692,0,train
108693,1,train
108694,0,train
108695,0,train
108696,0,test
108697,0,train
108698,0,train
108699,0,train
108700,0,train
108701,0,train
108702,0,train
108703,1,train
108704,0,validation
108705,0,train
108706,0,train
108707,0,test
108708,1,test
108709,0,train
108710,0,train
108711,0,train
108712,1,validation
108713,0,train
108714,0,train
108715,1,test
108716,0,test
108717,0,test
108718,0,train
108719,0,train
108720,0,validation
108721,0,train
108722,0,test
108723,1,train
108724,0,train
108725,0,validation
108726,0,train
108727,0,validation
108728,0,train
108729,0,train
108730,0,train
108731,0,train
108732,0,train
108733,0,train
108734,0,train
108735,0,validation
108736,0,test
108737,0,train
108738,0,validation
108739,0,train
108740,0,train
108741,0,test
108742,0,train
108743,0,test
108744,0,train
108745,0,train
108746,0,train
108747,0,train
108748,0,validation
108749,1,validation
108750,1,train
108751,0,test
108752,0,train
108753,0,test
108754,0,validation
108755,0,train
108756,0,train
108757,0,test
108758,0,test
108759,0,train
108760,0,train
108761,1,train
108762,0,test
108763,0,train
108764,1,train
108765,0,test
108766,0,train
108767,0,train
108768,0,train
108769,0,test
108770,0,train
108771,0,train
108772,0,train
108773,0,train
108774,0,validation
108775,0,train
108776,0,train
108777,0,test
108778,0,train
108779,0,train
108780,0,train
108781,0,train
108782,1,train
108783,0,train
108784,0,test
108785,0,train
108786,0,train
108787,0,train
108788,0,train
108789,0,train
108790,0,train
108791,0,train
108792,0,train
108793,0,train
108794,0,train
108795,0,train
108796,0,test
108797,0,train
108798,0,train
108799,0,test
108800,0,train
108801,0,train
108802,0,validation
108803,0,train
108804,0,test
108805,0,train
108806,0,test
108807,0,train
108808,0,test
108809,0,train
108810,0,test
108811,0,train
108812,0,train
108813,0,test
108814,0,validation
108815,0,train
108816,0,train
108817,0,train
108818,0,validation
108819,0,train
108820,0,validation
108821,0,validation
108822,0,train
108823,0,test
108824,1,train
108825,0,train
108826,0,train
108827,0,train
108828,0,train
108829,0,train
108830,0,train
108831,0,test
108832,1,train
108833,1,train
108834,0,train
108835,0,train
108836,0,train
108837,0,validation
108838,0,validation
108839,1,train
108840,0,validation
108841,0,train
108842,0,train
108843,1,train
108844,0,train
108845,0,train
108846,0,train
108847,1,train
108848,0,train
108849,0,train
108850,0,validation
108851,0,validation
108852,0,train
108853,0,train
108854,0,train
108855,0,train
108856,0,train
108857,0,train
108858,0,train
108859,0,train
108860,1,validation
108861,0,train
108862,0,train
108863,0,train
108864,0,train
108865,0,train
108866,0,train
108867,0,train
108868,0,train
108869,0,train
108870,0,validation
108871,0,train
108872,0,train
108873,0,train
108874,0,train
108875,0,validation
108876,0,test
108877,1,test
108878,0,train
108879,0,train
108880,0,train
108881,0,validation
108882,0,test
108883,1,train
108884,0,train
108885,1,validation
108886,0,test
108887,0,train
108888,0,validation
108889,0,train
108890,0,train
108891,1,train
108892,0,train
108893,1,train
108894,0,train
108895,0,train
108896,0,validation
108897,0,train
108898,0,train
108899,0,test
108900,0,train
108901,0,train
108902,1,test
108903,0,train
108904,0,train
108905,0,train
108906,0,test
108907,0,train
108908,0,train
108909,0,train
108910,0,train
108911,0,train
108912,0,train
108913,0,test
108914,1,test
108915,0,train
108916,0,validation
108917,0,train
108918,0,test
108919,0,test
108920,0,train
108921,0,train
108922,0,train
108923,0,train
108924,0,validation
108925,0,validation
108926,1,train
108927,0,train
108928,0,train
108929,1,train
108930,0,train
108931,0,train
108932,0,validation
108933,0,train
108934,0,test
108935,0,test
108936,0,train
108937,0,test
108938,0,train
108939,0,validation
108940,0,train
108941,0,train
108942,0,train
108943,1,train
108944,0,train
108945,0,train
108946,0,validation
108947,0,train
108948,0,train
108949,0,test
108950,0,train
108951,0,train
108952,0,test
108953,1,train
108954,1,train
108955,0,train
108956,0,test
108957,0,train
108958,1,train
108959,0,train
108960,0,train
108961,0,train
108962,0,train
108963,0,train
108964,0,validation
108965,1,train
108966,1,train
108967,1,train
108968,0,train
108969,0,train
108970,1,train
108971,0,train
108972,0,validation
108973,0,test
108974,0,train
108975,0,test
108976,1,train
108977,0,train
108978,1,train
108979,0,train
108980,1,train
108981,0,train
108982,1,train
108983,0,train
108984,0,train
108985,0,train
108986,1,train
108987,0,train
108988,0,train
108989,0,validation
108990,0,train
108991,0,train
108992,0,train
108993,0,train
108994,0,train
108995,0,train
108996,0,test
108997,0,train
108998,0,train
108999,0,test
109000,0,test
109001,0,validation
109002,0,validation
109003,1,validation
109004,0,test
109005,0,train
109006,0,train
109007,0,train
109008,0,train
109009,0,validation
109010,0,test
109011,0,train
109012,0,validation
109013,0,train
109014,0,train
109015,0,train
109016,0,train
109017,0,train
109018,1,train
109019,0,train
109020,0,train
109021,1,train
109022,0,train
109023,0,train
109024,0,validation
109025,0,train
109026,0,train
109027,0,train
109028,1,train
109029,0,test
109030,0,train
109031,0,train
109032,0,train
109033,0,train
109034,0,train
109035,0,validation
109036,0,train
109037,1,train
109038,0,validation
109039,0,test
109040,0,validation
109041,0,train
109042,0,train
109043,0,train
109044,0,train
109045,1,train
109046,0,train
109047,0,train
109048,0,train
109049,0,train
109050,0,test
109051,0,train
109052,0,train
109053,0,train
109054,0,train
109055,0,train
109056,0,train
109057,0,validation
109058,1,train
109059,0,train
109060,0,train
109061,0,train
109062,0,train
109063,0,train
109064,1,train
109065,0,train
109066,0,train
109067,0,train
109068,0,train
109069,0,test
109070,1,train
109071,0,test
109072,0,validation
109073,0,validation
109074,0,train
109075,1,train
109076,1,train
109077,0,train
109078,0,train
109079,1,train
109080,0,train
109081,0,test
109082,1,train
109083,1,validation
109084,0,train
109085,0,train
109086,0,train
109087,0,train
109088,0,train
109089,1,test
109090,0,validation
109091,1,test
109092,0,validation
109093,0,test
109094,1,train
109095,0,train
109096,0,train
109097,0,validation
109098,0,validation
109099,1,train
109100,0,train
109101,0,train
109102,0,test
109103,1,train
109104,0,test
109105,0,train
109106,0,train
109107,1,test
109108,1,train
109109,0,test
109110,0,train
109111,0,validation
109112,0,test
109113,0,validation
109114,0,validation
109115,0,train
109116,0,validation
109117,0,train
109118,0,train
109119,0,validation
109120,0,train
109121,0,test
109122,0,validation
109123,0,validation
109124,0,train
109125,0,test
109126,0,train
109127,1,train
109128,0,train
109129,0,train
109130,0,train
109131,0,train
109132,0,test
109133,0,train
109134,0,train
109135,0,train
109136,0,train
109137,0,train
109138,0,train
109139,0,train
109140,0,train
109141,0,validation
109142,0,train
109143,0,train
109144,0,validation
109145,0,train
109146,0,test
109147,0,train
109148,1,train
109149,0,train
109150,0,test
109151,0,train
109152,0,test
109153,0,train
109154,0,train
109155,0,train
109156,0,train
109157,0,train
109158,0,train
109159,0,train
109160,0,train
109161,0,test
109162,0,test
109163,0,train
109164,0,validation
109165,0,validation
109166,0,train
109167,0,train
109168,1,train
109169,0,train
109170,0,train
109171,0,test
109172,0,test
109173,0,train
109174,1,train
109175,0,train
109176,0,train
109177,1,train
109178,0,train
109179,1,validation
109180,1,train
109181,0,train
109182,0,train
109183,0,train
109184,0,test
109185,1,train
109186,0,train
109187,0,train
109188,0,validation
109189,0,train
109190,1,train
109191,0,train
109192,0,train
109193,1,validation
109194,0,train
109195,1,train
109196,0,train
109197,0,train
109198,1,validation
109199,0,test
109200,0,validation
109201,0,train
109202,1,test
109203,1,train
109204,0,train
109205,0,train
109206,0,validation
109207,1,train
109208,0,train
109209,0,validation
109210,0,train
109211,0,train
109212,0,validation
109213,0,train
109214,0,train
109215,0,train
109216,0,validation
109217,0,train
109218,0,train
109219,1,train
109220,0,train
109221,1,train
109222,0,test
109223,0,train
109224,0,train
109225,0,train
109226,1,train
109227,0,train
109228,0,train
109229,0,train
109230,0,train
109231,0,train
109232,0,train
109233,0,train
109234,0,train
109235,0,train
109236,0,test
109237,0,train
109238,0,train
109239,0,validation
109240,0,train
109241,0,train
109242,0,train
109243,0,train
109244,0,train
109245,1,train
109246,0,test
109247,0,train
109248,0,test
109249,0,train
109250,0,train
109251,0,train
109252,0,train
109253,0,train
109254,0,train
109255,0,train
109256,0,train
109257,0,train
109258,1,train
109259,0,train
109260,0,train
109261,0,train
109262,0,train
109263,0,test
109264,0,train
109265,0,train
109266,0,train
109267,1,train
109268,0,train
109269,0,train
109270,0,train
109271,0,train
109272,0,train
109273,0,train
109274,0,train
109275,0,train
109276,0,train
109277,0,train
109278,0,train
109279,0,train
109280,0,test
109281,1,train
109282,0,train
109283,0,validation
109284,0,train
109285,0,train
109286,0,validation
109287,0,test
109288,0,train
109289,0,train
109290,0,validation
109291,0,train
109292,0,train
109293,1,train
109294,0,test
109295,0,validation
109296,0,train
109297,0,train
109298,0,train
109299,0,test
109300,0,test
109301,0,validation
109302,0,validation
109303,0,train
109304,0,validation
109305,1,train
109306,1,train
109307,0,train
109308,0,train
109309,1,train
109310,0,train
109311,0,train
109312,0,test
109313,0,train
109314,0,train
109315,0,train
109316,0,train
109317,0,train
109318,0,train
109319,0,test
109320,0,train
109321,1,train
109322,0,validation
109323,0,train
109324,0,train
109325,0,train
109326,0,train
109327,0,train
109328,0,validation
109329,0,train
109330,0,train
109331,1,train
109332,0,train
109333,0,train
109334,0,validation
109335,0,train
109336,0,train
109337,0,train
109338,0,test
109339,0,test
109340,1,train
109341,1,train
109342,0,train
109343,0,train
109344,0,test
109345,0,train
109346,1,validation
109347,0,train
109348,0,validation
109349,0,train
109350,0,train
109351,0,train
109352,0,test
109353,0,test
109354,0,train
109355,0,train
109356,0,train
109357,0,train
109358,0,train
109359,0,test
109360,0,train
109361,0,train
109362,0,train
109363,0,train
109364,0,train
109365,0,train
109366,1,validation
109367,0,validation
109368,0,validation
109369,0,train
109370,0,validation
109371,0,train
109372,0,train
109373,0,validation
109374,0,train
109375,0,train
109376,0,train
109377,0,train
109378,0,test
109379,1,train
109380,0,validation
109381,1,test
109382,0,test
109383,1,test
109384,0,train
109385,0,train
109386,0,train
109387,0,train
109388,1,train
109389,0,validation
109390,0,validation
109391,0,validation
109392,0,train
109393,0,validation
109394,0,test
109395,0,train
109396,0,validation
109397,0,validation
109398,1,train
109399,0,validation
109400,0,train
109401,0,train
109402,0,test
109403,0,validation
109404,1,test
109405,0,train
109406,0,train
109407,0,train
109408,0,train
109409,0,train
109410,0,validation
109411,0,train
109412,0,train
109413,0,train
109414,0,train
109415,0,train
109416,0,test
109417,0,test
109418,0,train
109419,0,train
109420,0,train
109421,0,train
109422,1,test
109423,0,test
109424,0,train
109425,0,train
109426,1,train
109427,0,train
109428,0,train
109429,0,validation
109430,1,test
109431,1,train
109432,0,test
109433,1,train
109434,0,validation
109435,1,train
109436,0,train
109437,0,test
109438,0,train
109439,0,validation
109440,0,train
109441,0,test
109442,0,train
109443,0,validation
109444,0,validation
109445,0,train
109446,0,train
109447,0,train
109448,0,train
109449,0,train
109450,0,train
109451,0,validation
109452,0,train
109453,0,train
109454,0,validation
109455,0,train
109456,0,train
109457,0,train
109458,0,train
109459,0,train
109460,1,train
109461,0,train
109462,0,train
109463,0,train
109464,0,validation
109465,0,train
109466,1,validation
109467,0,train
109468,0,validation
109469,0,test
109470,0,train
109471,0,train
109472,0,train
109473,0,train
109474,0,validation
109475,0,train
109476,0,test
109477,0,train
109478,1,train
109479,0,train
109480,0,train
109481,0,train
109482,0,train
109483,0,train
109484,0,train
109485,1,train
109486,0,train
109487,0,train
109488,0,test
109489,0,test
109490,0,validation
109491,0,train
109492,0,train
109493,0,test
109494,0,train
109495,0,train
109496,0,train
109497,1,validation
109498,0,validation
109499,0,train
109500,1,test
109501,0,train
109502,0,validation
109503,0,train
109504,1,test
109505,0,train
109506,0,validation
109507,0,validation
109508,0,validation
109509,0,test
109510,1,train
109511,0,test
109512,0,test
109513,0,validation
109514,0,train
109515,1,train
109516,0,train
109517,0,test
109518,0,test
109519,0,train
109520,0,train
109521,0,train
109522,1,test
109523,0,train
109524,0,validation
109525,0,validation
109526,0,train
109527,0,train
109528,0,train
109529,0,train
109530,0,train
109531,0,train
109532,0,train
109533,0,validation
109534,0,train
109535,0,train
109536,0,validation
109537,0,train
109538,0,train
109539,0,validation
109540,0,train
109541,0,test
109542,0,validation
109543,0,train
109544,0,train
109545,0,train
109546,0,train
109547,0,train
109548,0,test
109549,0,train
109550,0,train
109551,0,train
109552,0,train
109553,0,train
109554,0,train
109555,0,test
109556,0,test
109557,1,validation
109558,0,train
109559,0,train
109560,0,train
109561,0,train
109562,1,train
109563,0,test
109564,0,train
109565,1,train
109566,0,train
109567,0,train
109568,0,train
109569,0,test
109570,0,train
109571,0,train
109572,0,train
109573,0,train
109574,1,validation
109575,1,train
109576,0,train
109577,0,train
109578,0,train
109579,0,train
109580,0,train
109581,0,train
109582,0,test
109583,0,train
109584,0,test
109585,0,train
109586,0,train
109587,0,train
109588,1,train
109589,0,validation
109590,0,test
109591,0,train
109592,0,validation
109593,0,test
109594,0,test
109595,0,train
109596,0,train
109597,0,train
109598,0,train
109599,0,train
109600,1,train
109601,1,train
109602,0,train
109603,1,train
109604,0,train
109605,0,train
109606,0,train
109607,0,train
109608,0,train
109609,1,test
109610,0,train
109611,0,test
109612,0,test
109613,0,test
109614,0,train
109615,0,train
109616,1,test
109617,0,test
109618,0,train
109619,0,train
109620,0,train
109621,1,validation
109622,0,train
109623,1,train
109624,0,train
109625,0,test
109626,0,train
109627,0,train
109628,0,train
109629,0,test
109630,1,train
109631,1,train
109632,0,train
109633,0,validation
109634,0,train
109635,0,train
109636,0,test
109637,0,train
109638,0,train
109639,0,test
109640,0,test
109641,0,validation
109642,0,train
109643,0,test
109644,0,train
109645,0,train
109646,0,train
109647,1,train
109648,1,train
109649,0,train
109650,0,validation
109651,0,test
109652,0,train
109653,1,train
109654,0,test
109655,0,train
109656,0,train
109657,1,train
109658,0,validation
109659,0,train
109660,0,test
109661,0,validation
109662,0,train
109663,0,train
109664,0,train
109665,0,validation
109666,0,train
109667,0,train
109668,0,validation
109669,0,train
109670,0,validation
109671,0,train
109672,0,validation
109673,0,train
109674,0,test
109675,1,train
109676,0,validation
109677,1,train
109678,0,train
109679,0,train
109680,0,validation
109681,0,train
109682,0,validation
109683,0,train
109684,0,train
109685,1,test
109686,0,train
109687,0,train
109688,0,train
109689,0,validation
109690,0,validation
109691,0,train
109692,0,validation
109693,0,train
109694,0,train
109695,0,train
109696,0,train
109697,0,train
109698,0,train
109699,0,train
109700,0,test
109701,0,validation
109702,0,train
109703,1,train
109704,1,train
109705,0,test
109706,1,train
109707,0,validation
109708,1,train
109709,0,train
109710,0,train
109711,0,validation
109712,0,train
109713,1,train
109714,0,train
109715,0,train
109716,0,train
109717,0,validation
109718,0,validation
109719,0,test
109720,0,train
109721,0,train
109722,0,train
109723,0,train
109724,0,train
109725,1,train
109726,1,train
109727,0,train
109728,0,train
109729,0,validation
109730,0,train
109731,0,train
109732,0,train
109733,0,train
109734,0,train
109735,0,validation
109736,1,test
109737,0,train
109738,1,train
109739,1,validation
109740,0,train
109741,0,validation
109742,0,train
109743,0,train
109744,0,train
109745,0,test
109746,0,train
109747,0,train
109748,1,train
109749,0,validation
109750,0,train
109751,0,train
109752,0,train
109753,0,test
109754,0,train
109755,0,validation
109756,1,train
109757,0,train
109758,0,test
109759,0,train
109760,1,train
109761,1,train
109762,0,test
109763,0,train
109764,0,train
109765,0,train
109766,0,train
109767,0,test
109768,1,train
109769,0,train
109770,0,train
109771,1,train
109772,0,validation
109773,0,validation
109774,0,train
109775,0,train
109776,0,validation
109777,0,test
109778,0,test
109779,0,train
109780,0,train
109781,0,train
109782,0,train
109783,0,train
109784,0,train
109785,0,test
109786,0,train
109787,0,train
109788,0,train
109789,0,validation
109790,0,train
109791,0,train
109792,0,train
109793,0,train
109794,0,validation
109795,0,train
109796,0,test
109797,0,train
109798,0,train
109799,0,train
109800,0,train
109801,0,test
109802,0,validation
109803,0,test
109804,0,train
109805,0,train
109806,0,train
109807,0,test
109808,0,validation
109809,1,test
109810,0,train
109811,0,train
109812,0,test
109813,0,train
109814,1,test
109815,0,validation
109816,0,train
109817,0,train
109818,0,validation
109819,0,train
109820,1,validation
109821,0,train
109822,0,train
109823,1,test
109824,0,validation
109825,0,train
109826,0,train
109827,0,validation
109828,0,train
109829,0,validation
109830,0,train
109831,0,train
109832,0,train
109833,0,validation
109834,0,train
109835,0,train
109836,0,train
109837,0,train
109838,0,validation
109839,0,train
109840,0,validation
109841,0,test
109842,0,train
109843,0,train
109844,0,test
109845,1,validation
109846,0,train
109847,0,train
109848,0,test
109849,1,train
109850,0,validation
109851,0,train
109852,0,test
109853,0,train
109854,0,train
109855,0,test
109856,0,train
109857,0,train
109858,0,train
109859,0,train
109860,0,train
109861,0,train
109862,0,train
109863,0,train
109864,0,train
109865,0,train
109866,0,validation
109867,0,train
109868,0,train
109869,1,train
109870,0,test
109871,0,validation
109872,0,validation
109873,1,train
109874,0,train
109875,0,train
109876,0,validation
109877,0,train
109878,0,test
109879,0,validation
109880,0,train
109881,0,train
109882,1,validation
109883,0,train
109884,0,train
109885,0,validation
109886,0,train
109887,1,train
109888,0,train
109889,1,train
109890,0,train
109891,0,train
109892,0,train
109893,0,test
109894,0,validation
109895,1,validation
109896,0,train
109897,0,train
109898,0,train
109899,0,train
109900,0,validation
109901,0,train
109902,0,train
109903,0,validation
109904,0,validation
109905,0,train
109906,0,validation
109907,1,validation
109908,0,train
109909,0,train
109910,0,train
109911,0,train
109912,0,train
109913,0,train
109914,0,train
109915,0,validation
109916,0,test
109917,0,train
109918,0,test
109919,0,validation
109920,0,validation
109921,0,train
109922,0,test
109923,0,train
109924,0,train
109925,0,train
109926,0,train
109927,0,train
109928,0,train
109929,1,train
109930,0,test
109931,0,train
109932,0,validation
109933,0,train
109934,1,test
109935,0,train
109936,0,train
109937,0,train
109938,0,validation
109939,0,test
109940,0,train
109941,0,train
109942,0,train
109943,0,test
109944,0,train
109945,1,validation
109946,0,train
109947,0,train
109948,0,train
109949,0,train
109950,0,test
109951,0,train
109952,0,validation
109953,0,train
109954,0,train
109955,0,train
109956,0,train
109957,0,train
109958,0,train
109959,0,validation
109960,0,train
109961,1,train
109962,0,train
109963,0,train
109964,1,train
109965,0,train
109966,0,train
109967,0,train
109968,0,validation
109969,0,train
109970,0,train
109971,0,test
109972,0,train
109973,1,train
109974,0,validation
109975,0,test
109976,0,train
109977,0,train
109978,0,train
109979,0,test
109980,0,validation
109981,0,train
109982,0,train
109983,1,train
109984,0,train
109985,0,train
109986,0,train
109987,0,validation
109988,0,test
109989,1,train
109990,1,train
109991,0,train
109992,0,train
109993,1,train
109994,0,validation
109995,0,train
109996,0,train
109997,0,train
109998,1,train
109999,1,train
110000,0,train
110001,0,train
110002,0,train
110003,0,train
110004,0,train
110005,0,train
110006,0,train
110007,0,train
110008,1,train
110009,0,validation
110010,0,train
110011,0,test
110012,0,train
110013,0,train
110014,1,test
110015,0,train
110016,0,train
110017,1,validation
110018,0,train
110019,0,test
110020,0,train
110021,0,train
110022,0,train
110023,0,test
110024,0,validation
110025,1,train
110026,0,train
110027,0,train
110028,0,train
110029,1,train
110030,0,train
110031,1,test
110032,0,train
110033,0,train
110034,0,validation
110035,0,train
110036,0,train
110037,0,train
110038,0,validation
110039,0,train
110040,0,train
110041,0,train
110042,1,train
110043,0,train
110044,1,train
110045,0,train
110046,1,train
110047,0,train
110048,0,train
110049,0,train
110050,0,train
110051,0,train
110052,1,train
110053,0,train
110054,1,validation
110055,0,validation
110056,0,train
110057,0,train
110058,0,validation
110059,0,train
110060,0,validation
110061,0,test
110062,0,train
110063,1,train
110064,0,train
110065,0,train
110066,0,validation
110067,1,train
110068,0,train
110069,0,train
110070,0,test
110071,0,train
110072,0,train
110073,0,train
110074,0,train
110075,0,train
110076,0,test
110077,0,train
110078,1,test
110079,0,train
110080,0,train
110081,0,train
110082,0,test
110083,0,train
110084,0,test
110085,0,train
110086,0,test
110087,0,train
110088,0,test
110089,0,train
110090,0,train
110091,0,test
110092,0,train
110093,1,train
110094,0,train
110095,0,test
110096,1,test
110097,0,train
110098,0,train
110099,0,train
110100,0,train
110101,0,train
110102,0,train
110103,0,train
110104,1,validation
110105,1,train
110106,0,train
110107,0,train
110108,0,train
110109,0,train
110110,0,validation
110111,0,train
110112,0,test
110113,1,test
110114,0,validation
110115,1,train
110116,0,validation
110117,0,train
110118,0,train
110119,0,test
110120,1,validation
110121,1,validation
110122,0,validation
110123,0,train
110124,1,test
110125,0,train
110126,0,train
110127,0,test
110128,0,train
110129,0,validation
110130,0,train
110131,0,train
110132,0,test
110133,1,train
110134,0,train
110135,1,train
110136,1,train
110137,0,validation
110138,0,train
110139,1,test
110140,0,train
110141,0,train
110142,0,test
110143,1,validation
110144,0,test
110145,0,train
110146,0,train
110147,0,validation
110148,0,validation
110149,0,train
110150,0,validation
110151,0,train
110152,0,train
110153,0,train
110154,0,train
110155,0,train
110156,0,train
110157,0,validation
110158,0,train
110159,0,train
110160,0,train
110161,0,train
110162,0,validation
110163,0,train
110164,1,train
110165,0,train
110166,0,train
110167,0,test
110168,0,train
110169,0,train
110170,0,train
110171,1,train
110172,0,test
110173,0,train
110174,0,validation
110175,0,train
110176,0,train
110177,0,train
110178,0,test
110179,1,train
110180,0,train
110181,0,train
110182,0,train
110183,0,validation
110184,0,train
110185,0,train
110186,0,train
110187,1,train
110188,0,train
110189,0,train
110190,0,train
110191,1,validation
110192,0,test
110193,0,train
110194,0,train
110195,0,train
110196,0,validation
110197,0,train
110198,0,validation
110199,0,train
110200,0,test
110201,0,train
110202,0,validation
110203,0,train
110204,0,validation
110205,0,train
110206,0,train
110207,0,train
110208,0,test
110209,1,train
110210,0,train
110211,0,train
110212,0,train
110213,0,train
110214,0,train
110215,0,test
110216,0,train
110217,0,test
110218,0,train
110219,1,validation
110220,0,train
110221,1,validation
110222,0,test
110223,1,train
110224,0,train
110225,1,train
110226,0,train
110227,0,train
110228,0,train
110229,0,validation
110230,0,test
110231,0,train
110232,0,train
110233,0,test
110234,1,validation
110235,0,test
110236,1,train
110237,0,train
110238,0,train
110239,0,train
110240,0,train
110241,0,validation
110242,0,validation
110243,0,train
110244,0,train
110245,0,train
110246,1,test
110247,1,train
110248,0,train
110249,0,validation
110250,1,validation
110251,0,train
110252,0,train
110253,0,validation
110254,0,train
110255,0,train
110256,0,train
110257,0,validation
110258,0,validation
110259,0,train
110260,0,train
110261,0,test
110262,0,train
110263,0,train
110264,1,train
110265,0,train
110266,0,validation
110267,0,train
110268,0,validation
110269,0,train
110270,0,train
110271,0,train
110272,0,train
110273,1,train
110274,0,train
110275,0,train
110276,1,test
110277,1,train
110278,0,validation
110279,0,train
110280,0,validation
110281,0,train
110282,0,test
110283,0,train
110284,0,train
110285,0,train
110286,0,train
110287,0,test
110288,0,train
110289,0,train
110290,0,train
110291,1,test
110292,0,test
110293,0,train
110294,0,train
110295,0,test
110296,0,test
110297,0,train
110298,0,train
110299,0,train
110300,0,train
110301,1,test
110302,0,test
110303,1,train
110304,0,train
110305,0,train
110306,0,train
110307,0,train
110308,0,train
110309,0,train
110310,0,train
110311,0,train
110312,0,validation
110313,0,train
110314,0,validation
110315,0,train
110316,0,train
110317,0,train
110318,0,test
110319,0,test
110320,1,test
110321,0,validation
110322,0,train
110323,0,validation
110324,0,validation
110325,0,validation
110326,0,train
110327,0,train
110328,0,train
110329,0,train
110330,0,train
110331,1,train
110332,0,train
110333,1,train
110334,1,test
110335,1,train
110336,1,test
110337,0,train
110338,0,validation
110339,0,train
110340,0,train
110341,0,train
110342,0,train
110343,0,train
110344,0,test
110345,0,test
110346,0,train
110347,0,train
110348,0,train
110349,0,train
110350,0,validation
110351,0,train
110352,0,train
110353,0,train
110354,1,test
110355,0,train
110356,0,train
110357,0,train
110358,0,train
110359,0,validation
110360,0,validation
110361,1,train
110362,1,train
110363,0,test
110364,0,train
110365,1,test
110366,1,validation
110367,0,train
110368,0,train
110369,0,train
110370,0,test
110371,0,train
110372,0,train
110373,0,train
110374,0,train
110375,0,validation
110376,0,train
110377,0,train
110378,0,train
110379,0,test
110380,0,validation
110381,0,validation
110382,0,train
110383,0,test
110384,0,train
110385,0,train
110386,0,train
110387,0,train
110388,0,train
110389,0,train
110390,0,train
110391,0,train
110392,0,train
110393,0,train
110394,0,test
110395,0,validation
110396,0,train
110397,0,train
110398,0,train
110399,0,train
110400,0,train
110401,0,train
110402,0,train
110403,0,train
110404,0,validation
110405,0,train
110406,1,train
110407,1,test
110408,0,test
110409,0,train
110410,0,train
110411,0,train
110412,0,train
110413,0,validation
110414,0,train
110415,0,validation
110416,0,train
110417,0,train
110418,0,train
110419,0,test
110420,0,train
110421,0,train
110422,0,train
110423,0,test
110424,1,train
110425,0,validation
110426,0,train
110427,0,train
110428,0,train
110429,0,train
110430,1,train
110431,0,train
110432,0,validation
110433,0,train
110434,0,train
110435,0,train
110436,0,train
110437,0,validation
110438,0,train
110439,0,test
110440,0,train
110441,1,validation
110442,1,validation
110443,1,train
110444,0,train
110445,0,train
110446,0,train
110447,0,train
110448,0,train
110449,0,train
110450,0,train
110451,0,train
110452,0,train
110453,0,train
110454,0,train
110455,0,test
110456,0,train
110457,1,test
110458,0,train
110459,1,train
110460,0,train
110461,1,train
110462,0,test
110463,1,test
110464,0,train
110465,0,validation
110466,1,validation
110467,0,train
110468,1,train
110469,0,train
110470,0,train
110471,1,train
110472,0,train
110473,0,test
110474,0,train
110475,0,train
110476,0,train
110477,0,test
110478,0,train
110479,0,train
110480,0,validation
110481,0,validation
110482,0,train
110483,1,train
110484,0,validation
110485,1,test
110486,0,train
110487,0,train
110488,0,validation
110489,0,train
110490,0,train
110491,1,train
110492,0,train
110493,0,validation
110494,0,train
110495,1,train
110496,0,test
110497,0,validation
110498,0,train
110499,0,train
110500,1,train
110501,0,train
110502,0,train
110503,0,train
110504,0,validation
110505,0,train
110506,0,train
110507,0,train
110508,0,train
110509,0,train
110510,0,train
110511,0,train
110512,0,train
110513,0,train
110514,0,train
110515,0,train
110516,0,train
110517,0,validation
110518,0,train
110519,0,train
110520,1,train
110521,0,train
110522,0,test
110523,0,train
110524,0,train
110525,1,train
110526,0,validation
110527,0,test
110528,0,train
110529,0,train
110530,0,validation
110531,0,validation
110532,1,train
110533,0,train
110534,0,test
110535,0,train
110536,0,train
110537,0,validation
110538,1,train
110539,0,train
110540,1,train
110541,0,train
110542,0,validation
110543,0,test
110544,1,train
110545,1,test
110546,0,train
110547,0,train
110548,0,validation
110549,0,test
110550,0,train
110551,0,test
110552,0,train
110553,0,train
110554,0,train
110555,0,train
110556,0,validation
110557,0,train
110558,0,train
110559,0,train
110560,0,train
110561,0,validation
110562,1,train
110563,1,train
110564,0,train
110565,0,train
110566,0,test
110567,0,train
110568,0,train
110569,0,train
110570,0,train
110571,0,train
110572,0,train
110573,0,test
110574,0,train
110575,0,train
110576,0,train
110577,0,test
110578,0,train
110579,0,train
110580,0,train
110581,0,test
110582,0,train
110583,0,train
110584,1,train
110585,0,test
110586,0,validation
110587,0,train
110588,0,test
110589,0,train
110590,0,train
110591,0,test
110592,0,test
110593,0,validation
110594,0,test
110595,0,train
110596,0,train
110597,0,train
110598,0,test
110599,0,test
110600,0,train
110601,0,validation
110602,0,train
110603,0,train
110604,0,validation
110605,1,train
110606,0,train
110607,0,train
110608,0,train
110609,0,train
110610,0,train
110611,1,train
110612,0,validation
110613,0,train
110614,0,validation
110615,0,validation
110616,1,train
110617,0,train
110618,0,train
110619,0,train
110620,0,validation
110621,0,test
110622,0,train
110623,0,train
110624,0,test
110625,1,test
110626,0,train
110627,0,train
110628,0,test
110629,0,test
110630,1,train
110631,0,train
110632,0,test
110633,0,train
110634,0,validation
110635,0,validation
110636,0,train
110637,0,train
110638,0,train
110639,0,train
110640,0,train
110641,0,train
110642,0,test
110643,0,validation
110644,0,validation
110645,0,train
110646,0,train
110647,0,test
110648,0,train
110649,0,test
110650,0,validation
110651,0,train
110652,1,train
110653,0,train
110654,0,train
110655,0,train
110656,0,train
110657,0,train
110658,0,train
110659,0,train
110660,0,test
110661,0,validation
110662,0,validation
110663,0,train
110664,0,train
110665,0,train
110666,1,train
110667,0,train
110668,0,test
110669,0,test
110670,0,train
110671,0,train
110672,0,train
110673,0,train
110674,0,train
110675,0,test
110676,0,train
110677,0,test
110678,1,train
110679,0,train
110680,0,train
110681,0,train
110682,0,test
110683,0,validation
110684,0,train
110685,1,validation
110686,0,train
110687,0,train
110688,0,train
110689,0,train
110690,0,test
110691,0,train
110692,0,train
110693,0,train
110694,0,test
110695,0,train
110696,0,train
110697,0,train
110698,1,train
110699,0,train
110700,0,train
110701,0,train
110702,0,train
110703,0,train
110704,0,train
110705,1,train
110706,0,train
110707,0,train
110708,0,train
110709,0,train
110710,0,train
110711,0,train
110712,1,train
110713,0,train
110714,0,validation
110715,0,train
110716,0,train
110717,0,train
110718,0,validation
110719,1,train
110720,0,train
110721,0,train
110722,0,train
110723,0,train
110724,1,train
110725,0,train
110726,0,validation
110727,0,train
110728,1,train
110729,1,train
110730,0,train
110731,0,train
110732,0,train
110733,0,train
110734,0,test
110735,0,train
110736,0,train
110737,0,validation
110738,0,train
110739,0,train
110740,0,train
110741,0,train
110742,0,test
110743,0,train
110744,0,train
110745,0,train
110746,0,train
110747,0,train
110748,1,train
110749,0,train
110750,0,train
110751,0,train
110752,1,validation
110753,0,test
110754,0,train
110755,1,test
110756,0,train
110757,0,train
110758,0,train
110759,1,train
110760,0,test
110761,0,train
110762,0,validation
110763,1,train
110764,0,train
110765,0,train
110766,0,train
110767,0,test
110768,1,test
110769,0,train
110770,0,train
110771,0,test
110772,0,test
110773,0,train
110774,0,validation
110775,1,train
110776,0,validation
110777,0,train
110778,0,train
110779,0,train
110780,0,train
110781,0,train
110782,0,train
110783,0,train
110784,0,train
110785,0,validation
110786,0,test
110787,0,train
110788,0,train
110789,0,test
110790,0,train
110791,0,train
110792,0,validation
110793,0,train
110794,0,validation
110795,0,train
110796,0,train
110797,0,test
110798,0,validation
110799,0,train
110800,0,train
110801,0,train
110802,0,validation
110803,0,train
110804,0,train
110805,0,train
110806,1,test
110807,0,test
110808,0,train
110809,0,test
110810,0,train
110811,1,test
110812,0,train
110813,0,train
110814,0,train
110815,0,train
110816,0,validation
110817,0,train
110818,1,train
110819,0,validation
110820,0,train
110821,0,train
110822,0,test
110823,0,validation
110824,0,validation
110825,0,train
110826,0,train
110827,0,train
110828,0,train
110829,0,train
110830,0,train
110831,0,train
110832,0,validation
110833,0,train
110834,0,train
110835,0,test
110836,0,train
110837,0,test
110838,1,train
110839,0,train
110840,0,train
110841,0,train
110842,0,train
110843,0,train
110844,0,train
110845,0,train
110846,0,validation
110847,0,train
110848,0,train
110849,0,test
110850,0,train
110851,0,train
110852,1,train
110853,1,train
110854,0,train
110855,0,test
110856,0,train
110857,0,test
110858,0,validation
110859,0,train
110860,0,train
110861,0,train
110862,0,validation
110863,0,test
110864,0,validation
110865,0,train
110866,0,test
110867,0,validation
110868,0,train
110869,0,validation
110870,0,train
110871,0,train
110872,0,validation
110873,0,train
110874,0,validation
110875,1,train
110876,0,train
110877,0,test
110878,0,train
110879,0,train
110880,0,train
110881,0,train
110882,0,test
110883,0,train
110884,0,train
110885,0,train
110886,0,train
110887,0,train
110888,1,train
110889,0,validation
110890,0,train
110891,1,train
110892,0,train
110893,0,train
110894,0,test
110895,0,test
110896,0,train
110897,1,train
110898,0,validation
110899,0,train
110900,0,train
110901,0,train
110902,0,train
110903,0,validation
110904,0,validation
110905,0,train
110906,0,train
110907,0,train
110908,0,train
110909,0,test
110910,0,train
110911,0,train
110912,0,test
110913,1,train
110914,0,train
110915,0,test
110916,1,train
110917,0,train
110918,0,train
110919,0,validation
110920,1,train
110921,0,validation
110922,1,train
110923,0,train
110924,0,validation
110925,0,train
110926,0,validation
110927,0,train
110928,0,test
110929,0,train
110930,0,train
110931,0,validation
110932,0,train
110933,1,train
110934,0,train
110935,0,train
110936,0,train
110937,0,test
110938,0,train
110939,0,train
110940,0,validation
110941,0,train
110942,0,train
110943,1,train
110944,0,test
110945,0,train
110946,0,train
110947,0,test
110948,0,train
110949,1,train
110950,0,train
110951,0,test
110952,1,train
110953,0,train
110954,0,train
110955,0,train
110956,0,train
110957,0,test
110958,0,validation
110959,0,train
110960,0,train
110961,0,train
110962,0,train
110963,0,validation
110964,0,validation
110965,0,test
110966,0,test
110967,0,train
110968,0,validation
110969,0,test
110970,0,train
110971,0,train
110972,0,train
110973,0,train
110974,0,test
110975,0,train
110976,0,train
110977,0,train
110978,0,validation
110979,0,train
110980,0,validation
110981,0,test
110982,0,test
110983,0,train
110984,0,train
110985,0,train
110986,0,train
110987,0,train
110988,0,train
110989,0,train
110990,0,test
110991,0,train
110992,1,train
110993,0,test
110994,1,train
110995,0,test
110996,0,train
110997,0,train
110998,0,train
110999,0,test
111000,0,train
111001,0,train
111002,0,validation
111003,1,test
111004,0,test
111005,0,train
111006,0,train
111007,0,train
111008,0,train
111009,0,train
111010,0,train
111011,0,test
111012,0,train
111013,0,train
111014,0,train
111015,1,train
111016,0,validation
111017,0,train
111018,0,train
111019,0,train
111020,0,train
111021,0,test
111022,0,train
111023,0,train
111024,0,train
111025,0,validation
111026,0,train
111027,1,train
111028,0,train
111029,0,train
111030,0,train
111031,0,train
111032,0,train
111033,1,train
111034,0,train
111035,1,test
111036,0,train
111037,0,test
111038,1,train
111039,0,validation
111040,1,train
111041,0,train
111042,0,validation
111043,0,test
111044,0,train
111045,0,train
111046,1,train
111047,0,train
111048,0,train
111049,0,validation
111050,0,train
111051,0,train
111052,1,train
111053,0,train
111054,0,validation
111055,0,train
111056,0,train
111057,1,train
111058,0,train
111059,0,train
111060,0,train
111061,0,train
111062,1,train
111063,0,train
111064,0,train
111065,0,train
111066,0,train
111067,0,train
111068,0,train
111069,0,train
111070,1,test
111071,0,train
111072,0,train
111073,0,train
111074,0,train
111075,1,train
111076,0,train
111077,0,train
111078,1,train
111079,0,train
111080,0,train
111081,0,validation
111082,0,train
111083,0,train
111084,0,train
111085,0,validation
111086,0,test
111087,0,train
111088,0,train
111089,0,validation
111090,0,train
111091,1,train
111092,0,train
111093,1,train
111094,0,train
111095,0,train
111096,0,train
111097,0,test
111098,0,train
111099,0,train
111100,0,train
111101,1,train
111102,0,train
111103,1,train
111104,0,train
111105,1,train
111106,0,test
111107,0,train
111108,0,train
111109,1,validation
111110,0,train
111111,0,train
111112,0,train
111113,0,train
111114,0,validation
111115,0,train
111116,0,test
111117,0,train
111118,0,train
111119,0,validation
111120,0,train
111121,0,train
111122,1,train
111123,0,train
111124,0,train
111125,1,train
111126,0,train
111127,0,train
111128,0,train
111129,0,train
111130,0,train
111131,0,train
111132,1,train
111133,0,train
111134,0,train
111135,0,train
111136,1,train
111137,0,train
111138,0,validation
111139,0,test
111140,0,train
111141,0,train
111142,1,train
111143,0,train
111144,0,train
111145,0,train
111146,0,test
111147,0,train
111148,0,test
111149,0,test
111150,0,train
111151,0,train
111152,0,train
111153,0,train
111154,0,train
111155,0,train
111156,0,test
111157,0,train
111158,0,test
111159,0,train
111160,0,train
111161,0,train
111162,0,train
111163,0,train
111164,0,test
111165,0,test
111166,1,train
111167,0,test
111168,0,train
111169,1,validation
111170,0,train
111171,0,train
111172,0,train
111173,0,train
111174,0,train
111175,0,train
111176,0,test
111177,0,test
111178,0,train
111179,0,train
111180,0,train
111181,1,train
111182,0,train
111183,1,validation
111184,0,train
111185,0,train
111186,1,test
111187,1,train
111188,0,train
111189,0,train
111190,0,validation
111191,0,train
111192,0,train
111193,0,validation
111194,0,test
111195,0,train
111196,0,train
111197,1,validation
111198,0,train
111199,0,validation
111200,0,test
111201,0,train
111202,0,test
111203,0,validation
111204,0,train
111205,0,train
111206,0,train
111207,1,validation
111208,1,test
111209,0,train
111210,0,train
111211,0,test
111212,0,train
111213,1,train
111214,0,train
111215,1,train
111216,0,validation
111217,0,train
111218,0,test
111219,1,test
111220,0,test
111221,0,train
111222,0,train
111223,0,train
111224,0,test
111225,0,train
111226,1,train
111227,0,test
111228,0,validation
111229,0,train
111230,0,train
111231,0,train
111232,0,validation
111233,0,train
111234,0,validation
111235,0,train
111236,0,train
111237,0,validation
111238,0,train
111239,0,train
111240,0,test
111241,0,train
111242,0,train
111243,0,validation
111244,0,validation
111245,0,train
111246,0,train
111247,1,train
111248,0,train
111249,0,train
111250,0,validation
111251,0,train
111252,0,train
111253,0,train
111254,1,train
111255,0,test
111256,1,train
111257,0,train
111258,1,train
111259,0,train
111260,0,test
111261,0,train
111262,0,train
111263,0,test
111264,0,train
111265,0,train
111266,0,train
111267,0,train
111268,0,train
111269,0,train
111270,0,train
111271,0,train
111272,0,test
111273,0,test
111274,0,train
111275,0,train
111276,0,train
111277,0,train
111278,0,train
111279,0,test
111280,0,train
111281,1,train
111282,0,train
111283,0,train
111284,0,test
111285,0,train
111286,1,train
111287,0,test
111288,0,test
111289,1,train
111290,0,train
111291,0,validation
111292,0,train
111293,0,validation
111294,0,train
111295,0,train
111296,1,train
111297,0,test
111298,0,validation
111299,1,train
111300,1,validation
111301,0,train
111302,0,train
111303,0,test
111304,0,train
111305,0,train
111306,1,train
111307,0,train
111308,1,train
111309,0,validation
111310,0,train
111311,0,train
111312,0,validation
111313,0,train
111314,1,train
111315,0,train
111316,0,train
111317,0,validation
111318,0,test
111319,0,validation
111320,0,train
111321,0,train
111322,0,test
111323,0,train
111324,1,train
111325,0,train
111326,0,validation
111327,0,train
111328,0,train
111329,0,train
111330,0,train
111331,0,train
111332,1,train
111333,1,train
111334,0,train
111335,0,train
111336,0,train
111337,0,validation
111338,0,train
111339,0,validation
111340,1,train
111341,0,train
111342,0,train
111343,0,test
111344,0,validation
111345,0,validation
111346,0,train
111347,0,test
111348,0,train
111349,0,test
111350,0,train
111351,0,train
111352,0,train
111353,0,train
111354,0,test
111355,0,train
111356,1,train
111357,0,train
111358,0,train
111359,0,train
111360,0,train
111361,1,train
111362,0,train
111363,0,test
111364,0,train
111365,0,train
111366,0,train
111367,0,validation
111368,1,train
111369,0,test
111370,0,train
111371,0,train
111372,0,train
111373,0,train
111374,0,train
111375,0,train
111376,0,validation
111377,0,train
111378,0,train
111379,0,train
111380,0,train
111381,0,train
111382,0,test
111383,0,test
111384,0,train
111385,0,train
111386,1,train
111387,0,train
111388,0,validation
111389,0,train
111390,0,train
111391,0,train
111392,1,train
111393,0,train
111394,0,train
111395,1,train
111396,0,train
111397,0,train
111398,0,train
111399,0,test
111400,0,train
111401,0,train
111402,0,train
111403,0,validation
111404,0,train
111405,1,train
111406,0,validation
111407,1,train
111408,0,test
111409,0,train
111410,0,train
111411,0,test
111412,0,validation
111413,0,train
111414,0,train
111415,1,validation
111416,0,train
111417,0,train
111418,0,train
111419,0,train
111420,0,test
111421,0,train
111422,1,test
111423,0,test
111424,0,train
111425,0,validation
111426,1,train
111427,0,train
111428,0,train
111429,0,train
111430,0,test
111431,0,train
111432,1,train
111433,0,test
111434,0,train
111435,0,train
111436,0,train
111437,0,train
111438,0,train
111439,0,validation
111440,0,train
111441,0,train
111442,0,train
111443,0,validation
111444,0,validation
111445,0,train
111446,0,train
111447,0,train
111448,0,train
111449,0,train
111450,0,train
111451,1,validation
111452,0,train
111453,1,test
111454,0,train
111455,0,train
111456,0,train
111457,0,train
111458,1,train
111459,0,train
111460,1,train
111461,1,validation
111462,1,train
111463,0,validation
111464,1,train
111465,0,train
111466,0,train
111467,0,train
111468,0,validation
111469,0,train
111470,0,train
111471,0,train
111472,1,train
111473,0,test
111474,0,test
111475,1,train
111476,0,test
111477,0,test
111478,0,train
111479,0,train
111480,0,train
111481,1,train
111482,0,train
111483,0,train
111484,0,validation
111485,0,train
111486,0,validation
111487,0,train
111488,0,train
111489,0,test
111490,0,train
111491,0,train
111492,0,train
111493,0,train
111494,1,train
111495,0,test
111496,0,validation
111497,0,train
111498,1,test
111499,0,train
111500,0,train
111501,0,train
111502,0,train
111503,0,train
111504,0,validation
111505,0,train
111506,0,train
111507,0,train
111508,0,validation
111509,0,train
111510,0,train
111511,1,validation
111512,1,train
111513,1,validation
111514,1,train
111515,1,train
111516,0,validation
111517,0,train
111518,1,test
111519,0,train
111520,0,train
111521,0,train
111522,0,train
111523,0,train
111524,0,train
111525,0,train
111526,1,train
111527,0,train
111528,0,train
111529,0,train
111530,0,train
111531,0,train
111532,1,validation
111533,0,train
111534,0,train
111535,0,train
111536,0,validation
111537,1,train
111538,1,train
111539,0,train
111540,0,train
111541,1,validation
111542,0,train
111543,1,validation
111544,0,train
111545,0,train
111546,1,train
111547,1,train
111548,0,validation
111549,1,validation
111550,0,train
111551,0,train
111552,0,train
111553,0,train
111554,0,train
111555,0,train
111556,1,train
111557,0,train
111558,0,test
111559,0,train
111560,0,validation
111561,0,train
111562,0,train
111563,0,test
111564,0,train
111565,0,test
111566,1,train
111567,0,train
111568,0,validation
111569,0,validation
111570,0,validation
111571,0,train
111572,0,train
111573,0,train
111574,0,train
111575,0,test
111576,0,train
111577,0,test
111578,0,train
111579,0,train
111580,0,validation
111581,0,train
111582,0,train
111583,0,train
111584,0,train
111585,0,train
111586,0,train
111587,0,train
111588,0,train
111589,0,train
111590,1,train
111591,0,test
111592,0,train
111593,0,validation
111594,0,train
111595,1,train
111596,0,train
111597,0,test
111598,0,train
111599,0,validation
111600,0,train
111601,0,validation
111602,0,train
111603,0,train
111604,0,train
111605,0,train
111606,0,train
111607,0,train
111608,0,validation
111609,0,test
111610,0,validation
111611,0,train
111612,1,test
111613,0,train
111614,0,train
111615,0,train
111616,1,train
111617,0,train
111618,0,train
111619,0,train
111620,0,train
111621,0,validation
111622,1,validation
111623,0,train
111624,0,test
111625,0,train
111626,1,validation
111627,0,train
111628,0,train
111629,0,train
111630,0,train
111631,0,validation
111632,0,train
111633,0,train
111634,0,validation
111635,0,train
111636,0,test
111637,0,train
111638,0,train
111639,0,validation
111640,0,validation
111641,0,validation
111642,0,test
111643,1,test
111644,0,train
111645,1,train
111646,1,train
111647,1,train
111648,0,train
111649,0,train
111650,0,train
111651,0,train
111652,1,train
111653,0,train
111654,0,train
111655,0,train
111656,1,train
111657,0,train
111658,0,train
111659,0,train
111660,0,train
111661,0,train
111662,0,train
111663,0,train
111664,0,train
111665,0,test
111666,0,validation
111667,0,train
111668,0,train
111669,0,train
111670,0,train
111671,0,train
111672,0,train
111673,1,validation
111674,0,train
111675,0,train
111676,1,train
111677,0,train
111678,0,validation
111679,0,train
111680,0,validation
111681,0,train
111682,0,train
111683,0,train
111684,0,test
111685,0,train
111686,0,validation
111687,0,train
111688,0,train
111689,0,validation
111690,0,train
111691,0,train
111692,1,train
111693,1,validation
111694,0,train
111695,0,test
111696,0,train
111697,1,validation
111698,0,test
111699,0,train
111700,0,train
111701,0,test
111702,0,train
111703,0,train
111704,0,train
111705,0,train
111706,0,train
111707,1,train
111708,0,train
111709,0,test
111710,0,train
111711,0,train
111712,0,test
111713,0,validation
111714,0,train
111715,0,train
111716,0,train
111717,0,train
111718,0,train
111719,0,train
111720,0,train
111721,0,train
111722,0,train
111723,0,test
111724,0,train
111725,1,train
111726,0,validation
111727,1,train
111728,0,train
111729,0,train
111730,0,train
111731,1,test
111732,0,train
111733,1,test
111734,0,train
111735,0,test
111736,1,train
111737,1,train
111738,0,validation
111739,1,train
111740,0,test
111741,0,validation
111742,0,test
111743,0,test
111744,0,train
111745,0,train
111746,0,train
111747,1,validation
111748,0,validation
111749,0,validation
111750,0,train
111751,0,train
111752,0,validation
111753,0,train
111754,0,validation
111755,0,validation
111756,0,validation
111757,0,test
111758,0,train
111759,0,validation
111760,1,train
111761,0,train
111762,0,validation
111763,0,train
111764,0,train
111765,0,test
111766,0,test
111767,0,train
111768,0,train
111769,0,test
111770,0,test
111771,0,train
111772,0,validation
111773,0,validation
111774,0,test
111775,0,test
111776,0,train
111777,0,validation
111778,0,train
111779,0,train
111780,0,train
111781,0,train
111782,0,train
111783,0,train
111784,0,train
111785,1,train
111786,0,test
111787,0,train
111788,1,validation
111789,0,train
111790,1,train
111791,0,validation
111792,0,train
111793,0,test
111794,1,test
111795,0,train
111796,0,train
111797,0,train
111798,1,train
111799,0,train
111800,0,test
111801,0,validation
111802,1,train
111803,0,train
111804,0,train
111805,0,train
111806,0,train
111807,0,train
111808,0,test
111809,0,train
111810,1,train
111811,0,train
111812,1,validation
111813,0,validation
111814,0,train
111815,0,train
111816,0,train
111817,0,train
111818,0,train
111819,0,train
111820,0,train
111821,0,test
111822,0,train
111823,0,train
111824,0,train
111825,0,train
111826,0,train
111827,0,train
111828,0,train
111829,0,test
111830,1,train
111831,0,test
111832,0,train
111833,0,train
111834,0,train
111835,0,train
111836,0,train
111837,0,train
111838,0,validation
111839,0,train
111840,0,train
111841,0,train
111842,0,test
111843,0,train
111844,0,train
111845,0,train
111846,0,validation
111847,0,train
111848,0,validation
111849,0,train
111850,0,train
111851,0,train
111852,0,train
111853,0,train
111854,1,train
111855,0,train
111856,0,train
111857,0,train
111858,0,test
111859,1,train
111860,0,train
111861,0,train
111862,0,train
111863,0,train
111864,0,validation
111865,0,train
111866,0,train
111867,0,test
111868,0,train
111869,1,train
111870,1,train
111871,0,train
111872,0,test
111873,0,train
111874,0,train
111875,0,train
111876,0,train
111877,0,train
111878,1,validation
111879,0,train
111880,0,validation
111881,0,validation
111882,0,train
111883,0,validation
111884,0,validation
111885,0,train
111886,0,train
111887,0,train
111888,0,test
111889,0,train
111890,0,train
111891,0,train
111892,0,train
111893,1,train
111894,0,train
111895,0,validation
111896,0,train
111897,0,train
111898,0,train
111899,0,train
111900,0,train
111901,0,train
111902,0,test
111903,0,train
111904,1,validation
111905,0,train
111906,0,train
111907,0,train
111908,0,validation
111909,1,train
111910,1,validation
111911,0,train
111912,0,train
111913,1,train
111914,0,train
111915,0,train
111916,0,test
111917,0,train
111918,0,train
111919,0,validation
111920,0,test
111921,0,train
111922,0,test
111923,0,train
111924,1,validation
111925,0,train
111926,0,train
111927,0,train
111928,0,train
111929,0,train
111930,0,train
111931,1,train
111932,0,train
111933,0,train
111934,0,train
111935,0,train
111936,0,train
111937,0,test
111938,0,train
111939,0,validation
111940,0,train
111941,0,train
111942,0,train
111943,0,train
111944,0,validation
111945,0,train
111946,0,validation
111947,0,train
111948,1,train
111949,0,train
111950,0,validation
111951,0,test
111952,1,validation
111953,0,train
111954,0,train
111955,0,test
111956,0,test
111957,0,train
111958,0,train
111959,0,test
111960,0,test
111961,0,train
111962,0,train
111963,1,train
111964,0,validation
111965,1,train
111966,0,train
111967,0,train
111968,1,test
111969,0,train
111970,0,train
111971,0,test
111972,0,train
111973,0,train
111974,0,train
111975,0,train
111976,0,train
111977,0,train
111978,0,train
111979,0,validation
111980,0,validation
111981,0,train
111982,0,test
111983,0,train
111984,0,validation
111985,1,train
111986,0,train
111987,0,validation
111988,0,train
111989,1,train
111990,0,validation
111991,0,train
111992,0,train
111993,0,test
111994,0,validation
111995,0,train
111996,0,test
111997,0,train
111998,0,train
111999,0,train
112000,0,train
